Year,Month,Day,Interval,APB1,APB2,APB3,APB4,APB5,Sumatera,Kalimantan,Lombok
2060,1,1,1,96003.09245333333,50697.16813333333,34401.13758666667,50572.81187,6589.317308333334,0.0,0.0,0.0
2060,1,1,2,89785.85881666666,47656.929873333334,32200.47794333333,48854.568759999995,6503.438473333333,0.0,0.0,0.0
2060,1,1,3,92338.03062000002,49379.22934,34090.71051333333,49320.90474666667,7425.2452029999995,0.0,0.0,0.0
2060,1,1,4,107003.86993333332,52908.895833333336,36319.5908,53763.85962333333,8141.655487666667,0.0,0.0,0.0
2060,1,1,5,108573.27380000001,51963.59121666666,36709.49346333334,53655.72878333333,8210.671475333334,0.0,0.0,0.0
2060,1,1,6,108672.53860000001,52350.68340333333,36387.07117,53346.315800000004,8047.490098333333,0.0,0.0,0.0
2060,1,1,7,101477.3177,54797.62175666667,41191.67909,56438.96796333333,8574.236801,0.0,0.0,0.0
2060,1,1,8,101835.95746666666,54213.79634333333,39548.13086,54737.18206666667,7396.2422633333335,0.0,0.0,0.0
2060,1,2,1,96344.86935666668,50877.44414666667,34525.40692666667,50755.43477666667,6627.24423,0.0,0.0,0.0
2060,1,2,2,90293.54065,47927.488769999996,32385.73748,49130.89347333333,6540.901811000001,0.0,0.0,0.0
2060,1,2,3,92860.57609333335,49658.16170999999,34282.60509333333,49598.35944333333,7466.909766666667,0.0,0.0,0.0
2060,1,2,4,107589.81046666666,53193.362233333326,36518.35220666667,54054.49747333333,8185.551046333334,0.0,0.0,0.0
2060,1,2,5,109171.15156666667,52245.59482666667,36909.93536,53945.932023333335,8254.972669,0.0,0.0,0.0
2060,1,2,6,109267.77973333333,52635.64236,36585.74565333334,53636.692886666664,8091.472578666667,0.0,0.0,0.0
2060,1,2,7,102037.4714,55090.461630000005,41421.52956333334,56749.684773333334,8619.725927666666,0.0,0.0,0.0
2060,1,2,8,102393.73526666667,54502.49294,39764.76920666667,55035.932629999996,7437.964774,0.0,0.0,0.0
2060,1,3,1,79067.31673666666,41424.282086666666,27799.767106666666,41496.68803,5417.523199333334,0.0,0.0,0.0
2060,1,3,2,73872.66128333333,39198.82073,26471.107946666667,40195.58311,5346.247242666667,0.0,0.0,0.0
2060,1,3,3,75985.12417666666,40646.70776,28056.099783333335,40598.32124,6120.1708499999995,0.0,0.0,0.0
2060,1,3,4,88476.43836999999,43700.27404333333,29969.22179333333,44417.75636666667,6731.405638,0.0,0.0,0.0
2060,1,3,5,89771.57465333333,42878.079809999996,30313.432506666664,44322.28715,6791.932253,0.0,0.0,0.0
2060,1,3,6,89885.70310333332,43204.15282333333,30027.92305,44046.91857,6652.393632666666,0.0,0.0,0.0
2060,1,3,7,83778.33875000001,45334.202913333334,34197.82726666667,46764.96632666667,7112.616109333333,0.0,0.0,0.0
2060,1,3,8,84137.38413666666,44849.78717333334,32796.32755666666,45287.728670000004,6093.891463,0.0,0.0,0.0
2060,1,4,1,86011.65205333334,45599.34367666667,31280.06196333333,46437.35769333333,6429.062301999999,0.0,0.0,0.0
2060,1,4,2,82523.38935666667,45368.07348,30672.159183333333,46605.87028,6313.658995666668,0.0,0.0,0.0
2060,1,4,3,83704.16539666666,46304.193349999994,32022.461893333337,46430.085230000004,7087.437733,0.0,0.0,0.0
2060,1,4,4,92936.42993666667,48575.86818333333,33800.27547666667,49979.22223000001,7904.6774196666665,0.0,0.0,0.0
2060,1,4,5,93567.68573666667,47333.667336666666,33827.85869,49633.85255333333,7874.457572666666,0.0,0.0,0.0
2060,1,4,6,91238.58450333333,46670.424276666665,32641.519653333333,47642.732630000006,7774.323546,0.0,0.0,0.0
2060,1,4,7,90738.78358666667,49688.12078999999,37550.78154,52139.202419999994,8183.377999,0.0,0.0,0.0
2060,1,4,8,90042.33636333334,48857.43718333333,36057.92691333333,50148.98069333334,7261.339477333334,0.0,0.0,0.0
2060,1,5,1,87420.97473333334,46031.40345666666,32405.063120000003,47486.997566666665,6554.287783666667,0.0,0.0,0.0
2060,1,5,2,81747.00296333333,43198.24213333333,30484.61069666667,45292.01681333334,6280.165090666666,0.0,0.0,0.0
2060,1,5,3,79478.42834,43131.05150666666,30750.417863333336,43737.04200666666,7068.401837333334,0.0,0.0,0.0
2060,1,5,4,83189.18212,42284.92477666666,30525.81168,43252.51037333333,7743.205506666666,0.0,0.0,0.0
2060,1,5,5,84886.76679000001,41929.26934666667,30702.17621,43890.71992,7801.732918000001,0.0,0.0,0.0
2060,1,5,6,84761.71515333334,41556.60619333333,30486.98656333333,43330.79803,7824.767220999999,0.0,0.0,0.0
2060,1,5,7,87966.29375,46630.092516666664,37000.479003333334,50530.307063333334,8388.021121333333,0.0,0.0,0.0
2060,1,5,8,88875.75757,46339.802350000005,35590.54786666667,49080.304930000006,7239.609002666667,0.0,0.0,0.0
2060,1,6,1,90806.20601000001,47417.60491666666,32722.270096666663,48286.93979333333,6596.618748,0.0,0.0,0.0
2060,1,6,2,89883.58800333332,47709.11198666666,32236.057973333332,48907.85188666667,6510.624016666666,0.0,0.0,0.0
2060,1,6,3,92438.62822999999,49432.97605,34127.681293333335,49374.274789999996,7433.270991666667,0.0,0.0,0.0
2060,1,6,4,107116.7815,52963.54073,36357.69156666667,53819.83732333333,8150.086912,0.0,0.0,0.0
2060,1,6,5,108688.27146666666,52018.17816666667,36747.970890000004,53711.503666666664,8219.189821,0.0,0.0,0.0
2060,1,6,6,108787.0437,52405.61804333333,36425.20091000001,53402.351449999995,8055.979470000001,0.0,0.0,0.0
2060,1,6,7,101585.12986666667,54854.12099,41235.69054333334,56498.77022666667,8583.044887,0.0,0.0,0.0
2060,1,6,8,101943.1901,54269.22354,39589.88235,54794.347700000006,7404.268051999999,0.0,0.0,0.0
2060,1,7,1,96044.46728,50718.956556666664,34416.20404666667,50594.80311,6590.881902666667,0.0,0.0,0.0
2060,1,7,2,89806.43033,47667.99793333333,32207.953226666665,48865.78168666666,6504.916145333334,0.0,0.0,0.0
2060,1,7,3,92359.18160999999,49390.55815999999,34098.53348333333,49332.14664333333,7426.896719333334,0.0,0.0,0.0
2060,1,7,4,107027.4837,52920.485420000005,36327.55864333333,53775.73894666667,8143.393925666666,0.0,0.0,0.0
2060,1,7,5,108597.4091,51975.15182666667,36717.60617333333,53667.579133333325,8212.438886666667,0.0,0.0,0.0
2060,1,7,6,108696.558,52362.07017,36395.01003333333,53358.16615333333,8049.2575099999995,0.0,0.0,0.0
2060,1,7,7,101499.91739999999,54809.35621333334,41200.921786666666,56451.310873333336,8576.120109000001,0.0,0.0,0.0
2060,1,7,8,101858.35433333334,54225.414899999996,39556.93895,54749.20626,7397.951727,0.0,0.0,0.0
2060,1,8,1,96003.12142666666,50697.19710666667,34401.10861333334,50572.86982,6589.317308333334,0.0,0.0,0.0
2060,1,8,2,89785.82984333334,47656.929873333334,32200.47794333333,48854.53978666667,6503.409499333334,0.0,0.0,0.0
2060,1,8,3,92338.05959333334,49379.200366666664,34090.71051333333,49320.962693333335,7425.2452029999995,0.0,0.0,0.0
2060,1,8,4,107003.78303333333,52908.86686,36319.561826666664,53763.888596666664,8141.655487666667,0.0,0.0,0.0
2060,1,8,5,108573.21583333334,51963.620189999994,36709.49346333334,53655.72878333333,8210.671475333334,0.0,0.0,0.0
2060,1,8,6,108672.53860000001,52350.71237666666,36387.04219666667,53346.34477333334,8047.490098333333,0.0,0.0,0.0
2060,1,8,7,101477.40460000001,54797.62175666667,41191.650116666664,56438.96796333333,8574.236801,0.0,0.0,0.0
2060,1,8,8,101835.95746666666,54213.79634333333,39548.159836666666,54737.153093333334,7396.271237333333,0.0,0.0,0.0
2060,1,9,1,96344.84038333333,50877.44414666667,34525.40692666667,50755.43477666667,6627.24423,0.0,0.0,0.0
2060,1,9,2,90293.56962666666,47927.45979666667,32385.73748,49130.89347333333,6540.901811000001,0.0,0.0,0.0
2060,1,9,3,92860.54712,49658.132736666674,34282.60509333333,49598.38841666666,7466.909766666667,0.0,0.0,0.0
2060,1,9,4,107589.7815,53193.333256666665,36518.35220666667,54054.49747333333,8185.551046333334,0.0,0.0,0.0
2060,1,9,5,109171.09360000001,52245.56585333333,36909.90638666667,53945.87407666667,8254.972669,0.0,0.0,0.0
2060,1,9,6,109267.77973333333,52635.64236,36585.74565333334,53636.66391333333,8091.472578666667,0.0,0.0,0.0
2060,1,9,7,102037.47136666666,55090.49060333334,41421.52956333334,56749.6558,8619.725927666666,0.0,0.0,0.0
2060,1,9,8,102393.73526666667,54502.463963333335,39764.74023333334,55035.932629999996,7437.964774,0.0,0.0,0.0
2060,1,10,1,96366.45496,50888.048619999994,34533.519636666664,50765.34387333333,6610.004720333333,0.0,0.0,0.0
2060,1,10,2,90062.47327,47804.46531,32301.336320000002,49005.26235999999,6523.807171,0.0,0.0,0.0
2060,1,10,3,92622.93162666667,49531.16881333333,34195.509346666666,49472.06192666667,7447.9318183333335,0.0,0.0,0.0
2060,1,10,4,107323.85843333334,53064.34115666666,36427.60574333334,53922.72387666666,8165.530035999999,0.0,0.0,0.0
2060,1,10,5,108899.57860000001,52117.848609999994,36818.84121,53813.86868666666,8234.777815,0.0,0.0,0.0
2060,1,10,6,108997.53956666666,52506.15770333334,36495.37585333333,53504.803393333335,8071.4515679999995,0.0,0.0,0.0
2060,1,10,7,101782.44253333333,54957.616,41317.10738666667,56608.95822,8599.038516333334,0.0,0.0,0.0
2060,1,10,8,102140.50283333333,54371.64651,39666.141826666666,54899.78396333333,7418.957852666666,0.0,0.0,0.0
2060,1,11,1,93567.9465,49576.54205,34049.828246666664,50446.19564,6617.595899666667,0.0,0.0,0.0
2060,1,11,2,84947.38033,46695.225993333326,31574.263609999998,47962.95290333333,6499.440065666667,0.0,0.0,0.0
2060,1,11,3,86158.95569333334,47651.88840333334,32953.80106,47780.41691666667,7291.907011333334,0.0,0.0,0.0
2060,1,11,4,95606.03322333335,49962.909883333334,34768.55644666666,51398.42503333333,8124.995457333333,0.0,0.0,0.0
2060,1,11,5,96258.55591333333,48699.61599333333,34797.09580666667,51049.20182333334,8093.877418,0.0,0.0,0.0
2060,1,11,6,93878.19973333333,48023.88515333333,33587.63554,49025.51516333333,7992.642380333334,0.0,0.0,0.0
2060,1,11,7,93357.42166333333,51107.52641333333,38592.54049000001,53600.56235,8406.27472,0.0,0.0,0.0
2060,1,11,8,92645.18363333332,50263.97836666667,37062.657133333334,51564.590729999996,7469.807163,0.0,0.0,0.0
2060,1,12,1,86293.45284666667,45438.24842333334,31995.226366666666,46870.576433333335,6328.088030666667,0.0,0.0,0.0
2060,1,12,2,78916.68108666666,41701.91063,29429.5527,43725.94497666667,6062.454709666667,0.0,0.0,0.0
2060,1,12,3,76724.16313,41639.848393333334,29686.609726666666,42225.87583,6827.251518,0.0,0.0,0.0
2060,1,12,4,80316.96389,40818.58132666667,29468.58063,41752.41225666666,7482.092124666667,0.0,0.0,0.0
2060,1,12,5,81964.97410666668,40474.921116666665,29640.16446,42368.63056333333,7539.2577593333335,0.0,0.0,0.0
2060,1,12,6,81843.08063333333,40115.84675333334,29431.812666666665,41827.802513333336,7564.725876,0.0,0.0,0.0
2060,1,12,7,84954.36305333332,45027.07887,35786.87546,48849.09268333333,8117.751965666667,0.0,0.0,0.0
2060,1,12,8,85836.93903666666,44743.42374,34406.034186666664,47418.27131666667,6993.388239,0.0,0.0,0.0
2060,1,13,1,87736.09559,45813.77999666667,31598.456876666663,46641.53723666666,6369.0572183333325,0.0,0.0,0.0
2060,1,13,2,86819.56212,46074.77748333333,31123.34178,47240.80577666667,6285.438352666667,0.0,0.0,0.0
2060,1,13,3,89287.88326333334,47751.327053333334,32968.751626666664,47700.448769999995,7182.385419333333,0.0,0.0,0.0
2060,1,13,4,103579.03125,51236.08390333334,35160.02370666667,52059.00248333334,7882.860023,0.0,0.0,0.0
2060,1,13,5,105093.84813333333,50300.80427666666,35540.56777666666,51949.74166,7950.803973333333,0.0,0.0,0.0
2060,1,13,6,105196.09730000001,50682.68115,35225.15718,51645.22527333334,7790.259227666666,0.0,0.0,0.0
2060,1,13,7,98207.72153,53081.49375,39869.19138,54640.38004333334,8308.139896666667,0.0,0.0,0.0
2060,1,13,8,98578.73316666666,52513.111456666666,38292.97865333333,53001.61252333334,7153.701193333333,0.0,0.0,0.0
2060,1,14,1,92845.56758333334,49032.70070666666,33253.24699666666,48892.87234666666,6363.465243333333,0.0,0.0,0.0
2060,1,14,2,86744.22980666667,46034.61956666667,31096.048303333333,47199.69172,6279.962272666667,0.0,0.0,0.0
2060,1,14,3,89210.29098,47709.98120666667,32940.12534666667,47659.30574,7176.127043,0.0,0.0,0.0
2060,1,14,4,103492.42808666667,51193.347303333336,35130.44128666667,52015.51256333333,7876.196010666667,0.0,0.0,0.0
2060,1,14,5,105005.91216666666,50258.41536666666,35510.55074666667,51906.22276333333,7944.226883,0.0,0.0,0.0
2060,1,14,6,105108.39306666667,50640.00249666666,35195.429893333334,51601.99611666667,7783.711111333333,0.0,0.0,0.0
2060,1,14,7,98124.45035,53037.68511,39836.161060000006,54595.38347666667,8301.186144666666,0.0,0.0,0.0
2060,1,14,8,98496.12838666666,52469.73742666667,38261.397033333335,52957.369276666665,7147.529738666667,0.0,0.0,0.0
2060,1,15,1,92804.77224,49011.54971,33238.383356666665,48871.228793333335,6361.958596666666,0.0,0.0,0.0
2060,1,15,2,86724.20880000001,46024.04407,31088.746863333334,47188.76853333333,6278.484600666667,0.0,0.0,0.0
2060,1,15,3,89189.69049333333,47699.00007333333,32932.59211666667,47648.411530000005,7174.475527,0.0,0.0,0.0
2060,1,15,4,103469.71249333334,51182.19232333333,35122.560366666665,52004.21271666667,7874.515520666667,0.0,0.0,0.0
2060,1,15,5,104982.70399999998,50247.23141333333,35502.66982666667,51894.83599666667,7942.5463930000005,0.0,0.0,0.0
2060,1,15,6,105085.3588,50628.70265,35187.548976666665,51590.46447666667,7781.972673333333,0.0,0.0,0.0
2060,1,15,7,98102.54603333333,53026.32731666666,39827.55579333333,54583.62004333333,8299.505654666667,0.0,0.0,0.0
2060,1,15,8,98474.39791333333,52458.37963333333,38253.13945333334,52945.837640000005,7145.878222,0.0,0.0,0.0
2060,1,16,1,93141.21793,49190.20318333333,33359.726323333336,49050.69354,6398.784507666667,0.0,0.0,0.0
2060,1,16,2,87220.56181333333,46288.48945666667,31268.58827333333,47459.095636666665,6314.846928,0.0,0.0,0.0
2060,1,16,3,89699.74819,47971.007666666665,33120.546233333334,47919.52092666667,7215.357793,0.0,0.0,0.0
2060,1,16,4,104040.70243333334,51461.733146666666,35317.49721,52290.35960333334,7917.802626,0.0,0.0,0.0
2060,1,16,5,105562.03850000001,50525.35251333334,35698.881526666664,52180.924933333336,7985.862472000001,0.0,0.0,0.0
2060,1,16,6,105663.67916666665,50908.73603333333,35382.48581666667,51876.263680000004,7824.970039,0.0,0.0,0.0
2060,1,16,7,98649.45863000001,53312.27139,40046.97564,54882.080870000005,8344.299406333334,0.0,0.0,0.0
2060,1,16,8,99018.00748333333,52744.12089,38461.027656666665,53235.78012,7186.499722666667,0.0,0.0,0.0
2060,1,17,1,93161.67355,49199.32998,33367.98390666667,49060.74750333334,6382.008581333333,0.0,0.0,0.0
2060,1,17,2,86994.33308333333,46167.95776,31186.649896666666,47336.21704333334,6298.244845333334,0.0,0.0,0.0
2060,1,17,3,89467.40595666667,47847.143963333336,33034.870213333335,47796.12081,7196.756506999999,0.0,0.0,0.0
2060,1,17,4,103781.18263,51334.59538333333,35228.80790000001,52160.12162666667,7898.158277333333,0.0,0.0,0.0
2060,1,17,5,105298.75203333334,50398.997050000005,35609.64171,52050.88977333333,7966.131201666667,0.0,0.0,0.0
2060,1,17,6,105400.07396666666,50781.10571333333,35293.85445333333,51746.17057333334,7805.383637666666,0.0,0.0,0.0
2060,1,17,7,98400.02174333333,53182.207253333334,39946.84161333333,54746.221939999996,8324.01763,0.0,0.0,0.0
2060,1,17,8,98770.48287333334,52614.14367666667,38366.65945,53103.65883,7167.956384666667,0.0,0.0,0.0
2060,1,18,1,90414.59388333333,47907.49673333333,32896.51953,48748.26328000001,6389.367969,0.0,0.0,0.0
2060,1,18,2,82013.62139666667,45088.85137,30482.669443333332,46319.549549999996,6274.602089,0.0,0.0,0.0
2060,1,18,3,83187.84932,46020.21950666667,31826.221220000003,46145.47396333333,7044.353445000001,0.0,0.0,0.0
2060,1,18,4,92372.24887000001,48284.04239333334,33595.71927666667,49678.21169333334,7858.174204,0.0,0.0,0.0
2060,1,18,5,93000.34650666667,47044.65202666667,33623.012753333336,49334.29071666667,7827.664617666666,0.0,0.0,0.0
2060,1,18,6,90682.05256333335,46385.17558,32441.975950000004,47351.13863666666,7728.110070333333,0.0,0.0,0.0
2060,1,18,7,90186.88748333334,49388.153320000005,37332.92628666666,51831.52788,8135.802746666667,0.0,0.0,0.0
2060,1,18,8,89492.84509999999,48560.51198,35845.08416,49850.056286666666,7217.5018666666665,0.0,0.0,0.0
2060,1,19,1,85753.29119666667,45150.971549999995,31790.322476666664,46581.329333333335,6384.9929,0.0,0.0,0.0
2060,1,19,2,79628.16579666667,42077.963736666665,29694.80936,44119.90399666667,6117.1285836666675,0.0,0.0,0.0
2060,1,19,3,77416.23528333334,42014.62665,29954.126356666664,42605.92734666667,6887.865054666666,0.0,0.0,0.0
2060,1,19,4,81039.28486666667,41187.07223,29734.358823333332,42129.30560666666,7547.805079333334,0.0,0.0,0.0
2060,1,19,5,82699.92773,40840.31180333334,29907.275453333332,42751.028966666665,7605.52122,0.0,0.0,0.0
2060,1,19,6,82577.25196000001,40477.847486666666,29697.127276666666,42205.33329333334,7630.641648666667,0.0,0.0,0.0
2060,1,19,7,85712.35098333332,45430.51237666667,36092.087219999994,49272.83693666667,8185.927708,0.0,0.0,0.0
2060,1,19,8,86602.22840333333,45144.800096666666,34705.33525333333,47838.24895666667,7055.450474,0.0,0.0,0.0
2060,1,20,1,88510.59867666666,46219.21270333333,31881.503549999998,47056.589296666665,6426.280801333333,0.0,0.0,0.0
2060,1,20,2,87592.21087333333,46486.75830666666,31403.317213333332,47661.50776333333,6342.0824563333335,0.0,0.0,0.0
2060,1,20,3,90081.45122,48174.43388,33261.214836666666,48122.57048333334,7245.809431333334,0.0,0.0,0.0
2060,1,20,4,104468.50306666667,51671.417740000004,35463.004466666665,52503.69491666667,7950.108598333333,0.0,0.0,0.0
2060,1,20,5,105996.3582,50733.00892666667,35845.43184666667,52395.21638333334,8018.689975666667,0.0,0.0,0.0
2060,1,20,6,106096.46323333333,51118.18883333334,35528.19589333333,52089.62797,7857.073193333334,0.0,0.0,0.0
2060,1,20,7,99058.80279666667,53525.983360000006,40211.20007666667,55106.281416666665,8377.793311333333,0.0,0.0,0.0
2060,1,20,8,99425.41042000001,52956.99261666666,38617.60297,53452.67922666667,7216.719569333333,0.0,0.0,0.0
2060,1,21,1,93654.46276333334,49460.32747,33546.69532666667,49322.99087,6420.717800333333,0.0,0.0,0.0
2060,1,21,2,87516.53087333334,46446.39757333333,31375.849893333332,47620.393703333335,6336.519454666667,0.0,0.0,0.0
2060,1,21,3,90003.88791333332,48132.97214,33232.646506666664,48081.25360333334,7239.609002666667,0.0,0.0,0.0
2060,1,21,4,104381.58113333334,51628.854986666665,35433.42205,52460.32089,7943.473559999999,0.0,0.0,0.0
2060,1,21,5,105908.39326666667,50690.90975666667,35815.58866,52351.813383333334,8012.054937666667,0.0,0.0,0.0
2060,1,21,6,106008.70113333334,51075.68402666666,35498.613470000004,52046.311890000004,7850.525076999999,0.0,0.0,0.0
2060,1,21,7,98975.61854333333,53482.49343666667,40177.85104,55060.61844666667,8370.955455333335,0.0,0.0,0.0
2060,1,21,8,99342.51589,52913.76345666667,38585.90545333333,53408.841616666665,7210.577088666668,0.0,0.0,0.0
2060,1,22,1,93613.78331666667,49438.88673333334,33531.86066,49301.463213333336,6419.182179666666,0.0,0.0,0.0
2060,1,22,2,87496.27807,46435.59028333333,31368.57743,47609.29667333333,6335.0707563333335,0.0,0.0,0.0
2060,1,22,3,89983.02665999999,48121.962029999995,33224.91046,48070.18555333334,7237.928512666666,0.0,0.0,0.0
2060,1,22,4,104358.43095,51617.49719,35425.54113,52448.70233,7941.735122333333,0.0,0.0,0.0
2060,1,22,5,105884.89536666666,50679.49401333334,35807.76569,52340.107906666664,8010.287525666667,0.0,0.0,0.0
2060,1,22,6,105985.29016666667,51064.38417666667,35490.73255666666,52034.78025,7848.815613,0.0,0.0,0.0
2060,1,22,7,98953.39552,53470.90385,40168.840136666666,55048.33348666667,8369.188043333334,0.0,0.0,0.0
2060,1,22,8,99320.49567666667,52902.17387333334,38577.387103333334,53397.020240000005,7208.896598666666,0.0,0.0,0.0
2060,1,23,1,93951.06925333333,49617.68508,33653.812079999996,49481.44949,6456.2109083333335,0.0,0.0,0.0
2060,1,23,2,87995.55745666666,46701.68718666667,31549.606766666664,47880.92760333334,6371.693849666667,0.0,0.0,0.0
2060,1,23,3,90495.74996,48395.36037333333,33413.73379666667,48342.888523333335,7278.897700666667,0.0,0.0,0.0
2060,1,23,4,104933.53516666667,51898.718506666664,35620.99950666667,52735.312803333334,7985.398888666667,0.0,0.0,0.0
2060,1,23,5,106467.56183333334,50958.774073333334,36004.180206666664,52626.89222,8054.009240333333,0.0,0.0,0.0
2060,1,23,6,106567.522,51343.838083333336,35686.161953333336,52321.535593333334,7891.928874333334,0.0,0.0,0.0
2060,1,23,7,99503.6401,53759.48455,40390.40406,55350.41605666667,8414.271534666666,0.0,0.0,0.0
2060,1,23,8,99867.29234666667,53188.78434333333,38787.82502,53688.15064666667,7249.518099,0.0,0.0,0.0
2060,1,24,1,93971.09026666667,49626.69598333334,33662.06966,49491.21371666667,6439.34806,0.0,0.0,0.0
2060,1,24,2,87768.11181999999,46580.40216666667,31467.088910000002,47757.121849999996,6355.004845,0.0,0.0,0.0
2060,1,24,3,90262.24876666667,48270.74334666666,33327.710093333335,48218.76405333334,7260.238466333333,0.0,0.0,0.0
2060,1,24,4,104671.40773333334,51770.740496666665,35531.70174,52604.756109999995,7965.493774333333,0.0,0.0,0.0
2060,1,24,5,106202.01543333333,50831.46246333333,35914.67962666667,52496.36450333334,8034.104125999999,0.0,0.0,0.0
2060,1,24,6,106301.4251,51216.61339333333,35597.26982666666,52191.0948,7872.168629666667,0.0,0.0,0.0
2060,1,24,7,99252.78350333334,53627.97172,40289.226969999996,55212.52895,8393.757966666666,0.0,0.0,0.0
2060,1,24,8,99617.71061,53057.96689,38691.718376666664,53555.50783333334,7231.032708999999,0.0,0.0,0.0
2060,1,25,1,91210.79847,48328.69128,33187.38917333334,49177.106953333336,6446.794369333334,0.0,0.0,0.0
2060,1,25,2,82751.61728666666,45493.154089999996,30757.081873333333,46733.81931666667,6331.130297000001,0.0,0.0,0.0
2060,1,25,3,83935.23277333334,46431.09932,32110.39788,46557.512729999995,7106.647472333333,0.0,0.0,0.0
2060,1,25,4,93188.12678,48706.56974333333,33891.94910333333,50113.40066666666,7925.480726666666,0.0,0.0,0.0
2060,1,25,5,93821.00512333332,47462.862250000006,33919.4454,49767.82817,7895.1449846666665,0.0,0.0,0.0
2060,1,25,6,91487.18113,46797.851783333324,32730.643573333335,47773.20240333333,7794.80814,0.0,0.0,0.0
2060,1,25,7,90985.46793333332,49822.00948666667,37648.539703333336,52276.249279999996,8204.471046,0.0,0.0,0.0
2060,1,25,8,90287.89072666666,48990.25384333334,36152.58486,50282.72452333333,7280.954852,0.0,0.0,0.0
2060,1,26,1,86044.82724333333,45305.46074,31899.17767,46739.12155,6388.324905999999,0.0,0.0,0.0
2060,1,26,2,79669.74343666667,42099.95497333333,29710.339403333335,44142.9383,6120.344693999999,0.0,0.0,0.0
2060,1,26,3,77456.76986,42036.55994,29969.68537333333,42628.17935333333,6891.428852333333,0.0,0.0,0.0
2060,1,26,4,81081.49993333333,41208.65783333333,29749.975789999997,42151.32582,7551.716565333333,0.0,0.0,0.0
2060,1,26,5,82742.86715,40861.69459,29922.89242,42773.33892,7609.374757333334,0.0,0.0,0.0
2060,1,26,6,82620.24932333334,40498.99848333333,29712.686293333332,42227.35350333333,7634.5241596666665,0.0,0.0,0.0
2060,1,26,7,85756.50730333333,45454.039236666664,36109.84826,49297.43583,8189.926115333333,0.0,0.0,0.0
2060,1,26,8,86646.93523,45168.35593,34722.63271333333,47862.61605666667,7059.072219999999,0.0,0.0,0.0
2060,1,27,1,88555.76909,46242.942383333335,31898.01870666667,47080.81153333333,6429.670755333333,0.0,0.0,0.0
2060,1,27,2,87637.38129,46510.74875,31419.687503333334,47686.04871,6345.414462333334,0.0,0.0,0.0
2060,1,27,3,90127.78059333334,48199.09072666667,33278.251533333336,48147.28527666667,7249.518099000001,0.0,0.0,0.0
2060,1,27,4,104520.42436666666,51696.856883333334,35480.62064,52529.771486666665,7954.049057666666,0.0,0.0,0.0
2060,1,27,5,106048.88799999999,50758.10038333334,35863.22186333333,52421.235010000004,8022.572487333334,0.0,0.0,0.0
2060,1,27,6,106148.99306666666,51143.45413,35546.10180333333,52115.61761666666,7860.839809,0.0,0.0,0.0
2060,1,27,7,99108.43522333335,53552.175826666666,40231.076219999995,55133.60386666667,8381.878640666668,0.0,0.0,0.0
2060,1,27,8,99474.55025666667,52982.982266666666,38636.66784333333,53479.13245999999,7220.399263333333,0.0,0.0,0.0
2060,1,28,1,93701.37161666667,49485.100210000004,33563.81894,49347.995403333334,6424.020832333333,0.0,0.0,0.0
2060,1,28,2,87561.49846999999,46470.301093333335,31392.19121,47644.81875666667,6339.851460666668,0.0,0.0,0.0
2060,1,28,3,90049.89857,48157.57103666667,33249.59627666667,48105.70763333334,7243.259722333333,0.0,0.0,0.0
2060,1,28,4,104433.24174000001,51654.14926,35450.951296666666,52486.0208,7947.414019333333,0.0,0.0,0.0
2060,1,28,5,105960.45946666667,50715.827366666665,35833.3497,52377.77406,8015.966423333334,0.0,0.0,0.0
2060,1,28,6,106060.5935,51100.89137666667,35516.200666666664,52072.09871666667,7854.378614333334,0.0,0.0,0.0
2060,1,28,7,99024.90328000001,53508.396160000004,40197.466420000004,55087.79602666667,8374.982836333334,0.0,0.0,0.0
2060,1,28,8,99391.53984666667,52939.40541666667,38604.82545333333,53434.773316666666,7214.198834333333,0.0,0.0,0.0
2060,1,29,1,93660.63422,49463.57255333333,33548.92632333333,49326.32288,6422.514186,0.0,0.0,0.0
2060,1,29,2,87541.30361666666,46459.55175333333,31384.83182333333,47633.779676666665,6338.373788333333,0.0,0.0,0.0
2060,1,29,3,90029.24013333333,48146.531956666666,33241.976123333334,48094.69752666666,7241.608206333333,0.0,0.0,0.0
2060,1,29,4,104409.94665666665,51642.82043666666,35443.01243,52474.46018666667,7945.617633333332,0.0,0.0,0.0
2060,1,29,5,105936.8457,50704.643416666666,35825.43981,52366.03960333334,8014.170037333333,0.0,0.0,0.0
2060,1,29,6,106037.32740000001,51089.56255666667,35508.261803333335,52060.42221,7852.640176333333,0.0,0.0,0.0
2060,1,29,7,99002.50638333334,53496.80657666666,40188.51346333334,55075.540036666665,8373.215424666667,0.0,0.0,0.0
2060,1,29,8,99369.46168666666,52927.84481,38596.365053333335,53423.06782999999,7212.576292333334,0.0,0.0,0.0
2060,1,30,1,93998.15195000001,49642.63166333333,33670.93569333333,49506.56991666667,6459.571888333333,0.0,0.0,0.0
2060,1,30,2,88040.87274,46725.82250333333,31565.948086666667,47905.58445333334,6375.025855666667,0.0,0.0,0.0
2060,1,30,3,90542.28215,48420.10414,33430.88638333333,48367.60331333333,7282.6353420000005,0.0,0.0,0.0
2060,1,30,4,104986.03603333334,51924.12867333333,35638.70259666666,52761.563213333335,7989.426270333333,0.0,0.0,0.0
2060,1,30,5,106520.29446666666,50984.27116333333,36021.970219999996,52652.82392333334,8057.920725999999,0.0,0.0,0.0
2060,1,30,6,106620.2546,51369.13235666667,35703.95197,52347.29345,7895.898307666666,0.0,0.0,0.0
2060,1,30,7,99553.50430999999,53785.73496666667,40410.51199333333,55377.825430000004,8418.356864,0.0,0.0,0.0
2060,1,30,8,99916.80884999999,53214.600146666664,38806.83194,53714.343113333336,7253.226766666667,0.0,0.0,0.0
2060,1,31,1,94018.31783333333,49651.72949,33679.13532666667,49516.24722333333,6442.709040333332,0.0,0.0,0.0
2060,1,31,2,87813.45607999999,46604.53748,31483.48818,47781.74972,6358.307876999999,0.0,0.0,0.0
2060,1,31,3,90308.69403666667,48295.54506,33344.83370333333,48243.50782,7263.9471343333325,0.0,0.0,0.0
2060,1,31,4,104723.41600000001,51796.23758666666,35549.433809999995,52630.57191666667,7969.463207333333,0.0,0.0,0.0
2060,1,31,5,106254.9219,50856.640843333334,35932.44066666666,52522.35415333333,8038.044585333333,0.0,0.0,0.0
2060,1,31,6,106354.12873333333,51241.994589999995,35614.97292,52216.99752,7876.138062999999,0.0,0.0,0.0
2060,1,31,7,99302.44490666666,53653.87445,40309.334903333336,55239.85140000001,8397.843295666667,0.0,0.0,0.0
2060,1,31,8,99667.48788999999,53083.81166666667,38710.522476666665,53581.671323333336,7234.712402333334,0.0,0.0,0.0
2060,2,1,1,91257.15681,48353.34812333334,33204.36791666666,49202.08251,6450.126375333333,0.0,0.0,0.0
2060,2,1,2,82794.6726,45516.709923333336,30773.1914,46758.01257666667,6334.433329333333,0.0,0.0,0.0
2060,2,1,3,83978.95448999999,46455.06078666667,32126.999963333335,46581.56112666667,7110.327166,0.0,0.0,0.0
2060,2,1,4,93235.81793,48731.25556,33909.15964,50138.72391,7929.4211866666665,0.0,0.0,0.0
2060,2,1,5,93868.72524333333,47487.31627666667,33936.68491333333,49793.23834,7899.027496333333,0.0,0.0,0.0
2060,2,1,6,91534.2928,46821.784276666665,32747.53539666667,47797.743350000004,7798.748599666666,0.0,0.0,0.0
2060,2,1,7,91032.08704333333,49847.245813333335,37667.08304,52301.74637333333,8208.411505999999,0.0,0.0,0.0
2060,2,1,8,90334.22009666667,49015.28735,36170.54872,50307.90289666667,7284.634545666667,0.0,0.0,0.0
2060,2,2,1,85223.61812333333,44872.70558,31597.12407,46292.71965666666,6293.174401333334,0.0,0.0,0.0
2060,2,2,2,78480.30418333334,41471.16196333334,29266.921830000003,43484.33107666666,6028.902856666667,0.0,0.0,0.0
2060,2,2,3,76299.66555333334,41409.997923333336,29522.559129999998,41992.7513,6790.019971333332,0.0,0.0,0.0
2060,2,2,4,79873.80708333333,40592.67131333333,29305.544123333337,41521.34487333333,7441.673441999999,0.0,0.0,0.0
2060,2,2,5,81513.76253666666,40250.80749,29476.374630000002,42134.14426,7498.636259,0.0,0.0,0.0
2060,2,2,6,81392.53546,39893.935150000005,29269.09487333333,41596.300526666666,7524.452062666666,0.0,0.0,0.0
2060,2,2,7,84488.51962666666,44779.38043333333,35599.211083333335,48588.674673333335,8075.565871333333,0.0,0.0,0.0
2060,2,2,8,85367.12617666666,44497.20298,34222.10745333334,47160.69275666666,6955.461317666667,0.0,0.0,0.0
2060,2,3,1,87259.64769,45564.95157666667,31424.555130000004,46386.56633,6333.911797333334,0.0,0.0,0.0
2060,2,3,2,86345.02650333334,45822.037580000004,30951.61308,46982.30004666666,6250.727541,0.0,0.0,0.0
2060,2,3,3,88800.10654333333,47490.99597333333,32789.084063333336,47440.89998333333,7143.2995396666665,0.0,0.0,0.0
2060,2,3,4,103032.66918666667,50967.669076666665,34973.75007666666,51784.96671333333,7841.282381666667,0.0,0.0,0.0
2060,2,3,5,104538.90980000001,50033.751233333336,35352.758526666665,51675.53204666667,7909.28428,0.0,0.0,0.0
2060,2,3,6,104644.08529999999,50413.57095666666,35038.36202333333,51371.797959999996,7748.971326,0.0,0.0,0.0
2060,2,3,7,97685.00220999999,52806.53081,39659.99934666667,54354.378026666665,8265.229453,0.0,0.0,0.0
2060,2,3,8,98058.07099666668,52240.20566666667,38093.811610000004,52724.27372,7114.963000333333,0.0,0.0,0.0
2060,2,4,1,92347.56305333333,48770.51528666667,33072.71022,48628.39798666667,6328.348796333333,0.0,0.0,0.0
2060,2,4,2,86269.89701,45781.99556,30924.406529999997,46941.47573,6245.222487666667,0.0,0.0,0.0
2060,2,4,3,88722.97784666666,47449.91088666667,32760.689573333333,47399.93079333333,7137.128084666667,0.0,0.0,0.0
2060,2,4,4,102946.00806666666,50925.25119333334,34944.31253,51741.621660000004,7834.676317666667,0.0,0.0,0.0
2060,2,4,5,104450.82893333334,49991.565136666664,35323.03123666667,51632.21596333333,7902.70719,0.0,0.0,0.0
2060,2,4,6,104556.3521,50370.80538,35008.92447333333,51328.45290666667,7742.452184000001,0.0,0.0,0.0
2060,2,4,7,97602.25256333333,52762.89602000001,39627.14287,54309.236583333324,8258.507493,0.0,0.0,0.0
2060,2,4,8,97975.64006333333,52197.32419666666,38062.28794,52680.34918666666,7108.849493666666,0.0,0.0,0.0
2060,2,5,1,92306.97052666667,48749.07455,33057.87554666667,48606.8993,6326.871124,0.0,0.0,0.0
2060,2,5,2,86249.93394999999,45771.44903333334,30917.249956666667,46930.61049666667,6243.802763,0.0,0.0,0.0
2060,2,5,3,88702.5512,47438.9877,32753.185316666666,47389.036583333334,7135.534516666667,0.0,0.0,0.0
2060,2,5,4,102923.26346666667,50913.86442666667,34936.43160666667,51730.26386666667,7832.908905666667,0.0,0.0,0.0
2060,2,5,5,104427.5628,49980.381186666666,35315.15032,51620.7133,7900.939778,0.0,0.0,0.0
2060,2,5,6,104533.14396666667,50359.47655666666,35001.07252666666,51317.037163333334,7740.713745666667,0.0,0.0,0.0
2060,2,5,7,97580.29029666667,52751.30643,39618.392733333334,54297.18341333334,8256.711107000001,0.0,0.0,0.0
2060,2,5,8,97953.88061666668,52185.93743,38054.088306666665,52668.67268333334,7107.2269516666665,0.0,0.0,0.0
2060,2,6,1,92642.28623333333,48926.91675333333,33178.78390666667,48785.58174666667,6363.407295333333,0.0,0.0,0.0
2060,2,6,2,86743.91109666666,46034.503670000006,31095.932409999998,47199.546846666664,6279.933299,0.0,0.0,0.0
2060,2,6,3,89210.14610999999,47709.86531,32940.096373333334,47659.18984333333,7176.098069,0.0,0.0,0.0
2060,2,6,4,103492.37014,51193.17345666667,35130.412313333334,52015.33872,7876.196010666667,0.0,0.0,0.0
2060,2,6,5,105005.70936666666,50258.29947,35510.492796666666,51906.10686666667,7944.226883,0.0,0.0,0.0
2060,2,6,6,105108.24823333333,50639.857626666664,35195.34297,51601.85125,7783.711111333333,0.0,0.0,0.0
2060,2,6,7,98124.24753666668,53037.59818666667,39836.07413666667,54595.29655,8301.186144666666,0.0,0.0,0.0
2060,2,6,8,98495.98352000001,52469.73742666667,38261.281136666665,52957.28235666667,7147.500765,0.0,0.0,0.0
2060,2,7,1,92662.33622,48936.15945,33186.92559,48795.519819999994,6346.805212666666,0.0,0.0,0.0
2060,2,7,2,86518.98619666666,45914.72529666667,31014.57351,47077.07389,6263.447112333334,0.0,0.0,0.0
2060,2,7,3,88978.84694333334,47586.49416333333,32854.91291333333,47536.16638666667,7157.525756999999,0.0,0.0,0.0
2060,2,7,4,103232.90824666666,51066.238509999996,35041.95479333333,51885.41945666666,7856.522687666667,0.0,0.0,0.0
2060,2,7,5,104742.82853333333,50131.65426333334,35421.426830000004,51776.187600000005,7924.55356,0.0,0.0,0.0
2060,2,7,6,104846.55533333332,50512.16936,35106.97237333333,51472.10582999999,7764.095736,0.0,0.0,0.0
2060,2,7,7,97876.37525666667,52907.33123666667,39736.78035666666,54459.20583333333,8280.933342666665,0.0,0.0,0.0
2060,2,7,8,98249.12533,52340.36867333334,38166.710113333334,52826.001313333334,7129.102296,0.0,0.0,0.0
2060,2,8,1,89924.49924666667,47648.64332,32717.808106666667,48484.60018666667,6354.077678000001,0.0,0.0,0.0
2060,2,8,2,81560.81625666666,44840.486529999995,30314.30172666667,46065.36094666666,6239.891277666667,0.0,0.0,0.0
2060,2,8,3,82729.48117333333,45768.14600333333,31651.566153333333,45892.44431333333,7006.078836000001,0.0,0.0,0.0
2060,2,8,4,91870.21695999999,48024.37771333333,33413.24124333333,49410.46327333333,7816.625536666666,0.0,0.0,0.0
2060,2,8,5,92496.34436666667,46787.88473666667,33440.679586666665,49066.97691,7786.202872333332,0.0,0.0,0.0
2060,2,8,6,90187.72772666666,46131.769276666666,32264.713226666663,47091.56087666666,7687.140882333333,0.0,0.0,0.0
2060,2,8,7,89695.92362999999,49120.60771666667,37139.03251,51558.535169999996,8093.645626,0.0,0.0,0.0
2060,2,8,8,89004.45992333333,48296.704020000005,35656.956196666666,49584.39399333333,7178.415986333333,0.0,0.0,0.0
2060,2,9,1,84528.32986,44505.25774,31338.473476666666,45915.855279999996,6263.968643666667,0.0,0.0,0.0
2060,2,9,2,78115.86964,41278.572016666665,29131.03393,43282.38253,6000.942979666666,0.0,0.0,0.0
2060,2,9,3,75945.256,41218.16129333334,29385.570216666663,41798.017276666666,6758.815010000001,0.0,0.0,0.0
2060,2,9,4,79503.89646,40404.021823333336,29169.453406666667,41328.46518333334,7408.0056933333335,0.0,0.0,0.0
2060,2,9,5,81137.01405666667,40063.83848666667,29339.53058333333,41938.42511666667,7464.678771,0.0,0.0,0.0
2060,2,9,6,81016.16364,39708.58868666666,29133.14902333333,41403.10212,7490.726366333333,0.0,0.0,0.0
2060,2,9,7,84099.63105666667,44572.59324333334,35442.230136666665,48370.38481333334,8040.304554333333,0.0,0.0,0.0
2060,2,9,8,84974.23919666666,44291.400896666666,34068.16877,46945.242346666666,6923.647902666667,0.0,0.0,0.0
2060,2,10,1,86861.11079,45356.68670666667,31279.366586666667,46173.346913333335,6304.532196333334,0.0,0.0,0.0
2060,2,10,2,85948.19906666667,45610.75941666667,30808.162980000005,46766.41502666668,6221.6956273333335,0.0,0.0,0.0
2060,2,10,3,88392.41386666667,47273.48841,32638.94097,47224.20369,7110.819723333334,0.0,0.0,0.0
2060,2,10,4,102574.73562666668,50742.1647,34817.49347666666,51555.145216666664,7806.339778666667,0.0,0.0,0.0
2060,2,10,5,104073.52993333334,49810.62272000001,35195.71963,51446.46387,7874.428599,0.0,0.0,0.0
2060,2,10,6,104180.93643333332,50188.29836666666,34881.989526666664,51142.671833333334,7714.52128,0.0,0.0,0.0
2060,2,10,7,97247.69813666667,52575.405483333336,39484.938643333335,54115.57459333333,8229.823266666666,0.0,0.0,0.0
2060,2,10,8,97622.33152333333,52013.136696666676,37928.02257666667,52491.84456666667,7082.541132666666,0.0,0.0,0.0
2060,2,11,1,91930.56973333332,48550.429039999995,32921.78482666666,48407.32662333333,6298.998168333333,0.0,0.0,0.0
2060,2,11,2,85873.44623333334,45571.03611000001,30781.130269999998,46725.67763333333,6216.248521333334,0.0,0.0,0.0
2060,2,11,3,88315.57491000001,47232.49024333333,32610.633406666664,47183.37937,7104.764164666667,0.0,0.0,0.0
2060,2,11,4,102489.03065666667,50699.83373666666,34788.05593,51512.00298333333,7799.762688333333,0.0,0.0,0.0
2060,2,11,5,103986.37623333333,49768.43662666667,35166.16618666667,51403.29266,7867.938430333333,0.0,0.0,0.0
2060,2,11,6,104093.75379999999,50145.67766000001,34852.55197666667,51099.47165,7708.089060000001,0.0,0.0,0.0
2060,2,11,7,97165.26720666669,52532.03145666667,39452.05319333333,54070.491103333334,8223.188228333334,0.0,0.0,0.0
2060,2,11,8,97540.2193,51970.25522666667,37896.93351333333,52447.94900666666,7076.456599666667,0.0,0.0,0.0
2060,2,12,1,91890.12207666667,48529.16215,32906.92118333333,48385.85691333333,6297.491522333334,0.0,0.0,0.0
2060,2,12,2,85853.65701666666,45560.40266666666,30773.973696666668,46714.81239333333,6214.828797333333,0.0,0.0,0.0
2060,2,12,3,88295.17723999999,47221.62500666667,32603.10017666667,47172.514136666665,7103.1416223333335,0.0,0.0,0.0
2060,2,12,4,102466.22815666666,50688.56286333333,34780.20398666667,51500.64518666667,7798.053224333334,0.0,0.0,0.0
2060,2,12,5,103962.99426666666,49757.25267666666,35158.25629333333,51391.87691666667,7866.171018333334,0.0,0.0,0.0
2060,2,12,6,104070.57456666666,50134.40679,34844.70003,51088.05590666667,7706.350622000001,0.0,0.0,0.0
2060,2,12,7,97143.50775666667,52520.61571333333,39443.33203,54058.49588333333,8221.420816333333,0.0,0.0,0.0
2060,2,12,8,97518.74959333334,51958.89743333333,37888.733876666665,52436.38839666667,7074.834057666667,0.0,0.0,0.0
2060,2,13,1,92224.59754333332,48706.56974333333,33027.13416666666,48563.95988,6333.969745333333,0.0,0.0,0.0
2060,2,13,2,86345.72188,45822.44321666667,30951.844876666666,46982.76363333333,6250.785489000001,0.0,0.0,0.0
2060,2,13,3,88800.80192,47491.343656666664,32789.31585333333,47441.33459333333,7143.357487333334,0.0,0.0,0.0
2060,2,13,4,103033.33557,50967.987793333334,34974.03982,51785.31440333333,7841.311355666668,0.0,0.0,0.0
2060,2,13,5,104539.6631,50034.156866666664,35352.93237,51675.93768,7909.342228,0.0,0.0,0.0
2060,2,13,6,104644.75170000001,50413.918639999996,35038.59381333333,51372.23256666667,7749.0003,0.0,0.0,0.0
2060,2,13,7,97685.61066,52806.93644333334,39660.231139999996,54354.69674000001,8265.258427,0.0,0.0,0.0
2060,2,13,8,98058.62150000001,52240.55335666666,38094.01443,52724.592436666666,7115.020948333334,0.0,0.0,0.0
2060,2,14,1,92244.96624,48715.986280000005,33035.76841,48573.811030000004,6317.338689,0.0,0.0,0.0
2060,2,14,2,86121.52133333334,45703.15739333333,30870.80469,46860.87016,6234.386224333334,0.0,0.0,0.0
2060,2,14,3,88570.83555,47368.66788666666,32704.624949999998,47318.91958666666,7125.016967,0.0,0.0,0.0
2060,2,14,4,102775.52520666667,50841.13977,34886.04588333333,51656.061539999995,7821.580084666667,0.0,0.0,0.0
2060,2,14,5,104277.18793333333,49908.23600999999,35264.50382666667,51546.71379,7889.726853,0.0,0.0,0.0
2060,2,14,6,104383.69623333332,50286.66498333333,34950.368083333335,51242.80586,7729.674664333333,0.0,0.0,0.0
2060,2,14,7,97438.75247333334,52676.611546666674,39561.63273,54220.11266666666,8245.266390333332,0.0,0.0,0.0
2060,2,14,8,97812.83534666667,52112.83611333333,38000.312626666666,52593.63010666667,7096.738376,0.0,0.0,0.0
2060,2,15,1,89515.21299999999,47431.94703,32568.44731,48264.13728333334,6324.611154666666,0.0,0.0,0.0
2060,2,15,2,81182.76394666667,44633.09088333333,30173.662093333332,45852.69203333333,6210.975259666666,0.0,0.0,0.0
2060,2,15,3,82346.24252666667,45557.56321666667,31505.79813,45681.07923,6973.946708,0.0,0.0,0.0
2060,2,15,4,91450.18137333333,47806.899123333336,33260.83818,49186.11785666667,7781.711907666667,0.0,0.0,0.0
2060,2,15,5,92074.48342333334,46573.65123333334,33288.30549666667,48843.529683333334,7751.260269333333,0.0,0.0,0.0
2060,2,15,6,89774.32718000001,45920.20137333334,32116.569336666667,46874.71971,7653.067498333334,0.0,0.0,0.0
2060,2,15,7,89285.99995666667,48897.30536,36976.80727333333,51330.51005333333,8058.442257333333,0.0,0.0,0.0
2060,2,15,8,88596.68033,48076.24111,35499.22192333333,49361.90290666666,7145.878222333333,0.0,0.0,0.0
2060,2,16,1,87290.9106,45962.271570000004,32354.474573333337,47417.141330000006,6593.895195,0.0,0.0,0.0
2060,2,16,2,82242.74752,43460.51447666667,30669.40665666667,45566.19745666667,6318.381752,0.0,0.0,0.0
2060,2,16,3,79961.22153666666,43392.39668333333,30936.517646666663,44001.63226666666,7110.558957666667,0.0,0.0,0.0
2060,2,16,4,83692.1412,42541.923853333334,30710.98429333333,43515.68090666667,7788.636685333334,0.0,0.0,0.0
2060,2,16,5,85397.98345,42184.32716666666,30888.044203333335,44157.6281,7847.308967,0.0,0.0,0.0
2060,2,16,6,85272.26541333333,41809.14328333333,30671.724570000002,43594.40317,7870.285321666667,0.0,0.0,0.0
2060,2,16,7,88492.54789333332,46910.21281999999,37213.37970666667,50822.77027666667,8435.045868,0.0,0.0,0.0
2060,2,16,8,89405.72038333333,46619.11138333334,35795.79944333333,49369.55203333333,7282.6353420000005,0.0,0.0,0.0
2060,2,17,1,91339.81954,47695.581146666664,32918.163083333326,48573.60821333333,6636.400003333333,0.0,0.0,0.0
2060,2,17,2,90416.30334666667,47993.143776666664,32430.705076666665,49197.79436333334,6549.999636333334,0.0,0.0,0.0
2060,2,17,3,92986.69977,49725.61310333334,34329.05036,49665.405203333336,7476.992706666667,0.0,0.0,0.0
2060,2,17,4,107730.7688,53261.59592,36565.95643333333,54124.440630000005,8196.068596333333,0.0,0.0,0.0
2060,2,17,5,109314.65963333333,52313.36493333333,36958.263933333335,54015.875179999995,8265.693036666666,0.0,0.0,0.0
2060,2,17,6,109410.6504,52704.25270666667,36633.552696666666,53706.23040333334,8101.990128333334,0.0,0.0,0.0
2060,2,17,7,102172.25826666667,55160.723496666666,41476.60907333333,56824.959136666665,8630.620139,0.0,0.0,0.0
2060,2,17,8,102527.53703333333,54572.34917333333,39816.89337333333,55107.70114333333,7447.989766333333,0.0,0.0,0.0
2060,2,18,1,96600.01410333333,51011.072080000005,34618.529253333334,50889.75808666667,6630.605210000001,0.0,0.0,0.0
2060,2,18,2,90339.31951666666,47951.85587333333,32402.48443333333,49155.75314000001,6544.2917653333325,0.0,0.0,0.0
2060,2,18,3,92907.45597333333,49683.28214,34299.98947,49623.30603,7470.647408,0.0,0.0,0.0
2060,2,18,4,107642.05050000001,53218.59855333334,36536.258116666664,54080.25532999999,8189.433557666667,0.0,0.0,0.0
2060,2,18,5,109224.31883333332,52270.918073333334,36927.92819333333,53971.97962,8258.913128666667,0.0,0.0,0.0
2060,2,18,6,109320.86003333335,52661.139449999995,36603.50669333334,53662.62458333333,8095.413038,0.0,0.0,0.0
2060,2,18,7,102087.6543,55116.62512333333,41441.898259999994,56777.61567333333,8623.753309,0.0,0.0,0.0
2060,2,18,8,102443.39666666667,54528.59848000001,39784.297660000004,55062.64662666666,7441.673441999999,0.0,0.0,0.0
2060,2,19,1,96558.58133,50989.370579999995,34603.433816666664,50867.85376666667,6629.127538000001,0.0,0.0,0.0
2060,2,19,2,90318.71903,47940.932689999994,32394.95120333333,49144.598159999994,6542.785119,0.0,0.0,0.0
2060,2,19,3,92886.59471666667,49672.01126666667,34292.25342,49612.09310333334,7468.9669176666675,0.0,0.0,0.0
2060,2,19,4,107618.75546666667,53207.35665666667,36528.23233,54068.78164,8187.6661460000005,0.0,0.0,0.0
2060,2,19,5,109200.44423333334,52259.502329999996,36919.90240666667,53960.274139999994,8257.174690666667,0.0,0.0,0.0
2060,2,19,6,109297.0724,52649.75267666666,36595.56783,53651.00602333333,8093.645626333334,0.0,0.0,0.0
2060,2,19,7,102065.02560000001,55104.890666666666,41432.77146333333,56765.04097333333,8621.927949333332,0.0,0.0,0.0
2060,2,19,8,102421.14463333333,54516.89299666666,39775.63444666667,55050.68037666666,7439.9929520000005,0.0,0.0,0.0
2060,2,20,1,96900.59003,51169.6466,34727.81905666667,51050.94026,6667.0544593333325,0.0,0.0,0.0
2060,2,20,2,90827.09623666666,48212.67951666666,32580.79022,49421.38646,6580.422301,0.0,0.0,0.0
2060,2,20,3,93409.08224999999,49951.320296666665,34484.263896666664,49889.40293333333,7510.834298666666,0.0,0.0,0.0
2060,2,20,4,108206.17363333334,53489.67898,36726.906813333335,54359.332573333326,8231.996314,0.0,0.0,0.0
2060,2,20,5,109797.10513333335,52541.650813333334,37119.06944666667,54250.998916666664,8301.157170666667,0.0,0.0,0.0
2060,2,20,6,109891.18359999999,52933.06011666666,36794.445133333335,53940.80363333333,8137.541184666666,0.0,0.0,0.0
2060,2,20,7,102625.9616,55397.295933333335,41663.375256666666,57077.64109333333,8667.880659333334,0.0,0.0,0.0
2060,2,20,8,102980.25526666666,54807.241116666664,39993.605593333334,55349.92349666666,7481.8023846666665,0.0,0.0,0.0
2060,2,21,1,96921.97281,51180.62773,34735.96074,51060.3568,6649.757001666666,0.0,0.0,0.0
2060,2,21,2,90595.47835333332,48088.90273666667,32496.157266666665,49295.23381333333,6563.269713000001,0.0,0.0,0.0
2060,2,21,3,93170.82932666666,49824.15356333333,34396.87841333333,49763.07644333333,7491.711481333333,0.0,0.0,0.0
2060,2,21,4,107937.49803333334,53361.06354333333,36636.24727666667,54226.97949666667,8211.65659,0.0,0.0,0.0
2060,2,21,5,109525.41623333334,52413.06435,37028.26503666667,54118.443020000006,8281.310004333334,0.0,0.0,0.0
2060,2,21,6,109619.8714,52803.77828,36703.582773333335,53808.47953333333,8117.4912,0.0,0.0,0.0
2060,2,21,7,102370.2374,55264.218506666664,41557.76515,56934.886360000004,8646.787612,0.0,0.0,0.0
2060,2,21,8,102725.16846666667,54674.39548000001,39893.790279999994,55213.427143333334,7462.7954629999995,0.0,0.0,0.0
2060,2,22,1,94116.53957666666,49866.80324,34250.70475333333,50739.99165333333,6657.522024666666,0.0,0.0,0.0
2060,2,22,2,85460.74105666667,46975.89680333334,31765.375893333334,48249.766189999995,6538.757737666667,0.0,0.0,0.0
2060,2,22,3,86678.02429333334,47937.224023333336,33150.1866,48065.14408,7335.020272999999,0.0,0.0,0.0
2060,2,22,4,96169.60583666665,50254.38798333334,34972.069586666665,51696.79893333333,8171.1799593333335,0.0,0.0,0.0
2060,2,22,5,96827.19896999998,48986.429280000004,35000.60894333333,51347.08316666667,8140.293711666666,0.0,0.0,0.0
2060,2,22,6,94435.94857666666,48310.20588666666,33787.411036666665,49317.34094666666,8038.855856333333,0.0,0.0,0.0
2060,2,22,7,93910.30288333334,51406.711586666665,38812.80058,53910.55481,8453.502284333334,0.0,0.0,0.0
2060,2,22,8,93195.19643,50560.61383000001,37275.12322666667,51862.12438666666,7513.876565333333,0.0,0.0,0.0
2060,2,23,1,88817.80963999999,46770.877016666665,32925.348626666666,48241.16092666667,6594.967232,0.0,0.0,0.0
2060,2,23,2,82256.45220666667,43467.81591333333,30674.448123333335,45573.788640000006,6319.424814666666,0.0,0.0,0.0
2060,2,23,3,79974.54956,43399.69812,30941.675013333337,44008.87575666667,7111.717916333332,0.0,0.0,0.0
2060,2,23,4,83705.93280666666,42549.022476666665,30716.112689999998,43522.95337333333,7789.8535919999995,0.0,0.0,0.0
2060,2,23,5,85412.00685,42191.45476,30893.172593333333,44164.98749,7848.554846999999,0.0,0.0,0.0
2060,2,23,6,85286.25983666666,41816.18395333333,30676.88193666667,43601.704613333335,7871.5312023333345,0.0,0.0,0.0
2060,2,23,7,88507.00590666667,46917.97784666667,37219.11655333333,50830.79606666666,8436.291748666667,0.0,0.0,0.0
2060,2,23,8,89420.20736666668,46626.81846,35801.333470000005,49377.46193,7283.8522490000005,0.0,0.0,0.0
2060,2,24,1,91354.62523666666,47703.20129999999,32923.55224,48581.46015666667,6637.472040333334,0.0,0.0,0.0
2060,2,24,2,90430.90622333332,48000.966746666665,32436.03628666667,49205.84912666667,6551.1296213333335,0.0,0.0,0.0
2060,2,24,3,93001.73725666666,49733.58094666666,34334.55541333333,49673.37304,7478.180639000001,0.0,0.0,0.0
2060,2,24,4,107747.63163333334,53269.73760666667,36571.60635666666,54132.785130000004,8197.314476666666,0.0,0.0,0.0
2060,2,24,5,109331.66736666666,52321.361750000004,36963.94283,54024.19070666667,8266.909943,0.0,0.0,0.0
2060,2,24,6,109427.71606666666,52712.365419999995,36639.20262,53714.69080333333,8103.264983000001,0.0,0.0,0.0
2060,2,24,7,102188.36783333332,55169.29979333333,41483.15718666667,56833.76722,8631.894993666667,0.0,0.0,0.0
2060,2,24,8,102543.5886,54580.69367666667,39823.12277666666,55116.24846333333,7449.235647,0.0,0.0,0.0
2060,2,25,1,96615.19646,51019.068896666664,34624.005333333334,50897.87079666666,6631.706220666667,0.0,0.0,0.0
2060,2,25,2,90353.83547333333,47959.67884666667,32407.84461666667,49163.634060000004,6545.363802,0.0,0.0,0.0
2060,2,25,3,92922.40653666668,49691.19203333333,34305.43657666667,49631.24489666667,7471.806366666667,0.0,0.0,0.0
2060,2,25,4,107658.59463333333,53226.62434333334,36541.76317333333,54088.51291,8190.679438333334,0.0,0.0,0.0
2060,2,25,5,109240.94983333333,52278.827966666664,36933.63606333333,53980.09232999999,8260.216956999999,0.0,0.0,0.0
2060,2,25,6,109337.75189999999,52669.10728999999,36609.098666666665,53670.70832,8096.6589183333335,0.0,0.0,0.0
2060,2,25,7,102103.58996666667,55124.91167666666,41448.272529999995,56786.45273333334,8625.028163666668,0.0,0.0,0.0
2060,2,25,8,102459.30336666666,54536.682219999995,39790.23732666666,55071.078050000004,7442.861374666667,0.0,0.0,0.0
2060,2,26,1,96573.85061333333,50997.28047333334,34608.996816666666,50875.93750333334,6630.170600333334,0.0,0.0,0.0
2060,2,26,2,90333.37985333335,47948.75566333334,32400.340360000002,49152.56600333333,6543.857156000001,0.0,0.0,0.0
2060,2,26,3,92901.57425666666,49680.09500333333,34297.81642333333,49620.08991666667,7470.154850666666,0.0,0.0,0.0
2060,2,26,4,107635.58933333332,53215.469366666664,36533.969176666666,54076.98127333333,8188.969974333333,0.0,0.0,0.0
2060,2,26,5,109217.59683333333,52267.615040000004,36925.668223333334,53968.70556333333,8258.449545000001,0.0,0.0,0.0
2060,2,26,6,109314.16706666666,52657.92334,36601.24672333334,53659.321553333335,8094.891506333333,0.0,0.0,0.0
2060,2,26,7,102081.28003333334,55113.35106666666,41439.34855,56774.051876666665,8623.231777666666,0.0,0.0,0.0
2060,2,26,8,102437.10930000001,54525.41134666667,39781.74795333333,55059.343590000004,7441.180884666667,0.0,0.0,0.0
2060,2,27,1,96915.65648666666,51177.672386666665,34733.382053333335,51058.99502,6668.155470000001,0.0,0.0,0.0
2060,2,27,2,90841.75705999999,48220.502486666664,32586.208353333335,49429.38327333333,6581.523311666667,0.0,0.0,0.0
2060,2,27,3,93424.14871333334,49959.25916666666,34489.85587,49897.42872333334,7512.022231666667,0.0,0.0,0.0
2060,2,27,4,108223.21033333334,53497.559903333335,36732.759556666664,54367.87989333333,8233.242194333334,0.0,0.0,0.0
2060,2,27,5,109814.34463333334,52549.76352,37124.80629,54259.198546666674,8302.374077666667,0.0,0.0,0.0
2060,2,27,6,109908.16236666667,52941.172829999996,36800.06608,53949.148133333336,8138.816039,0.0,0.0,0.0
2060,2,27,7,102642.18706666667,55405.72735666666,41669.952346666665,57086.738919999996,8669.155514,0.0,0.0,0.0
2060,2,27,8,102996.42273333333,54815.61459333333,39999.834996666665,55358.64466,7483.0192916666665,0.0,0.0,0.0
2060,2,28,1,96937.35799,51188.71146333333,34741.581686666665,51068.440533333334,6650.858012333333,0.0,0.0,0.0
2060,2,28,2,90610.16815,48096.66775666666,32501.546423333333,49303.2596,6564.370723333333,0.0,0.0,0.0
2060,2,28,3,93185.83783666667,49832.266273333335,34402.32551666667,49771.10223,7492.928387666667,0.0,0.0,0.0
2060,2,28,4,107954.50576666667,53369.089336666664,36641.92617333333,54235.29502666667,8212.902470333333,0.0,0.0,0.0
2060,2,28,5,109542.4819,52421.235010000004,37033.94393,54126.787520000005,8282.555884666666,0.0,0.0,0.0
2060,2,28,6,109636.85013333334,52812.00688666666,36709.31961666667,53816.82403333334,8118.679133000001,0.0,0.0,0.0
2060,2,28,7,102386.28896666667,55272.563010000005,41564.25531666667,56943.69445,8648.091440666667,0.0,0.0,0.0
2060,2,28,8,102741.19106666667,54682.71101,39900.01968333334,55222.06138666667,7463.983395666667,0.0,0.0,0.0
2060,3,1,1,94131.66398666667,49874.65518333333,34256.325703333336,50748.10436666667,6658.623035333333,0.0,0.0,0.0
2060,3,1,2,85474.85138333334,46983.66182666667,31770.620179999998,48257.61814,6539.858748333333,0.0,0.0,0.0
2060,3,1,3,86692.27948666667,47945.018019999996,33155.63370666667,48072.967053333334,7336.208205333333,0.0,0.0,0.0
2060,3,1,4,96184.93306333333,50262.29787333333,34977.57464333333,51704.94061666667,8172.42584,0.0,0.0,0.0
2060,3,1,5,96842.75799,48994.25225,35006.22989333334,51355.22485,8141.59754,0.0,0.0,0.0
2060,3,1,6,94451.27580666666,48317.970910000004,33792.80019666667,49325.42468333334,8040.072762666667,0.0,0.0,0.0
2060,3,1,7,93925.45627000001,51414.940193333336,38818.79819333333,53919.07316,8454.719190999998,0.0,0.0,0.0
2060,3,1,8,93210.29186666668,50568.63962,37280.97597,51870.38196666667,7515.064498,0.0,0.0,0.0
2060,3,2,1,88770.46617666667,46745.84351333333,32907.90629666667,48215.40307,6589.027569000001,0.0,0.0,0.0
2060,3,2,2,82181.61245,43428.2085,30646.60414333333,45532.384836666664,6313.630021666667,0.0,0.0,0.0
2060,3,2,3,79901.65106,43360.20660333333,30913.68616,43969.03655333334,7105.401591999999,0.0,0.0,0.0
2060,3,2,4,83630.19485666667,42510.25531,30688.181786666664,43483.28801,7782.986762,0.0,0.0,0.0
2060,3,2,5,85335.13891666666,42152.890413333334,30865.125796666664,44124.68469666666,7841.688017,0.0,0.0,0.0
2060,3,2,6,85209.42087666667,41778.05421333333,30649.008983333333,43561.89438333333,7864.606424333334,0.0,0.0,0.0
2060,3,2,7,88427.90697666667,46875.791750000004,37187.36108333333,50787.16127333333,8429.251075,0.0,0.0,0.0
2060,3,2,8,89340.67383,46584.77723666667,35770.62106666667,49334.000980000004,7277.420028333333,0.0,0.0,0.0
2060,3,3,1,91274.13555666666,47661.275969999995,32894.14366333333,48538.31792333333,6631.474428999999,0.0,0.0,0.0
2060,3,3,2,90350.85116,47958.143223333325,32406.714630000002,49162.098436666674,6545.160983999999,0.0,0.0,0.0
2060,3,3,3,92919.33529666667,49689.656409999996,34304.36454,49629.68030333333,7471.574575,0.0,0.0,0.0
2060,3,3,4,107655.20466666667,53225.08872666667,36540.662163333334,54086.86139666667,8190.418672666667,0.0,0.0,0.0
2060,3,3,5,109237.73376666667,52277.17645,36932.56402666667,53978.49876333334,8259.956191,0.0,0.0,0.0
2060,3,3,6,109334.3909,52667.65859000001,36607.96868666667,53669.17270333334,8096.398152999999,0.0,0.0,0.0
2060,3,3,7,102100.5477,55123.289136666666,41447.05562666667,56784.80122,8624.796372,0.0,0.0,0.0
2060,3,3,8,102456.14520000001,54535.08865,39789.07836666666,55069.42653333334,7442.629583000001,0.0,0.0,0.0
2060,3,4,1,96532.09912666667,50975.347180000004,34593.64062,50853.569599999995,6625.7375839999995,0.0,0.0,0.0
2060,3,4,2,90273.95425,47916.942246666666,32378.60988666667,49120.28900333333,6539.4531130000005,0.0,0.0,0.0
2060,3,4,3,92840.43918666667,49647.354419999996,34275.21673000001,49587.75497333333,7465.287224333333,0.0,0.0,0.0
2060,3,4,4,107567.6454,53182.439043333325,36510.76103,54043.63224,8183.870556333332,0.0,0.0,0.0
2060,3,4,5,109148.40703333334,52234.845486666665,36902.28623333333,53934.89294333333,8253.292179,0.0,0.0,0.0
2060,3,4,6,109245.4988,52624.777120000006,36578.18344666666,53625.682779999996,8089.821062666667,0.0,0.0,0.0
2060,3,4,7,102016.23346666666,55079.48049666666,41412.98224333333,56738.095186666666,8617.987489666666,0.0,0.0,0.0
2060,3,4,8,102372.41043333332,54491.42488333333,39756.424706666665,55024.51688333333,7436.342232,0.0,0.0,0.0
2060,3,5,1,96491.04301666666,50953.44286333333,34578.63210333333,50831.72323333333,6624.230937666667,0.0,0.0,0.0
2060,3,5,2,90253.35375666666,47905.990086666665,32371.04768,49109.018130000004,6537.9174926666665,0.0,0.0,0.0
2060,3,5,3,92819.28819333333,49636.02559666667,34267.56760333334,49576.54204666667,7463.635708000001,0.0,0.0,0.0
2060,3,5,4,107544.17643333333,53171.16817333334,36502.79318666667,54031.955729999994,8182.103144666667,0.0,0.0,0.0
2060,3,5,5,109124.24273333333,52223.57461,36894.14455,53923.187459999994,8251.466819,0.0,0.0,0.0
2060,3,5,6,109221.53730000001,52613.274456666666,36570.18663333333,53613.97729666667,8088.111598666666,0.0,0.0,0.0
2060,3,5,7,101993.66276666668,55067.659120000004,41403.71057333334,56725.578429999994,8616.162129999999,0.0,0.0,0.0
2060,3,5,8,102349.89763333334,54479.89324333333,39747.70354333333,55012.37679333333,7434.690716,0.0,0.0,0.0
2060,3,6,1,96832.55915666667,51133.747853333334,34702.81452000001,51014.43306,6662.128885000001,0.0,0.0,0.0
2060,3,6,2,90761.29636,48177.38922333333,32556.770803333333,49385.60361,6575.583648666667,0.0,0.0,0.0
2060,3,6,3,93341.39906000001,49915.21873666666,34459.43320666667,49853.591113333336,7505.416167333333,0.0,0.0,0.0
2060,3,6,4,108130.11696666665,53452.99794,36701.29383,54321.78231333334,8226.201521,0.0,0.0,0.0
2060,3,6,5,109719.86053333334,52504.99874333333,37093.39851333333,54213.361730000004,8295.507247666666,0.0,0.0,0.0
2060,3,6,6,109814.3736,52896.26318,36768.51343333333,53903.39824,8131.891261333333,0.0,0.0,0.0
2060,3,6,7,102553.3239,55359.74567333333,41633.41617333333,57037.07754,8661.912022666666,0.0,0.0,0.0
2060,3,6,8,102907.84933333333,54769.54598333334,39965.500843333335,55311.27223,7476.355279,0.0,0.0,0.0
2060,3,7,1,96853.44938666666,51144.67103666667,34711.014156666664,51024.052416666666,6644.889375333333,0.0,0.0,0.0
2060,3,7,2,90529.70745,48053.67039000001,32472.108873333334,49259.537886666665,6558.402086333333,0.0,0.0,0.0
2060,3,7,3,93103.31998333333,49787.96507666667,34371.93182666667,49727.32256666667,7486.29335,0.0,0.0,0.0
2060,3,7,4,107862.1368,53324.75916666666,36610.46044666667,54189.487186666665,8205.948718333333,0.0,0.0,0.0
2060,3,7,5,109448.37449999999,52376.383310000005,37002.681026666665,54081.00865333333,8275.631106666666,0.0,0.0,0.0
2060,3,7,6,109543.3801,52767.502876666666,36677.85389,53771.07414333333,8111.754355,0.0,0.0,0.0
2060,3,7,7,102297.80246666668,55226.61029666666,41527.95094,56894.6705,8640.790001,0.0,0.0,0.0
2060,3,7,8,102652.58866666666,54636.93214333333,39865.54066,55174.775876666674,7457.377331666667,0.0,0.0,0.0
2060,3,8,1,94049.40689666667,49831.04936333333,34226.01893333333,50703.948039999996,6652.596450666667,0.0,0.0,0.0
2060,3,8,2,85397.51986666665,46941.30189,31741.878006666666,48214.53385333333,6533.919085,0.0,0.0,0.0
2060,3,8,3,86614.02080333333,47902.02065,33126.022313333335,48030.25943,7329.718037,0.0,0.0,0.0
2060,3,8,4,96100.27113666666,50218.46026666666,34947.123,51660.233793333326,8165.443113999999,0.0,0.0,0.0
2060,3,8,5,96757.42966000001,48951.110016666666,34975.51748666667,51310.48904666666,8134.556866,0.0,0.0,0.0
2060,3,8,6,94367.33822666667,48275.00251666667,33762.75419,49281.500153333334,8033.119011,0.0,0.0,0.0
2060,3,8,7,93842.35893666667,51370.11747,38785.97068666667,53872.772763333334,8447.823387,0.0,0.0,0.0
2060,3,8,8,93127.68709,50524.16458333333,37249.162553333335,51825.47232,7508.400485666666,0.0,0.0,0.0
2060,3,9,1,90148.52595333332,47474.42286333333,33415.29838666667,48962.84447333333,6749.369496666666,0.0,0.0,0.0
2060,3,9,2,84193.36183666666,44493.23354666666,31395.9868,46643.043880000005,6468.640739666666,0.0,0.0,0.0
2060,3,9,3,81861.88473666667,44422.04451666667,31669.2113,45040.92842666667,7276.116199666667,0.0,0.0,0.0
2060,3,9,4,85669.75925,43553.723723333336,31439.418773333335,44552.02172333334,7965.464800000001,0.0,0.0,0.0
2060,3,9,5,87408.42900666666,43188.680726666666,31618.709676666665,45208.71666666667,8024.310925333334,0.0,0.0,0.0
2060,3,9,6,87279.06025,42804.19619333333,31398.04395333333,44632.859090000005,8048.822900666667,0.0,0.0,0.0
2060,3,9,7,90558.88423333333,48013.019916666664,38051.65448999999,51973.210569999996,8618.943630666667,0.0,0.0,0.0
2060,3,9,8,91490.13647333335,47717.07983,36603.62259,50501.88360333334,7450.713319666666,0.0,0.0,0.0
2060,3,10,1,93432.63808,48786.76968,33686.29189666667,49696.55221666666,6792.685576,0.0,0.0,0.0
2060,3,10,2,92503.00838000001,49107.74327666667,33194.429846666666,50332.61769333333,6704.8944593333335,0.0,0.0,0.0
2060,3,10,3,95131.03402333334,50871.0409,35118.21427333334,50804.89334,7648.721403333333,0.0,0.0,0.0
2060,3,10,4,110149.80523333333,54428.203689999995,37382.44279666666,55318.023160000004,8376.460508666665,0.0,0.0,0.0
2060,3,10,5,111774.75213333334,53471.77307,37778.80665333333,55209.51566,8446.432636666666,0.0,0.0,0.0
2060,3,10,6,111862.16663333333,53865.29747666667,37450.50264333333,54895.959396666665,8283.309208,0.0,0.0,0.0
2060,3,10,7,104485.36589999999,56363.08514333333,42434.024803333334,58114.44549333333,8822.485742333332,0.0,0.0,0.0
2060,3,10,8,104830.5907,55773.40698666667,40717.86782,56344.74462333333,7619.399749333334,0.0,0.0,0.0
2060,3,11,1,98776.01689666667,52152.965059999995,35410.64851333333,52043.09577666666,6786.774887,0.0,0.0,0.0
2060,3,11,2,92424.48892999999,49066.07871333333,33165.62972333333,50290.17083333334,6699.070691666667,0.0,0.0,0.0
2060,3,11,3,95050.42845333333,50827.92764333333,35088.6898,50761.924946666666,7642.289182666667,0.0,0.0,0.0
2060,3,11,4,110058.30543333334,54383.93146666667,37351.87526333333,55272.93967,8369.535731000002,0.0,0.0,0.0
2060,3,11,5,111681.89056666667,53428.31212333334,37748.09425,55164.37422,8439.565806666666,0.0,0.0,0.0
2060,3,11,6,111769.39196666666,53821.48884333333,37419.819213333336,54851.71615,8276.558274,0.0,0.0,0.0
2060,3,11,7,104397.83553333335,56317.509093333334,42397.69145,58065.36359666666,8815.126355,0.0,0.0,0.0
2060,3,11,8,104743.84263333333,55727.94683333333,40683.76546333334,56298.18345666667,7612.996503333333,0.0,0.0,0.0
2060,3,12,1,98733.74389,52130.944840000004,35395.20538666667,52020.93069333333,6785.210293,0.0,0.0,0.0
2060,3,12,2,92403.56972666667,49054.952710000005,33158.03854666667,50278.870983333334,6697.506097666667,0.0,0.0,0.0
2060,3,12,3,95029.04566333332,50816.56985,35080.72196,50750.71202333333,7640.579718666667,0.0,0.0,0.0
2060,3,12,4,110034.25703333334,54372.11009,37343.58871,55260.915473333334,8367.710371,0.0,0.0,0.0
2060,3,12,5,111657.6394,53416.83843333333,37739.89461333333,55152.58181333333,8437.798394666666,0.0,0.0,0.0
2060,3,12,6,111744.9959,53809.986176666665,37411.706503333335,54839.89477333333,8274.703940000001,0.0,0.0,0.0
2060,3,12,7,104374.83020000001,56305.54284666667,42388.13004333333,58052.499156666665,8813.127151333334,0.0,0.0,0.0
2060,3,12,8,104721.04013333334,55716.067506666666,40674.754563333336,56285.985420000005,7611.2580653333325,0.0,0.0,0.0
2060,3,13,1,99081.51838666666,52314.06031,35521.27111333333,52206.016390000004,6824.064381333334,0.0,0.0,0.0
2060,3,13,2,92920.26246666668,49329.567963333335,33347.20957,50558.585653333335,6735.809680666666,0.0,0.0,0.0
2060,3,13,3,95560.08051333333,51099.81933666667,35275.369066666666,51032.62871333334,7682.8237616666665,0.0,0.0,0.0
2060,3,13,4,110635.87246666667,54662.776920000004,37545.36341,55556.015320000006,8412.648992333334,0.0,0.0,0.0
2060,3,13,5,112269.077,53705.53503,37943.08904,55448.29011333333,8482.76599,0.0,0.0,0.0
2060,3,13,6,112357.12886666668,54096.77049333334,37613.24941333333,55134.183346666665,8319.671535333333,0.0,0.0,0.0
2060,3,13,7,104949.52883333333,56605.71313333333,42628.121406666665,58374.60273666666,8861.455726333334,0.0,0.0,0.0
2060,3,13,8,105291.91416666667,56014.47038333333,40900.14304333334,56593.920730000005,7653.936717333333,0.0,0.0,0.0
2060,3,14,1,99103.24885666667,52324.11427333333,35529.818433333334,52216.50496666667,6806.332314333333,0.0,0.0,0.0
2060,3,14,2,92684.87796666667,49204.574270000005,33261.09894333334,50431.10020000001,6718.338379333333,0.0,0.0,0.0
2060,3,14,3,95318.35070999998,50970.97211,35186.79564999999,50904.303016666665,7663.556074,0.0,0.0,0.0
2060,3,14,4,110361.95263333333,54530.56871,37453.34209333333,55421.43124666667,8392.193372333333,0.0,0.0,0.0
2060,3,14,5,111990.34746666667,53573.761430000006,37850.40132333333,55313.73501333333,8462.281396333334,0.0,0.0,0.0
2060,3,14,6,112077.50113333332,53966.03995666667,37521.43091333334,55000.00491333334,8299.157967333333,0.0,0.0,0.0
2060,3,14,7,104687.83596666665,56468.81114666667,42518.45494333334,58227.87857333334,8839.522434666667,0.0,0.0,0.0
2060,3,14,8,105031.29333333333,55878.87222333333,40797.22751333333,56453.02033333333,7634.466211999999,0.0,0.0,0.0
2060,3,15,1,96269.73987,50999.25070333333,35038.41997,51892.228336666674,6814.271181,0.0,0.0,0.0
2060,3,15,2,87476.80756666667,48075.806500000006,32516.84467666667,49372.24661333333,6693.391794666667,0.0,0.0,0.0
2060,3,15,3,88718.28406333334,49056.72012333333,33921.29973666667,49182.84379666666,7504.141312666667,0.0,0.0,0.0
2060,3,15,4,98378.08846666668,51398.01939666667,35767.75264333333,52860.19059333333,8350.992392666667,0.0,0.0,0.0
2060,3,15,5,99053.99311666668,50116.90651333333,35797.04532,52508.76536,8319.990249,0.0,0.0,0.0
2060,3,15,6,96623.28019666666,49428.77482,34570.72221,50458.50957333334,8218.813159666666,0.0,0.0,0.0
2060,3,15,7,96078.33784666668,52572.94269333334,39686.85821333333,55135.83486333333,8637.892604666666,0.0,0.0,0.0
2060,3,15,8,95349.99028666667,51719.19581333333,38108.70423,53032.75953666666,7686.793194666668,0.0,0.0,0.0
2060,3,16,1,90298.35032666667,47555.14433,33473.39119,49039.33574,6682.7873230000005,0.0,0.0,0.0
2060,3,16,2,83358.70880000001,44051.206719999995,31085.06717,46182.56063666666,6404.318534999999,0.0,0.0,0.0
2060,3,16,3,81048.46961666667,43981.32151666667,31355.626066666664,44596.29394333333,7205.216904666667,0.0,0.0,0.0
2060,3,16,4,84824.00918333333,43120.649853333336,31127.687876666663,44108.37235666667,7890.277358333333,0.0,0.0,0.0
2060,3,16,5,86548.07605999999,42758.765016666664,31306.138533333335,44758.80892,7948.746822,0.0,0.0,0.0
2060,3,16,6,86420.38779333333,42378.191973333334,31087.26919333333,44188.22460666666,7972.621369666666,0.0,0.0,0.0
2060,3,16,7,89675.32313666667,47541.35272333334,37692.927820000004,51480.21854333333,8540.366234666666,0.0,0.0,0.0
2060,3,16,8,90598.81035666667,47247.1221,36258.368813333334,50018.250159999996,7379.031727333334,0.0,0.0,0.0
2060,3,17,1,92537.54534999999,48320.057036666665,33358.16173,49216.80128666666,6725.784688666667,0.0,0.0,0.0
2060,3,17,2,91611.42149666666,48631.84588666667,32867.86427333333,49848.31785,6638.602024666667,0.0,0.0,0.0
2060,3,17,3,94214.93516333333,50381.49677333334,34781.33397,50317.95686666667,7575.214451333333,0.0,0.0,0.0
2060,3,17,4,109113.6962,53926.345623333335,37033.77009,54808.081360000004,8299.563603,0.0,0.0,0.0
2060,3,17,5,110719.92596666666,52976.173383333335,37428.07679333333,54699.08129666667,8368.898303333333,0.0,0.0,0.0
2060,3,17,6,110808.44140000001,53368.220116666664,37102.03275333333,54388.16167,8205.803848666666,0.0,0.0,0.0
2060,3,17,7,103495.1516,55847.26162666667,42021.31963333333,57560.23147,8739.504303333333,0.0,0.0,0.0
2060,3,17,8,103844.83840000001,55257.98910333333,40330.48589333333,55814.28925333333,7545.979719666667,0.0,0.0,0.0
2060,3,18,1,97845.08335666666,51665.53602666667,35072.34848666666,51550.85707,6719.902973333334,0.0,0.0,0.0
2060,3,18,2,91533.65537333333,48590.326193333334,32839.41184333333,49806.044833333326,6632.8362056666665,0.0,0.0,0.0
2060,3,18,3,94135.16983666667,50338.81812,34752.070263333335,50275.307186666665,7568.840179,0.0,0.0,0.0
2060,3,18,4,109023.96383333334,53883.058516666664,37003.46332,54764.011959999996,8292.841642666666,0.0,0.0,0.0
2060,3,18,5,110628.88973333333,52933.14704333333,37397.53823333333,54655.27266333334,8362.089421333332,0.0,0.0,0.0
2060,3,18,6,110717.49213333333,53325.36762,37071.72598333333,54344.06329333333,8198.994967,0.0,0.0,0.0
2060,3,18,7,103408.80923333333,55802.98940666666,41986.02934,57512.22161333333,8732.405681666667,0.0,0.0,0.0
2060,3,18,8,103759.33623333334,55213.68791,40297.107886666665,55768.27859666667,7539.605447000001,0.0,0.0,0.0
2060,3,19,1,97803.27395,51643.48683666667,35057.13715,51528.836853333334,6718.367353333334,0.0,0.0,0.0
2060,3,19,2,91512.93898666666,48579.20018666666,32831.82066333333,49794.80293333333,6631.300585,0.0,0.0,0.0
2060,3,19,3,94113.96089333335,50327.57622333334,34744.24729,50264.123236666666,7567.1017409999995,0.0,0.0,0.0
2060,3,19,4,109000.03129999999,53871.497906666664,36995.29266333333,54752.2775,8291.132178666667,0.0,0.0,0.0
2060,3,19,5,110604.3778,52921.70232333334,37389.367576666664,54643.39333666667,8360.322009666668,0.0,0.0,0.0
2060,3,19,6,110693.53066666667,53313.92290333333,37063.55532666666,54332.21294,8197.227554666666,0.0,0.0,0.0
2060,3,19,7,103385.89080000001,55791.39982,41976.64177333334,57499.47306333333,8730.4934,0.0,0.0,0.0
2060,3,19,8,103736.59166666667,55201.63474,40288.15493,55755.96466,7537.924957,0.0,0.0,0.0
2060,3,20,1,98147.83234333333,51825.82000666667,35182.36263333333,51713.34307,6756.873754,0.0,0.0,0.0
2060,3,20,2,92025.43049666665,48853.29391,33019.39811666667,50073.67735333333,6669.343402666666,0.0,0.0,0.0
2060,3,20,3,94640.44682999999,50608.68164,34937.764409999996,50543.89585333333,7609.461679,0.0,0.0,0.0
2060,3,20,4,109595.2435,54158.890673333335,37196.11122,55044.59584,8334.911841333333,0.0,0.0,0.0
2060,3,20,5,111209.47009999999,53206.371543333335,37591.460986666665,54935.016306666665,8404.883969333334,0.0,0.0,0.0
2060,3,20,6,111297.11633333332,53598.18648333333,37263.91030333333,54624.618206666666,8241.673618666666,0.0,0.0,0.0
2060,3,20,7,103955.0554,56085.89121,42213.15626333333,57817.69413333334,8777.663016666667,0.0,0.0,0.0
2060,3,20,8,104303.32246666668,55496.38689666666,40510.472173333335,56060.68386,7580.082077666666,0.0,0.0,0.0
2060,3,21,1,98170.75075333333,51835.98986666667,35190.64918666667,51722.26705333334,6739.315530666667,0.0,0.0,0.0
2060,3,21,2,91791.90033000002,48728.56098333333,32933.92492,49946.65549,6651.987997333334,0.0,0.0,0.0
2060,3,21,3,94400.33957,50480.471840000006,34849.82842333333,50416.58424333334,7590.165018333333,0.0,0.0,0.0
2060,3,21,4,109323.2649,54027.261946666666,37104.29272333334,54910.85202,8315.064674666666,0.0,0.0,0.0
2060,3,21,5,110933.31923333334,53076.53919666667,37499.17890666667,54802.286563333335,8384.515271333334,0.0,0.0,0.0
2060,3,21,6,111021.05236666667,53468.672856666664,37172.52641333333,54491.482833333335,8221.478764333333,0.0,0.0,0.0
2060,3,21,7,103695.44866666668,55951.133293333325,42104.88055,57672.38969666666,8756.193308,0.0,0.0,0.0
2060,3,21,8,104044.1503,55361.13642333334,40409.06329,55921.840616666675,7560.843364,0.0,0.0,0.0
2060,3,22,1,95350.19309333334,50515.50136333334,34701.88735333333,51399.81578333333,6747.080553666667,0.0,0.0,0.0
2060,3,22,2,86615.17976333333,47605.8198,32195.494423333334,48893.22003,6627.24423,0.0,0.0,0.0
2060,3,22,3,87845.90691666666,48578.620709999996,33591.89471666667,48705.178993333335,7431.648449666667,0.0,0.0,0.0
2060,3,22,4,97435.56534333334,50908.82295333333,35428.11981333333,52364.12732333333,8274.645992,0.0,0.0,0.0
2060,3,22,5,98101.67679666665,49634.055369999995,35457.52839,52013.600280000006,8243.614874333334,0.0,0.0,0.0
2060,3,22,6,95688.34826,48950.2408,34236.27572,49971.63105,8141.8872796666665,0.0,0.0,0.0
2060,3,22,7,95151.28682666668,52072.823066666664,39310.89203,54609.92840333333,8558.880599,0.0,0.0,0.0
2060,3,22,8,94430.90710999999,51225.27661,37752.29547666667,52531.77068666666,7612.793685333333,0.0,0.0,0.0
2060,3,23,1,88489.65049666667,46599.20627,32806.1787,48060.508246666664,6511.203495999999,0.0,0.0,0.0
2060,3,23,2,81207.65258333333,42912.964466666665,30283.676243333335,44993.84573,6238.6743713333335,0.0,0.0,0.0
2060,3,23,3,78953.30417999999,42846.787926666664,30547.687023333332,43449.475393333334,7022.449127,0.0,0.0,0.0
2060,3,23,4,82641.97979666667,42005.44189666666,30324.41364,42966.50835333333,7693.573102666666,0.0,0.0,0.0
2060,3,23,5,84330.49562,41651.93054,30499.937923333335,43600.51668,7752.013592,0.0,0.0,0.0
2060,3,23,6,84205.99448666668,41281.961970000004,30285.994160000002,43044.158579999996,7775.627374666667,0.0,0.0,0.0
2060,3,23,7,87393.13075000001,46325.11255333333,36769.84623,50211.15882666667,8336.708227333334,0.0,0.0,0.0
2060,3,23,8,88298.24847666667,46035.66263,35366.31834333334,48764.95228666667,7192.729125333334,0.0,0.0,0.0
2060,3,24,1,90223.30775666668,47114.131596666666,32508.52915,47975.35376,6553.273694666666,0.0,0.0,0.0
2060,3,24,2,89302.45716666667,47398.85875666666,32024.084436666668,48591.74591666667,6467.771520666666,0.0,0.0,0.0
2060,3,24,3,91840.37377666666,49112.871666666666,33908.02966,49056.575253333336,7385.782661666667,0.0,0.0,0.0
2060,3,24,4,106442.84703333334,52637.12003,36131.34694333333,53486.23108,8099.382471333333,0.0,0.0,0.0
2060,3,24,5,108003.4138,51692.19207333333,36519.01861,53377.46280666667,8168.659224333333,0.0,0.0,0.0
2060,3,24,6,108104.12733333332,52079.40015666666,36197.66835,53070.25185,8005.506821333333,0.0,0.0,0.0
2060,3,24,7,100945.18183333334,54517.73324333333,40973.50512333333,56142.79607666667,8530.949695666666,0.0,0.0,0.0
2060,3,24,8,101302.60466666667,53937.67444333333,39341.80725333333,54453.03438,7356.547929666667,0.0,0.0,0.0
2060,3,25,1,95438.04216666667,50399.92421333334,34195.59627,50273.22106333333,6547.565823333333,0.0,0.0,0.0
2060,3,25,2,89225.70513,47357.80265,31996.15353333333,48550.081353333335,6462.092623666666,0.0,0.0,0.0
2060,3,25,3,91761.12998000001,49070.68557333333,33878.99774333333,49014.6789,7379.495310666666,0.0,0.0,0.0
2060,3,25,4,106354.36053333334,52594.006766666665,36101.358889999996,53442.16168,8092.718459333333,0.0,0.0,0.0
2060,3,25,5,107913.24683333334,51649.4265,36488.91465666667,53333.19059333333,8161.937264,0.0,0.0,0.0
2060,3,25,6,108013.58366666666,52036.286896666665,36167.53542666667,53026.269366666675,7998.871783333333,0.0,0.0,0.0
2060,3,25,7,100860.51994333333,54473.34513,40938.91021,56096.379786666665,8523.96697,0.0,0.0,0.0
2060,3,25,8,101218.2325,53894.24247,39309.18256666666,54407.863966666664,7350.289553333333,0.0,0.0,0.0
2060,3,26,1,95396.89913666667,50378.45450666667,34180.41391333333,50251.28777,6546.030203333333,0.0,0.0,0.0
2060,3,26,2,89205.42335666665,47346.937410000006,31988.7362,48538.92637666667,6460.585977333333,0.0,0.0,0.0
2060,3,26,3,91740.06591,49059.44367666667,33871.203746666666,49003.52392,7377.843794333334,0.0,0.0,0.0
2060,3,26,4,106330.77573333333,52582.38820666666,36093.333099999996,53430.63003666667,8090.922073333332,0.0,0.0,0.0
2060,3,26,5,107889.22739999999,51638.068706666665,36480.88887,53321.65895333333,8160.169852,0.0,0.0,0.0
2060,3,26,6,107989.56426666667,52024.90013,36159.53861333333,53014.56388333333,7997.133345333333,0.0,0.0,0.0
2060,3,26,7,100838.03612666666,54461.63964333333,40929.87033,56083.80508666667,8522.170584,0.0,0.0,0.0
2060,3,26,8,101195.69076666667,53882.82672666667,39300.37448,54395.83977,7348.638037,0.0,0.0,0.0
2060,3,27,1,95738.56014333334,50558.6436,34304.24864666667,50433.070433333334,6583.725332999999,0.0,0.0,0.0
2060,3,27,2,89710.84522,47616.800933333325,32172.98165,48813.5706,6497.875471666666,0.0,0.0,0.0
2060,3,27,3,92260.38038666667,49337.68067,34062.37397666666,49279.790686666674,7419.131696333333,0.0,0.0,0.0
2060,3,27,4,106916.71623333334,52866.53589,36290.182226666664,53720.74636333333,8135.107371666666,0.0,0.0,0.0
2060,3,27,5,108484.61343333333,51921.26025,36679.85309333333,53612.81833666667,8204.239254666667,0.0,0.0,0.0
2060,3,27,6,108584.16799999999,52308.52628333333,36357.69156666667,53303.37638,8040.941982,0.0,0.0,0.0
2060,3,27,7,101394.56803333333,54754.01593666666,41157.46083333334,56392.95730333333,8567.514840666667,0.0,0.0,0.0
2060,3,27,8,101753.29476666667,54171.00179,39516.02771,54692.591133333335,7390.128756333333,0.0,0.0,0.0
2060,3,28,1,95758.23346333334,50568.46577666667,34312.36135666667,50443.18234666667,6566.572745,0.0,0.0,0.0
2060,3,28,2,89480.76295666666,47493.92234333334,32089.13099,48688.54793666667,6480.925701,0.0,0.0,0.0
2060,3,28,3,92023.77898,49211.180336666665,33975.39413,49154.01470333334,7400.240670666666,0.0,0.0,0.0
2060,3,28,4,106649.5763,52737.05124,36200.33395666667,53588.422256666665,8114.912517333333,0.0,0.0,0.0
2060,3,28,5,108212.89556666667,51791.717646666664,36589.30945,53480.20449333333,8184.218244,0.0,0.0,0.0
2060,3,28,6,108313.31936666666,52179.76597333333,36267.408690000004,53171.63175666666,8021.007892999999,0.0,0.0,0.0
2060,3,28,7,101141.30663333333,54620.79364333334,41053.53121666666,56251.47742666667,8546.972299333333,0.0,0.0,0.0
2060,3,28,8,101498.84533333335,54039.344093333326,39417.80596333334,54557.398603333335,7371.208756333333,0.0,0.0,0.0
2060,3,29,1,92969.48923333333,49259.16122333333,33830.843016666666,50124.78743333334,6574.163924333334,0.0,0.0,0.0
2060,3,29,2,84388.82021333334,46389.55065333333,31366.346436666663,47650.584579999995,6456.616543666667,0.0,0.0,0.0
2060,3,29,3,85593.32592666666,47340.736983333336,32739.335763333333,47469.98984666667,7244.882264,0.0,0.0,0.0
2060,3,29,4,94993.00205000001,49644.22523333334,34546.00741666667,51073.62687666667,8074.319990666667,0.0,0.0,0.0
2060,3,29,5,95639.38226,48386.14665333333,34574.08319,50724.54852666667,8043.230925333333,0.0,0.0,0.0
2060,3,29,6,93271.10822000001,47712.386046666674,33369.867210000004,48708.04741666667,7942.285627333334,0.0,0.0,0.0
2060,3,29,7,92754.76317333333,50781.30853,38352.31733666667,53263.56615,8354.9908,0.0,0.0,0.0
2060,3,29,8,92047.01610333333,49940.45506333333,36831.56078,51239.58975000001,7422.000119,0.0,0.0,0.0
2060,3,30,1,90303.76845999999,47555.75278666667,33471.10224666667,49047.68024666666,6807.867934666666,0.0,0.0,0.0
2060,3,30,2,84926.77983999999,44882.324936666664,31669.182326666665,47047.89711,6525.284843666667,0.0,0.0,0.0
2060,3,30,3,82577.30990666668,44809.62925666667,31944.435006666667,45431.700306666666,7338.2363829999995,0.0,0.0,0.0
2060,3,30,4,86413.34711666667,43934.64445666666,31713.396599999996,44942.30105,8031.467495,0.0,0.0,0.0
2060,3,30,5,88164.50465,43567.05175,31893.411846666666,45604.38514666667,8090.951047,0.0,0.0,0.0
2060,3,30,6,88033.48437666667,43178.82957666666,31671.355373333336,45024.23942333334,8115.520970333334,0.0,0.0,0.0
2060,3,30,7,91334.80704333335,48427.78224333333,38366.42765666667,52407.21161,8688.857810666666,0.0,0.0,0.0
2060,3,30,8,92273.27380666666,48129.553210000005,36906.89309,50927.19245,7514.050409333333,0.0,0.0,0.0
2060,3,31,1,94218.87562333333,49197.041040000004,33974.23517333333,50117.051386666666,6851.531701333333,0.0,0.0,0.0
2060,3,31,2,93286.17468333333,49524.24404,33481.156213333335,50756.99937666667,6762.958287,0.0,0.0,0.0
2060,3,31,3,95936.88694,51299.8556,35413.08232666666,51231.737806666664,7712.898738333333,0.0,0.0,0.0
2060,3,31,4,111061.6739,54869.27437333334,37688.32095666666,55765.46811666666,8444.172667333332,0.0,0.0,0.0
2060,3,31,5,112702.61446666667,53909.42483,38086.16248666667,55657.453173333335,8514.956066666668,0.0,0.0,0.0
2060,3,31,6,112791.76736666665,54302.08001666667,37756.12004,55342.27437333334,8351.166236666666,0.0,0.0,0.0
2060,3,31,7,105355.48306666668,56819.01947333334,42798.343453333335,58602.28016333334,8895.384241,0.0,0.0,0.0
2060,3,31,8,105697.63663333333,56225.169063333335,41060.28215333333,56813.07981,7684.098615666667,0.0,0.0,0.0
2060,4,1,1,99593.28557333333,52580.96848333333,35707.399873333336,52475.38735333333,6845.649986333333,0.0,0.0,0.0
2060,4,1,2,93207.48139333334,49482.37666,33452.269173333334,50714.146876666666,6757.105545666666,0.0,0.0,0.0
2060,4,1,3,95855.75983666668,51256.800286666665,35383.47093333333,51189.146076666664,7706.408569666666,0.0,0.0,0.0
2060,4,1,4,110970.261,54825.03112666667,37657.463683333335,55720.61642,8437.450707666667,0.0,0.0,0.0
2060,4,1,5,112609.46313333332,53866.10875000001,38055.59495,55612.34071,8508.031288666667,0.0,0.0,0.0
2060,4,1,6,112698.78986666666,54258.09753666667,37725.32071,55297.45164666666,8344.386328333332,0.0,0.0,0.0
2060,4,1,7,105268.4163,56773.29855666667,42762.010103333334,58553.430056666664,8888.082801333332,0.0,0.0,0.0
2060,4,1,8,105610.80166666668,56180.05659666667,41026.17979666666,56766.084039999994,7677.608447333333,0.0,0.0,0.0
2060,4,2,1,99550.89666000001,52558.94826666667,35692.043666666665,52453.135343333335,6844.085392,0.0,0.0,0.0
2060,4,2,2,93186.59116,49471.16373333333,33444.59107333334,50702.78908333334,6755.540951666667,0.0,0.0,0.0
2060,4,2,3,95834.29012666666,51245.23967333334,35375.59001,51177.84623333334,7704.641157666666,0.0,0.0,0.0
2060,4,2,4,110946.2706,54813.2677,37649.43789666666,55708.766070000005,8435.625347666666,0.0,0.0,0.0
2060,4,2,5,112585.00910000001,53854.40326666667,38047.366343333335,55600.40343666667,8506.176955,0.0,0.0,0.0
2060,4,2,6,112673.84333333334,54246.334103333334,37717.121080000004,55285.65924333333,8342.531994666666,0.0,0.0,0.0
2060,4,2,7,105245.29506666667,56761.15846333333,42752.361769999996,58540.65253666667,8886.141545333334,0.0,0.0,0.0
2060,4,2,8,105587.7094,56168.003430000004,41017.024020000004,56753.712153333334,7675.870009333333,0.0,0.0,0.0
2060,4,3,1,99900.03295000001,52743.94704333334,35818.45708,52637.90232666667,6882.968454333332,0.0,0.0,0.0
2060,4,3,2,93704.73259666667,49746.879993333336,33634.66028666667,50983.604759999995,6794.076326666666,0.0,0.0,0.0
2060,4,3,3,96367.29521000001,51529.44530666666,35570.87454333333,51459.58907666666,7747.232888000001,0.0,0.0,0.0
2060,4,3,4,111551.5367,55104.514006666664,37851.03875,56006.29972666667,8480.361151,0.0,0.0,0.0
2060,4,3,5,113198.6777,54143.157810000004,38251.28512,55899.47271333333,8551.637107666667,0.0,0.0,0.0
2060,4,3,6,113287.42496666667,54537.02990666666,37919.880893333335,55580.411400000005,8387.644459666666,0.0,0.0,0.0
2060,4,3,7,105820.51520000001,57064.255123333336,42993.54106333333,58864.46558333333,8934.788834666666,0.0,0.0,0.0
2060,4,3,8,106162.32106666667,56467.76808333333,41244.20889,57062.95129333334,7718.548661666667,0.0,0.0,0.0
2060,4,4,1,99922.48776333332,52752.697179999996,35826.859533333336,52648.85448666667,6865.207413,0.0,0.0,0.0
2060,4,4,2,93469.17425333332,49621.56759,33548.11505,50855.858543333336,6776.547077,0.0,0.0,0.0
2060,4,4,3,96125.04388000001,51399.98962666667,35482.098313333336,51331.11851,7727.849304666666,0.0,0.0,0.0
2060,4,4,4,111275.32793333333,54971.98708333333,37759.53896666667,55871.13617333333,8459.934505,0.0,0.0,0.0
2060,4,4,5,112919.1369,54011.09447333333,38157.95997333334,55763.75865666667,8530.949696000001,0.0,0.0,0.0
2060,4,4,6,113008.78236666667,54404.99554333333,37827.59881,55446.03014333334,8367.246787666667,0.0,0.0,0.0
2060,4,4,7,105558.67749999999,56925.93341,42883.72973333333,58716.64040333333,8912.565802666666,0.0,0.0,0.0
2060,4,4,8,105900.77309999999,56331.70633666666,41140.424139999996,56922.079869999994,7699.107130333334,0.0,0.0,0.0
2060,4,5,1,97075.79558666667,51423.951096666664,35333.664683333336,52323.41889666667,6873.088331999999,0.0,0.0,0.0
2060,4,5,2,88233.43371666667,48487.555530000005,32799.16700333333,49792.83270666667,6751.484596333333,0.0,0.0,0.0
2060,4,5,3,89484.35572666668,49477.04544666666,34210.807603333335,49601.31478666666,7567.652246666667,0.0,0.0,0.0
2060,4,5,4,99204.16520333332,51828.68842666667,36065.69193666667,53294.887006666664,8418.704551333334,0.0,0.0,0.0
2060,4,5,5,99889.86308666668,50539.636679999996,36095.30333,52941.28872666667,8387.093954,0.0,0.0,0.0
2060,4,5,6,97444.25752666667,49848.52066666667,34863.90977,50884.83251,8286.554292,0.0,0.0,0.0
2060,4,5,7,96892.73808333334,53011.02906333333,40018.58115,55598.317310000006,8707.806784333334,0.0,0.0,0.0
2060,4,5,8,96156.82831999999,52152.704293333336,38423.187659999996,53472.61331666666,7751.723852666667,0.0,0.0,0.0
2060,4,6,1,92389.28556333332,48662.03675666667,34245.92405,50169.552209999994,6891.631670333333,0.0,0.0,0.0
2060,4,6,2,85977.92635333333,45440.33454666667,32060.765476666667,47627.49232666667,6606.411948333333,0.0,0.0,0.0
2060,4,6,3,83603.1042,45365.75556,32339.26324,45991.07169666667,7426.954667000001,0.0,0.0,0.0
2060,4,6,4,87479.12548333332,44481.093453333335,32105.96486333333,45501.99114666667,8126.241338,0.0,0.0,0.0
2060,4,6,5,89246.82715000001,44109.64721,32286.73344,46171.72437666667,8185.927708,0.0,0.0,0.0
2060,4,6,6,89112.76461333333,43716.52844,32062.44597,45585.638993333334,8210.787370666667,0.0,0.0,0.0
2060,4,6,7,92446.91478333333,49021.14009333334,38819.87022666667,53029.10881333333,8789.947978333334,0.0,0.0,0.0
2060,4,6,8,93391.61094666667,48721.085699999996,37340.923103333334,51532.80629,7604.6520009999995,0.0,0.0,0.0
2060,4,7,1,95345.18062,49784.43025666667,34385.40472,50717.10222333334,6935.5851766666665,0.0,0.0,0.0
2060,4,7,2,94404.91746000001,50118.35521333333,33890.96399333333,51362.265523333335,6846.258439666667,0.0,0.0,0.0
2060,4,7,3,97086.42905666668,51912.654983333334,35835.14608666667,51841.00236333333,7804.340574666666,0.0,0.0,0.0
2060,4,7,4,112370.77563333332,55496.386893333336,38125.04554666667,56410.892186666664,8541.438271666666,0.0,0.0,0.0
2060,4,7,5,114030.4044,54531.524853333336,38527.92854666667,56302.819293333334,8612.453462,0.0,0.0,0.0
2060,4,7,6,114119.41239999999,54929.163563333335,38194.032556666665,55980.74468333333,8449.532851,0.0,0.0,0.0
2060,4,7,7,106598.90083333333,57476.49671,43321.00483,59303.508089999996,9000.965373,0.0,0.0,0.0
2060,4,7,8,106941.80773333333,56878.01047,41554.75185666667,57482.52329666666,7776.496593666667,0.0,0.0,0.0
2060,4,8,1,100764.50016666665,53194.60811,36130.88336,53092.09822000001,6929.645513666666,0.0,0.0,0.0
2060,4,8,2,94325.32597666666,50076.08219666666,33861.90310333334,51319.268156666665,6840.347750333334,0.0,0.0,0.0
2060,4,8,3,97005.15707666667,51869.28095666666,35805.12906,51797.59936666667,7797.821432666667,0.0,0.0,0.0
2060,4,8,4,112278.14583333333,55452.20159666667,38093.98545666667,56364.99742333333,8534.455545666666,0.0,0.0,0.0
2060,4,8,5,113935.9203,54487.91903333333,38496.69461,56256.77966,8605.528683999999,0.0,0.0,0.0
2060,4,8,6,114025.68163333333,54884.77544666667,38162.76965,55936.008883333336,8442.579099333334,0.0,0.0,0.0
2060,4,8,7,106510.6751,57429.99349666666,43283.9761,59253.44107333333,8993.432141666666,0.0,0.0,0.0
2060,4,8,8,106853.4661,56831.304436666665,41519.54848666667,57435.32470333334,7769.948477333334,0.0,0.0,0.0
2060,4,9,1,100721.32899666666,53171.83457333333,36115.38228666667,53069.61442,6928.051945666666,0.0,0.0,0.0
2060,4,9,2,94304.40677333334,50064.98516666667,33854.22500333333,51307.910363333336,6838.783156,0.0,0.0,0.0
2060,4,9,3,96983.83222,51857.74931666666,35797.24814,51786.21259333333,7796.198890666667,0.0,0.0,0.0
2060,4,9,4,112253.8367,55440.69893333333,38085.87274666667,56353.06015333333,8532.659159666668,0.0,0.0,0.0
2060,4,9,5,113911.26346666667,54476.56124,38488.52395,56244.63957,8603.674350666666,0.0,0.0,0.0
2060,4,9,6,114000.99579999999,54873.185863333325,38154.65694,55924.100583333326,8440.782713333334,0.0,0.0,0.0
2060,4,9,7,106487.58283333333,57417.76648333333,43274.29879333333,59240.431763333334,8991.490886333333,0.0,0.0,0.0
2060,4,9,8,106830.25790000001,56819.07742000001,41510.33476666667,57422.69205333333,7768.239013333333,0.0,0.0,0.0
2060,4,10,1,101073.18882,53356.74642333334,36241.85365,53255.25062333333,6967.253721666667,0.0,0.0,0.0
2060,4,10,2,94824.80817666667,50341.13603666667,34045.221386666664,51589.711156666664,6877.724167,0.0,0.0,0.0
2060,4,10,3,97517.18498666666,52141.46239333333,35993.28599333333,52070.09951333333,7838.587802999999,0.0,0.0,0.0
2060,4,10,4,112863.0433,55730.26475333333,38289.21203666667,56652.21635333333,8577.771625,0.0,0.0,0.0
2060,4,10,5,114530.49506666667,54763.60632333333,38694.12321666667,56545.33139000001,8649.308347,0.0,0.0,0.0
2060,4,10,6,114616.31593333332,55161.73759,38358.604686666666,56222.24269666666,8486.532605666665,0.0,0.0,0.0
2060,4,10,7,107066.07706666666,57724.426940000005,43517.680109999994,59568.59090666667,9040.312018999999,0.0,0.0,0.0
2060,4,10,8,107409.56343333334,57123.85457,41741.170353333335,57734.5968,7811.236378666667,0.0,0.0,0.0
2060,4,11,1,101096.91848333333,53368.538830000005,36250.951473333334,53266.289703333336,6949.405758666667,0.0,0.0,0.0
2060,4,11,2,94588.40958666666,50215.79465999999,33958.29949,51461.76212666667,6860.021073333333,0.0,0.0,0.0
2060,4,11,3,97274.81775666667,52012.55721666667,35904.1331,51940.99152333333,7819.233193666667,0.0,0.0,0.0
2060,4,11,4,112585.79143333335,55599.01268666666,38196.46637666667,56516.299473333325,8557.316005,0.0,0.0,0.0
2060,4,11,5,114249.07093333332,54633.10758,38600.53730333334,56408.37145333333,8628.534013333332,0.0,0.0,0.0
2060,4,11,6,114336.36949999999,55030.83321333333,38265.80107666666,56086.26787,8465.700324333333,0.0,0.0,0.0
2060,4,11,7,106802.96446666667,57585.20703333333,43406.73879333333,59419.37498,9018.204883,0.0,0.0,0.0
2060,4,11,8,107146.21903333334,56986.08336333334,41635.965886666665,57592.53744666666,7791.736899666666,0.0,0.0,0.0
2060,4,12,1,98229.42303666666,52032.31746333333,35755.29384,52939.173623333336,6957.489495333332,0.0,0.0,0.0
2060,4,12,2,89316.13288,49077.581379999996,33203.58562,50393.086359999994,6834.639879333333,0.0,0.0,0.0
2060,4,12,3,90579.02114000001,50078.02345,34624.81660666667,50198.64207333333,7658.630499666667,0.0,0.0,0.0
2060,4,12,4,100384.04303333334,52440.126033333334,36490.68207,53914.756036666666,8515.564519666666,0.0,0.0,0.0
2060,4,12,5,101085.99530666666,51140.96237,36520.46730333333,53559.21650333333,8483.606235333333,0.0,0.0,0.0
2060,4,12,6,98616.97879333333,50449.87533,35282.43871333334,51492.85118666667,8383.993739666666,0.0,0.0,0.0
2060,4,12,7,98058.44765999999,53634.288046666676,40496.477746666664,56262.80624666667,8808.491316666667,0.0,0.0,0.0
2060,4,12,8,97309.93421666666,52771.12462333334,38875.78998,54104.36166999999,7844.817205666666,0.0,0.0,0.0
2060,4,13,1,94396.31219333333,49725.584126666676,34989.04833,51251.990606666666,7078.774517000001,0.0,0.0,0.0
2060,4,13,2,88321.83328666666,46685.403816666665,32934.475426666664,48915.21127333333,6787.238470666667,0.0,0.0,0.0
2060,4,13,3,85890.85958666667,46607.492823333334,33217.92773333334,47237.41582333334,7625.223516999999,0.0,0.0,0.0
2060,4,13,4,89854.06353333335,45700.02820666667,32980.86274333333,46751.464459999996,8334.564154,0.0,0.0,0.0
2060,4,13,5,91663.05310666666,45321.62820666667,33163.77539333334,47437.82874333334,8394.598211333332,0.0,0.0,0.0
2060,4,13,6,91520.64606,44917.18062,32933.95389333333,46839.37147333333,8425.107797666666,0.0,0.0,0.0
2060,4,13,7,94918.94459333333,50341.918333333335,39838.59487333333,54427.79805666666,9018.581544666667,0.0,0.0,0.0
2060,4,13,8,95882.47383333334,50036.53273333333,38311.985576666666,52884.67359666667,7805.0938983333335,0.0,0.0,0.0
2060,4,14,1,97861.83032666666,51087.18669,35297.91081,52050.60003333333,7123.626216333333,0.0,0.0,0.0
2060,4,14,2,96886.53765333333,51430.96279666667,34799.50064666667,52700.45712,7032.03951,0.0,0.0,0.0
2060,4,14,3,99626.77947666666,53260.03132666667,36768.19471333333,53194.955799999996,8008.4331919999995,0.0,0.0,0.0
2060,4,14,4,115296.97236666667,56888.15135333334,39097.180056666664,57852.086233333335,8757.526110333332,0.0,0.0,0.0
2060,4,14,5,116998.93206666666,55910.10616,39518.809213333334,57744.70871333333,8830.801270333335,0.0,0.0,0.0
2060,4,14,6,117087.65036666667,56307.48410333333,39168.91959666667,57406.55355666667,8668.518086666665,0.0,0.0,0.0
2060,4,14,7,109367.33429999999,58958.312256666664,44497.75348666666,60880.242346666666,9240.029567,0.0,0.0,0.0
2060,4,14,8,109728.92940000001,58352.437653333334,42665.70064,58986.73571666667,7980.821002,0.0,0.0,0.0
2060,4,15,1,103390.06303333332,54558.992170000005,37071.2624,54458.65533,7117.541683666666,0.0,0.0,0.0
2060,4,15,2,96806.19284666667,51388.57388333333,34770.09207,52657.31488333333,7026.012925,0.0,0.0,0.0
2060,4,15,3,99544.72521,53216.65730333333,36738.09076666667,53151.06024,8001.856101666667,0.0,0.0,0.0
2060,4,15,4,115201.59003333333,56842.54633333333,39065.54048333334,57805.03251333333,8750.427488666666,0.0,0.0,0.0
2060,4,15,5,116901.92726666667,55865.19651,39486.50324,57697.97371,8823.702648999999,0.0,0.0,0.0
2060,4,15,6,116990.52963333332,56262.864193333335,39137.28002666667,57360.427,8661.477413,0.0,0.0,0.0
2060,4,15,7,109277.13833333332,58909.69394,44459.27605666666,60828.842533333336,9232.032752666666,0.0,0.0,0.0
2060,4,15,8,109638.00910000001,58303.93523,42629.83086666666,58937.85663333334,7974.30186,0.0,0.0,0.0
2060,4,16,1,103345.73286666667,54536.21863333334,37055.529539999996,54435.794870000005,7115.919141333333,0.0,0.0,0.0
2060,4,16,2,96784.57826666666,51377.245063333336,34762.38499333333,52645.81222,7024.390383000001,0.0,0.0,0.0
2060,4,16,3,99522.64701999999,53205.18361,36730.09395,53139.499626666664,8000.059715666667,0.0,0.0,0.0
2060,4,16,4,115176.26683333334,56830.29034666667,39057.19598,57792.39986666667,8748.544180666666,0.0,0.0,0.0
2060,4,16,5,116876.22733333334,55853.056416666666,39477.95592,57685.42798,8821.848315000001,0.0,0.0,0.0
2060,4,16,6,116964.51103333333,56250.95589666666,39128.90655,57348.19998666667,8659.565131333335,0.0,0.0,0.0
2060,4,16,7,109253.23480000002,58896.8295,44448.9903,60815.195793333325,9229.888678666666,0.0,0.0,0.0
2060,4,16,8,109614.01863333334,58291.24463666667,42620.18253666667,58924.87630333333,7972.534447999999,0.0,0.0,0.0
2060,4,17,1,103709.6459,54725.302736666665,37184.144973333336,54625.34255333333,7156.163980333334,0.0,0.0,0.0
2060,4,17,2,97316.22157666668,51656.4382,34955.75724666667,52930.7422,7064.084716333334,0.0,0.0,0.0
2060,4,17,3,100066.11170000001,53491.04075666666,36929.463813333336,53428.659810000005,8043.694508666667,0.0,0.0,0.0
2060,4,17,4,115808.59463333333,57134.63288333333,39266.99647333333,58105.75330666666,8795.250214,0.0,0.0,0.0
2060,4,17,5,117516.84173333335,56152.76312333334,39692.39224,57996.72427333333,8869.336645333335,0.0,0.0,0.0
2060,4,17,6,117608.92096666667,56548.02596666667,39338.24345333333,57655.41095,8706.6768,0.0,0.0,0.0
2060,4,17,7,109847.83853333333,59219.59948333333,44704.395809999995,61155.23426,9282.447453333334,0.0,0.0,0.0
2060,4,17,8,110214.24333333333,58612.07336333334,42859.59441666667,59249.587536666666,8015.908475,0.0,0.0,0.0
2060,4,18,1,103734.7953,54736.74745333334,37193.822276666666,54636.67137333334,7137.910381999999,0.0,0.0,0.0
2060,4,18,2,97074.52074666666,51529.82197,34867.87920333334,52801.37344333334,7046.0918833333335,0.0,0.0,0.0
2060,4,18,3,99819.60122,53361.26636666667,36838.63042666667,53297.29184666667,8023.905289666666,0.0,0.0,0.0
2060,4,18,4,115521.98416666668,56996.45604,39171.44033333333,57963.05652333333,8774.012297,0.0,0.0,0.0
2060,4,18,5,117226.40669999999,56016.353689999996,39595.30048,57855.012603333336,8847.693093,0.0,0.0,0.0
2060,4,18,6,117315.8783,56412.45678,39243.063976666665,57515.72746,8685.207090999998,0.0,0.0,0.0
2060,4,18,7,109577.94603333333,59072.67250000001,44588.470976666664,61001.353526666666,9258.659827333335,0.0,0.0,0.0
2060,4,18,8,109942.1778,58466.710973333335,42751.115889999994,59101.32775333334,7996.148230333333,0.0,0.0,0.0
2060,4,19,1,100805.17965,53383.08376,36691.67447333333,54305.81765666666,7145.907196333334,0.0,0.0,0.0
2060,4,19,2,91721.11693,50384.91570333333,34102.444970000004,51721.77449666667,7020.218131666667,0.0,0.0,0.0
2060,4,19,3,93009.7051,51411.115633333335,35543.552096666666,51526.026379999996,7859.564954333334,0.0,0.0,0.0
2060,4,19,4,103007.80952000001,53799.17888666666,37436.21847666667,55290.150206666665,8730.956983333333,0.0,0.0,0.0
2060,4,19,5,103741.51726666668,52483.03647666667,37466.72806666667,54929.59817333333,8698.535115333334,0.0,0.0,0.0
2060,4,19,6,101222.92628999999,51780.504726666666,36210.50382,52838.170379999996,8601.791042666666,0.0,0.0,0.0
2060,4,19,7,100648.22765999999,55013.883440000005,41572.45494999999,57756.35624666666,9038.225893333334,0.0,0.0,0.0
2060,4,19,8,99872.56562333333,54136.75456666667,39893.96412333333,55519.97170666666,8050.184677,0.0,0.0,0.0
2060,4,20,1,93626.58980999999,49315.22584666667,34703.16221,50829.98479333334,6892.877550666667,0.0,0.0,0.0
2060,4,20,2,85993.45640000001,45448.67905,32066.531296666668,47636.09759333334,6607.628855,0.0,0.0,0.0
2060,4,20,3,83618.34450666666,45373.95519333333,32345.173926666666,45999.4162,7428.258495666666,0.0,0.0,0.0
2060,4,20,4,87494.82937333333,44489.20616666667,32111.730686666666,45510.3936,8127.690036,0.0,0.0,0.0
2060,4,20,5,89262.76283333334,44117.759920000004,32292.586180000002,46180.24272,8187.318458333332,0.0,0.0,0.0
2060,4,20,6,89128.87413666667,43724.467306666666,32068.327683333333,45594.070413333335,8212.236069,0.0,0.0,0.0
2060,4,20,7,92463.34302333333,49029.948176666665,38826.76603,53038.38048666667,8791.396676666665,0.0,0.0,0.0
2060,4,20,8,93408.12610666668,48729.80686333333,37347.29737666666,51541.701296666666,7605.984803666666,0.0,0.0,0.0
2060,4,21,1,95361.86962333333,49793.03552333333,34391.57617666666,50725.968256666674,6936.860031333334,0.0,0.0,0.0
2060,4,21,2,94421.51954333333,50127.25022000001,33897.10647333333,51371.160533333335,6847.504319666667,0.0,0.0,0.0
2060,4,21,3,97103.23393666667,51921.607939999994,35841.40446666667,51850.01326666667,7805.702351666667,0.0,0.0,0.0
2060,4,21,4,112389.9274,55505.600620000005,38131.506740000004,56420.48256999999,8542.857996,0.0,0.0,0.0
2060,4,21,5,114049.759,54540.593703333325,38534.389740000006,56312.11993666666,8613.873187,0.0,0.0,0.0
2060,4,21,6,114138.96986666667,54938.290360000006,38200.43580666667,55989.98738333333,8450.981549333334,0.0,0.0,0.0
2060,4,21,7,106617.18336666666,57486.34786,43328.624983333335,59313.96769333334,9002.443045,0.0,0.0,0.0
2060,4,21,8,106960.32206666667,56887.80366666667,41562.053296666665,57492.374443333334,7777.887343666666,0.0,0.0,0.0
2060,4,22,1,100781.47892666666,53203.73491,36137.19968666667,53101.13809666666,6930.862420333334,0.0,0.0,0.0
2060,4,22,2,94342.01497999999,50084.94823,33868.04558333333,51328.25009000001,6841.622604666667,0.0,0.0,0.0
2060,4,22,3,97022.22274666668,51878.29186,35811.44538333333,51806.66821333333,7799.1542353333325,0.0,0.0,0.0
2060,4,22,4,112297.38456666667,55461.473269999995,38100.330753333335,56374.58780666667,8535.933218,0.0,0.0,0.0
2060,4,22,5,113955.5646,54497.16173,38503.32964666667,56266.22517666667,8606.919435,0.0,0.0,0.0
2060,4,22,6,114045.15216666665,54894.13404,38169.34674,55945.222603333335,8443.998823666667,0.0,0.0,0.0
2060,4,22,7,106529.04456666666,57439.554899999996,43291.62522666666,59263.92965,8994.967762333334,0.0,0.0,0.0
2060,4,22,8,106871.95146666667,56841.09763333333,41526.79198,57445.14687999999,7771.3102536666665,0.0,0.0,0.0
2060,4,23,1,100738.74232,53181.04829333333,36121.64066333333,53078.68327,6929.2978263333325,0.0,0.0,0.0
2060,4,23,2,94320.86398666666,50073.76428,33860.30953666667,51316.863320000004,6840.029036666667,0.0,0.0,0.0
2060,4,23,3,97000.69508333334,51866.847143333325,35803.44857,51795.223496666666,7797.473745333333,0.0,0.0,0.0
2060,4,23,4,112273.19129999999,55449.88368,38092.27599,56362.47669,8534.078884333334,0.0,0.0,0.0
2060,4,23,5,113930.87883333334,54485.65906666667,38494.985146666666,56254.34584666666,8605.123049,0.0,0.0,0.0
2060,4,23,6,114020.5822,54882.457526666665,38161.08916,55933.57507,8442.202437666667,0.0,0.0,0.0
2060,4,23,7,106506.01030000001,57427.50173333333,43282.00587,59250.77547,8993.026506666667,0.0,0.0,0.0
2060,4,23,8,106848.65639999999,56828.7837,41517.66517666667,57432.74602333333,7769.600789666666,0.0,0.0,0.0
2060,4,24,1,101090.42836,53365.670406666664,36248.141,53264.29049666666,6968.55755,0.0,0.0,0.0
2060,4,24,2,94841.26539,50349.886176666674,34051.305916666664,51598.66411333333,6878.941073000001,0.0,0.0,0.0
2060,4,24,3,97534.01888333332,52150.38637666666,35999.34155333333,52079.16836666667,7839.9495793333335,0.0,0.0,0.0
2060,4,24,4,112882.10816666666,55739.33360333333,38295.58631333333,56661.48802,8579.191349333332,0.0,0.0,0.0
2060,4,24,5,114549.93656666666,54772.73311666667,38700.64236,56554.51614,8650.728071333333,0.0,0.0,0.0
2060,4,24,6,114635.75746666668,55170.63259666667,38365.007933333334,56231.630260000005,8487.981303999999,0.0,0.0,0.0
2060,4,24,7,107084.0409,57734.104243333335,43525.24231666667,59578.87666,9041.847639333333,0.0,0.0,0.0
2060,4,24,8,107427.7301,57133.53187333333,41748.384873333336,57744.332056666666,7812.598155666667,0.0,0.0,0.0
2060,4,25,1,101114.15801333333,53377.520756666665,36257.209853333334,53275.32958333333,6950.651639000001,0.0,0.0,0.0
2060,4,25,2,94604.92475,50224.5448,33964.355046666664,51470.57021,6861.266953666666,0.0,0.0,0.0
2060,4,25,3,97291.39089333334,52021.56812333333,35910.275579999994,51949.85755666666,7820.6239436666665,0.0,0.0,0.0
2060,4,25,4,112604.79833333334,55608.255379999995,38202.78269666667,56525.600119999996,8558.706755333333,0.0,0.0,0.0
2060,4,25,5,114268.51243333334,54642.00258666667,38607.02747333333,56417.84594,8630.04066,0.0,0.0,0.0
2060,4,25,6,114355.75306666666,55039.87309,38272.20432,56095.56851333333,8467.120048666666,0.0,0.0,0.0
2060,4,25,7,106821.01523333334,57594.94228333334,43414.301,59429.57381333333,9019.740503333334,0.0,0.0,0.0
2060,4,25,8,107164.32776666667,56995.644770000006,41643.26732666666,57602.33064666667,7793.069702333333,0.0,0.0,0.0
2060,4,26,1,98246.43074333335,52041.41528666666,35761.52324333334,52948.242476666666,6958.764349666667,0.0,0.0,0.0
2060,4,26,2,89332.21343,49086.331516666665,33209.58323,50402.01034,6835.856785333333,0.0,0.0,0.0
2060,4,26,3,90595.39142666665,50086.94743333333,34631.017036666664,50207.479133333334,7659.934328333333,0.0,0.0,0.0
2060,4,26,4,100401.51436333334,52449.05001666667,36496.91147666667,53923.940786666666,8516.926296333333,0.0,0.0,0.0
2060,4,26,5,101103.61148666666,51150.060196666665,36526.754656666664,53568.45919666666,8485.025959666667,0.0,0.0,0.0
2060,4,26,6,98634.56601333333,50458.82829,35288.552220000005,51501.92004,8385.442438,0.0,0.0,0.0
2060,4,26,7,98075.71613999999,53643.44382000001,40503.37355333333,56272.62842,8809.940015,0.0,0.0,0.0
2060,4,26,8,97326.99988666666,52780.396290000004,38882.51194,54113.54641666667,7846.121034,0.0,0.0,0.0
2060,4,27,1,93062.72745666666,49019.19883666667,34495.129133333336,50531.00243666667,6924.459173666666,0.0,0.0,0.0
2060,4,27,2,86391.79048666666,45659.87029,32214.849026666667,47855.198723333335,6638.254336999999,0.0,0.0,0.0
2060,4,27,3,84006.82744333333,45584.71182333334,32494.447803333333,46211.302813333336,7461.926244333333,0.0,0.0,0.0
2060,4,27,4,87898.32082333334,44696.02233666667,32260.36713,45722.48303,8163.2700663333335,0.0,0.0,0.0
2060,4,27,5,89672.51266333333,44323.30123666666,32441.42544333333,46395.20057666666,8223.130280333333,0.0,0.0,0.0
2060,4,27,6,89537.00142666667,43928.154286666664,32216.152856666668,45806.71034666667,8248.482500666667,0.0,0.0,0.0
2060,4,27,7,92883.92911333335,49253.85899,38998.84241666667,53274.80805,8829.70026,0.0,0.0,0.0
2060,4,27,8,93830.85626999999,48953.456906666666,37511.52181666667,51771.030236666666,7640.203057333333,0.0,0.0,0.0
2060,4,28,1,95787.06257333333,50013.73022,34546.065363333335,50951.965189999995,6968.615498,0.0,0.0,0.0
2060,4,28,2,94842.01870999999,50350.32078666667,34051.65360666667,51599.15667333334,6878.999021,0.0,0.0,0.0
2060,4,28,3,97534.77220333333,52150.84996,35999.68924,52079.63195,7840.007527333332,0.0,0.0,0.0
2060,4,28,4,112882.8615,55739.65231666667,38295.90502666667,56661.89365666666,8579.278271333334,0.0,0.0,0.0
2060,4,28,5,114550.6899,54773.080806666665,38700.90312333333,56554.95074666667,8650.786019333333,0.0,0.0,0.0
2060,4,28,6,114636.56873333333,55171.06720666667,38365.297673333334,56232.006916666665,8488.039252,0.0,0.0,0.0
2060,4,28,7,107084.76526666665,57734.50987666667,43525.59000333334,59579.19537666667,9041.905587333333,0.0,0.0,0.0
2060,4,28,8,107428.42543333334,57133.850589999995,41748.674613333336,57744.766663333336,7812.656103666667,0.0,0.0,0.0
2060,4,29,1,101223.85344666666,53434.65742333333,36296.61444666667,53332.90085,6962.617887,0.0,0.0,0.0
2060,4,29,2,94763.20952666667,50308.39546,34022.70861333333,51556.30417333334,6873.117306,0.0,0.0,0.0
2060,4,29,3,97453.90584333334,52107.881563333336,35969.99092666667,52036.63458333333,7833.488385000001,0.0,0.0,0.0
2060,4,29,4,112790.52146666666,55696.07547,38264.98980333334,56616.83914,8572.324519333333,0.0,0.0,0.0
2060,4,29,5,114457.04603333333,54729.59088666667,38669.69816333333,56509.57751666667,8643.890215333335,0.0,0.0,0.0
2060,4,29,6,114543.56229999999,55127.490359999996,38334.237583333335,56186.60471666666,8481.0855,0.0,0.0,0.0
2060,4,29,7,106997.43770000001,57688.267426666665,43488.61922,59529.33118,9034.575174,0.0,0.0,0.0
2060,4,29,8,107340.75023333333,57087.86890333333,41713.645086666664,57697.51012333333,7806.194908666667,0.0,0.0,0.0
2060,4,30,1,101180.59530333332,53412.57925666667,36281.0844,53310.53295,6960.995345,0.0,0.0,0.0
2060,4,30,2,94742.20339666666,50297.24048,34014.885643333335,51544.88843333333,6871.523738,0.0,0.0,0.0
2060,4,30,3,97432.23333999999,52096.3789,35961.965136666666,52025.045000000006,7831.807895000001,0.0,0.0,0.0
2060,4,30,4,112765.71973333333,55684.42793666667,38256.67427333333,56604.641096666666,8570.528133333333,0.0,0.0,0.0
2060,4,30,5,114431.89666666667,54718.00129666666,38661.32468333333,56497.408449999995,8641.977934,0.0,0.0,0.0
2060,4,30,6,114518.326,55115.784876666665,38325.86410333333,56174.43565,8479.202192666666,0.0,0.0,0.0
2060,4,30,7,106974.0847,57675.663753333334,43478.76807333333,59516.17699666667,9032.57597,0.0,0.0,0.0
2060,4,30,8,107317.07853333333,57075.72881333333,41704.22855,57684.8485,7804.456470666667,0.0,0.0,0.0
2060,5,1,1,101534.57028333335,53596.50599333333,36408.56985333333,53496.92247666667,7000.631730666667,0.0,0.0,0.0
2060,5,1,2,95264.51708333334,50573.825959999995,34206.63535,51826.97896666667,6910.580644000001,0.0,0.0,0.0
2060,5,1,3,97967.78811666666,52380.46864,36158.87221,52309.946006666665,7874.5734686666665,0.0,0.0,0.0
2060,5,1,4,113379.04066666665,55975.03681666667,38461.86790333333,56906.26008666667,8615.988286333333,0.0,0.0,0.0
2060,5,1,5,115054.48923333333,55007.42224666666,38868.430596666665,56798.969489999996,8687.611930333334,0.0,0.0,0.0
2060,5,1,6,115140.48396666667,55405.40864666667,38531.115679999995,56474.40312,8525.328746666666,0.0,0.0,0.0
2060,5,1,7,107555.53426666667,57985.74314,43724.728070000005,59846.04560333333,9081.947608333334,0.0,0.0,0.0
2060,5,1,8,107901.97596666667,57381.52005,41937.063336666666,57999.737563333336,7847.5407583333335,0.0,0.0,0.0
2060,5,2,1,101558.90838,53609.19659,36417.03025,53508.019499999995,6982.523001666666,0.0,0.0,0.0
2060,5,2,2,95026.43800666666,50447.84715666666,34119.27884666666,51698.79814,6892.790629,0.0,0.0,0.0
2060,5,2,3,97723.8563,52250.89706333334,36068.99497,52179.997769999994,7855.1319373333345,0.0,0.0,0.0
2060,5,2,4,113099.49986666667,55842.65476333333,38368.60070666667,56768.72066666667,8595.271900333333,0.0,0.0,0.0
2060,5,2,5,114770.7182,54875.35891,38774.00443666666,56661.02443666667,8666.808622666666,0.0,0.0,0.0
2060,5,2,6,114856.01756666666,55272.736853333336,38437.67464,56337.76189666666,8504.264673,0.0,0.0,0.0
2060,5,2,7,107290.13273333333,57843.8866,43612.511900000005,59695.96046,9059.260993,0.0,0.0,0.0
2060,5,2,8,107634.89393333334,57242.12629666666,41830.96067666667,57855.73695666667,7827.954357333333,0.0,0.0,0.0
2060,5,3,1,98682.05434333334,52270.541410000005,35920.61928666667,53180.61368666667,6990.693660666667,0.0,0.0,0.0
2060,5,3,2,89741.03609,49309.05439333333,33362.50782333333,50628.09419666667,6867.380461,0.0,0.0,0.0
2060,5,3,3,91008.76299999999,50314.04538,34787.44747666666,50432.95453333333,7694.1815560000005,0.0,0.0,0.0
2060,5,3,4,100847.71344,52680.03047333334,36657.57211666667,54158.10838,8553.607337,0.0,0.0,0.0
2060,5,3,5,101556.32968000001,51378.23017999999,36687.87888333333,53801.43885666667,8521.822896333333,0.0,0.0,0.0
2060,5,3,6,99077.75179000001,50685.54957333333,35447.06878666666,51731.39385,8422.558088666667,0.0,0.0,0.0
2060,5,3,7,98515.77273000001,53876.742196666666,40684.43186333333,56524.78884666667,8848.417442,0.0,0.0,0.0
2060,5,3,8,97763.89832,53013.46287333333,39055.283703333334,54352.81343333334,7881.237481,0.0,0.0,0.0
2060,5,4,1,93935.04664999999,49481.04385666666,34818.130906666665,51002.09015,7008.367779333334,0.0,0.0,0.0
2060,5,4,2,87441.69111999999,46217.90887666666,32606.316286666668,48432.447049999995,6719.265546333333,0.0,0.0,0.0
2060,5,4,3,85031.54969999999,46141.24376333333,32888.34887,46769.45729333333,7550.789398,0.0,0.0,0.0
2060,5,4,4,88961.95511666666,45242.00775,32652.211046666664,46282.115183333335,8256.855977,0.0,0.0,0.0
2060,5,4,5,90754.11081666667,44865.98361999999,32834.225503333335,46962.36596,8316.368503,0.0,0.0,0.0
2060,5,4,6,90616.04986666667,44466.08494,32606.92474,46368.34171,8344.183510666668,0.0,0.0,0.0
2060,5,4,7,93992.18331333333,49846.49249,39454.51598,53900.47187333333,8932.210151666666,0.0,0.0,0.0
2060,5,4,8,94948.17932333333,49543.16403666666,37946.94257666667,52377.04971,7730.225169666667,0.0,0.0,0.0
2060,5,5,1,96913.51240666666,50596.91821,34955.72827,51549.43734333333,7053.045635333333,0.0,0.0,0.0
2060,5,5,2,95954.64798000001,50938.666143333336,34459.317310000006,52199.497246666666,6962.2701996666665,0.0,0.0,0.0
2060,5,5,3,98673.10138333333,52755.30483666667,36417.928439999996,52687.071149999996,7931.594234333334,0.0,0.0,0.0
2060,5,5,4,114192.80346666666,56360.65133,38731.61552666667,57306.97004000001,8676.167213666668,0.0,0.0,0.0
2060,5,5,5,115880.62393333332,55390.92166,39144.9871,57200.54865666667,8748.138545333333,0.0,0.0,0.0
2060,5,5,6,115963.83716666668,55788.879080000006,38802.16713333333,56870.07160333334,8586.550737,0.0,0.0,0.0
2060,5,5,7,108325.69123333333,58398.07164666667,44052.42362666666,60284.827346666665,9148.616704,0.0,0.0,0.0
2060,5,5,8,108677.43519999999,57792.60268,42246.56324333333,58417.74497333333,7904.5325496666665,0.0,0.0,0.0
2060,5,6,1,102398.77676333334,54045.921180000005,36718.156676666666,53944.54127666666,7046.903154333333,0.0,0.0,0.0
2060,5,6,2,95874.41907,50896.33517333333,34429.821813333336,52156.152193333335,6956.243614666667,0.0,0.0,0.0
2060,5,6,3,98591.10506333334,52711.87286,36387.621673333335,52643.23353666667,7924.901247999999,0.0,0.0,0.0
2060,5,6,4,114097.624,56315.422966666665,38699.91800666667,57260.35092333334,8669.068591666668,0.0,0.0,0.0
2060,5,6,5,115784.34343333333,55346.53354666667,39112.50728333333,57153.69775666667,8741.068897666666,0.0,0.0,0.0
2060,5,6,6,115867.52769999999,55744.23020333333,38770.58551,56823.829150000005,8579.481088666667,0.0,0.0,0.0
2060,5,6,7,108235.7271,58350.061786666665,44014.09107,60233.51445333334,9140.822707333333,0.0,0.0,0.0
2060,5,6,8,108587.15233333333,57744.85358333334,42210.31681333333,58369.097680000006,7897.955459333333,0.0,0.0,0.0
2060,5,7,1,102354.76529000001,54022.9738,36702.27894333333,53921.854660000005,7045.309586333334,0.0,0.0,0.0
2060,5,7,2,95853.15217999999,50885.06430333334,34422.02781666667,52144.736453333324,6954.6790206666665,0.0,0.0,0.0
2060,5,7,3,98569.57738333334,52700.28327666666,36379.68280333333,52631.528053333335,7923.162810000001,0.0,0.0,0.0
2060,5,7,4,114072.70640000001,56303.36980000001,38691.631453333335,57248.094933333334,8667.243231666665,0.0,0.0,0.0
2060,5,7,5,115758.73046666668,55334.82806,39103.815096666665,57141.47074,8739.156616,0.0,0.0,0.0
2060,5,7,6,115841.97266666667,55732.437796666665,38762.32793,56811.60214,8577.568807333333,0.0,0.0,0.0
2060,5,7,7,108212.14226666668,58337.28426666666,44004.008126666675,60219.95463666667,9138.736581666666,0.0,0.0,0.0
2060,5,7,8,108563.33573333333,57732.249910000006,42200.69745666667,58356.26221666666,7896.1880476666665,0.0,0.0,0.0
2060,5,8,1,102715.34629999999,54209.91383,36830.72053333333,54110.47517666667,7085.351607333333,0.0,0.0,0.0
2060,5,8,2,96380.47836333333,51163.59103666667,34614.93648333333,52428.4785,6994.257458,0.0,0.0,0.0
2060,5,8,3,99108.23239,52986.14042666667,36578.531136666665,52919.123640000005,7966.739654666667,0.0,0.0,0.0
2060,5,8,4,114695.32793333333,56600.64269,38898.882236666665,57555.19000333333,8713.051072333334,0.0,0.0,0.0
2060,5,8,5,116390.27596666668,55626.65384666666,39315.81760333333,57448.42093666666,8785.920597333332,0.0,0.0,0.0
2060,5,8,6,116476.44456666667,56026.610476666676,38969.49179,57115.01751,8623.985100666667,0.0,0.0,0.0
2060,5,8,7,108800.42966666666,58652.578966666675,44255.24139,60556.02366666667,9190.049475333333,0.0,0.0,0.0
2060,5,8,8,109156.83846666665,58047.19691666667,42438.16808,58677.78631999999,7939.475152666666,0.0,0.0,0.0
2060,5,9,1,102740.46669999999,54222.40161,36840.45579,54121.22451666667,7067.213904666667,0.0,0.0,0.0
2060,5,9,2,96140.71879,51036.94583333333,34527.29023333333,52299.83409,6976.206676999999,0.0,0.0,0.0
2060,5,9,3,98863.77903333334,52856.01834333333,36488.335179999995,52788.53797666667,7946.921461666666,0.0,0.0,0.0
2060,5,9,4,114412.91873333334,56465.88477333333,38805.12248,57415.53548666666,8692.334686666667,0.0,0.0,0.0
2060,5,9,5,116104.1291,55494.32974666666,39220.058646666665,57308.94026333333,8764.68268,0.0,0.0,0.0
2060,5,9,6,116188.41433333333,55893.33023,38875.47126666667,56977.999626666664,8602.892053666668,0.0,0.0,0.0
2060,5,9,7,108534.33276666666,58509.33168,44141.112936666665,60404.258036666666,9166.725432666666,0.0,0.0,0.0
2060,5,9,8,108887.46746666667,57904.41321666667,42330.64569333333,58531.409843333335,7919.7728560000005,0.0,0.0,0.0
2060,5,10,1,99836.55098333333,52876.58986,36339.872573333334,53791.993343333335,7074.978927666667,0.0,0.0,0.0
2060,5,10,2,90818.98352666666,49895.66131333334,33765.564666666665,51224.26252,6950.506769333333,0.0,0.0,0.0
2060,5,10,3,92098.35797333333,50911.43061333333,35199.13856,51028.16672,7784.377512666666,0.0,0.0,0.0
2060,5,10,4,102023.88257333334,53287.84633333333,37081.51918333333,54775.28282666666,8650.003722333333,0.0,0.0,0.0
2060,5,10,5,102745.65306666667,51978.88947,37111.56518666667,54416.61410333333,8617.900568,0.0,0.0,0.0
2060,5,10,6,100245.14186333334,51282.152506666665,35863.22186,52334.805666666674,8520.374198,0.0,0.0,0.0
2060,5,10,7,99675.91931666667,54492.38102333333,41166.181996666666,57193.16029666667,8951.275021333333,0.0,0.0,0.0
2060,5,10,8,98913.29555,53624.69766333333,39509.740359999996,54988.35737666666,7973.316745,0.0,0.0,0.0
2060,5,11,1,81987.71867333334,43179.84366666667,30415.9424,44508.09719333333,5604.434254,0.0,0.0,0.0
2060,5,11,2,69885.81458,36927.81229666666,26061.96657,38721.329770000004,5369.107701666667,0.0,0.0,0.0
2060,5,11,3,67944.38501,36881.13523666666,26289.93373666667,37395.42313333334,6051.676393999999,0.0,0.0,0.0
2060,5,11,4,71135.95429666666,36145.544186666666,26095.98200666667,36973.79398,6642.020953,0.0,0.0,0.0
2060,5,11,5,72606.75973333333,35841.49139,26248.356096666666,37519.05504666667,6693.594612333333,0.0,0.0,0.0
2060,5,11,6,72496.51379,35524.22645666666,26063.676033333333,37040.549999999996,6717.700952,0.0,0.0,0.0
2060,5,11,7,75269.61208333333,39888.51701666667,31804.89638333333,43347.168320000004,7220.428237,0.0,0.0,0.0
2060,5,11,8,76054.34298,39635.22660666666,30527.028583333333,42027.606980000004,6201.240007333334,0.0,0.0,0.0
2060,5,12,1,68555.73569666667,35723.13273333333,24730.81565,36465.011139999995,4682.163940666666,0.0,0.0,0.0
2060,5,12,2,63833.73254999999,33868.914803333326,22874.453646666665,34731.614643333334,4620.681184666667,0.0,0.0,0.0
2060,5,12,3,65660.04855333333,35120.039633333334,24242.314580000002,35079.18634000001,5288.820842,0.0,0.0,0.0
2060,5,12,4,76520.18641000001,37758.81461666667,25893.685776666665,38380.91464,5818.349045666667,0.0,0.0,0.0
2060,5,12,5,77674.30639333335,37047.59067333333,26191.33533,38299.584720000006,5871.226533666667,0.0,0.0,0.0
2060,5,12,6,77758.41781999999,37329.04378,25944.1874,38060.63642333334,5750.984574666666,0.0,0.0,0.0
2060,5,12,7,72407.62166333334,39187.57883,29597.369909999998,40442.55719666667,6154.620896,0.0,0.0,0.0
2060,5,12,8,72712.80444666668,38761.45871333333,28356.878526666667,39144.03096,5265.931409,0.0,0.0,0.0
2060,5,13,1,65783.24585666666,34730.42671,23553.31366666667,34616.21133333333,4411.9527333333335,0.0,0.0,0.0
2060,5,13,2,60144.245663333335,31910.274696666664,21552.835156666664,32723.83468666667,4354.062749,0.0,0.0,0.0
2060,5,13,3,61863.96644333333,33088.47205333334,22840.93076666667,33051.095636666665,4983.1744739999995,0.0,0.0,0.0
2060,5,13,4,72098.32458,35573.30835666667,24395.876603333334,36160.176036666664,5481.816429666666,0.0,0.0,0.0
2060,5,13,5,73186.26802666667,34903.57513333333,24676.17075,36083.74272,5531.651651333334,0.0,0.0,0.0
2060,5,13,6,73265.10619,35168.6,24443.509803333334,35858.64397333333,5418.392418,0.0,0.0,0.0
2060,5,13,7,68219.84050666667,36920.39496,27884.747753333333,38102.53277666667,5798.5018789999995,0.0,0.0,0.0
2060,5,13,8,68505.14714999999,36517.68580666667,26715.706166666667,36879.10706,4961.646817,0.0,0.0,0.0
2060,5,14,1,64029.91527666667,33808.446136666666,22916.755633333334,33697.21508,4370.867649333333,0.0,0.0,0.0
2060,5,14,2,59582.788146666666,31612.306433333335,21351.69788333333,32418.246273333334,4313.499196666667,0.0,0.0,0.0
2060,5,14,3,61286.22556,32779.348809999996,22627.624426666665,32742.493926666666,4936.700232333334,0.0,0.0,0.0
2060,5,14,4,71424.96960666667,35240.7162,24167.99636,35822.28164333333,5430.6194319999995,0.0,0.0,0.0
2060,5,14,5,72502.85909,34577.27032666667,24445.595926666665,35746.456776666666,5479.962096,0.0,0.0,0.0
2060,5,14,6,72580.88598,34839.83240666666,24215.165973333333,35523.64698,5367.803873333333,0.0,0.0,0.0
2060,5,14,7,67582.35530333333,36575.228103333335,27624.011026666663,37746.29786333333,5744.320562333333,0.0,0.0,0.0
2060,5,14,8,67864.93839666666,36176.16967,26465.921606666667,36534.31686333333,4915.375393333333,0.0,0.0,0.0
2060,5,15,1,64274.71631333333,33939.40846666667,23000.751163333334,33827.53998,4417.834448333334,0.0,0.0,0.0
2060,5,15,2,60224.44560333333,31952.924376666666,21581.577333333335,32767.49846,4359.857542666667,0.0,0.0,0.0
2060,5,15,3,61946.484300000004,33132.62838,22871.411376666667,33095.22299,4989.867460333334,0.0,0.0,0.0
2060,5,15,4,72194.43122333333,35620.88361,24428.472313333332,36208.446663333336,5489.175817333334,0.0,0.0,0.0
2060,5,15,5,73283.91029333333,34950.19424333333,24709.056200000003,36131.89744666667,5539.040013000001,0.0,0.0,0.0
2060,5,15,6,73362.83537666667,35215.595773333334,24476.105513333332,35906.59589,5425.606935666667,0.0,0.0,0.0
2060,5,15,7,68310.93465666666,36969.65070333334,27922.037243333336,38153.38209,5806.237928,0.0,0.0,0.0
2060,5,15,8,68596.67591,36566.477966666665,26751.37312,36928.27588,4968.281855666667,0.0,0.0,0.0
2060,5,16,1,65470.44292,34572.11296333333,23426.407696666665,34457.57887,4517.678735333334,0.0,0.0,0.0
2060,5,16,2,61587.98941666667,32676.723023333336,22069.991476666666,33509.521726666666,4458.3980010000005,0.0,0.0,0.0
2060,5,16,3,63349.51963333334,33883.45973333333,23389.321023333334,33844.721543333326,5102.8079800000005,0.0,0.0,0.0
2060,5,16,4,73829.25828333333,36428.474963333334,24981.99096,37029.163226666664,5613.5320796666665,0.0,0.0,0.0
2060,5,16,5,74943.51009666667,35742.60324333334,25269.03604333333,36950.78865,5664.52626,0.0,0.0,0.0
2060,5,16,6,75024.20259333334,36014.03135666667,25030.725173333336,36720.38767333334,5548.5434736666675,0.0,0.0,0.0
2060,5,16,7,69858.66597666667,37808.012409999996,28555.263273333334,39018.42881666667,5937.8956296666665,0.0,0.0,0.0
2060,5,16,8,70151.67969333334,37395.74185,27358.030023333336,37765.507600000004,5080.729817666666,0.0,0.0,0.0
2060,5,17,1,67991.75744333334,36033.530836666665,24724.875986666666,36687.96580666667,4952.896679666667,0.0,0.0,0.0
2060,5,17,2,63569.055373333336,34947.99222000001,23625.285,35907.23331333333,4863.917629666667,0.0,0.0,0.0
2060,5,17,3,64480.924029999995,35688.13218666666,24672.95464,35774.06897,5467.995848,0.0,0.0,0.0
2060,5,17,4,71678.31796333333,37479.24482,26062.45912666667,38548.23929333333,6115.882703333333,0.0,0.0,0.0
2060,5,17,5,72185.13058,36489.23337333333,26084.682159999997,38272.37816666666,6090.994066333333,0.0,0.0,0.0
2060,5,17,6,70348.03626333333,35971.149886666666,25155.747836666666,36708.50834333333,6014.618691666667,0.0,0.0,0.0
2060,5,17,7,69974.33004666667,38345.91409,29113.185963333333,40363.25545,6344.834983000001,0.0,0.0,0.0
2060,5,17,8,69415.50916333334,37684.670236666665,27884.37109,38728.022756666665,5603.7388789999995,0.0,0.0,0.0
2060,5,18,1,77928.55295,41022.61599666667,28863.98088,42341.19221666667,6249.423712666667,0.0,0.0,0.0
2060,5,18,2,77934.02902999999,41182.40742333333,29063.147923333334,43181.66902333333,5986.948554333333,0.0,0.0,0.0
2060,5,18,3,75768.31198666667,41122.31541333333,29317.220633333334,41700.780646666666,6743.198042333333,0.0,0.0,0.0
2060,5,18,4,79319.10050333333,40309.943353333336,29101.509456666667,41232.21366666667,7391.258741000001,0.0,0.0,0.0
2060,5,18,5,80948.74122333333,39970.39744666667,29271.23894666667,41840.63798,7447.671053000001,0.0,0.0,0.0
2060,5,18,6,80828.26747,39616.07481666667,29065.349946666665,41306.618813333334,7473.834544333334,0.0,0.0,0.0
2060,5,18,7,83905.27369,44469.38797666666,35363.62376333334,48261.037066666664,8022.717357,0.0,0.0,0.0
2060,5,18,8,84778.28826333334,44188.71716333334,33990.98212,46837.54611333334,6907.770169666666,0.0,0.0,0.0
2060,5,19,1,86661.8858,45252.72812000001,31206.7868,46067.09938333333,6289.842395333333,0.0,0.0,0.0
2060,5,19,2,85750.01713666668,45505.352133333334,30736.51036,46658.487003333335,6207.237618,0.0,0.0,0.0
2060,5,19,3,88188.84278333333,47164.893983333335,32563.927373333336,47115.812086666665,7094.681224666667,0.0,0.0,0.0
2060,5,19,4,102346.71053,50629.600843333326,34739.46659,51440.64010333334,7788.868477333333,0.0,0.0,0.0
2060,5,19,5,103841.62233333332,49698.89910666667,35117.17121,51331.78491333333,7856.957297333333,0.0,0.0,0.0
2060,5,19,6,103949.28956666666,50075.38681999999,34803.875713333335,51028.050826666666,7697.397666333333,0.0,0.0,0.0
2060,5,19,7,97029.4952,52460.118070000004,39397.87187333333,53995.970063333334,8212.322991333333,0.0,0.0,0.0
2060,5,19,8,97405.11369666667,51899.58772333333,37845.562673333334,52375.716909999996,7066.4026336666675,0.0,0.0,0.0
2060,5,20,1,91722.15999333333,48440.501813333336,32846.16277666667,48296.90683666667,6284.366315666666,0.0,0.0,0.0
2060,5,20,2,85675.26430333333,45465.59984666667,30709.564573333333,46617.86550666666,6201.7905126666665,0.0,0.0,0.0
2060,5,20,3,88112.23562,47123.95377,32535.648783333334,47074.987766666665,7088.596691333333,0.0,0.0,0.0
2060,5,20,4,102260.25222666666,50587.00911666666,34710.02903666667,51397.32402333334,7782.3203606666675,0.0,0.0,0.0
2060,5,20,5,103753.54146666666,49656.71301,35087.530843333334,51288.20806666667,7850.380206999999,0.0,0.0,0.0
2060,5,20,6,103862.01996666666,50032.93996333333,34774.32227,50984.76372333334,7690.9944196666665,0.0,0.0,0.0
2060,5,20,7,96947.44093,52416.51225,39365.13129666667,53950.77067666667,8205.687952666667,0.0,0.0,0.0
2060,5,20,8,97322.94353,51856.67728,37814.38668333334,52331.850323333325,7060.318100666666,0.0,0.0,0.0
2060,5,21,1,91681.59644333333,48419.11902666666,32831.443999999996,48275.582,6282.888643333333,0.0,0.0,0.0
2060,5,21,2,85655.41713999999,45455.08229666667,30702.350049999997,46607.08719,6200.341813999999,0.0,0.0,0.0
2060,5,21,3,88091.77999666666,47113.146479999996,32528.144526666667,47064.09355666667,7086.945175333333,0.0,0.0,0.0
2060,5,21,4,102237.47868,50575.68029333333,34702.29298666667,51385.79238333334,7780.552948666666,0.0,0.0,0.0
2060,5,21,5,103730.42023333332,49645.471110000006,35079.678896666665,51276.908220000005,7848.612795,0.0,0.0,0.0
2060,5,21,6,103838.72489999999,50021.640113333335,34766.58622333334,50973.17413,7689.255982,0.0,0.0,0.0
2060,5,21,7,96925.62353333335,52404.951643333334,39356.52602666667,53938.92032333333,8203.920540666668,0.0,0.0,0.0
2060,5,21,8,97301.27100333333,51845.29051,37806.15807666667,52320.14484,7058.695558666666,0.0,0.0,0.0
2060,5,22,1,92015.78217,48596.265856666665,32951.36724666667,48452.989590000005,6319.221997000001,0.0,0.0,0.0
2060,5,22,2,86146.75765333332,45716.456443333336,30879.989436666667,46874.51689666667,6236.240558,0.0,0.0,0.0
2060,5,22,3,88596.62237666668,47382.43051666667,32714.15738666667,47332.653246666676,7127.074118333334,0.0,0.0,0.0
2060,5,22,4,102804.29639333334,50855.33701333334,34895.868056666666,51670.577496666665,7823.840054333334,0.0,0.0,0.0
2060,5,22,5,104306.62550000001,49922.43325333333,35274.41292333333,51561.345646666676,7891.899900333333,0.0,0.0,0.0
2060,5,22,6,104413.01789999999,50300.94915,34960.33513,51257.408740000006,7731.789764000001,0.0,0.0,0.0
2060,5,22,7,97466.6544,52691.214426666666,39572.78771,54235.00528333333,8247.497386000001,0.0,0.0,0.0
2060,5,22,8,97840.38958999999,52127.17823,38010.77222666667,52608.31991,7098.766553666667,0.0,0.0,0.0
2060,5,23,1,92036.38265666667,48605.88521,32960.26225666666,48463.2174,6302.677862333333,0.0,0.0,0.0
2060,5,23,2,85923.22350666666,45597.460366666666,30799.123099999997,46752.768293333334,6219.8992413333335,0.0,0.0,0.0
2060,5,23,3,88366.77191000001,47259.78372000001,32629.437513333334,47210.55695333334,7108.820519666667,0.0,0.0,0.0
2060,5,23,4,102546.10934333333,50727.99643333334,34807.671303333336,51540.716179999996,7804.166731333334,0.0,0.0,0.0
2060,5,23,5,104044.58496666666,49796.45445,35185.810536666664,51432.06381,7872.2845253333335,0.0,0.0,0.0
2060,5,23,6,104151.70169999999,50173.985226666664,34872.13837666667,51128.18485333333,7712.348233,0.0,0.0,0.0
2060,5,23,7,97220.08595,52560.80260333334,39473.928536666666,54100.537110000005,8227.621245,0.0,0.0,0.0
2060,5,23,8,97594.77728,51998.76561333333,37917.62092666666,52477.24168666667,7080.5419286666665,0.0,0.0,0.0
2060,5,24,1,89310.25116666667,47323.55542,32493.607556666666,48153.86236666667,6309.9213536666675,0.0,0.0,0.0
2060,5,24,2,80994.11445666668,44529.53792666667,30103.4292,45746.50244666667,6196.517250666667,0.0,0.0,0.0
2060,5,24,3,82155.04332666665,45452.24285,31432.841683333332,45575.58502,6957.982052333333,0.0,0.0,0.0
2060,5,24,4,91240.46781,47698.3047,33184.66562,49074.07552666666,7764.182658000001,0.0,0.0,0.0
2060,5,24,5,91863.46602666668,46466.53448,33212.19089,48732.09580666667,7733.731019666667,0.0,0.0,0.0
2060,5,24,6,89567.77177666668,45814.649216666665,32042.598799999996,46766.588873333334,7635.885936333333,0.0,0.0,0.0
2060,5,24,7,89081.09606666667,48785.84251333334,36895.91196,51216.410579999996,8040.826086,0.0,0.0,0.0
2060,5,24,8,88393.22514,47965.99517,35420.238893333335,49250.671850000006,7129.652801333334,0.0,0.0,0.0
2060,5,25,1,87719.11684333334,46188.52927333334,32511.77423333333,47649.28075,6650.336481000001,0.0,0.0,0.0
2060,5,25,2,82950.98714666667,43835.37964666667,30933.301536666666,45957.66471333333,6372.939730000001,0.0,0.0,0.0
2060,5,25,3,80651.38140999999,43766.27674,31202.614553333333,44379.19201333334,7170.824807,0.0,0.0,0.0
2060,5,25,4,84410.78248000001,42909.255796666665,30975.516606666668,43891.87888333333,7853.219655666668,0.0,0.0,0.0
2060,5,25,5,86128.47508333334,42548.87760666667,31153.56162333333,44539.24420666666,7911.7760413333335,0.0,0.0,0.0
2060,5,25,6,86001.42424333333,42170.41966,30935.619453333333,43971.32549333334,7935.360849333333,0.0,0.0,0.0
2060,5,25,7,89243.66898999999,47310.777903333335,37518.040960000006,51240.02436333333,8502.004703666667,0.0,0.0,0.0
2060,5,25,8,90163.47651666666,47017.735210000006,36090.00109333333,49781.61978,7343.8573326666665,0.0,0.0,0.0
2060,5,26,1,92100.87870666666,48091.916026666666,33197.70390666666,48982.459846666665,6693.131029,0.0,0.0,0.0
2060,5,26,2,91175.56612333334,48399.04006666667,32708.39156666667,49611.45568000001,6606.296052333334,0.0,0.0,0.0
2060,5,26,3,93767.86687000001,50142.83821666666,34616.73287,50079.906760000005,7539.460577333334,0.0,0.0,0.0
2060,5,26,4,108610.44736666667,53684.210190000005,36863.69290666666,54559.57165333334,8262.216160333333,0.0,0.0,0.0
2060,5,26,5,110208.33266666667,52735.37075,37256.69578333333,54450.22390333333,8331.174199666666,0.0,0.0,0.0
2060,5,26,6,110300.12216666667,53127.301589999995,36931.144303333334,54140.52118333333,8167.876927,0.0,0.0,0.0
2060,5,26,7,103012.35843333334,55598.60704666667,41822.93489,57292.10639,8699.694074,0.0,0.0,0.0
2060,5,26,8,103365.26133333333,55008.00172666667,40143.401,55556.24711,7510.3707153333335,0.0,0.0,0.0
2060,5,27,1,97391.46697,51427.254129999994,34906.849186666666,51309.96751333334,6687.336235666667,0.0,0.0,0.0
2060,5,27,2,91097.88692333334,48357.52037333333,32679.91015666667,49569.06676666666,6600.530233333334,0.0,0.0,0.0
2060,5,27,3,93687.81180000001,50100.36238,34587.237369999995,50037.51784666666,7533.057331,0.0,0.0,0.0
2060,5,27,4,108520.97576666666,53641.09692666667,36833.299216666666,54515.386353333335,8255.523174333333,0.0,0.0,0.0
2060,5,27,5,110116.97773333332,52692.66312333333,37226.27312333333,54405.63297,8324.481213666666,0.0,0.0,0.0
2060,5,27,6,110209.028,53083.81166333333,36900.72163666666,54095.90127333333,8161.097019000001,0.0,0.0,0.0
2060,5,27,7,102926.16086666666,55554.10303666667,41787.41280666667,57244.58908666667,8692.653400333335,0.0,0.0,0.0
2060,5,27,8,103279.933,54963.294896666666,40109.994016666664,55510.41029666667,7504.025416666666,0.0,0.0,0.0
2060,5,28,1,97349.36779333332,51405.49468,34891.637859999995,51287.88935333333,6685.742667333333,0.0,0.0,0.0
2060,5,28,2,91077.43130333333,48346.48129333334,32672.4059,49557.88281333334,6598.994613333333,0.0,0.0,0.0
2060,5,28,3,93666.54490666666,50088.91766333333,34579.4144,50026.18902666667,7531.376841,0.0,0.0,0.0
2060,5,28,4,108497.1592,53629.53631333334,36825.24445333333,54503.56497666667,8253.726788666667,0.0,0.0,0.0
2060,5,28,5,110092.9873,52681.07353666667,37218.33425666666,54393.92748666666,8322.713801666667,0.0,0.0,0.0
2060,5,28,6,110185.1535,53072.25105333333,36892.66687666666,54083.964,8159.329607,0.0,0.0,0.0
2060,5,28,7,102903.15556666667,55542.22371333333,41778.08319,57231.75362,8690.712144333333,0.0,0.0,0.0
2060,5,28,8,103257.04356666666,54951.560436666674,40101.27284666667,55498.328153333336,7502.344926666668,0.0,0.0,0.0
2060,5,29,1,97692.3616,51587.074530000005,35016.80539,51471.46839999999,6723.988302666668,0.0,0.0,0.0
2060,5,29,2,91588.06848,48619.47400333333,32859.40387666667,49835.685203333334,6636.892560666667,0.0,0.0,0.0
2060,5,29,3,94191.03164,50368.632333333335,34772.61280666667,50305.20832,7573.360117666667,0.0,0.0,0.0
2060,5,29,4,109086.69246666667,53913.33631333333,37024.75918666666,54794.811283333336,8297.564399333334,0.0,0.0,0.0
2060,5,29,5,110692.80633333333,52963.337916666664,37418.949993333335,54686.129936666664,8366.8991,0.0,0.0,0.0
2060,5,29,6,110781.26383333333,53355.26875333333,37092.934929999996,54375.00748666667,8203.775671,0.0,0.0,0.0
2060,5,29,7,103469.50963333335,55833.99155,42010.86003333333,57545.94730666667,8737.360229666667,0.0,0.0,0.0
2060,5,29,8,103819.05156666668,55244.80595333333,40320.43193,55800.38175,7544.125386,0.0,0.0,0.0
2060,5,30,1,97714.75846333332,51596.66491,35024.94707333334,51481.31954999999,6706.574949333334,0.0,0.0,0.0
2060,5,30,2,91355.81316666666,48495.34953000001,32774.307336666665,49709.24281333334,6619.624077,0.0,0.0,0.0
2060,5,30,3,93952.83666666667,50241.349696666664,34684.76373666667,50178.33132333334,7554.2662740000005,0.0,0.0,0.0
2060,5,30,4,108818.74123333332,53784.17037333333,36933.95478,54662.48718,8277.688258333334,0.0,0.0,0.0
2060,5,30,5,110420.10333333333,52835.15709,37327.566106666665,54553.16840333334,8346.762193333334,0.0,0.0,0.0
2060,5,30,6,110510.24136666667,53226.94305666666,37001.985649999995,54243.00209666666,8183.609790333333,0.0,0.0,0.0
2060,5,30,7,103211.64133333333,55701.29078666666,41904.75737,57402.78694,8716.151286666665,0.0,0.0,0.0
2060,5,30,8,103563.38533333332,55111.23596333333,40220.76148666666,55662.49464333333,7525.060516333334,0.0,0.0,0.0
2060,5,31,1,94900.54613333334,50279.13175,34537.54701666667,51159.0711,6714.39792,0.0,0.0,0.0
2060,5,31,2,86193.72445333334,47376.02727333333,32038.339630000002,48658.70475333333,6595.025179666667,0.0,0.0,0.0
2060,5,31,3,87419.69988000001,48344.30824333333,33430.85741,48471.619849999995,7396.445081000001,0.0,0.0,0.0
2060,5,31,4,96974.03903333332,50670.07747333334,35261.809246666664,52121.06472333334,8236.950862,0.0,0.0,0.0
2060,5,31,5,97637.77465333334,49397.801653333336,35291.15987333333,51770.50870666667,8205.919744333334,0.0,0.0,0.0
2060,5,31,6,95230.70446666666,48716.91345,34072.77563,49733.175306666664,8104.250097666667,0.0,0.0,0.0
2060,5,31,7,94698.53963333333,51830.22404666666,39128.03733,54354.43597333333,8520.316250333333,0.0,0.0,0.0
2060,5,31,8,93980.44886,50982.967333333334,37578.59654666667,52286.91170333334,7576.721097666667,0.0,0.0,0.0
2060,6,1,1,87164.23641999999,45899.51396333333,32318.083270000003,47341.51928333333,6377.256851000001,0.0,0.0,0.0
2060,6,1,2,79531.27685666666,42026.62186666666,29658.649846666667,44066.21523666667,6109.682274333333,0.0,0.0,0.0
2060,6,1,3,77321.86707333334,41963.603493333336,29917.619156666668,42554.12189333334,6879.636448333334,0.0,0.0,0.0
2060,6,1,4,80940.80235666667,41136.802396666666,29698.199313333334,42077.90578666667,7538.881098333334,0.0,0.0,0.0
2060,6,1,5,82599.64883333333,40790.50555666667,29870.855176666664,42698.84685333333,7596.481342333333,0.0,0.0,0.0
2060,6,1,6,82477.23383,40428.44687666666,29660.996740000002,42153.87552666666,7621.6307449999995,0.0,0.0,0.0
2060,6,1,7,85609.14571333333,45375.635683333334,36050.393683333336,49215.149769999996,8176.540143000001,0.0,0.0,0.0
2060,6,1,8,86497.98007333332,45090.18417,34664.59785666667,47780.938453333336,7046.990076333333,0.0,0.0,0.0
2060,6,2,1,88405.48112666667,46164.24909,31842.939199999997,47000.17698333333,6418.515778333333,0.0,0.0,0.0
2060,6,2,2,87487.23819666666,46430.664710000005,31365.274396666664,47604.34212666666,6334.375381333334,0.0,0.0,0.0
2060,6,2,3,89973.75499,48116.97850666667,33221.49153,48065.20203000001,7237.204163666666,0.0,0.0,0.0
2060,6,2,4,104348.05824333335,51612.39777333333,35421.919383333334,52443.48701666666,7940.952825,0.0,0.0,0.0
2060,6,2,5,105874.34886666667,50674.53946333334,35804.20189333334,52334.89259,8009.505228666666,0.0,0.0,0.0
2060,6,2,6,105974.74363333332,51059.16886666667,35487.19773,52029.59390666667,7848.0622896666655,0.0,0.0,0.0
2060,6,2,7,98943.48642333334,53465.833406666665,40164.928653333336,55042.85740666667,8368.347798333334,0.0,0.0,0.0
2060,6,2,8,99310.64452999999,52896.98753333333,38573.76536,53391.77595,7208.172249333334,0.0,0.0,0.0
2060,6,3,1,93544.82527666667,49402.20569333333,33506.91407333333,49264.72422333333,6412.923803000001,0.0,0.0,0.0
2060,6,3,2,87411.47127333334,46390.30397666667,31337.74913,47563.08319666667,6328.841353666667,0.0,0.0,0.0
2060,6,3,3,89895.81502,48075.487786666665,33192.836279999996,48023.85618,7230.945786666667,0.0,0.0,0.0
2060,6,3,4,104260.35406333332,51569.342456666665,35392.30799,52400.055036666665,7934.3177866666665,0.0,0.0,0.0
2060,6,3,5,105785.4567,50632.03465666666,35774.41665666667,52291.11292666666,8002.754294666666,0.0,0.0,0.0
2060,6,3,6,105886.25713333332,51016.548160000006,35457.44146666666,51985.95911999999,7841.456225666666,0.0,0.0,0.0
2060,6,3,7,98859.80962,53422.16964,40131.28987666667,54997.33930666667,8361.451994333334,0.0,0.0,0.0
2060,6,3,8,99227.51822333333,52853.52658333333,38541.51733666667,53347.358856666666,7202.000794333333,0.0,0.0,0.0
2060,6,4,1,93503.97198666667,49380.620090000004,33491.96350666667,49243.0517,6411.417157,0.0,0.0,0.0
2060,6,4,2,87391.47923666668,46379.554633333326,31330.44769,47552.188989999995,6327.334707666666,0.0,0.0,0.0
2060,6,4,3,89875.21452666668,48064.47768,33185.245103333335,48012.84607333333,7229.381192333334,0.0,0.0,0.0
2060,6,4,4,104237.31975666666,51558.071586666665,35384.340149999996,52388.40750666667,7932.550374666666,0.0,0.0,0.0
2060,6,4,5,105761.95880000001,50620.70583666667,35766.39086666666,52279.66821,8000.9289346666665,0.0,0.0,0.0
2060,6,4,6,105862.87516666665,51005.19036666667,35449.53157666667,51974.39850666667,7839.717787666667,0.0,0.0,0.0
2060,6,4,7,98837.55761,53410.7539,40122.36589666666,54985.228186666674,8359.684582333333,0.0,0.0,0.0
2060,6,4,8,99205.49799666666,52842.02392,38533.11488666667,53335.56645666666,7200.320304333333,0.0,0.0,0.0
2060,6,5,1,93840.73639333334,49559.53432666667,33613.856980000004,49422.95105333333,6448.358963333333,0.0,0.0,0.0
2060,6,5,2,87890.03427333334,46645.33282333333,31511.245233333335,47823.35633666667,6363.928826666666,0.0,0.0,0.0
2060,6,5,3,90387.30040666666,48337.47039,33373.749723333334,48285.17238333333,7270.205510666667,0.0,0.0,0.0
2060,6,5,4,104811.6707,51839.32187666666,35579.50878333333,52674.58337,7976.156193666667,0.0,0.0,0.0
2060,6,5,5,106344.36453333334,50899.43538666667,35962.57359,52566.45252666667,8044.679623333333,0.0,0.0,0.0
2060,6,5,6,106443.74523333333,51284.84708666667,35644.81610333334,52260.89308,7882.744126999999,0.0,0.0,0.0
2060,6,5,7,99386.99093333333,53698.204613333335,40343.37931,55286.49948666667,8404.739099666667,0.0,0.0,0.0
2060,6,5,8,99751.36753,53127.823119999994,38743.26306,53626.32020666666,7240.912831000001,0.0,0.0,0.0
2060,6,6,1,93860.69945666667,49568.748049999995,33621.88277,49432.51246333334,6431.525089,0.0,0.0,0.0
2060,6,6,2,87662.73350666667,46524.27959666667,31428.84328,47699.72442333333,6347.268796,0.0,0.0,0.0
2060,6,6,3,90153.77023666666,48212.911309999996,33287.84191333333,48161.16381,7251.604224666667,0.0,0.0,0.0
2060,6,6,4,104549.28243333334,51711.11207333333,35490.50076333334,52544.11360333333,7956.251079333334,0.0,0.0,0.0
2060,6,6,5,106078.58633333334,50772.41352333334,35873.18890666667,52435.83789,8024.8324563333335,0.0,0.0,0.0
2060,6,6,6,106178.2278,51157.73829666667,35556.0109,52130.16254333333,7863.070804,0.0,0.0,0.0
2060,6,6,7,99136.39510666666,53566.74973333333,40242.43401333334,55148.96007,8384.196557666668,0.0,0.0,0.0
2060,6,6,8,99502.3073,52997.35335,38647.24334,53493.93815333333,7222.456414666667,0.0,0.0,0.0
2060,6,7,1,91102.43583333334,48271.43872,33147.83971,49118.46364333333,6438.971398333334,0.0,0.0,0.0
2060,6,7,2,82650.96173,45438.016633333325,30719.705456666667,46677.407003333334,6323.423221666667,0.0,0.0,0.0
2060,6,7,3,83833.41825333332,46375.20854,32071.659686666666,46501.36118666667,7098.216048333333,0.0,0.0,0.0
2060,6,7,4,93077.35931000001,48649.085393333335,33851.55939666667,50054.23582666666,7916.353927666667,0.0,0.0,0.0
2060,6,7,5,93709.25253333333,47405.92840666667,33879.05569,49708.77923000001,7886.047159333332,0.0,0.0,0.0
2060,6,7,6,91377.68851333333,46741.72921333334,32691.3259,47715.60215666667,7785.826210666666,0.0,0.0,0.0
2060,6,7,7,90876.61274333333,49763.163363333326,37605.28157,52215.92548333333,8195.083481333333,0.0,0.0,0.0
2060,6,7,8,90179.67296333333,48931.784383333325,36110.63055666666,50223.64660666667,7272.291636333334,0.0,0.0,0.0
2060,6,8,1,87787.93001666667,46225.32621,32540.516406666666,47686.01973666667,6590.968824333333,0.0,0.0,0.0
2060,6,8,2,82206.24032333335,43441.15986666667,30655.672996666664,45545.94465333334,6315.513329,0.0,0.0,0.0
2060,6,8,3,79925.55458333333,43373.18694,30922.81296,43982.10381,7107.429769666666,0.0,0.0,0.0
2060,6,8,4,83654.96760333334,42522.974883333336,30697.279613333332,43496.23937333334,7785.246731333333,0.0,0.0,0.0
2060,6,8,5,85360.34627,42165.52306,30874.39746333333,44137.89682666666,7843.947986666666,0.0,0.0,0.0
2060,6,8,6,85234.59925333333,41790.54199333333,30658.164756666665,43574.96164,7866.8953673333335,0.0,0.0,0.0
2060,6,8,7,88453.78072666668,46889.612329999996,37197.84966,50801.44544,8431.655914,0.0,0.0,0.0
2060,6,8,8,89366.7504,46598.597819999995,35780.70400666667,49348.34309,7279.506154,0.0,0.0,0.0
2060,6,9,1,91300.47289666666,47675.06757666666,32903.73404666667,48552.428243333336,6633.473632666667,0.0,0.0,0.0
2060,6,9,2,90377.04362000001,47972.108680000005,32416.33399,49176.411576666665,6547.131214,0.0,0.0,0.0
2060,6,9,3,92946.33903333334,49704.027500000004,34314.215690000005,49643.93549333333,7473.747622,0.0,0.0,0.0
2060,6,9,4,107685.33763333333,53239.60468,36550.68715333333,54101.898883333335,8192.707616333333,0.0,0.0,0.0
2060,6,9,5,109268.3882,52291.72138,36942.76286333333,53993.304456666665,8262.187186666668,0.0,0.0,0.0
2060,6,9,6,109364.9874,52682.29044333333,36618.167519999995,53683.94942333333,8098.629148333333,0.0,0.0,0.0
2060,6,9,7,102129.31886666665,55138.15278333333,41458.81905666667,56800.76587333333,8627.085315,0.0,0.0,0.0
2060,6,9,8,102484.62663333333,54549.89434666667,39800.11744666666,55084.66684,7444.802630000001,0.0,0.0,0.0
2060,6,10,1,96559.3926,50989.68929333333,34603.636633333335,50867.99863666666,6627.707813333333,0.0,0.0,0.0
2060,6,10,2,90300.17569,47930.96564666667,32388.113346666665,49134.48624666667,6541.394368666667,0.0,0.0,0.0
2060,6,10,3,92867.41395,49661.81243,34285.18377333333,49602.01016333333,7467.460271666667,0.0,0.0,0.0
2060,6,10,4,107597.2278,53196.92602666666,36520.930889999996,54058.23511333333,8186.101551666667,0.0,0.0,0.0
2060,6,10,5,109178.71379999998,52249.33247,36912.54301666667,53949.66966666666,8255.523174333333,0.0,0.0,0.0
2060,6,10,6,109275.60273333332,52639.46692333333,36588.26638666666,53640.40155333333,8091.99411,0.0,0.0,0.0
2060,6,10,7,102044.62796666667,55094.228246666666,41424.455936666665,56753.654206666666,8620.276432999999,0.0,0.0,0.0
2060,6,10,8,102400.89183333334,54506.40442333333,39767.55070666666,55039.815136666664,7438.486305666666,0.0,0.0,0.0
2060,6,11,1,96518.10470333333,50967.929846666666,34588.62812,50846.15226333333,6626.172193333333,0.0,0.0,0.0
2060,6,11,2,90279.48827666667,47919.92656,32380.638063333332,49123.33127333334,6539.858748333333,0.0,0.0,0.0
2060,6,11,3,92846.29193333334,49650.48360666667,34277.38977666667,49590.855186666675,7465.779781666667,0.0,0.0,0.0
2060,6,11,4,107573.99066666666,53185.597206666665,36513.021,54046.761426666664,8184.363113666666,0.0,0.0,0.0
2060,6,11,5,109154.95513333334,52237.945700000004,36904.51723,53937.96418333333,8253.755762666668,0.0,0.0,0.0
2060,6,11,6,109251.902,52627.964256666666,36580.35649666667,53628.840943333336,8090.284646,0.0,0.0,0.0
2060,6,11,7,102022.28899999999,55082.725583333326,41415.30016,56741.42719333334,8618.451073333334,0.0,0.0,0.0
2060,6,11,8,102378.58189999999,54494.49612333334,39758.85851666667,55027.79094333333,7436.834789666666,0.0,0.0,0.0
2060,6,12,1,96859.91058000001,51148.060993333325,34712.89746,51029.03594,6664.128089000001,0.0,0.0,0.0
2060,6,12,2,90787.77856333333,48191.58646666666,32566.448106666667,49400.00367333333,6577.524904333334,0.0,0.0,0.0
2060,6,12,3,93368.46074333333,49929.64777333334,34469.3423,49867.93322666667,7507.5892146666665,0.0,0.0,0.0
2060,6,12,4,108160.42373333334,53467.74569,36711.52164,54336.9357,8228.519438333335,0.0,0.0,0.0
2060,6,12,5,109750.97859999999,52519.688546666664,37103.713246666666,54228.42819333333,8297.709268666667,0.0,0.0,0.0
2060,6,12,6,109845.05703333335,52910.895036666676,36779.00200666667,53918.406760000005,8134.151230666666,0.0,0.0,0.0
2060,6,12,7,102582.41373333333,55374.870083333335,41645.35345,57053.33193666666,8664.258913666667,0.0,0.0,0.0
2060,6,12,8,102936.9102,54784.844236666664,39976.829666666665,55326.77329666667,7478.557300666666,0.0,0.0,0.0
2060,6,13,1,96880.91670666666,51159.04212666667,34721.06811666667,51038.59735,6646.830631,0.0,0.0,0.0
2060,6,13,2,90556.10273,48067.75174,32481.78618,49273.822049999995,6560.372316333333,0.0,0.0,0.0
2060,6,13,3,93130.38166666667,49802.48103333334,34381.98579666667,49741.51981,7488.495371,0.0,0.0,0.0
2060,6,13,4,107892.44353333332,53339.30409666667,36620.80415333333,54204.55364666667,8208.266636,0.0,0.0,0.0
2060,6,13,5,109479.11586666666,52391.01516333333,37012.85088666667,54095.95922333334,8277.891076333333,0.0,0.0,0.0
2060,6,13,6,109574.00559999999,52782.04781,36688.16862333334,53785.99573333334,8114.101245999999,0.0,0.0,0.0
2060,6,13,7,102326.63156666666,55241.67676333333,41539.917186666666,56910.75105,8643.194840333334,0.0,0.0,0.0
2060,6,13,8,102681.53369999999,54651.91168333333,39876.89845666667,55190.24797,7459.550378666667,0.0,0.0,0.0
2060,6,14,1,94076.32371000001,49845.30455666666,34236.014956666666,50718.377076666664,6654.595653666667,0.0,0.0,0.0
2060,6,14,2,85422.90106333334,46955.151443333336,31751.26557,48228.70212,6535.860341,0.0,0.0,0.0
2060,6,14,3,86639.74969000001,47916.102000000006,33135.78653666667,48044.137956666666,7331.833136666667,0.0,0.0,0.0
2060,6,14,4,96128.14409333334,50232.86032666667,34957.11902333333,51674.83667,8167.732057333334,0.0,0.0,0.0
2060,6,14,5,96785.30261666667,48965.249313333334,34985.51350666667,51325.09192666667,8136.932731,0.0,0.0,0.0
2060,6,14,6,94394.68965,48289.199759999996,33772.663290000004,49295.95816,8035.4369283333335,0.0,0.0,0.0
2060,6,14,7,93869.47856666667,51384.77829333334,38796.54618333333,53887.92614333334,8450.112330333333,0.0,0.0,0.0
2060,6,14,8,93154.69082666666,50538.73848666667,37259.651130000006,51840.22007,7510.602507333333,0.0,0.0,0.0
2060,6,15,1,90091.53415666666,47444.14506666667,33394.17637,48931.78438,6741.807292,0.0,0.0,0.0
2060,6,15,2,84098.3562,44442.96371666667,31360.667536666664,46590.658950000005,6461.368274333334,0.0,0.0,0.0
2060,6,15,3,81769.42881,44371.91954666667,31633.45742333333,44990.39783,7268.032463333333,0.0,0.0,0.0
2060,6,15,4,85573.62363,43504.46798,31403.983616666665,44501.54907666667,7956.946454333333,0.0,0.0,0.0
2060,6,15,5,87310.84468666666,43139.80164666667,31583.0717,45157.548643333335,8015.734631666666,0.0,0.0,0.0
2060,6,15,6,87181.36003666667,42755.75172666667,31362.69571333333,44582.29952,8040.188658666666,0.0,0.0,0.0
2060,6,15,7,90458.48943999999,47959.36013000001,38010.83017333333,51917.23287,8610.106570999998,0.0,0.0,0.0
2060,6,15,8,91388.81451666668,47663.76773,36564.42081333333,50447.12280666667,7442.5426609999995,0.0,0.0,0.0
2060,6,16,1,93330.91048333333,48733.83424333334,33649.060353333334,49642.13910666667,6785.065423,0.0,0.0,0.0
2060,6,16,2,92401.74436666667,49053.93862333333,33157.28522333333,50277.88587,6697.390201666666,0.0,0.0,0.0
2060,6,16,3,95027.16235666668,50815.55575666667,35080.084533333335,50749.69793,7640.434849,0.0,0.0,0.0
2060,6,16,4,110032.25783333334,54371.15395,37342.95128,55259.95933333333,8367.565501,0.0,0.0,0.0
2060,6,16,5,111655.58223333333,53415.85331666667,37739.199239999994,55151.625673333336,8437.653525333333,0.0,0.0,0.0
2060,6,16,6,111742.96773333334,53808.97208666667,37411.01113,54838.96760666667,8274.559070333335,0.0,0.0,0.0
2060,6,16,7,104372.831,56304.47081,42387.43466666667,58051.45609,8812.982281666666,0.0,0.0,0.0
2060,6,16,8,104719.09886666667,55715.05341666667,40674.05918333333,56285.08722666666,7611.142169333333,0.0,0.0,0.0
2060,6,17,1,98670.46473666666,52097.711703333334,35372.31595333333,51987.46576333333,6779.212682,0.0,0.0,0.0
2060,6,17,2,92323.36979000001,49012.27406,33128.51407333333,50235.23619333334,6691.537460666666,0.0,0.0,0.0
2060,6,17,3,94946.61472666667,50772.384549999995,35050.47314,50706.87441333333,7633.973654333334,0.0,0.0,0.0
2060,6,17,4,109941.30856666667,54327.05557333334,37312.67348666667,55215.07866,8360.814567,0.0,0.0,0.0
2060,6,17,5,111562.8076,53372.10263,37708.63170666667,55106.281416666665,8430.728747333333,0.0,0.0,0.0
2060,6,17,6,111650.10616666666,53765.39524333333,37380.47256666667,54794.376673333325,8267.692240333332,0.0,0.0,0.0
2060,6,17,7,104285.99603333334,56259.126553333335,42351.13028666667,58002.75085666667,8805.535972,0.0,0.0,0.0
2060,6,17,8,104632.7275,55668.984813333336,40639.927853333334,56238.29427333333,7604.652000666666,0.0,0.0,0.0
2060,6,18,1,98628.24968666666,52075.95225666667,35357.04667666667,51965.24273,6777.648087666667,0.0,0.0,0.0
2060,6,18,2,92302.59546,49001.23498,33120.835973333335,50223.90737,6689.972866666667,0.0,0.0,0.0
2060,6,18,3,94925.34784,50760.99777666666,35042.59222,50695.429696666666,7632.293164333333,0.0,0.0,0.0
2060,6,18,4,109916.99940000002,54315.379063333334,37304.58975,55203.14138666666,8358.989207333334,0.0,0.0,0.0
2060,6,18,5,111538.38256666665,53360.54201333333,37700.461050000005,55094.141326666664,8428.932361333333,0.0,0.0,0.0
2060,6,18,6,111625.4493,53753.60284,37372.27293666667,54782.67119,8265.808932333333,0.0,0.0,0.0
2060,6,18,7,104262.93276666668,56247.18927666667,42341.53990333333,57989.741546666664,8803.623690333334,0.0,0.0,0.0
2060,6,18,8,104610.15676666667,55656.989590000005,40631.11976666666,56225.98033666667,7602.9425366666665,0.0,0.0,0.0
2060,6,19,1,98975.3578,52259.00977333333,35483.025480000004,52150.21253,6816.386280333333,0.0,0.0,0.0
2060,6,19,2,92818.30307666666,49275.58946333333,33309.97802666667,50503.56409333334,6728.218501666666,0.0,0.0,0.0
2060,6,19,3,95455.57142,51044.07342666667,35237.09445333333,50977.46228,7674.566181333333,0.0,0.0,0.0
2060,6,19,4,110517.36896666668,54605.379493333334,37505.35036333333,55498.00943666667,8403.840906666666,0.0,0.0,0.0
2060,6,19,5,112148.40043333334,53648.456313333336,37903.018046666664,55390.110389999994,8473.957904333334,0.0,0.0,0.0
2060,6,19,6,112236.07566666667,54040.21331,37573.642,55076.06157333334,8310.776527666667,0.0,0.0,0.0
2060,6,19,7,104836.47243333333,56546.316503333335,42580.604100000004,58310.68616666666,8851.865344,0.0,0.0,0.0
2060,6,19,8,105178.8288,55955.33452,40855.69698,56532.93053333333,7645.534267333333,0.0,0.0,0.0
2060,6,20,1,98997.05930333333,52268.62912666667,35491.42793,52160.295470000005,6798.7121609999995,0.0,0.0,0.0
2060,6,20,2,92583.55600333335,49150.682693333336,33223.89637333333,50376.22351333334,6710.834122333334,0.0,0.0,0.0
2060,6,20,3,95213.81264333334,50915.11030666666,35148.43412,50848.99171666667,7655.211571666667,0.0,0.0,0.0
2060,6,20,4,110243.36213333334,54473.461026666664,37413.85057666667,55363.94689666667,8383.443234666667,0.0,0.0,0.0
2060,6,20,5,111869.90269999999,53516.59579666667,37810.53314666667,55255.64221333333,8453.473310666666,0.0,0.0,0.0
2060,6,20,6,111956.79556666668,53909.71456666667,37481.88145,54942.1439,8290.262959666667,0.0,0.0,0.0
2060,6,20,7,104574.89543333334,56409.67528,42471.459169999995,58164.715326666665,8829.932051333333,0.0,0.0,0.0
2060,6,20,8,104919.19309999999,55819.73636,40752.75247666667,56392.435770000004,7626.034788,0.0,0.0,0.0
2060,6,21,1,96165.34667333333,50944.40298333333,35000.11638666667,51836.250636666664,6806.651028,0.0,0.0,0.0
2060,6,21,2,87378.81761333333,48022.349533333334,32480.337483333336,49317.80453,6685.887537333333,0.0,0.0,0.0
2060,6,21,3,88619.04822666668,49002.48085666667,33883.77845,49128.66248,7495.9127063333335,0.0,0.0,0.0
2060,6,21,4,98271.29042333334,51342.56322666667,35729.10137333333,52803.86520666667,8342.126359,0.0,0.0,0.0
2060,6,21,5,98946.00715333334,50062.02982333334,35758.27815666667,52452.43997000001,8311.327033,0.0,0.0,0.0
2060,6,21,6,96517.38034999999,49374.39068666667,34532.62144333334,50403.22724666667,8210.034047666666,0.0,0.0,0.0
2060,6,21,7,95973.07542333333,52516.385513333335,39644.15059,55076.29336333333,8628.997596666666,0.0,0.0,0.0
2060,6,21,8,95245.74195666665,51663.305029999996,38068.140680000004,52975.68082333333,7678.303822666666,0.0,0.0,0.0
2060,6,22,1,90129.08442000001,47465.67272666667,33410.92332,48947.74903666667,6667.402146666667,0.0,0.0,0.0
2060,6,22,2,83165.48141666666,43949.04451666667,31013.18276,46075.965416666666,6389.425916333334,0.0,0.0,0.0
2060,6,22,3,80860.31267666667,43879.47802333333,31283.191146666668,44493.37841666667,7188.904562000001,0.0,0.0,0.0
2060,6,22,4,84628.20312,43020.54480333333,31055.658596666664,44005.77554333333,7872.6901609999995,0.0,0.0,0.0
2060,6,22,5,86349.11183000001,42659.29739,31233.819513333332,44654.763406666665,7931.304494333333,0.0,0.0,0.0
2060,6,22,6,86221.82920333334,42279.79638666666,31015.413756666665,44085.48292,7954.918277,0.0,0.0,0.0
2060,6,22,7,89470.96975333332,47432.17882333333,37610.149196666665,51366.205983333326,8522.28648,0.0,0.0,0.0
2060,6,22,8,90392.39982333333,47138.49869666667,36178.545536666665,49906.06296333333,7362.371697,0.0,0.0,0.0
2060,6,23,1,92330.98994,48212.21593666667,33282.27891666667,49105.94689,6710.312590333334,0.0,0.0,0.0
2060,6,23,2,91405.35865000001,48521.80276,32792.38709333333,49736.07270333333,6623.303770666666,0.0,0.0,0.0
2060,6,23,3,94003.59905666667,50268.498303333334,34703.53887,50205.36403,7558.293655,0.0,0.0,0.0
2060,6,23,4,108875.93583333334,53811.637696666665,36953.367333333335,54690.910639999995,8281.976405333333,0.0,0.0,0.0
2060,6,23,5,110478.42796666666,52862.16082333333,37346.89174,54581.50494333333,8350.992392333334,0.0,0.0,0.0
2060,6,23,6,110568.04440000001,53254.20756,37021.36923333333,54270.99095000001,8187.8399893333335,0.0,0.0,0.0
2060,6,23,7,103266.51806666667,55729.54040333334,41927.53090666667,57433.35447333333,8720.700199333334,0.0,0.0,0.0
2060,6,23,8,103618.00123333333,55139.80429666667,40241.883506666665,55692.07706333333,7529.087897333334,0.0,0.0,0.0
2060,6,24,1,97630.29935666667,51552.450639999995,34994.321593333334,51436.87348333333,6704.459849333333,0.0,0.0,0.0
2060,6,24,2,91327.41868333332,48480.19614666666,32763.905686666665,49693.799686666665,6617.508977333334,0.0,0.0,0.0
2060,6,24,3,93923.83372666668,50225.81965333334,34674.014396666666,50162.888199999994,7551.948356666667,0.0,0.0,0.0
2060,6,24,4,108785.97166666668,53768.55340333333,36922.828773333335,54646.43560333334,8275.225471333333,0.0,0.0,0.0
2060,6,24,5,110386.58046666667,52819.30833,37316.52702666667,54537.14580333334,8344.241458333332,0.0,0.0,0.0
2060,6,24,6,110477.3849,53211.123270000004,36990.85964666667,54226.95052333333,8181.0600816666665,0.0,0.0,0.0
2060,6,24,7,103180.5233,55685.15228333334,41891.80600333333,57385.28666666666,8713.601577666666,0.0,0.0,0.0
2060,6,24,8,103532.41213333333,55095.155413333334,40208.56344666667,55645.92153666667,7522.713624666667,0.0,0.0,0.0
2060,6,25,1,97588.66379,51530.66221666667,34978.90744333333,51414.737380000006,6702.924229333334,0.0,0.0,0.0
2060,6,25,2,91306.81819333334,48469.07014333332,32756.34348,49682.58676333333,6616.031305333333,0.0,0.0,0.0
2060,6,25,3,93902.59581000001,50214.51980666667,34666.24937666667,50151.58835333333,7550.267866666666,0.0,0.0,0.0
2060,6,25,4,108762.03916666667,53757.02176666667,36914.80298666667,54634.46935333333,8273.458059333332,0.0,0.0,0.0
2060,6,25,5,110362.41619999999,52807.77669,37308.414313333335,54525.29545,8342.474046333335,0.0,0.0,0.0
2060,6,25,6,110453.39439999999,53199.79445000001,36982.68898666667,54215.10017,8179.263695666666,0.0,0.0,0.0
2060,6,25,7,103157.69179999999,55673.504753333335,41882.47639,57372.654019999994,8711.689295666665,0.0,0.0,0.0
2060,6,25,8,103509.52269999999,55083.18916666667,40199.75536,55633.57862666666,7521.0621089999995,0.0,0.0,0.0
2060,6,26,1,97932.23707333334,51712.879486666665,35103.81421333333,51598.49026666667,6741.314734333333,0.0,0.0,0.0
2060,6,26,2,91818.17971666665,48742.613359999996,32943.45735333333,49960.794786666665,6653.958226666667,0.0,0.0,0.0
2060,6,26,3,94427.34330999998,50494.81395333333,34859.76649666667,50430.81046333333,7592.367039333333,0.0,0.0,0.0
2060,6,26,4,109353.91933333334,54041.92277333333,37114.636430000006,54925.65771333334,8317.295670333333,0.0,0.0,0.0
2060,6,26,5,110964.2634,53091.11310333334,37509.49364,54817.324056666665,8386.688318666667,0.0,0.0,0.0
2060,6,26,6,111051.7648,53482.8701,37182.81217,54506.346476666666,8223.738733666667,0.0,0.0,0.0
2060,6,26,7,103724.36466666668,55966.11283333334,42116.962693333335,57688.78896,8758.685069,0.0,0.0,0.0
2060,6,26,8,104073.06636666665,55376.46365,40420.33416333333,55937.39963333333,7562.987438,0.0,0.0,0.0
2060,6,27,1,97954.54701666666,51722.35397333334,35112.15871333333,51608.196546666666,6723.814459,0.0,0.0,0.0
2060,6,27,2,91585.40287333333,48617.996329999994,32858.33184333333,49834.14958,6636.660768999999,0.0,0.0,0.0
2060,6,27,3,94188.27911666666,50367.15466333333,34771.56974333333,50303.61475333333,7573.128326000001,0.0,0.0,0.0
2060,6,27,4,109083.59226666666,53911.91659,37023.80304666667,54793.275663333334,8297.332607333332,0.0,0.0,0.0
2060,6,27,5,110689.79303333334,52961.83126666667,37417.90693333334,54684.594320000004,8366.638334333335,0.0,0.0,0.0
2060,6,27,6,110778.27953333333,53353.70416,37091.94981333333,54373.44289333333,8203.514905333333,0.0,0.0,0.0
2060,6,27,7,103466.6702,55832.48490333334,42009.78799333334,57544.32476333334,8737.099464333334,0.0,0.0,0.0
2060,6,27,8,103816.15419999999,55243.212380000004,40319.38886333333,55798.904076666666,7543.86462,0.0,0.0,0.0
2060,6,28,1,95137.06060000001,50403.57493333333,34624.092253333336,51285.94809666667,6731.666403666667,0.0,0.0,0.0
2060,6,28,2,86415.54913666667,47497.109476666665,32121.176196666667,48782.27871666666,6611.974949666666,0.0,0.0,0.0
2060,6,28,3,87644.04529666668,48467.59247,33515.46139333333,48594.44049666667,7414.959445333334,0.0,0.0,0.0
2060,6,28,4,97217.21752666666,50795.62167,35349.25267666666,52249.27452,8256.913925,0.0,0.0,0.0
2060,6,28,5,97881.79337333333,49522.38970333333,35378.66125333333,51898.457740000005,8225.708963666666,0.0,0.0,0.0
2060,6,28,6,95471.56504333334,48839.87896,34158.97318,49858.98027,8124.039316666666,0.0,0.0,0.0
2060,6,28,7,94937.02435,51957.854369999994,39224.201923333334,54489.02004666667,8540.598026333333,0.0,0.0,0.0
2060,6,28,8,94217.97743333333,51110.510733333336,37670.21222666666,52415.932773333334,7595.756993666667,0.0,0.0,0.0
2060,6,29,1,91063.84251333335,47959.67884666667,33754.61251,49456.96649,6813.083248333333,0.0,0.0,0.0
2060,6,29,2,84992.26100333333,44916.94882333333,31693.578406666667,47083.99866666666,6530.326313666667,0.0,0.0,0.0
2060,6,29,3,82641.13955333334,44844.19519666667,31969.00493,45466.44009333333,7343.799384333334,0.0,0.0,0.0
2060,6,29,4,86479.52365333334,43968.63092,31737.79268,44977.09877666667,8037.320236,0.0,0.0,0.0
2060,6,29,5,88231.92706999999,43600.86436666667,31917.836903333333,45639.73338333333,8096.89071,0.0,0.0,0.0
2060,6,29,6,88100.61705666666,43212.294506666665,31695.635556666664,45059.21100333333,8121.3157636666665,0.0,0.0,0.0
2060,6,29,7,91404.14174333333,48464.753020000004,38394.47445666667,52445.60211666667,8695.029265666666,0.0,0.0,0.0
2060,6,29,8,92342.92721666668,48166.350146666664,36933.80990666666,50964.829633333335,7519.671358333333,0.0,0.0,0.0
2060,6,30,1,94289.02159666666,49233.635160000005,33999.87713,50154.22498333334,6856.804963,0.0,0.0,0.0
2060,6,30,2,93356.00194,49561.33071666667,33506.68228,50794.66553,6768.144627000001,0.0,0.0,0.0
2060,6,30,3,96008.65545666666,51338.159186666664,35439.36171333333,51269.722676666664,7718.635583333333,0.0,0.0,0.0
2060,6,30,4,111142.71406666667,54908.64999666667,37715.41161666667,55805.62603666666,8450.257200333333,0.0,0.0,0.0
2060,6,30,5,112784.92950000001,53948.36583333334,38113.65878,55697.78493666666,8521.127521,0.0,0.0,0.0
2060,6,30,6,112874.48803333333,54341.25282,37783.29762,55381.82383333333,8357.395639,0.0,0.0,0.0
2060,6,30,7,105433.07533333334,56859.90174,42830.70737333333,58645.74111333333,8901.990305,0.0,0.0,0.0
2060,6,30,8,105775.08406666666,56265.703643333334,41090.70482,56854.773349999996,7689.748539333334,0.0,0.0,0.0
2060,7,1,1,99666.09714666667,52619.12719666667,35733.88208,52513.632986666664,6850.8653,0.0,0.0,0.0
2060,7,1,2,93277.04788333333,49519.347440000005,33477.76626333333,50752.04482666667,6762.2918856666665,0.0,0.0,0.0
2060,7,1,3,95927.64424666668,51294.814130000006,35409.75032,51226.87018,7712.1454146666665,0.0,0.0,0.0
2060,7,1,4,111051.21429999999,54864.319826666666,37684.786133333335,55760.42664666667,8443.419344333333,0.0,0.0,0.0
2060,7,1,5,112691.98099999999,53904.55720333333,38082.74355666667,55652.41170333334,8514.202743333333,0.0,0.0,0.0
2060,7,1,6,112781.07596666667,54297.00957333334,37752.527266666664,55337.14598,8350.383939333333,0.0,0.0,0.0
2060,7,1,7,105345.40010000001,56813.920053333335,42794.17120333333,58596.688186666666,8894.515021666666,0.0,0.0,0.0
2060,7,1,8,105687.84346666666,56220.011696666676,41056.45759,56807.63270333334,7683.287344666666,0.0,0.0,0.0
2060,7,2,1,99623.47643666668,52596.962113333335,35718.554846666666,52491.294056666666,6849.300705999999,0.0,0.0,0.0
2060,7,2,2,93256.04176000001,49508.22143666667,33470.14610666667,50740.68703333333,6760.756265666667,0.0,0.0,0.0
2060,7,2,3,95906.02966666668,51283.45633666666,35401.81145,51215.51238666667,7710.464924666667,0.0,0.0,0.0
2060,7,2,4,111027.2818,54852.67229333334,37676.61547333333,55748.402449999994,8441.593984666666,0.0,0.0,0.0
2060,7,2,5,112666.94746666668,53892.93864,38074.63084666667,55640.47442666666,8512.34841,0.0,0.0,0.0
2060,7,2,6,112756.30320000001,54285.33306333333,37744.182766666665,55325.17973333333,8348.616527333334,0.0,0.0,0.0
2060,7,2,7,105322.36583333334,56801.779963333334,42784.378000000004,58583.73682333333,8892.602739666667,0.0,0.0,0.0
2060,7,2,8,105664.69323333334,56207.78468333333,41047.156943333335,56795.17389666667,7681.6068546666675,0.0,0.0,0.0
2060,7,3,1,99973.07630999999,52781.81601666667,35844.82339,52676.29283,6888.212742,0.0,0.0,0.0
2060,7,3,2,93774.58883000001,49784.024620000004,33660.215326666665,51021.32886666667,6799.320614666667,0.0,0.0,0.0
2060,7,3,3,96439.64319999999,51567.83581333333,35597.2988,51497.51599666666,7752.9407593333335,0.0,0.0,0.0
2060,7,3,4,111633.4461,55143.65783333333,37878.448123333335,56046.66046000001,8486.532606,0.0,0.0,0.0
2060,7,3,5,113281.86196666666,54182.011900000005,38278.98423,55939.74652666666,8557.663692333334,0.0,0.0,0.0
2060,7,3,6,113370.43536666666,54576.34758,37947.377186666665,55620.39547333333,8393.757966333333,0.0,0.0,0.0
2060,7,3,7,105898.1944,57105.51405,43026.16575,58908.158319999995,8941.423872666666,0.0,0.0,0.0
2060,7,3,8,106240.08723333334,56508.418556666664,41275.268983333335,57104.81867666667,7724.285506666667,0.0,0.0,0.0
2060,7,4,1,99995.21243333333,52791.26152666667,35853.370709999996,52687.56370666667,6870.451701000001,0.0,0.0,0.0
2060,7,4,2,93539.11740666667,49658.74118666667,33573.67009,50893.95931,6781.733417,0.0,0.0,0.0
2060,7,4,3,96196.84136666667,51438.38013333333,35508.40667333334,51368.958510000004,7733.6730720000005,0.0,0.0,0.0
2060,7,4,4,111357.4401,55011.62347,37786.80347,55911.236143333335,8465.903142,0.0,0.0,0.0
2060,7,4,5,113001.88656666665,54049.89061333333,38185.45626666667,55803.82965,8537.005255,0.0,0.0,0.0
2060,7,4,6,113091.03943333332,54444.052449999996,37854.80536666667,55485.60858,8373.215424666667,0.0,0.0,0.0
2060,7,4,7,105636.06696666667,56967.04746666667,42916.151600000005,58760.53596333333,8919.200840666666,0.0,0.0,0.0
2060,7,4,8,105978.39436666667,56372.26989333334,41171.0786,56963.71546,7704.901923333334,0.0,0.0,0.0
2060,7,5,1,97147.33232,51461.70417666667,35360.146889999996,52362.01222333333,6878.390567666666,0.0,0.0,0.0
2060,7,5,2,88300.65332,48524.29452333334,32824.345376666664,49830.23809666667,6756.641962333334,0.0,0.0,0.0
2060,7,5,3,89552.47352,49514.47981333333,34236.565460000005,49638.57530999999,7573.331143666666,0.0,0.0,0.0
2060,7,5,4,99277.70113,51866.70227333333,36091.97132333333,53333.42238,8424.818058333332,0.0,0.0,0.0
2060,7,5,5,99963.77566,50577.244886666675,36121.75656,52979.91102,8393.062591333333,0.0,0.0,0.0
2060,7,5,6,97517.04013,49885.81016,34890.01531333334,50922.73046,8292.638825,0.0,0.0,0.0
2060,7,5,7,96965.25992,53049.88315,40048.30844,55639.634183333335,8714.036187333333,0.0,0.0,0.0
2060,7,5,8,96228.27811999999,52191.065826666665,38451.089589999996,53511.72816666667,7757.518645666667,0.0,0.0,0.0
2060,7,6,1,90358.15259333333,47587.62414666667,33496.25165333333,49068.396629999996,6656.536909666666,0.0,0.0,0.0
2060,7,6,2,83029.01403333333,43876.7255,30962.420369999996,46000.66207666667,6378.937341,0.0,0.0,0.0
2060,7,6,3,80727.40909666667,43807.41977,31231.936203333335,44420.798630000005,7177.372923333333,0.0,0.0,0.0
2060,7,6,4,84489.85243,42949.73242666667,31004.635443333333,43933.311656666665,7860.347251333333,0.0,0.0,0.0
2060,7,6,5,86208.4722,42589.03552666667,31182.68046,44581.25645666666,7918.903636666667,0.0,0.0,0.0
2060,7,6,6,86081.53725666668,42210.17194333333,30964.59341666667,44012.75827,7942.459471333333,0.0,0.0,0.0
2060,7,6,7,89326.33171666668,47354.847303333336,37551.2741,51285.9481,8509.422038666666,0.0,0.0,0.0
2060,7,6,8,90246.57385333332,47061.60179666666,36122.278093333334,49826.935059999996,7350.550318666666,0.0,0.0,0.0
2060,7,7,1,92184.46859666666,48135.84056333333,33228.56118,49027.25359666667,6699.3604313333335,0.0,0.0,0.0
2060,7,7,2,91259.21396333333,48443.631003333336,32738.93012666667,49656.88685666667,6612.467507333334,0.0,0.0,0.0
2060,7,7,3,93853.71673,50188.617079999996,34648.19859666666,50125.54075666666,7546.327407333333,0.0,0.0,0.0
2060,7,7,4,108706.8727,53730.62648333333,36896.25965,54607.320750000006,8269.459652333333,0.0,0.0,0.0
2060,7,7,5,110306.78616666666,52781.55525,37289.66816,54498.262736666664,8338.417691333334,0.0,0.0,0.0
2060,7,7,6,110397.79340000001,53173.68891,36963.94283000001,54187.951563333336,8175.178366666667,0.0,0.0,0.0
2060,7,7,7,103105.0172,55646.15332666666,41860.890783333336,57343.15851666667,8707.343201000001,0.0,0.0,0.0
2060,7,7,8,103457.28266666667,55055.92466333334,40179.35768666666,55605.35798333333,7517.150623333332,0.0,0.0,0.0
2060,7,8,1,97478.35987666667,51472.68531,34938.48876,51356.12304333333,6693.565638,0.0,0.0,0.0
2060,7,8,2,91181.33194666666,48402.05335666667,32710.506666666664,49614.55589333334,6606.7306623333325,0.0,0.0,0.0
2060,7,8,3,93773.60371333333,50145.967403333336,34618.84796333333,50083.03594666667,7539.9241606666665,0.0,0.0,0.0
2060,7,8,4,108616.73473333333,53687.223483333335,36865.89493,54562.90365666666,8262.679744333333,0.0,0.0,0.0
2060,7,8,5,110214.79383333334,52738.35507,37258.89780666667,54453.35309333333,8331.666757333334,0.0,0.0,0.0
2060,7,8,6,110306.49643333333,53130.45975,36933.404273333326,54143.70831666666,8168.340510666666,0.0,0.0,0.0
2060,7,8,7,103018.52990000001,55601.82315666667,41825.3687,57295.40942333334,8700.215605666666,0.0,0.0,0.0
2060,7,8,8,103371.5487,55011.18886,40145.80583666667,55559.40527333334,7510.834299000001,0.0,0.0,0.0
2060,7,9,1,97436.57944,51450.86791,34923.24845333333,51334.073853333335,6692.001044000001,0.0,0.0,0.0
2060,7,9,2,91160.67350666667,48391.1012,32702.944463333333,49603.28502,6605.1660679999995,0.0,0.0,0.0
2060,7,9,3,93752.48169666667,50134.75447666666,34611.02499666667,50071.678153333334,7538.214696666667,0.0,0.0,0.0
2060,7,9,4,108593.46863333334,53675.836716666665,36857.81119666667,54551.169200000004,8260.941306333334,0.0,0.0,0.0
2060,7,9,5,110190.89030000001,52727.171116666665,37250.843043333334,54441.67658666667,8329.928319333334,0.0,0.0,0.0
2060,7,9,6,110282.76673333334,53119.07298333334,36925.291560000005,54131.91591333333,8166.573098666668,0.0,0.0,0.0
2060,7,9,7,102996.04609999999,55590.03075333333,41816.27087666667,57283.03754,8698.303323666667,0.0,0.0,0.0
2060,7,9,8,103349.20973333334,54999.396459999996,40137.02672666666,55547.58389333333,7509.182783,0.0,0.0,0.0
2060,7,10,1,97779.83401333333,51632.85339333333,35048.35804,51517.71085333333,6730.304627333334,0.0,0.0,0.0
2060,7,10,2,91671.89016666666,48664.32570000001,32889.97141333333,49881.17433,6643.064015666667,0.0,0.0,0.0
2060,7,10,3,94276.91048,50414.58504333333,34804.19443,50350.92923666667,7580.226947333334,0.0,0.0,0.0
2060,7,10,4,109183.49449999999,53960.10029666667,37057.32592333333,54842.357560000004,8304.807890666667,0.0,0.0,0.0
2060,7,10,5,110791.46269999999,53009.66728666667,37451.835446666664,54733.67621666667,8374.171565333332,0.0,0.0,0.0
2060,7,10,6,110879.63046666667,53401.887866666664,37125.58859,54423.01735,8211.019162666666,0.0,0.0,0.0
2060,7,10,7,103562.42916666665,55881.82756666667,42049.33745666667,57597.54994,8745.067305,0.0,0.0,0.0
2060,7,10,8,103911.6524,55292.35223,40356.73631,55850.18799666667,7550.963241666667,0.0,0.0,0.0
2060,7,11,1,97802.05701666667,51642.472753333335,35056.673566666665,51527.504049999996,6712.833325333333,0.0,0.0,0.0
2060,7,11,2,91439.46100666666,48540.11430666666,32804.90384666666,49754.760910000005,6625.8245056666665,0.0,0.0,0.0
2060,7,11,3,94038.45473666668,50287.15754000001,34716.461260000004,50223.93634666666,7561.046182000001,0.0,0.0,0.0
2060,7,11,4,108915.57223333333,53830.84743,36966.63741,54710.236273333336,8284.873802333334,0.0,0.0,0.0
2060,7,11,5,110518.55686666667,52881.051849999996,37360.45155666667,54601.265190000006,8353.947737333334,0.0,0.0,0.0
2060,7,11,6,110607.99949999999,53273.24345666667,37034.72623333333,54290.345559999994,8190.824308333334,0.0,0.0,0.0
2060,7,11,7,103304.18423333333,55748.92398666666,41943.1189,57454.215729999996,8723.771439666665,0.0,0.0,0.0
2060,7,11,8,103655.46456666668,55159.651463333335,40256.63125666667,55712.32986333334,7531.869398,0.0,0.0,0.0
2060,7,12,1,94986.62777666666,50324.15729333333,34569.12864333334,51205.197653333336,6720.6852703333325,0.0,0.0,0.0
2060,7,12,2,86274.41695,47420.03873,32068.385626666666,48703.64337333333,6601.196634666667,0.0,0.0,0.0
2060,7,12,3,87501.17467333334,48389.188916666666,33461.656736666664,48516.23976,7403.224988999999,0.0,0.0,0.0
2060,7,12,4,97062.67039333335,50715.914286666666,35293.622663333335,52167.62588666667,8244.252301666666,0.0,0.0,0.0
2060,7,12,5,97726.63779333333,49443.14591,35322.915343333334,51817.12781333333,8213.076314333333,0.0,0.0,0.0
2060,7,12,6,95318.35071666667,48761.649249999995,34104.15443333334,49778.896226666664,8111.464615,0.0,0.0,0.0
2060,7,12,7,94785.17178666667,51876.93008,39162.63224333333,54403.28608,8527.733585333333,0.0,0.0,0.0
2060,7,12,8,94066.76230333334,51029.29670666667,37611.77174,52333.8785,7583.645875666666,0.0,0.0,0.0
2060,7,13,1,91825.45218333334,48362.82261,34036.15253666667,49869.70063666667,6906.0317313333335,0.0,0.0,0.0
2060,7,13,2,86159.33235666667,45536.615040000004,32128.33276666667,47727.394556666666,6620.3774,0.0,0.0,0.0
2060,7,13,3,83780.33795,45461.746309999995,32407.352063333336,46087.61295333334,7442.2239469999995,0.0,0.0,0.0
2060,7,13,4,87663.08119333333,44575.40371333333,32173.706000000002,45598.677273333335,8142.524706666667,0.0,0.0,0.0
2060,7,13,5,89433.21667666668,44203.34901666667,32354.59047,46269.685353333334,8202.240051,0.0,0.0,0.0
2060,7,13,6,89298.86439666666,43809.27410666667,32129.86839,45682.61485333333,8227.331505333334,0.0,0.0,0.0
2060,7,13,7,92638.66449,49123.12845333334,38898.24480333333,53137.00786666666,8807.332358,0.0,0.0,0.0
2060,7,13,8,93584.22987,48823.16098000001,37415.50209,51637.40230666666,7620.211020666667,0.0,0.0,0.0
2060,7,14,1,95539.21924,49885.43350000001,34456.01427666666,50820.597226666665,6950.072159666666,0.0,0.0,0.0
2060,7,14,2,94597.01485666668,50220.40152000001,33961.515600000006,51466.340006666665,6860.658500666667,0.0,0.0,0.0
2060,7,14,3,97283.50994666666,52017.33792333334,35907.37818666667,51945.65633,7819.986516666667,0.0,0.0,0.0
2060,7,14,4,112595.70053333334,55603.851336666674,38199.74043333333,56521.225053333335,8558.040353999999,0.0,0.0,0.0
2060,7,14,5,114259.32770000001,54637.685463333335,38603.927260000004,56413.26805333333,8629.316310333334,0.0,0.0,0.0
2060,7,14,6,114346.59726666666,55035.613913333334,38269.16205666666,56091.13549666666,8466.453647333334,0.0,0.0,0.0
2060,7,14,7,106812.52586666668,57590.248503333336,43410.679253333336,59424.76414000001,9018.98718,0.0,0.0,0.0
2060,7,14,8,107155.75146666665,56991.06688,41639.732500000006,57597.54994,7792.432275,0.0,0.0,0.0
2060,7,15,1,100965.81133666668,53300.27616666667,36203.63699,53197.79524666667,6944.0745486666665,0.0,0.0,0.0
2060,7,15,2,94517.88695333333,50178.15747666667,33932.28086666667,51423.168803333334,6854.747811666667,0.0,0.0,0.0
2060,7,15,3,97201.97723333332,51974.07979333333,35877.592946666664,51902.42717333333,7813.525321999999,0.0,0.0,0.0
2060,7,15,4,112502.52023333334,55559.57912,38168.91213333333,56475.56208333333,8551.173524,0.0,0.0,0.0
2060,7,15,5,114164.35103333334,54593.81888,38572.22974,56367.402266666664,8622.362559,0.0,0.0,0.0
2060,7,15,6,114252.48986666667,54991.48656333333,38238.217860000004,56045.066889999995,8459.355025666666,0.0,0.0,0.0
2060,7,15,7,106724.21323333333,57543.07888333333,43373.447706666666,59374.40738333333,9011.453949,0.0,0.0,0.0
2060,7,15,8,107067.03316666668,56944.62161666667,41604.500159999996,57549.77187333334,7785.826210666666,0.0,0.0,0.0
2060,7,16,1,100922.90086666668,53277.85031666667,36188.10694333334,53175.485290000004,6942.509954666667,0.0,0.0,0.0
2060,7,16,2,94496.70698333334,50167.1184,33924.57379333334,51411.81100666666,6853.154243666667,0.0,0.0,0.0
2060,7,16,3,97180.65238333335,51962.72199666667,35869.71202666667,51891.098353333335,7811.844832,0.0,0.0,0.0
2060,7,16,4,112478.18213333334,55547.84466,38160.82839666667,56463.50891,8549.348164,0.0,0.0,0.0
2060,7,16,5,114139.69420000001,54582.40313666667,38564.00113,56355.46499,8620.508225,0.0,0.0,0.0
2060,7,16,6,114227.7461,54979.983903333334,38230.16309666666,56033.245513333335,8457.529665666667,0.0,0.0,0.0
2060,7,16,7,106701.14993333333,57530.706999999995,43363.74142666667,59361.340123333335,9009.454745333334,0.0,0.0,0.0
2060,7,16,8,107043.91196666665,56932.19178666666,41595.402330000004,57537.25511666667,7784.116746666667,0.0,0.0,0.0
2060,7,17,1,101275.39813333335,53462.269609999996,36314.81009333333,53361.44020666667,6981.914548666667,0.0,0.0,0.0
2060,7,17,2,95017.77479,50443.21132,34116.120683333334,51693.95949,6892.095253666666,0.0,0.0,0.0
2060,7,17,3,97714.96130333333,52246.17430333333,36065.74988333333,52175.15911666667,7854.407588333333,0.0,0.0,0.0
2060,7,17,4,113089.30099999999,55837.93201,38365.15280333334,56763.79509333333,8594.489603333333,0.0,0.0,0.0
2060,7,17,5,114760.28756666667,54870.57820333333,38770.498589999996,56655.95399333333,8666.084273333334,0.0,0.0,0.0
2060,7,17,6,114845.76076666667,55268.043066666665,38434.16879,56332.778373333334,8503.569297666667,0.0,0.0,0.0
2060,7,17,7,107280.65823333334,57838.75821,43608.42657,59690.65822333333,9058.420747999999,0.0,0.0,0.0
2060,7,17,8,107625.2746,57237.08483000001,41827.136113333334,57850.37677,7827.258981999999,0.0,0.0,0.0
2060,7,18,1,101299.21474666666,53473.85919333333,36323.73407666667,53372.01570333333,6963.892741666667,0.0,0.0,0.0
2060,7,18,2,94780.36211333332,50317.435333333335,34028.90904666667,51565.57584333333,6874.363186333333,0.0,0.0,0.0
2060,7,18,3,97471.43510333332,52117.12426333333,35976.423149999995,52045.84830333333,7834.908109333333,0.0,0.0,0.0
2060,7,18,4,112810.68733333335,55705.66585333333,38271.682786666664,56626.74823333334,8573.831165333333,0.0,0.0,0.0
2060,7,18,5,114477.44373333333,54738.97845333334,38676.39114666667,56519.573533333336,8645.425836,0.0,0.0,0.0
2060,7,18,6,114563.75716666666,55137.05177333334,38340.98851333334,56196.36893999999,8482.592146333334,0.0,0.0,0.0
2060,7,18,7,107016.47359999998,57698.26344666667,43496.67398666667,59540.28334,9036.197716,0.0,0.0,0.0
2060,7,18,8,107359.7282,57097.89389666667,41721.38113666666,57707.79588,7807.614633666667,0.0,0.0,0.0
2060,7,19,1,98427.89471000001,52136.59476333333,35827.670803333334,53044.89963,6972.034425999999,0.0,0.0,0.0
2060,7,19,2,89502.58035,49179.33794666667,33273.35493,50495.97291333333,6848.981992333333,0.0,0.0,0.0
2060,7,19,3,90767.46781333334,50181.34461333333,34696.03461333333,50301.528626666666,7674.131571666668,0.0,0.0,0.0
2060,7,19,4,100587.03466,52545.040766666665,36564.131076666665,54021.64099666666,8532.253524,0.0,0.0,0.0
2060,7,19,5,101291.94227,51245.47146666667,36594.06118,53665.550956666666,8500.237291666666,0.0,0.0,0.0
2060,7,19,6,98819.39094333333,50553.399313333335,35354.52594,51597.621049999994,8400.914535999998,0.0,0.0,0.0
2060,7,19,7,98258.86058,53741.057113333336,40578.90868,56377.65904666667,8825.991592,0.0,0.0,0.0
2060,7,19,8,97509.07228666666,52877.83574,38954.628143333335,54213.36173333333,7860.868783000001,0.0,0.0,0.0
2060,7,20,1,92656.42553000001,48804.29893333333,34344.986039999996,50311.17695666667,6871.205024333333,0.0,0.0,0.0
2060,7,20,2,85720.60856333333,45303.66435,31964.94857333333,47485.664763333334,6586.622729666667,0.0,0.0,0.0
2060,7,20,3,83352.10273333335,45229.43305,32242.63506,45854.34355,7405.166244666667,0.0,0.0,0.0
2060,7,20,4,87218.38876666666,44347.29168,32009.858216666664,45365.00223666666,8103.120113,0.0,0.0,0.0
2060,7,20,5,88981.97613000001,43976.743630000004,32190.539869999997,46032.881129999994,8162.719561333334,0.0,0.0,0.0
2060,7,20,6,88848.86972999999,43584.870740000006,31966.88983,45448.186493333335,8187.434354333333,0.0,0.0,0.0
2060,7,20,7,92174.87821666668,48876.12539333333,38708.291483333334,52876.85062666666,8765.001393666667,0.0,0.0,0.0
2060,7,20,8,93117.98081,48576.27382,37234.472753333335,51384.80726666667,7582.544865,0.0,0.0,0.0
2060,7,21,1,86539.44181333332,45125.21369333333,31207.42423,46029.78091333333,5998.856854333334,0.0,0.0,0.0
2060,7,21,2,81798.54764666666,43405.69573,29314.120420000003,44508.879486666665,5919.873822666667,0.0,0.0,0.0
2060,7,21,3,84131.00985999999,44999.61155,31065.97332666667,44952.38398666666,6771.447659,0.0,0.0,0.0
2060,7,21,4,97766.62186999999,48348.683313333335,33169.80197666667,49132.83473333333,7438.283488,0.0,0.0,0.0
2060,7,21,5,99184.78161,47448.40424,33540.90053333333,49025.83387333333,7504.344130666667,0.0,0.0,0.0
2060,7,21,6,99301.66258666666,47807.56552333333,33232.70445666667,48728.387140000006,7352.984131666667,0.0,0.0,0.0
2060,7,21,7,92655.12170333334,50127.53996,37676.12292,51615.1503,7853.103760000001,0.0,0.0,0.0
2060,7,21,8,93042.59055000001,49595.80973666667,36189.81640666667,50049.74486,6744.443922666666,0.0,0.0,0.0
2060,7,22,1,97653.88417666667,51571.86319333333,34982.81892666667,51454.72144666667,7081.613965333333,0.0,0.0,0.0
2060,7,22,2,96331.54133333334,51137.77523666667,34596.8857,52402.112193333334,6990.548790666668,0.0,0.0,0.0
2060,7,22,3,99057.78871333333,52959.19464,36559.9878,52892.409643333325,7962.683299666667,0.0,0.0,0.0
2060,7,22,4,114637.409,56573.11742333334,38879.75941333333,57526.82449,8708.762925666666,0.0,0.0,0.0
2060,7,22,5,116331.57473333333,55599.41832,39296.28915333334,57419.67876333333,8781.63245,0.0,0.0,0.0
2060,7,22,6,116417.5405,55999.54879333333,38950.16615333333,57086.88378666667,8619.581058,0.0,0.0,0.0
2060,7,22,7,108745.90066666667,58623.31525666666,44231.88837333334,60524.99255,9185.210823333333,0.0,0.0,0.0
2060,7,22,8,109101.41123333333,58017.846293333336,42416.234789999995,58647.76929,7935.505719333334,0.0,0.0,0.0
2060,7,23,1,102841.15126666667,54274.55474666667,36876.006843333336,54173.841243333336,7080.020397333334,0.0,0.0,0.0
2060,7,23,2,96310.30341666665,51126.50436,34589.120676666666,52390.63850333333,6988.9552220000005,0.0,0.0,0.0
2060,7,23,3,99036.05824,52947.691973333334,36552.07790333333,52880.878006666666,7960.915887666667,0.0,0.0,0.0
2060,7,23,4,114612.52033333333,56561.46989,38871.414913333334,57514.51055333333,8706.966539666666,0.0,0.0,0.0
2060,7,23,5,116306.4543,55588.031553333334,39287.799783333336,57407.364826666664,8779.691194333334,0.0,0.0,0.0
2060,7,23,6,116392.21723333333,55987.669466666666,38941.85062333333,57074.77267,8617.842620000001,0.0,0.0,0.0
2060,7,23,7,108722.2869,58610.62466333333,44221.83440666667,60511.54863,9183.240594,0.0,0.0,0.0
2060,7,23,8,109077.59463333333,58005.38748666667,42406.847226666665,58635.02074333333,7933.738307333333,0.0,0.0,0.0
2060,7,24,1,103202.68843333334,54462.68271,37004.21664666667,54363.330983333326,7120.062418999999,0.0,0.0,0.0
2060,7,24,2,96838.87548,51405.98723666667,34782.11626666667,52674.786186666664,7028.4757119999995,0.0,0.0,0.0
2060,7,24,3,99578.13216666668,53234.418340000004,36750.31778,53169.02409666666,8004.608627999999,0.0,0.0,0.0
2060,7,24,4,115240.1544,56861.089673333336,39078.43390333333,57824.38712333333,8753.295911666666,0.0,0.0,0.0
2060,7,24,5,116941.36083333334,55883.305239999994,39499.59947,57717.15447,8826.542097333333,0.0,0.0,0.0
2060,7,24,6,117030.07910000002,56280.97292,39150.26036,57379.14418333333,8664.345835333334,0.0,0.0,0.0
2060,7,24,7,109314.16706666666,58929.33829000001,44474.893026666665,60849.76173666667,9235.248863,0.0,0.0,0.0
2060,7,24,8,109675.06680000002,58323.753423333335,42644.3758,58957.587906666675,7976.996439,0.0,0.0,0.0
2060,7,25,1,103227.3163,54474.764853333334,37013.63318333333,54373.87750333333,7101.808820333333,0.0,0.0,0.0
2060,7,25,2,96597.98592666666,51278.44384,34694.26720333333,52545.47537333333,7010.453904999999,0.0,0.0,0.0
2060,7,25,3,99330.95528,53104.32523333334,36660.32464,53037.16358,7984.703513666666,0.0,0.0,0.0
2060,7,25,4,114953.71776666667,56724.47742333333,38983.8339,57682.733403333325,8732.086968,0.0,0.0,0.0
2060,7,25,5,116651.0996,55747.562210000004,39402.8554,57575.964336666664,8805.391102333333,0.0,0.0,0.0
2060,7,25,6,116738.45613333333,56147.22909666667,39054.93601333333,57240.214016666665,8643.136892333334,0.0,0.0,0.0
2060,7,25,7,109044.18766666665,58783.59924,44359.31587666667,60695.765106666666,9211.403288666666,0.0,0.0,0.0
2060,7,25,8,109402.21896666667,58178.91257000001,42535.897269999994,58809.93657666667,7957.381063666667,0.0,0.0,0.0
2060,7,26,1,100311.52121333334,53124.60701,36512.789209999995,54043.08173666667,7109.776660666666,0.0,0.0,0.0
2060,7,26,2,91261.56085666666,50135.47883,33930.861143333335,51468.6869,6984.696049333333,0.0,0.0,0.0
2060,7,26,3,92544.87576000001,51156.347550000006,35367.73807,51272.38828000001,7821.116501333333,0.0,0.0,0.0
2060,7,26,4,102507.11039333332,53537.51500000001,37255.56580333333,55028.42837,8689.784978,0.0,0.0,0.0
2060,7,26,5,103234.35693333333,52225.39997,37285.43796,54667.93428666666,8657.421057666666,0.0,0.0,0.0
2060,7,26,6,100724.45816333334,51526.54791,36033.44391333333,52581.46104333334,8560.445193333333,0.0,0.0,0.0
2060,7,26,7,100152.65694,54748.33704333333,41365.233146666666,57469.22424333333,8993.953673333333,0.0,0.0,0.0
2060,7,26,8,99383.36918333334,53876.22066333333,39697.72345333333,55249.15204666666,8010.982901,0.0,0.0,0.0
2060,7,27,1,94692.91868333332,49880.594849999994,35097.90352,51407.92849333333,7034.009739666667,0.0,0.0,0.0
2060,7,27,2,87762.43292333333,46388.36272,32725.978763333336,48608.405946666666,6744.009313333333,0.0,0.0,0.0
2060,7,27,3,85344.61340666667,46311.08914999999,33008.59083,46939.766266666666,7577.8800563333325,0.0,0.0,0.0
2060,7,27,4,89286.55046333333,45409.04266666667,32772.10532,46453.11953333334,8285.192515666668,0.0,0.0,0.0
2060,7,27,5,91085.16735,45032.004446666666,32954.496433333334,47135.63027666666,8344.90786,0.0,0.0,0.0
2060,7,27,6,90945.68668,44630.33835333333,32726.06568666667,46539.751690000005,8373.707982,0.0,0.0,0.0
2060,7,27,7,94330.10668000001,50027.11619666667,39594.34433666667,54092.85900333334,8963.617930666665,0.0,0.0,0.0
2060,7,27,8,95288.88419,49723.26621333333,38079.208730000006,52562.36719666666,7757.721463666666,0.0,0.0,0.0
2060,7,28,1,97259.72230666666,50775.71655333333,35080.77990666666,51732.407940000005,7078.890413,0.0,0.0,0.0
2060,7,28,2,96295.20798,51118.50754666666,34583.5287,52382.525793333334,6987.825237666667,0.0,0.0,0.0
2060,7,28,3,99020.67305666667,52939.57926333334,36546.39900666667,52872.707350000004,7959.6989810000005,0.0,0.0,0.0
2060,7,28,4,114595.13596666667,56552.922569999995,38865.56217333333,57505.73144333333,8705.662710999999,0.0,0.0,0.0
2060,7,28,5,116288.7512,55579.831920000004,39281.80216666667,57398.67263666666,8778.387365666667,0.0,0.0,0.0
2060,7,28,6,116374.3113,55979.32496333334,38935.88198666667,57066.13843,8616.538791333332,0.0,0.0,0.0
2060,7,28,7,108705.59790000001,58601.584786666666,44214.70681333333,60502.10312000001,9181.762921,0.0,0.0,0.0
2060,7,28,8,109060.9636,57996.46350666666,42400.15424,58625.893943333336,7932.521401000001,0.0,0.0,0.0
2060,7,29,1,102760.89336666667,54233.15095,36847.43851666667,54132.29257333333,7072.7769063333335,0.0,0.0,0.0
2060,7,29,2,96214.42856333333,51075.85787,34554.12012666667,52339.29663333334,6981.740705,0.0,0.0,0.0
2060,7,29,3,98938.67673666666,52895.88652,36516.06326333334,52828.724866666664,7952.977021,0.0,0.0,0.0
2060,7,29,4,114499.81163333333,56507.781129999996,38834.24131333333,57458.47490333333,8698.679985,0.0,0.0,0.0
2060,7,29,5,116191.94916666667,55535.18303666666,39249.46722333333,57351.56097,8771.201822333334,0.0,0.0,0.0
2060,7,29,6,116277.33546666667,55934.32839333334,38904.09755,57020.15674666667,8609.498118000001,0.0,0.0,0.0
2060,7,29,7,108616.12626666667,58553.343133333336,44176.22938666667,60451.05098666667,9173.853028666666,0.0,0.0,0.0
2060,7,29,8,108970.15916666666,57948.13493,42363.76293333334,58576.638203333336,7925.857388666666,0.0,0.0,0.0
2060,7,30,1,102716.30243333332,54210.551256666666,36831.531806666666,54109.49006333333,7071.154364000001,0.0,0.0,0.0
2060,7,30,2,96193.13269666668,51064.615970000006,34546.32613,52327.88089,6980.1471366666665,0.0,0.0,0.0
2060,7,30,3,98916.80141,52884.38386,36508.037476666665,52817.019386666674,7951.238582999999,0.0,0.0,0.0
2060,7,30,4,114474.63323333334,56495.58309,38825.83886333333,57445.90020333333,8696.854625,0.0,0.0,0.0
2060,7,30,5,116166.33623333334,55523.41960666666,39240.919903333335,57339.015243333335,8769.289540333333,0.0,0.0,0.0
2060,7,30,6,116251.4617,55922.24625,38895.782016666664,57007.90075666667,8607.61481,0.0,0.0,0.0
2060,7,30,7,108592.54146666666,58540.65253666667,44165.9726,60437.4622,9171.824850666666,0.0,0.0,0.0
2060,7,30,8,108946.25566666666,57935.56022666666,42354.11460666666,58563.62889,7924.1189509999995,0.0,0.0,0.0
2060,7,31,1,103077.98446666666,54398.21563333333,36960.00237666666,54298.77698333334,7111.167410999999,0.0,0.0,0.0
2060,7,31,2,96721.50194333335,51344.069873333334,34739.29274333333,52611.59396666667,7019.6966,0.0,0.0,0.0
2060,7,31,3,99457.62946000001,53170.99432666667,36706.335296666664,53104.78881666667,7994.873375666667,0.0,0.0,0.0
2060,7,31,4,115100.52886666666,56794.855186666675,39032.36529333333,57755.313186666666,8742.894257333333,0.0,0.0,0.0
2060,7,31,5,116800.37349999999,55817.447413333335,39452.71959666666,57648.57309333334,8816.198391666667,0.0,0.0,0.0
2060,7,31,6,116887.78793333333,56215.63663,39103.75714666667,57311.60587,8654.002129666667,0.0,0.0,0.0
2060,7,31,7,109182.5673,58858.3231,44418.59661,60774.89301,9223.659276333334,0.0,0.0,0.0
2060,7,31,8,109542.45293333335,58253.14387333333,42591.49831,58885.99324,7967.464004,0.0,0.0,0.0
2060,8,1,1,103102.5254,54409.89214333333,36969.129173333335,54308.74402666666,7092.913812666667,0.0,0.0,0.0
2060,8,1,2,96480.67033666668,51216.381603333335,34651.38573,52482.31213,7001.703767333333,0.0,0.0,0.0
2060,8,1,3,99210.62638333334,53040.37969,36616.25524,52973.71059666667,7974.968260999999,0.0,0.0,0.0
2060,8,1,4,114813.51273333334,56657.431666666664,38937.93914,57613.77536333333,8721.685314333334,0.0,0.0,0.0
2060,8,1,5,116509.8226,55681.67540666667,39356.03346666667,57507.035273333335,8794.960474666666,0.0,0.0,0.0
2060,8,1,6,116596.83136666667,56082.15357,39008.66459,57172.44391,8632.764212666667,0.0,0.0,0.0
2060,8,1,7,108912.09533333335,58712.584050000005,44302.93253666667,60620.05613333333,9199.784728333334,0.0,0.0,0.0
2060,8,1,8,109269.54716666667,58107.60764,42482.93286333333,58738.486776666665,7947.674785333334,0.0,0.0,0.0
2060,8,2,1,100189.42491,53060.69044,36468.74877666667,53978.52773666667,7100.852679,0.0,0.0,0.0
2060,8,2,2,91148.01188,50073.96709666667,33888.472233333334,51406.01621333333,6975.9748856666665,0.0,0.0,0.0
2060,8,2,3,92430.19680333334,51093.58993666666,35324.65378,51209.74656666667,7811.75791,0.0,0.0,0.0
2060,8,2,4,102383.65232,53473.71432666667,37210.887943333335,54964.135143333326,8679.702037333334,0.0,0.0,0.0
2060,8,2,5,103108.8997,52161.86006666667,37240.99189666667,54603.64105333333,8647.280169666667,0.0,0.0,0.0
2060,8,2,6,100601.66650666668,51463.935170000004,35990.06988333334,52518.55856,8550.275331,0.0,0.0,0.0
2060,8,2,7,100030.41577,54682.62408333333,41314.20999,57398.73058666667,8983.117410333332,0.0,0.0,0.0
2060,8,2,8,99263.01132333332,53811.98538,39649.45282333333,55182.39602666666,8001.363544333333,0.0,0.0,0.0
2060,8,3,1,92941.47141,48953.31203666667,34449.92974666667,50461.11723,6837.508301666666,0.0,0.0,0.0
2060,8,3,2,85297.93634666667,45079.14509,31807.504043333334,47252.59818,6553.911121666667,0.0,0.0,0.0
2060,8,3,3,82939.57140333334,45005.95684666667,32083.77081,45629.476599999995,7369.644162333333,0.0,0.0,0.0
2060,8,3,4,86789.95072666666,44127.58209666666,31852.094973333336,45139.87452333333,8064.932425999999,0.0,0.0,0.0
2060,8,3,5,88546.72921333334,43758.71453,32032.399966666668,45804.74012,8124.618795666666,0.0,0.0,0.0
2060,8,3,6,88414.63689666666,43368.60905333333,31809.61914,45222.39237666666,8149.217693,0.0,0.0,0.0
2060,8,3,7,91727.75197333335,48637.64067666667,38525.66857666667,52626.57350666667,8724.292971333334,0.0,0.0,0.0
2060,8,3,8,92668.44972666667,48338.484476666665,37060.136399999996,51141.107240000005,7546.008693666667,0.0,0.0,0.0
2060,8,4,1,94616.45638666667,49404.87129666667,34119.53961,50328.93799666667,6881.172068666667,0.0,0.0,0.0
2060,8,4,2,93681.40855333333,49734.537083333336,33626.11297,50970.97211333333,6792.366862666667,0.0,0.0,0.0
2060,8,4,3,96343.36271,51516.43599666667,35562.15338,51446.84053000001,7745.320606333334,0.0,0.0,0.0
2060,8,4,4,111524.533,55091.56264333334,37841.99887333333,55992.82683,8478.361947333333,0.0,0.0,0.0
2060,8,4,5,113170.80476666667,54130.06157666667,38242.04242666667,55886.08674,8549.695851999999,0.0,0.0,0.0
2060,8,4,6,113259.75483333335,54523.991623333335,37910.725119999996,55567.17029666667,8385.616282333334,0.0,0.0,0.0
2060,8,4,7,105794.64146666667,57050.55043333333,42982.55993333333,58849.77578,8932.644761333335,0.0,0.0,0.0
2060,8,4,8,106136.47633333334,56454.41108333333,41233.865183333335,57049.07276333333,7716.694327666667,0.0,0.0,0.0
2060,8,5,1,100006.25149666665,52797.23016666667,35856.99246,52692.95286666667,6875.2613796666665,0.0,0.0,0.0
2060,8,5,2,93602.62834333333,49692.52483333333,33597.02310666667,50928.264486666674,6786.4561736666665,0.0,0.0,0.0
2060,8,5,3,96262.20663333334,51473.43863333333,35532.28122,51403.727269999996,7738.888385666666,0.0,0.0,0.0
2060,8,5,4,111431.5845,55047.29042,37811.37339,55947.42462333333,8471.466143333333,0.0,0.0,0.0
2060,8,5,5,113077.10293333333,54085.47064666666,38210.57669666666,55840.82940333333,8542.684152,0.0,0.0,0.0
2060,8,5,6,113166.16893333332,54479.71940333333,37879.75195,55521.94193333333,8378.749451666667,0.0,0.0,0.0
2060,8,5,7,105706.4447,57004.13414,42945.676073333336,58800.31722333334,8925.082556,0.0,0.0,0.0
2060,8,5,8,106048.97496666666,56408.74811666666,41198.95155333334,57001.816223333335,7710.146211333333,0.0,0.0,0.0
2060,8,6,1,99963.48592333333,52775.20995333333,35841.54933666667,52670.555986666666,6873.667811333333,0.0,0.0,0.0
2060,8,6,2,93581.76708666666,49681.5437,33589.345003333336,50916.96464,6784.920553333333,0.0,0.0,0.0
2060,8,6,3,96240.62103,51461.878020000004,35524.42927666667,51392.25358,7737.149948000001,0.0,0.0,0.0
2060,8,6,4,111407.53613333334,55035.46904333334,37803.37657666667,55935.37145666667,8469.698731666665,0.0,0.0,0.0
2060,8,6,5,113052.33023333333,54073.64926666667,38202.37706333333,55828.747260000004,8540.858791999999,0.0,0.0,0.0
2060,8,6,6,113141.19336666667,54468.04289333333,37871.465399999994,55510.03363666666,8376.953066,0.0,0.0,0.0
2060,8,6,7,105683.38143333333,56991.878156666666,42936.02774,58787.249959999994,8923.112326333334,0.0,0.0,0.0
2060,8,6,8,106025.70883333334,56396.608023333334,41189.940650000004,56989.270496666664,7708.436747333333,0.0,0.0,0.0
2060,8,7,1,100314.82426333334,52960.005906666665,35968.10761666667,52856.655770000005,6912.840613666667,0.0,0.0,0.0
2060,8,7,2,94101.8208,49957.607646666664,33780.02267333333,51198.649540000006,6823.658746,0.0,0.0,0.0
2060,8,7,3,96775.82811333334,51746.808,35720.640973333335,51675.647939999995,7779.654756,0.0,0.0,0.0
2060,8,7,4,112017.26426666667,55327.14996333333,38006.74484333333,56235.65764333333,8515.042988333333,0.0,0.0,0.0
2060,8,7,5,113669.96826666668,54364.229170000006,38408.468883333335,56127.72961666667,8585.971257,0.0,0.0,0.0
2060,8,7,6,113759.7006,54759.89765333334,38075.64493333334,55807.82806,8422.789880666665,0.0,0.0,0.0
2060,8,7,7,106262.2523,57298.451689999994,43179.43803,59113.815533333334,8972.397042666666,0.0,0.0,0.0
2060,8,7,8,106605.18816666666,56700.400056666665,41420.19676,57300.97242333333,7751.434113333334,0.0,0.0,0.0
2060,8,8,1,100337.01830666668,52970.639356666674,35976.97365,52867.60793,6894.992650333334,0.0,0.0,0.0
2060,8,8,2,93864.52402,49831.68679333333,33693.24564666667,51070.35281333333,6806.013600666666,0.0,0.0,0.0
2060,8,8,3,96532.27296999999,51617.06258,35631.11142,51546.56892333333,7760.271172333333,0.0,0.0,0.0
2060,8,8,4,111738.70853333334,55193.89869,37913.796363333335,56098.668730000005,8494.268654333333,0.0,0.0,0.0
2060,8,8,5,113388.65999999999,54232.13686,38314.68015666667,55991.986586666666,8565.457689666668,0.0,0.0,0.0
2060,8,8,6,113477.20446666666,54627.19689,37982.609529999994,55671.79529,8401.870676999999,0.0,0.0,0.0
2060,8,8,7,105998.12563333334,57158.18872,43068.35184333333,58964.91832,8949.971193,0.0,0.0,0.0
2060,8,8,8,106340.45303333334,56561.61476,41315.079209999996,57158.85512,7731.673868333332,0.0,0.0,0.0
2060,8,9,1,97482.24239999999,51638.764083333335,35482.82266333333,52541.94055333334,6902.902542666667,0.0,0.0,0.0
2060,8,9,2,88615.83211999999,48695.878346666665,32941.95070666666,50005.06700333334,6780.8352239999995,0.0,0.0,0.0
2060,8,9,3,89871.07125,49689.33769666666,34357.35792333334,49812.82474333333,7599.813348333333,0.0,0.0,0.0
2060,8,9,4,99621.27442666667,52045.23985333333,36216.385533333334,53513.6984,8452.806909333332,0.0,0.0,0.0
2060,8,9,5,100312.53528666667,50752.97199,36245.76513666666,53160.389859999996,8421.196312333333,0.0,0.0,0.0
2060,8,9,6,97858.41139666666,50060.69702,35011.79289333333,51100.282923333325,8320.859468,0.0,0.0,0.0
2060,8,9,7,97305.06659333334,53231.78171,40187.29655666667,55832.10824333333,8742.923231333332,0.0,0.0,0.0
2060,8,9,8,96563.85459333334,52371.13902333333,38582.97908,53695.59695666667,7784.667251666667,0.0,0.0,0.0
2060,8,10,1,92743.75306333334,48850.07779666667,34376.56766,50359.79527,6916.723124666666,0.0,0.0,0.0
2060,8,10,2,86294.43795666668,45608.23868333333,32178.54465,47801.65483666666,6630.779054,0.0,0.0,0.0
2060,8,10,3,83912.02462666667,45533.13816,32457.96958,46159.526333333335,7453.63969,0.0,0.0,0.0
2060,8,10,4,87799.80933999999,44645.40481666667,32224.033779999998,45670.59065666667,8154.722746333333,0.0,0.0,0.0
2060,8,10,5,89572.29171333334,44273.08935333334,32405.063113333334,46342.55488,8214.264247000001,0.0,0.0,0.0
2060,8,10,6,89437.09919,43878.29009333334,32179.935403333337,45754.81797666667,8239.500571333332,0.0,0.0,0.0
2060,8,10,7,92781.01358333333,49199.069220000005,38956.685293333336,53217.29472666667,8820.138851000002,0.0,0.0,0.0
2060,8,10,8,93727.59305333333,48899.01482666667,37471.248003333334,51715.22638,7631.858555,0.0,0.0,0.0
2060,8,11,1,95683.48062333332,49960.244276666665,34508.544076666665,50896.943629999994,6960.821501333333,0.0,0.0,0.0
2060,8,11,2,94739.76958666668,50295.936649999996,34013.98745,51543.61357666666,6871.349893999999,0.0,0.0,0.0
2060,8,11,3,97429.82848666667,52095.10405,35961.06694333333,52023.68322,7831.605077,0.0,0.0,0.0
2060,8,11,4,112763.19900000001,55683.24000333333,38255.86300333333,56603.42419,8570.354289666668,0.0,0.0,0.0
2060,8,11,5,114429.31796666665,54716.69747000001,38660.42649,56496.13359666666,8641.80409,0.0,0.0,0.0
2060,8,11,6,114515.77626666667,55114.596946666665,38324.99488666667,56173.247716666665,8478.999374666668,0.0,0.0,0.0
2060,8,11,7,106971.65086666668,57674.3889,43477.75398666667,59514.81522333333,9032.402126333334,0.0,0.0,0.0
2060,8,11,8,107314.70263333333,57074.42498333333,41703.27240666666,57683.486723333335,7804.253653,0.0,0.0,0.0
2060,8,12,1,101115.80954666667,53378.67971333334,36257.847279999994,53276.546486666666,6954.823890333333,0.0,0.0,0.0
2060,8,12,2,94660.52579,50254.040296666666,33984.78169333333,51500.587236666666,6865.439205,0.0,0.0,0.0
2060,8,12,3,97348.26678333334,52051.81694333333,35931.31068,51980.33817,7825.114908666666,0.0,0.0,0.0
2060,8,12,4,112669.729,55639.05470666667,38224.4842,56557.90609333333,8563.400538,0.0,0.0,0.0
2060,8,12,5,114334.54413333333,54672.62807,38629.04769,56449.86217,8634.821364000001,0.0,0.0,0.0
2060,8,12,6,114421.46603333333,55070.73036333333,38293.93479666667,56127.20808333333,8471.987675,0.0,0.0,0.0
2060,8,12,7,106882.96156666667,57627.45107666667,43440.377570000004,59464.74821,9024.897869,0.0,0.0,0.0
2060,8,12,8,107226.0713,57028.29843,41667.60545333333,57635.38994,7797.7055366666655,0.0,0.0,0.0
2060,8,13,1,101072.63829666667,53356.39873666666,36242.14338666666,53253.97576666667,6953.230322,0.0,0.0,0.0
2060,8,13,2,94639.43274333334,50242.827370000006,33977.01667333333,51489.17149666667,6863.845636666666,0.0,0.0,0.0
2060,8,13,3,97326.6522,52040.43017666667,35923.313866666664,51968.71960666667,7823.463392333334,0.0,0.0,0.0
2060,8,13,4,112644.8983,55627.29127666666,38216.284569999996,56545.82394666667,8561.575178000001,0.0,0.0,0.0
2060,8,13,5,114309.4237,54661.00951,38620.61626,56437.66413333333,8632.96703,0.0,0.0,0.0
2060,8,13,6,114396.51943333332,55059.053850000004,38285.677213333336,56115.039020000004,8470.133341,0.0,0.0,0.0
2060,8,13,7,106859.40573333333,57615.07919,43430.52642,59451.33326000001,9022.898665666668,0.0,0.0,0.0
2060,8,13,8,107202.45746666666,57015.89757,41658.39173333333,57622.87318333334,7795.938124666667,0.0,0.0,0.0
2060,8,14,1,101425.88890333334,53540.23855333333,36369.10731,53440.07555,6992.779786,0.0,0.0,0.0
2060,8,14,2,95161.109,50519.06516333334,34168.766379999994,51771.31997666667,6902.844595333333,0.0,0.0,0.0
2060,8,14,3,97861.97519666667,52323.911456666676,36119.93120333333,52253.30190333333,7866.142044666666,0.0,0.0,0.0
2060,8,14,4,113257.92950000001,55917.66836,38421.53614333333,56846.89243,8606.919434666668,0.0,0.0,0.0
2060,8,14,5,114930.91526666668,54950.11174,38827.80909333334,56739.22517333333,8678.514105,0.0,0.0,0.0
2060,8,14,6,115017.08383333334,55348.011216666666,38490.63905333333,56414.97752000001,8516.172972999999,0.0,0.0,0.0
2060,8,14,7,107440.24683333334,57923.97063999999,43676.02283333333,59780.85417666667,9072.067485666666,0.0,0.0,0.0
2060,8,14,8,107786.05113333334,57321.13830333333,41891.16858,57937.269693333335,7838.964464333333,0.0,0.0,0.0
2060,8,15,1,101449.82138666666,53552.63941,36377.85744666667,53450.88284,6974.757978666667,0.0,0.0,0.0
2060,8,15,2,94923.17479,50393.23123,34081.29397333333,51642.994280000006,6885.05458,0.0,0.0,0.0
2060,8,15,3,97617.84055000001,52194.890386666666,36030.31472333334,52123.846223333334,7846.642565666666,0.0,0.0,0.0
2060,8,15,4,112977.57743333334,55785.08349333333,38328.06613,56709.09224666667,8586.376892666667,0.0,0.0,0.0
2060,8,15,5,114647.43400000001,54818.164300000004,38732.97730333333,56601.16422,8657.768745,0.0,0.0,0.0
2060,8,15,6,114733.3418,55215.94788,38396.93724666667,56278.36527,8495.166847666667,0.0,0.0,0.0
2060,8,15,7,107175.16403333335,57782.37487,43563.80666333333,59630.682113333336,9049.496766333332,0.0,0.0,0.0
2060,8,15,8,107518.9401,57181.30994333333,41784.95002,57793.24010999999,7819.349089666667,0.0,0.0,0.0
2060,8,16,1,98575.43012333334,52214.302943333336,35881.73622333333,53123.766763333326,6982.899663666666,0.0,0.0,0.0
2060,8,16,2,89641.04693333333,49254.58333666667,33325.21833333333,50572.78289666667,6859.644412000001,0.0,0.0,0.0
2060,8,16,3,90907.78873333333,50258.531259999996,34749.230813333335,50377.93297666666,7685.750132,0.0,0.0,0.0
2060,8,16,4,100738.45261,52623.58918666667,36618.399313333335,54101.02966333334,8544.683355666666,0.0,0.0,0.0
2060,8,16,5,101445.09866,51322.65811,36648.35839333333,53744.33117,8512.869940999999,0.0,0.0,0.0
2060,8,16,6,98969.56299333333,50630.006480000004,35408.098803333334,51675.474096666665,8413.576159333334,0.0,0.0,0.0
2060,8,16,7,98408.25035666667,53820.04014333334,40640.13067333333,56463.13224666667,8838.971929,0.0,0.0,0.0
2060,8,16,8,97656.86848666666,52956.673899999994,39013.15555333334,54294.37294333333,7872.661187000001,0.0,0.0,0.0
2060,8,17,1,93021.12084,48997.29451666667,34479.74396,50507.96813666666,6907.335559666666,0.0,0.0,0.0
2060,8,17,2,86175.47085333333,45545.3362,32134.388326666667,47736.23162,6621.623280666667,0.0,0.0,0.0
2060,8,17,3,83796.01286666667,45470.351579999995,32413.436593333332,46096.1313,7443.585723666667,0.0,0.0,0.0
2060,8,17,4,87679.42251,44583.719243333326,32179.703606666666,45607.34048666666,8143.944431333333,0.0,0.0,0.0
2060,8,17,5,89449.96363,44211.66454666667,32360.646026666665,46278.40652,8203.659775,0.0,0.0,0.0
2060,8,17,6,89315.32161,43817.531683333335,32135.894973333332,45691.19114666667,8228.780203666667,0.0,0.0,0.0
2060,8,17,7,92655.64323333332,49132.139356666674,38905.25650333333,53146.48235333333,8808.839004,0.0,0.0,0.0
2060,8,17,8,93601.29553666666,48832.200860000004,37422.05020666667,51646.67397333333,7621.601771000001,0.0,0.0,0.0
2060,8,18,1,95556.45878333335,49894.38645333333,34462.27265333333,50829.60813,6951.347014333333,0.0,0.0,0.0
2060,8,18,2,94614.10949666666,50229.267556666666,33967.80295333333,51475.43783333333,6861.933355,0.0,0.0,0.0
2060,8,18,3,97300.72049333334,52026.52267,35913.83938,51954.89902666667,7821.406241,0.0,0.0,0.0
2060,8,18,4,112615.34486666667,55613.23890333334,38206.346496666665,56530.81543333334,8559.460078333334,0.0,0.0,0.0
2060,8,18,5,114279.20383333333,54646.95713333334,38610.59127,56423.03228000001,8630.765009,0.0,0.0,0.0
2060,8,18,6,114366.64726666668,55044.94353,38275.71017,56100.66793333334,8467.902345666667,0.0,0.0,0.0
2060,8,18,7,106831.15610000001,57600.24452,43418.47325,59435.310659999996,9020.551774333333,0.0,0.0,0.0
2060,8,18,8,107174.32376666665,57000.975979999996,41647.14983666667,57607.63288,7793.851999333333,0.0,0.0,0.0
2060,8,19,1,89727.27346666665,47350.414286666666,32162.81178666667,47224.84112,5742.582124333334,0.0,0.0,0.0
2060,8,19,2,78307.44550333334,41552.69470666667,28060.99638333333,42609.49114333334,5667.018021,0.0,0.0,0.0
2060,8,19,3,80544.40952333334,43084.22958,29740.877966666667,43036.10382,6485.445640000001,0.0,0.0,0.0
2060,8,19,4,93694.07017666666,46310.16198333333,31765.288973333332,47067.10684666666,7127.856415666666,0.0,0.0,0.0
2060,8,19,5,95053.20995333332,45442.275806666665,32126.913043333334,46964.365163333336,7190.961713666667,0.0,0.0,0.0
2060,8,19,6,95171.68449666665,45787.09497333333,31826.916599999997,46676.27702,7045.975987666668,0.0,0.0,0.0
2060,8,19,7,88761.88988333334,48027.622793333336,36160.20501333333,49498.60207666666,7529.464559,0.0,0.0,0.0
2060,8,19,8,89142.6078,47518.724056666666,34712.578746666666,47968.573853333335,6458.760617,0.0,0.0,0.0
2060,8,20,1,95121.41465,50246.391169999995,34063.61986,50123.802319999995,6943.784809666667,0.0,0.0,0.0
2060,8,20,2,94513.97546666667,50176.10033000001,33930.83216666667,51421.08267333333,6854.458071666667,0.0,0.0,0.0
2060,8,20,3,97198.12369,51972.05161333334,35876.17322,51900.312073333334,7813.235582666665,0.0,0.0,0.0
2060,8,20,4,112498.05826666667,55557.435040000004,38167.463436666665,56473.41800666667,8550.825836333333,0.0,0.0,0.0
2060,8,20,5,114159.8601,54591.76172666667,38570.665146666666,56365.22921666667,8622.043845,0.0,0.0,0.0
2060,8,20,6,114247.94093333332,54989.25556666667,38236.65326666667,56042.95179666666,8459.036312,0.0,0.0,0.0
2060,8,20,7,106720.01196666667,57540.78994000001,43371.73824333333,59372.002543333336,9011.106261333334,0.0,0.0,0.0
2060,8,20,8,107062.91886666667,56942.39062,41602.848640000004,57547.598823333334,7785.565445,0.0,0.0,0.0
2060,8,21,1,101293.21713666666,53471.45436,36321.30026333333,53370.82777666667,6983.189403,0.0,0.0,0.0
2060,8,21,2,95034.66661666667,50452.10632666666,34122.37906,51703.14423333333,6893.399082,0.0,0.0,0.0
2060,8,21,3,97732.25875,52255.27213,36072.12415333333,52184.37283333333,7855.827312666667,0.0,0.0,0.0
2060,8,21,4,113109.03226666666,55847.319573333334,38371.70092,56773.414450000004,8595.967275666668,0.0,0.0,0.0
2060,8,21,5,114780.4824,54879.79192333333,38777.19157333334,56665.60232333333,8667.532971666667,0.0,0.0,0.0
2060,8,21,6,114865.72386666667,55277.37269,38440.80382666667,56342.252863333335,8505.017996,0.0,0.0,0.0
2060,8,21,7,107299.23053333334,57848.870123333334,43616.36543666667,59701.03090333333,9059.985342,0.0,0.0,0.0
2060,8,21,8,107644.10766666666,57246.907003333334,41834.669343333335,57860.662526666674,7828.620758666667,0.0,0.0,0.0
2060,8,22,1,101317.17860666667,53483.30471333334,36330.108349999995,53381.31634666667,6965.167596,0.0,0.0,0.0
2060,8,22,2,94797.39880333333,50326.504186666665,34035.16741666666,51574.76059333333,6875.667015,0.0,0.0,0.0
2060,8,22,3,97488.93537333334,52126.48285333333,35982.913316666665,52055.177919999995,7836.356807333334,0.0,0.0,0.0
2060,8,22,4,112830.67936666666,55715.314183333336,38278.31783,56636.483486666664,8575.395759666666,0.0,0.0,0.0
2060,8,22,5,114497.78343333333,54748.39498666666,38683.055159999996,56529.395710000004,8646.932481999998,0.0,0.0,0.0
2060,8,22,6,114583.77816666667,55146.671126666675,38347.7974,56206.24906666666,8484.098792666666,0.0,0.0,0.0
2060,8,22,7,107035.42256666668,57708.40433333333,43504.554899999996,59551.09062666667,9037.76231,0.0,0.0,0.0
2060,8,22,8,107378.90893333334,57107.80299333334,41728.914366666664,57718.16856,7808.976409666667,0.0,0.0,0.0
2060,8,23,1,98445.53985,52145.83746,35834.07405,53054.22924666666,6973.338254666666,0.0,0.0,0.0
2060,8,23,2,89519.15346,49188.40679666667,33279.526386666665,50505.041763333335,6850.256847,0.0,0.0,0.0
2060,8,23,3,90784.12784666667,50190.58731333333,34702.40888333333,50310.59748,7675.522322,0.0,0.0,0.0
2060,8,23,4,100605.02751333332,52554.45730333333,36570.56329333333,54031.05753666667,8533.731196666668,0.0,0.0,0.0
2060,8,23,5,101309.93511666667,51254.77211,36600.52237666667,53674.88057,8501.772912,0.0,0.0,0.0
2060,8,23,6,98837.23888,50562.55508333333,35360.987133333336,51606.979640000005,8402.421182666667,0.0,0.0,0.0
2060,8,23,7,98276.62162,53750.35775333334,40586.09422666667,56387.713013333334,8827.498238333334,0.0,0.0,0.0
2060,8,23,8,97526.68846000002,52887.252276666666,38961.52394666667,54223.03903666666,7862.230559,0.0,0.0,0.0
2060,8,24,1,94148.43991333334,49594.21616333333,34896.969066666665,51117.46448333334,7041.890658333334,0.0,0.0,0.0
2060,8,24,2,87861.06030666667,46440.602779999994,32762.71775666667,48662.64521333334,6751.600492333334,0.0,0.0,0.0
2060,8,24,3,85440.77799666667,46363.35819,33045.47469,46992.12222333333,7586.195584666667,0.0,0.0,0.0
2060,8,24,4,89386.68448666665,45460.23966666667,32808.87328,46505.73625666666,8293.913679666666,0.0,0.0,0.0
2060,8,24,5,91186.57623333333,45083.0276,32991.438239999996,47188.971346666665,8353.773893333333,0.0,0.0,0.0
2060,8,24,6,91046.95069000001,44680.926896666664,32762.83365,46592.600203333335,8382.834781333333,0.0,0.0,0.0
2060,8,24,7,94433.97834666667,50082.86210666667,39637.34171,54151.96589666667,8973.179339666667,0.0,0.0,0.0
2060,8,24,8,95393.33533999999,49778.46161666667,38120.06202333333,52619.33001666667,7766.065965999999,0.0,0.0,0.0
2060,8,25,1,97365.2745,50830.07171333333,35119.08349333333,51788.35666666667,7086.713383666666,0.0,0.0,0.0
2060,8,25,2,96398.61606333333,51173.26834333333,34621.542546666664,52438.18478,6995.590260666667,0.0,0.0,0.0
2060,8,25,3,99126.63085999999,52995.81773,36585.397966666664,52928.945816666666,7968.246301,0.0,0.0,0.0
2060,8,25,4,114716.71073333333,56610.84152666666,38906.03880333333,57565.82344666667,8714.586692666666,0.0,0.0,0.0
2060,8,25,5,116411.97746666666,55636.56294333333,39323.06109333333,57458.79361666666,8787.572113333334,0.0,0.0,0.0
2060,8,25,6,116498.14603333334,56036.86725666667,38976.67733,57125.44814,8625.607643000001,0.0,0.0,0.0
2060,8,25,7,108820.56656666666,58663.35728333334,44263.73076333333,60567.55530666667,9191.816887333334,0.0,0.0,0.0
2060,8,25,8,109177.2361,58058.14907666666,42446.13592,58688.91232,7941.010772999999,0.0,0.0,0.0
2060,8,26,1,102871.37109999999,54290.34555666667,36886.87208333333,54189.42923333333,7080.657824999999,0.0,0.0,0.0
2060,8,26,2,96318.79278666666,51131.02430333333,34592.220890000004,52395.187416666675,6989.592649666666,0.0,0.0,0.0
2060,8,26,3,99044.80839,52952.21190999999,36555.236066666665,52885.571789999995,7961.611262666666,0.0,0.0,0.0
2060,8,26,4,114622.60326666666,56566.134699999995,38874.65999666667,57519.37818,8707.661914999999,0.0,0.0,0.0
2060,8,26,5,116316.62416666666,55592.493539999996,39291.16076,57412.2904,8780.444517666667,0.0,0.0,0.0
2060,8,26,6,116402.27123333333,55992.45016666667,38945.153653333335,57079.55337666667,8618.537995,0.0,0.0,0.0
2060,8,26,7,108731.81936666666,58615.811003333336,44225.861789999995,60516.82189333334,9184.022891,0.0,0.0,0.0
2060,8,26,8,109087.243,58010.37101,42410.52692,58640.09119,7934.433682666667,0.0,0.0,0.0
2060,8,27,1,102827.70736666668,54267.60099666667,36871.16819333334,54166.85852,7079.064256333334,0.0,0.0,0.0
2060,8,27,2,96297.67076666666,51119.86932333334,34584.51382,52383.82962,6988.028055,0.0,0.0,0.0
2060,8,27,3,99023.16484666667,52940.883089999996,36547.21027666667,52873.98220333334,7959.901798666667,0.0,0.0,0.0
2060,8,27,4,114597.83053333334,56554.284346666675,38866.48934,57507.03527,8705.836555,0.0,0.0,0.0
2060,8,27,5,116291.38780000001,55581.135749999994,39282.700359999995,57399.97646666667,8778.590183666667,0.0,0.0,0.0
2060,8,27,6,116377.00589999999,55980.62879333334,38936.83812666667,57067.529180000005,8616.741608999999,0.0,0.0,0.0
2060,8,27,7,108708.29246666667,58603.03348333333,44215.80782333333,60503.551816666666,9182.023687,0.0,0.0,0.0
2060,8,27,8,109063.45533333333,57997.82528,42401.19730333333,58627.40059,7932.695244666666,0.0,0.0,0.0
2060,8,28,1,103189.15756666668,54455.555113333336,36999.493890000005,54356.34825,7119.0773039999995,0.0,0.0,0.0
2060,8,28,2,96826.24283,51399.29425,34777.422483333336,52667.97730666667,7027.519571,0.0,0.0,0.0
2060,8,28,3,99565.09389333334,53227.435613333335,36745.595023333335,53162.099323333336,8003.565566,0.0,0.0,0.0
2060,8,28,4,115225.3197,56853.991050000004,39073.39243,57816.79594333333,8752.107978666667,0.0,0.0,0.0
2060,8,28,5,116926.20743333333,55876.23559333334,39494.558,57709.62124333333,8825.441087,0.0,0.0,0.0
2060,8,28,6,117014.66496666666,56273.96122333334,39145.27684333333,57371.871719999996,8663.244824666666,0.0,0.0,0.0
2060,8,28,7,109299.76699999999,58921.77608333333,44468.80849333334,60841.47518333333,9234.002982,0.0,0.0,0.0
2060,8,28,8,109660.72466666666,58316.075326666665,42638.725876666664,58949.85186,7975.953376,0.0,0.0,0.0
2060,8,29,1,103213.75646666666,54467.63725666667,37008.76556,54366.923753333336,7100.852679333333,0.0,0.0,0.0
2060,8,29,2,96585.17943333334,51271.779826666665,34689.54444333333,52538.63751666667,7009.497764,0.0,0.0,0.0
2060,8,29,3,99317.85902666667,53097.400453333335,36655.51496333333,53030.38367333333,7983.631477,0.0,0.0,0.0
2060,8,29,4,114938.85413333333,56717.29188,38978.79243333333,57675.31606666666,8730.899035666667,0.0,0.0,0.0
2060,8,29,5,116636.20703333332,55740.579483333335,39397.90085333333,57568.57597666667,8804.290091666668,0.0,0.0,0.0
2060,8,29,6,116723.3317,56140.39124,39050.01044,57232.97052666667,8642.064855333332,0.0,0.0,0.0
2060,8,29,7,109030.13530000001,58776.03703666667,44353.202366666665,60687.76829,9210.186382,0.0,0.0,0.0
2060,8,29,8,109387.7609,58171.26344333333,42530.13145,58802.25847333333,7956.309027,0.0,0.0,0.0
2060,8,30,1,100298.56983000001,53117.74018,36507.950553333336,54036.27285,7108.791546,0.0,0.0,0.0
2060,8,30,2,91249.13102666667,50128.72789,33926.31223,51461.820069999994,6983.768882333333,0.0,0.0,0.0
2060,8,30,3,92532.35900666665,51149.48072,35363.04428666667,51265.60837333333,7820.102412333334,0.0,0.0,0.0
2060,8,30,4,102493.95623000001,53530.61919666667,37250.727146666664,55021.793333333335,8688.683966999999,0.0,0.0,0.0
2060,8,30,5,103220.7392,52218.59109,37280.59931,54661.154376666665,8656.291073,0.0,0.0,0.0
2060,8,30,6,100711.13013,51519.91287333334,36028.75013,52574.65216,8559.373156666667,0.0,0.0,0.0
2060,8,30,7,100139.38687333332,54741.23841666667,41359.81501333333,57461.51717,8992.823688666665,0.0,0.0,0.0
2060,8,30,8,99370.38884999999,53869.353833333334,39692.50814,55242.05342333333,8009.910864333334,0.0,0.0,0.0
2060,8,31,1,93355.62528,49172.326250000006,34603.11510333334,50685.14393666667,6880.882329,0.0,0.0,0.0
2060,8,31,2,85842.44409,45368.27629333333,32010.26385666667,47552.68154333334,6595.981320666667,0.0,0.0,0.0
2060,8,31,3,83470.86702,45293.9291,32288.41393,45919.187286666674,7415.538924666667,0.0,0.0,0.0
2060,8,31,4,87341.75990666666,44410.57082,32055.28939666667,45429.78802666667,8114.072272,0.0,0.0,0.0
2060,8,31,5,89107.28853333334,44039.61713666667,32236.057969999998,46098.65203333334,8173.700694333333,0.0,0.0,0.0
2060,8,31,6,88973.77649333334,43647.19373666667,32012.089216666664,45513.26202333334,8198.357539333332,0.0,0.0,0.0
2060,8,31,7,92303.66749333334,48944.85164,38760.96615666667,52948.93785333334,8776.648928,0.0,0.0,0.0
2060,8,31,8,93247.46546666666,48644.826219999995,37284.65566333333,51455.04016333333,7593.033440666666,0.0,0.0,0.0
2060,9,1,1,95200.05001,49708.48949,34332.49826,50640.031469999994,6924.8068613333335,0.0,0.0,0.0
2060,9,1,2,94261.20658666665,50041.92189,33838.318296666665,51284.441450000006,6835.538072,0.0,0.0,0.0
2060,9,1,3,96939.21232,51833.961690000004,35780.81990333333,51762.59881333334,7792.664066333334,0.0,0.0,0.0
2060,9,1,4,112203.27713333334,55416.21593,38069.00989666666,56327.67896,8528.892544,0.0,0.0,0.0
2060,9,1,5,113859.68976666666,54452.74464,38471.42931,56219.46119,8599.878761,0.0,0.0,0.0
2060,9,1,6,113949.42216666667,54849.02157333333,38137.50435333333,55899.154,8436.900201999999,0.0,0.0,0.0
2060,9,1,7,106439.22529999999,57391.89273,43254.10394333333,59213.28315666667,8987.463505,0.0,0.0,0.0
2060,9,1,8,106782.0163,56793.66725,41491.06708,57396.73138333333,7764.646241666666,0.0,0.0,0.0
2060,9,2,1,100613.14020666666,53115.65405333333,36076.47025333333,53013.20210666667,6918.838224333333,0.0,0.0,0.0
2060,9,2,2,94181.73100333333,49999.76476666667,33809.199459999996,51241.73382666666,6829.598409000001,0.0,0.0,0.0
2060,9,2,3,96857.85342,51790.384846666675,35750.83184666667,51719.28273666667,7786.173898333333,0.0,0.0,0.0
2060,9,2,4,112110.5894,55371.68294666667,38038.007756666666,56281.726246666665,8521.851870333334,0.0,0.0,0.0
2060,9,2,5,113765.06083333334,54408.704209999996,38440.224350000004,56173.50848333334,8592.953983,0.0,0.0,0.0
2060,9,2,6,113854.53243333334,54804.720376666664,38106.70503,55853.52000333333,8429.888502,0.0,0.0,0.0
2060,9,2,7,106350.9416,57345.44746333334,43216.81444333333,59163.70870333334,8979.872326,0.0,0.0,0.0
2060,9,2,8,106693.87746666667,56746.96122333334,41455.68987,57348.66357333333,7758.069151333333,0.0,0.0,0.0
2060,9,3,1,100569.96897333332,53093.11231,36060.82431,52990.86318000001,6917.273630333333,0.0,0.0,0.0
2060,9,3,2,94160.84077000001,49988.72568666667,33801.52136,51230.405003333326,6828.033815,0.0,0.0,0.0
2060,9,3,3,96836.29678333334,51778.85321,35742.89298333333,51707.72212,7784.493408333333,0.0,0.0,0.0
2060,9,3,4,112085.96153333333,55360.06438333334,38029.80812,56269.81794666667,8519.997536666668,0.0,0.0,0.0
2060,9,3,5,113740.23013333335,54397.1436,38431.99574333333,56161.54223666667,8591.128622999999,0.0,0.0,0.0
2060,9,3,6,113829.35403333332,54792.87002666667,38098.47642,55841.81451999999,8428.063142333334,0.0,0.0,0.0
2060,9,3,7,106327.4727,57332.95968333333,43207.13714333333,59150.699393333336,8977.960044000001,0.0,0.0,0.0
2060,9,3,8,106670.61136666666,56734.792153333336,41446.389226666666,57336.08887,7756.301739333333,0.0,0.0,0.0
2060,9,4,1,100921.56807,53278.053133333335,36187.730279999996,53176.26759,6956.3884843333335,0.0,0.0,0.0
2060,9,4,2,94681.12627666666,50264.99245666667,33992.3439,51511.74221333334,6866.916877,0.0,0.0,0.0
2060,9,4,3,97369.56263666665,52063.058840000005,35938.98878,51991.66699,7826.795398666666,0.0,0.0,0.0
2060,9,4,4,112693.8933,55650.499423333335,38232.625883333334,56569.756443333325,8565.138976,0.0,0.0,0.0
2060,9,4,5,114359.25893333333,54684.10176,38637.18937,56462.00226,8636.559802,0.0,0.0,0.0
2060,9,4,6,114445.89106666668,55082.17507999999,38301.93161,56139.087413333335,8473.842008666667,0.0,0.0,0.0
2060,9,4,7,106906.14073333332,57639.59116666667,43450.0259,59477.72854666667,9026.839124666667,0.0,0.0,0.0
2060,9,4,8,107249.2215,57040.11980666666,41676.73225333333,57647.79079666667,7799.443974666666,0.0,0.0,0.0
2060,9,5,1,100945.44261333333,53289.55579666666,36196.48042,53186.66924333334,6938.540521666667,0.0,0.0,0.0
2060,9,5,2,94444.55384666666,50139.506206666665,33905.53789666667,51383.53241666666,6849.242757666667,0.0,0.0,0.0
2060,9,5,3,97127.05054000001,51934.21161333334,35850.06768,51862.67489,7807.556685,0.0,0.0,0.0
2060,9,5,4,112416.72833333333,55518.465059999995,38140.40175,56433.66572333333,8544.799251333332,0.0,0.0,0.0
2060,9,5,5,114077.25526666666,54553.19738,38543.516540000004,56325.361039999996,8615.87239,0.0,0.0,0.0
2060,9,5,6,114166.03153333334,54951.154806666666,38209.47568333333,56003.02566666666,8453.009726999999,0.0,0.0,0.0
2060,9,5,7,106642.73843333333,57499.79178333333,43339.2874,59328.39672333334,9004.587119000002,0.0,0.0,0.0
2060,9,5,8,106985.70326666666,56901.305536666674,41572.25213,57506.02118333333,7779.741677666668,0.0,0.0,0.0
2060,9,6,1,98080.64171333333,51953.798013333326,35701.315336666674,52860.04572666667,6946.595283666667,0.0,0.0,0.0
2060,9,6,2,89176.53631,49001.582663333334,33151.51940333333,50315.84176666667,6823.890537666666,0.0,0.0,0.0
2060,9,6,3,90438.17868999999,50000.489120000006,34571.56245333333,50121.74516666667,7646.838095666667,0.0,0.0,0.0
2060,9,6,4,100231.84279333334,52361.98324666667,36436.00819666667,53835.28045,8503.047766666665,0.0,0.0,0.0
2060,9,6,5,100932.31741,51063.34111666667,36465.735486666665,53479.79885666667,8470.973586,0.0,0.0,0.0
2060,9,6,6,98465.96648333334,50372.572790000006,35228.69200666667,51414.96917,8371.274168666667,0.0,0.0,0.0
2060,9,6,7,97908.42046333333,53554.60963666666,40434.53140666667,56176.637670000004,8795.192266333333,0.0,0.0,0.0
2060,9,6,8,97161.32675000001,52691.53313999999,38817.40744,54022.77098,7832.908905666666,0.0,0.0,0.0
2060,9,7,1,94625.72805666667,49846.72428333334,35073.82615666667,51376.115079999996,7110.877671333333,0.0,0.0,0.0
2060,9,7,2,88723.18066333333,46898.82605333333,33084.15493333333,49135.44238666666,6818.211640666667,0.0,0.0,0.0
2060,9,7,3,86283.05119333333,46820.30660333333,33368.65030666667,47451.21471333333,7658.949213333333,0.0,0.0,0.0
2060,9,7,4,90260.88698999998,45909.249213333336,33130.71609666666,46965.871810000004,8370.028288333333,0.0,0.0,0.0
2060,9,7,5,92078.07619666668,45529.69026,33313.97643,47654.75683,8430.178241666667,0.0,0.0,0.0
2060,9,7,6,91934.07558333332,45123.38833666666,33083.45955666667,47054.35830333334,8461.962682666666,0.0,0.0,0.0
2060,9,7,7,95341.90655,50567.65450333333,40014.40890333334,54668.05018,9058.3628,0.0,0.0,0.0
2060,9,7,8,96309.43419333333,50261.370709999996,38479.94766,53115.36431333333,7839.22523,0.0,0.0,0.0
2060,9,8,1,98295.57061333333,51311.44518666667,35453.964589999996,52279.37847333334,7155.932188666667,0.0,0.0,0.0
2060,9,8,2,97312.71572666666,51654.72873666667,34954.48239,52928.91684,7063.794976333334,0.0,0.0,0.0
2060,9,8,3,100062.57687666667,53489.302319999995,36928.15998333334,53426.86342333333,8043.433742666667,0.0,0.0,0.0
2060,9,8,4,115804.59619999999,57132.778549999995,39265.69264666666,58103.841023333334,8794.960474333333,0.0,0.0,0.0
2060,9,8,5,117512.93026666668,56150.850843333326,39691.00149,57994.84096333333,8869.046905666668,0.0,0.0,0.0
2060,9,8,6,117604.89363333333,56546.08471333334,39336.9686,57653.55661666667,8706.38706,0.0,0.0,0.0
2060,9,8,7,109844.2168,59217.62925,44702.773270000005,61153.11916,9282.128739666667,0.0,0.0,0.0
2060,9,8,8,110210.44773333333,58609.98723666667,42858.058796666664,59247.55935999999,8015.589761666667,0.0,0.0,0.0
2060,9,9,1,103843.7374,54793.304633333326,37232.328676666664,54693.489323333335,7149.7607339999995,0.0,0.0,0.0
2060,9,9,2,97231.84937999999,51612.108036666665,34925.044839999995,52885.60076333333,7057.768391333334,0.0,0.0,0.0
2060,9,9,3,99980.03004666667,53445.69650333334,36897.62142333333,53382.96786333333,8036.798705,0.0,0.0,0.0
2060,9,9,4,115708.34473333333,57086.62302333334,39233.79230666667,58055.59937333333,8787.832878666666,0.0,0.0,0.0
2060,9,9,5,117415.34593333333,56105.39068666667,39658.34783,57947.20776333333,8861.774440333333,0.0,0.0,0.0
2060,9,9,6,117506.527,56500.71148,39304.74955,57606.67674,8699.143568666666,0.0,0.0,0.0
2060,9,9,7,109753.2965,59168.402486666666,44663.94815333333,61101.34268333333,9274.102951333332,0.0,0.0,0.0
2060,9,9,8,110119.5274,58561.13713000001,42821.58057333333,59198.33259333333,8009.012671333333,0.0,0.0,0.0
2060,9,10,1,103799.49416666669,54770.35725333334,37216.50889333334,54670.45502,7148.196139666667,0.0,0.0,0.0
2060,9,10,2,97210.35069333333,51600.89510666666,34917.39571333333,52874.30091666667,7056.174823333334,0.0,0.0,0.0
2060,9,10,3,99958.38650333334,53434.28075666667,36889.62460666667,53371.43622666667,8035.060267,0.0,0.0,0.0
2060,9,10,4,115683.48506666666,57074.56985333333,39225.50575333333,58043.401333333335,8786.007518999999,0.0,0.0,0.0
2060,9,10,5,117390.19653333334,56093.36649666666,39649.91640666666,57935.038700000005,8859.833184333334,0.0,0.0,0.0
2060,9,10,6,117481.29063333334,56488.83215333333,39296.520939999995,57594.681516666664,8697.231287,0.0,0.0,0.0
2060,9,10,7,109730.00146666665,59155.62496666666,44653.98110999999,61088.15952666666,9272.045799666666,0.0,0.0,0.0
2060,9,10,8,110095.9716,58548.446529999994,42812.33788,59185.43917666667,8007.2742333333335,0.0,0.0,0.0
2060,9,11,1,104165.55123333335,54962.30978,37345.443040000006,54861.24858666666,7188.527900666667,0.0,0.0,0.0
2060,9,11,2,97744.08013333334,51880.75464666667,35110.76796,53160.33191,7096.071974666666,0.0,0.0,0.0
2060,9,11,3,100503.85040333333,53722.10813666667,37089.573946666664,53660.48051,8078.753007333333,0.0,0.0,0.0
2060,9,11,4,116321.26,57383.31643666667,39436.49417333333,58359.71012,8833.003292,0.0,0.0,0.0
2060,9,11,5,118036.48983333334,56394.29010666666,39865.27989666667,58251.08672,8908.364577333334,0.0,0.0,0.0
2060,9,11,6,118129.84389999999,56788.13322333334,39508.5814,57904.26834666667,8744.661669666666,0.0,0.0,0.0
2060,9,11,7,110328.98019999999,59482.77001666667,44910.69045,61430.92154666667,9324.836366000001,0.0,0.0,0.0
2060,9,11,8,110700.54236666666,58873.18674333333,43052.995643333335,59512.52628333333,8051.198766,0.0,0.0,0.0
2060,9,12,1,104189.97633333334,54973.58065333334,37355.06239666667,54872.28767,7170.158406,0.0,0.0,0.0
2060,9,12,2,97500.95959,51752.97945666666,35022.74505666667,53029.862140000005,7077.905298000001,0.0,0.0,0.0
2060,9,12,3,100255.13788333333,53590.76915,36998.972356666665,53528.475119999996,8058.703022999999,0.0,0.0,0.0
2060,9,12,4,116029.37626666667,57242.03938,39339.86599666667,58215.27489666667,8811.533583,0.0,0.0,0.0
2060,9,12,5,117740.83946666667,56256.34505333333,39767.17405,58106.88329,8886.228467666668,0.0,0.0,0.0
2060,9,12,6,117833.03463333333,56651.11534,39411.402720000006,57762.67257333334,8723.076064666666,0.0,0.0,0.0
2060,9,12,7,110055.06033333333,59332.48205333333,44793.37486,61273.99854666667,9300.701052,0.0,0.0,0.0
2060,9,12,8,110423.58026666667,58724.434403333325,42943.126366666664,59362.81779666667,8031.1198073333335,0.0,0.0,0.0
2060,9,13,1,101247.11953000001,53613.31089666666,36851.87153,54540.44883666667,7178.184194333334,0.0,0.0,0.0
2060,9,13,2,92132.05469333334,50608.189080000004,34255.74622666666,51947.97424666667,7052.002572333334,0.0,0.0,0.0
2060,9,13,3,93424.58331666666,51637.89486333334,35699.95356,51753.03740333333,7894.188843666667,0.0,0.0,0.0
2060,9,13,4,103456.38447,54033.92596,37597.42962666667,55525.360863333335,8768.391347666666,0.0,0.0,0.0
2060,9,13,5,104195.42340000001,52710.62698333334,37628.142029999995,55164.606009999996,8735.129234333333,0.0,0.0,0.0
2060,9,13,6,101668.48792333335,52007.89240666667,36369.25218,53067.03574,8639.051562999999,0.0,0.0,0.0
2060,9,13,7,101091.35551333334,55250.48485,41759.25011,58013.73198666666,9078.267914666665,0.0,0.0,0.0
2060,9,13,8,100309.55096666666,54368.546293333326,40068.03971333333,55763.324043333334,8085.417019666667,0.0,0.0,0.0
2060,9,14,1,95655.72357333334,50389.030003333326,35453.993566666664,51925.92505666667,7109.747686666667,0.0,0.0,0.0
2060,9,14,2,88709.09931666667,46891.43769333333,33078.93961666666,49127.70634,6817.1396036666665,0.0,0.0,0.0
2060,9,14,3,86269.31753,46812.88927000001,33363.46396666667,47443.79738,7657.732306666668,0.0,0.0,0.0
2060,9,14,4,90246.74769666667,45902.005723333335,33125.471809999995,46958.309603333335,8368.782407666667,0.0,0.0,0.0
2060,9,14,5,92063.56024,45522.44677,33308.67419666667,47647.136673333334,8428.990309333332,0.0,0.0,0.0
2060,9,14,6,91919.70449666667,45116.144843333335,33078.24424333333,47046.82507,8460.716802,0.0,0.0,0.0
2060,9,14,7,95327.21674666666,50559.86050666667,40008.44026333333,54659.99541666667,9057.001023333332,0.0,0.0,0.0
2060,9,14,8,96294.83131666666,50253.63466,38474.09491666666,53107.54134333334,7838.095245333334,0.0,0.0,0.0
2060,9,15,1,98280.62005666667,51303.651190000004,35448.54645666666,52271.381656666665,7154.802204,0.0,0.0,0.0
2060,9,15,2,97298.08387333334,51646.99269000001,34949.09323,52921.20976666667,7062.722939666666,0.0,0.0,0.0
2060,9,15,3,100047.45247999999,53481.47934666667,36922.539033333334,53418.86660666667,8042.216836333333,0.0,0.0,0.0
2060,9,15,4,115787.3857,57124.40507666667,39260.01374333334,58095.264729999995,8793.685619999998,0.0,0.0,0.0
2060,9,15,5,117495.48790000001,56142.76710333334,39685.061826666664,57986.26466666666,8867.801025333332,0.0,0.0,0.0
2060,9,15,6,117587.27743333334,56538.00097666667,39330.999963333335,57645.067246666666,8705.112206,0.0,0.0,0.0
2060,9,15,7,109827.81753333332,59208.73424666667,44695.79054666666,61143.847486666666,9280.680041333333,0.0,0.0,0.0
2060,9,15,8,110194.10643333332,58601.208126666665,42851.56863,59238.7223,8014.459776666667,0.0,0.0,0.0
2060,9,16,1,103828.3812,54785.133980000006,37226.76567666667,54685.37661,7148.659723,0.0,0.0,0.0
2060,9,16,2,97216.98573999999,51604.37198333334,34919.771576666666,52877.777793333335,7056.667381333333,0.0,0.0,0.0
2060,9,16,3,99965.05050666667,53437.69968666667,36892.08739666667,53374.9131,8035.610772,0.0,0.0,0.0
2060,9,16,4,115691.19213333334,57078.24954333333,39228.084436666664,58047.05205,8786.529050666666,0.0,0.0,0.0
2060,9,16,5,117397.7877,56097.13310666667,39652.495090000004,57938.74736666667,8860.441637666667,0.0,0.0,0.0
2060,9,16,6,117489.05569999998,56492.42492666667,39298.98373,57598.27429,8697.839740333335,0.0,0.0,0.0
2060,9,16,7,109737.07106666667,59159.56542666667,44656.99440333334,61092.21588333333,9272.683227,0.0,0.0,0.0
2060,9,16,8,110103.18613333332,58552.32904333333,42815.148356666665,59189.37963666667,8007.824738666667,0.0,0.0,0.0
2060,9,17,1,103783.7613,54762.389416666665,37210.94589333333,54662.371283333334,7147.066155,0.0,0.0,0.0
2060,9,17,2,97195.89268666667,51593.24598333333,34912.03553,52866.44897,7055.044838666668,0.0,0.0,0.0
2060,9,17,3,99943.46491333334,53426.54470666667,36884.09058,53363.49736,8033.872334,0.0,0.0,0.0
2060,9,17,4,115666.24553333333,57066.22535,39219.76891,58034.73811666667,8784.732664666666,0.0,0.0,0.0
2060,9,17,5,117372.81213333334,56085.02199,39644.005719999994,57926.40445666667,8858.529356000001,0.0,0.0,0.0
2060,9,17,6,117463.7904,56480.69047333333,39290.87102,57586.250093333336,8695.985406333333,0.0,0.0,0.0
2060,9,17,7,109713.66013333334,59146.72995666667,44647.08530333333,61078.91683333333,9270.684023,0.0,0.0,0.0
2060,9,17,8,110079.68819999999,58539.87023666667,42805.76079,59176.39929666667,8006.1442486666665,0.0,0.0,0.0
2060,9,18,1,104150.0502,54954.16809666667,37339.85106666666,54853.367666666665,7187.397915666667,0.0,0.0,0.0
2060,9,18,2,97729.41930333333,51873.07654333333,35105.37880333333,53152.624833333335,7094.9709643333335,0.0,0.0,0.0
2060,9,18,3,100488.95777333334,53714.343113333336,37084.06889666667,53652.425749999995,8077.536101000001,0.0,0.0,0.0
2060,9,18,4,116303.99153333333,57374.82706333333,39430.699376666664,58351.01793,8831.757411,0.0,0.0,0.0
2060,9,18,5,118018.87363333332,56385.91663,39859.427156666665,58242.452476666665,8907.031775333333,0.0,0.0,0.0
2060,9,18,6,118112.25676666666,56779.817696666665,39502.728656666666,57895.778973333334,8743.386815,0.0,0.0,0.0
2060,9,18,7,110312.34916666667,59473.701166666666,44903.707723333326,61421.50501,9323.387667333334,0.0,0.0,0.0
2060,9,18,8,110683.7085,58864.349683333334,43046.41855333333,59503.57332333334,8049.9818589999995,0.0,0.0,0.0
2060,9,19,1,104174.30136666668,54965.409993333335,37349.4994,54864.20393333334,7169.057395333333,0.0,0.0,0.0
2060,9,19,2,97486.24080666667,51745.185456666666,35017.32692,53021.92327333333,7076.746339333334,0.0,0.0,0.0
2060,9,19,3,100240.12937,53582.83028333334,36993.43832666666,53520.59420666667,8057.515090333334,0.0,0.0,0.0
2060,9,19,4,116011.93393333333,57233.43411,39334.1871,58206.66963,8810.258728666666,0.0,0.0,0.0
2060,9,19,5,117723.13633333333,56248.26131666667,39761.350280000006,58098.10418,8884.895665,0.0,0.0,0.0
2060,9,19,6,117815.65023333333,56642.79981,39405.57895333334,57754.35704333333,8721.801210333333,0.0,0.0,0.0
2060,9,19,7,110038.80593333334,59323.64499333333,44786.42110666667,61264.66893000001,9299.223379666668,0.0,0.0,0.0
2060,9,19,8,110406.86223333333,58715.77118666667,42936.52029666666,59353.86484333334,8029.989822666666,0.0,0.0,0.0
2060,9,20,1,101231.93717666667,53605.45895333333,36846.33750666667,54532.336123333334,7177.083183666667,0.0,0.0,0.0
2060,9,20,2,92117.71257666667,50600.42406,34250.44399,51940.12230333333,7050.872587666668,0.0,0.0,0.0
2060,9,20,3,93410.15428333334,51630.071893333334,35694.506453333335,51745.24340666667,7892.971936999999,0.0,0.0,0.0
2060,9,20,4,103440.88339999999,54026.016070000005,37591.895599999996,55517.21917999999,8767.116493,0.0,0.0,0.0
2060,9,20,5,104179.9513,52702.91990666667,37622.66595,55156.58022333333,8733.912328333334,0.0,0.0,0.0
2060,9,20,6,101653.27660333335,52000.06943666667,36363.77609666667,53059.18379,8637.747734999999,0.0,0.0,0.0
2060,9,20,7,101076.02828666667,55242.48803333333,41752.93378666667,58005.06877333333,9076.906138,0.0,0.0,0.0
2060,9,20,8,100294.77426333334,54360.57845333333,40062.10004666667,55755.037489999995,8084.171139333334,0.0,0.0,0.0
2060,9,21,1,97138.00270333333,51169.90736333333,36002.00716,52726.24395333333,7281.621253333334,0.0,0.0,0.0
2060,9,21,2,90854.7374,48033.475536666665,33879.63517,50302.65861333333,6982.667871333334,0.0,0.0,0.0
2060,9,21,3,88365.75782,47953.53636666667,34167.056913333334,48585.19779666667,7838.269089,0.0,0.0,0.0
2060,9,21,4,92422.48972999999,47022.28412333334,33927.239396666664,48103.59253666666,8559.344182666666,0.0,0.0,0.0
2060,9,21,5,94282.50245333333,46635.62654333334,34112.846626666666,48805.544813333334,8620.797964666666,0.0,0.0,0.0
2060,9,21,6,94131.22937999999,46220.19781666666,33877.75186333333,48196.19333,8657.21824,0.0,0.0,0.0
2060,9,21,7,97594.13985333334,51761.78754333333,40954.23743666667,55955.59528666667,9274.305769,0.0,0.0,0.0
2060,9,21,8,98576.09653666666,51452.78019333334,39374.953466666666,54349.19168333333,8021.819164333334,0.0,0.0,0.0
2060,9,22,1,100612.15508,52510.53277,36280.997476666664,53494.140973333335,7327.892677,0.0,0.0,0.0
2060,9,22,2,99585.40465666667,52844.22594,35774.73537,54144.80932666667,7233.698313666667,0.0,0.0,0.0
2060,9,22,3,102382.00082666667,54707.049139999996,37780.081509999996,54653.15756,8228.75123,0.0,0.0,0.0
2060,9,22,4,118549.4739,58465.89970333333,40171.73753333333,59464.16873333333,8998.676429666666,0.0,0.0,0.0
2060,9,22,5,120305.81773333333,57445.81328,40614.22794333333,59352.010506666666,9077.398695666667,0.0,0.0,0.0
2060,9,22,6,120400.96826666668,57842.032269999996,40245.447303333334,58985.89547333333,8908.277655666667,0.0,0.0,0.0
2060,9,22,7,112401.63290000001,60636.94795666666,45802.07451333333,62624.41715666667,9508.502336666666,0.0,0.0,0.0
2060,9,22,8,112813.00526666666,60006.85111333333,43892.86399333333,60647.34960666666,8201.544675666666,0.0,0.0,0.0
2060,9,23,1,106275.95696666666,56055.81623333334,38092.01522666667,55945.04876,7321.605326666667,0.0,0.0,0.0
2060,9,23,2,99502.85782666667,52801.431390000005,35744.95013333333,54100.739923333334,7227.4689106666665,0.0,0.0,0.0
2060,9,23,3,102297.91838333332,54663.18255666667,37749.108336666664,54608.39278666666,8222.145165666667,0.0,0.0,0.0
2060,9,23,4,118449.25293333334,58417.107546666666,40139.02592666666,59414.18864000001,8991.201146666666,0.0,0.0,0.0
2060,9,23,5,120203.65553333332,57398.672640000004,40580.473276666664,59302.494,9069.807516333332,0.0,0.0,0.0
2060,9,23,6,120298.89296666667,57794.485989999994,40211.98237666667,58936.95844333334,8900.831346333332,0.0,0.0,0.0
2060,9,23,7,112308.71336666665,60585.11352666666,45762.09044333334,62570.612499999996,9500.273730333334,0.0,0.0,0.0
2060,9,23,8,112718.08656666667,59955.770013333335,43855.13989,60596.703116666664,8194.909637333332,0.0,0.0,0.0
2060,9,24,1,106229.88836666667,56031.76784000001,38075.876729999996,55921.69574333334,7319.982784333333,0.0,0.0,0.0
2060,9,24,2,99480.89553666666,52790.015649999994,35737.06921666666,54089.092390000005,7225.8173946666675,0.0,0.0,0.0
2060,9,24,3,102275.49250666665,54651.41912666667,37740.792806666665,54596.74525,8220.319805666666,0.0,0.0,0.0
2060,9,24,4,118422.53896666667,58404.15618,40130.18887,59400.83164,8989.201943,0.0,0.0,0.0
2060,9,24,5,120176.59386666666,57386.358700000004,40571.578270000005,59289.2529,9067.750365,0.0,0.0,0.0
2060,9,24,6,120271.5126,57781.76642,40203.11634,58924.00708,8898.861117,0.0,0.0,0.0
2060,9,24,7,112284.05656666665,60571.379870000004,45751.514943333335,62556.44423,9498.158631,0.0,0.0,0.0
2060,9,24,8,112692.93716666667,59942.210196666674,43845.05695333334,60583.288166666665,8193.113251333334,0.0,0.0,0.0
2060,9,25,1,106606.63686666667,56227.08134333333,38206.201623333334,56116.19798,7361.299659666667,0.0,0.0,0.0
2060,9,25,2,100026.73608666666,53072.598743333336,35933.36783,54381.14997,7266.786582666667,0.0,0.0,0.0
2060,9,25,3,102832.19829333333,54942.23082333334,37945.03029666667,54891.90304333333,8264.794844,0.0,0.0,0.0
2060,9,25,4,119089.51963333333,58727.21590333333,40349.521793333326,59731.80125333334,9039.153060333332,0.0,0.0,0.0
2060,9,25,5,120854.15006666667,57700.11778,40795.576,59619.005606666666,9118.136092,0.0,0.0,0.0
2060,9,25,6,120951.06796666667,58099.234163333334,40424.56436333333,59249.06600333333,8947.914041666667,0.0,0.0,0.0
2060,9,25,7,112900.47766666667,60916.57570000001,46016.53981333334,62912.96888666667,9552.716608666668,0.0,0.0,0.0
2060,9,25,8,113322.2227,60281.43739,44095.82662666667,60921.84896,8237.327524,0.0,0.0,0.0
2060,9,26,1,106633.00316666666,56242.35062666666,38217.96505666667,56127.96140666667,7342.437608,0.0,0.0,0.0
2060,9,26,2,99777.99459999999,52943.49074666667,35843.98314999999,54247.92767333333,7248.098374666667,0.0,0.0,0.0
2060,9,26,3,102578.58919000001,54809.79082333334,37852.16873666667,54756.97128333334,8244.542041333332,0.0,0.0,0.0
2060,9,26,4,118784.24993333333,58579.97021,40249.21392,59580.615099999995,9016.263627,0.0,0.0,0.0
2060,9,26,5,120544.53426666667,57556.059219999996,40692.97918333334,59468.74661666667,9095.246658666667,0.0,0.0,0.0
2060,9,26,6,120640.26423333334,57954.480229999994,40323.039586666666,59100.63237666667,8925.343321666667,0.0,0.0,0.0
2060,9,26,7,112619.22736666666,60758.89937666667,45895.71837333334,62750.193146666665,9527.683102333334,0.0,0.0,0.0
2060,9,26,8,113034.82993333333,60126.19488,43981.37946333334,60766.57748,8217.161643666666,0.0,0.0,0.0
2060,9,27,1,103608.38189,54847.92056333334,37706.371739999995,55791.45776666667,7350.695188333334,0.0,0.0,0.0
2060,9,27,2,94310.78104333334,51787.98000666666,35068.29213,53148.945139999996,7221.442325666667,0.0,0.0,0.0
2060,9,27,3,95621.33147666667,52842.168789999996,36530.02871666667,52954.93546666667,8077.478153,0.0,0.0,0.0
2060,9,27,4,105836.10320000001,55289.25201333334,38457.86949666667,56785.670439999994,8970.542708666666,0.0,0.0,0.0
2060,9,27,5,106611.12783333333,53918.08804333333,38490.262389999996,56412.746523333335,8935.687027666667,0.0,0.0,0.0
2060,9,27,6,104031.08306666666,53215.81705333333,37209.033610000006,54279.36442666667,8839.261668666666,0.0,0.0,0.0
2060,9,27,7,103451.1981,56508.27369,42758.040669999995,59389.213083333336,9295.282920333333,0.0,0.0,0.0
2060,9,27,8,102639.49246666666,55606.545913333335,41007.69440666667,57065.81971666667,8271.545777666666,0.0,0.0,0.0
2060,9,28,1,98558.97291666667,51912.22037333334,36525.363906666666,53486.984399999994,7356.634851666667,0.0,0.0,0.0
2060,9,28,2,91785.06247666666,48528.09011333333,34226.801230000005,50811.00684666666,7054.784073,0.0,0.0,0.0
2060,9,28,3,89274.52626333333,48448.26683666667,34515.20809333333,49079.696476666664,7916.730589,0.0,0.0,0.0
2060,9,28,4,93365.91103666667,47508.467273333335,34274.66622666667,48599.192226666666,8641.891011666667,0.0,0.0,0.0
2060,9,28,5,95246.26348666666,47119.144089999994,34461.57728,49306.99724333334,8703.518637333333,0.0,0.0,0.0
2060,9,28,6,95091.80327333334,46699.86182666667,34224.13562666666,48694.13991333334,8743.183997333334,0.0,0.0,0.0
2060,9,28,7,98580.06597,52284.217123333336,41368.33336,56522.67374666667,9370.875997666668,0.0,0.0,0.0
2060,9,28,8,99570.28023666667,51970.16830666667,39767.11610000001,54890.33844666667,8101.294753333333,0.0,0.0,0.0
2060,9,29,1,101629.72075,53034.96155666667,36641.549510000004,54025.75530333333,7403.080118999999,0.0,0.0,0.0
2060,9,29,2,100580.60244333332,53361.063546666664,36131.607710000004,54677.524666666664,7308.219354333333,0.0,0.0,0.0
2060,9,29,3,103396.32143333333,55237.88117333333,38152.59979,55190.479759999995,8310.023204333333,0.0,0.0,0.0
2060,9,29,4,119767.48146666666,59057.05553333333,40574.35976666667,60069.69565,9089.799552999999,0.0,0.0,0.0
2060,9,29,5,121545.84553333333,58018.74448666667,41023.514189999994,59953.654910000005,9168.811558333333,0.0,0.0,0.0
2060,9,29,6,121644.87856666667,58421.65645666667,40649.08362666667,59581.57124,8997.720288999999,0.0,0.0,0.0
2060,9,29,7,113527.24250000001,61268.493493333335,46286.113593333335,63275.17243333333,9608.723285,0.0,0.0,0.0
2060,9,29,8,113960.4033,60628.19781666666,44350.21805333334,61266.20455,8281.802561999999,0.0,0.0,0.0
2060,9,30,1,107349.23959999999,56612.550989999996,38468.2132,56493.43901666667,7396.734820333334,0.0,0.0,0.0
2060,9,30,2,100496.69381000001,53317.45772666667,36101.619653333335,54632.55707333333,7301.960977666667,0.0,0.0,0.0
2060,9,30,3,103311.109,55193.087419999996,38121.10508666667,55145.07755666666,8303.098426666666,0.0,0.0,0.0
2060,9,30,4,119664.91360000001,59007.075443333335,40540.46023,60018.15096,9082.150426,0.0,0.0,0.0
2060,9,30,5,121440.81493333333,57970.96641666667,40989.00619666666,59903.00842,9161.278327333333,0.0,0.0,0.0
2060,9,30,6,121539.96383333334,58373.03814,40615.29998333333,59531.15653666667,8990.129109666666,0.0,0.0,0.0
2060,9,30,7,113432.43966666667,61215.26831666666,46245.2603,63220.38266333333,9600.204939000001,0.0,0.0,0.0
2060,9,30,8,113863.54333333333,60575.69699,44311.711650000005,61214.22525333334,8275.109575333334,0.0,0.0,0.0
2060,10,1,1,107301.9251,56588.154910000005,38451.611119999994,56470.028053333335,7395.141252333334,0.0,0.0,0.0
2060,10,1,2,100474.61565333333,53305.86814,36093.65181333334,54620.677746666675,7300.309461666667,0.0,0.0,0.0
2060,10,1,3,103288.68313333334,55181.35296333333,38112.84751,55133.28515666667,8301.273066666667,0.0,0.0,0.0
2060,10,1,4,119637.73603333333,58993.97921,40531.449323333334,60004.53319666666,9080.180196666666,0.0,0.0,0.0
2060,10,1,5,121413.3476,57958.27581666666,40979.90837,59889.767320000006,9159.192202,0.0,0.0,0.0
2060,10,1,6,121512.1778,58360.260623333335,40606.23113333333,59517.97338666666,8988.216827999999,0.0,0.0,0.0
2060,10,1,7,113407.52203333333,61201.215943333336,46234.48198666666,63205.895679999994,9597.973943666666,0.0,0.0,0.0
2060,10,1,8,113838.0752,60561.876410000004,44301.512813333335,61200.433646666665,8273.371137333334,0.0,0.0,0.0
2060,10,2,1,107683.19353333332,56786.105046666664,38582.718316666665,56667.02204666667,7436.602997666666,0.0,0.0,0.0
2060,10,2,2,101026.10613000001,53590.94299,36290.44299,54915.37195333333,7341.365571666666,0.0,0.0,0.0
2060,10,2,3,103850.14063333334,55473.93207333333,38318.82343333333,55430.268306666665,8346.849115333333,0.0,0.0,0.0
2060,10,2,4,120312.65563333333,59322.630906666665,40754.43297,60341.355553333335,9130.218235666667,0.0,0.0,0.0
2060,10,2,5,122102.52236666666,58274.903320000005,41206.51375666667,60223.982019999996,9210.09946,0.0,0.0,0.0
2060,10,2,6,122200.25156666666,58680.39397333333,40830.75039333333,59849.87016666667,9037.61744,0.0,0.0,0.0
2060,10,2,7,114032.31670000001,61551.27940333334,46502.86783333333,63567.374879999996,9653.574984333332,0.0,0.0,0.0
2060,10,2,8,114473.50326666667,60907.39095666667,44554.68733000001,61544.20975333333,8317.643357666666,0.0,0.0,0.0
2060,10,3,1,107711.47216666666,56801.779963333334,38595.0902,56679.22008666667,7417.682998,0.0,0.0,0.0
2060,10,3,2,100774.98876666666,53461.19757333333,36200.768566666666,54781.36736333333,7322.677363333333,0.0,0.0,0.0
2060,10,3,3,103594.50336666667,55341.37618,38225.38239333333,55294.81501333334,8325.900938333332,0.0,0.0,0.0
2060,10,3,4,120004.8362,59173.15421666667,40652.821266666666,60188.025323333335,9107.415724666667,0.0,0.0,0.0
2060,10,3,5,121788.56046666666,58129.62785333333,41103.33746333333,60071.69485,9186.949261333333,0.0,0.0,0.0
2060,10,3,6,121886.17376666667,58534.19134,40727.80589333333,59698.22042666667,9015.133642666668,0.0,0.0,0.0
2060,10,3,7,113747.61846666667,61391.51695,46380.597696666664,63402.77377666667,9628.338660333333,0.0,0.0,0.0
2060,10,3,8,114183.73463333333,60749.91745,44439.34197333333,61387.083933333335,8297.448503666667,0.0,0.0,0.0
2060,10,4,1,104645.9396,55391.12447666667,38080.42564,56339.44238666666,7426.027500333334,0.0,0.0,0.0
2060,10,4,2,95259.33074333332,52301.543556666664,35421.33990666667,53674.388016666664,7295.905418666666,0.0,0.0,0.0
2060,10,4,3,96578.71823666668,53366.59757333333,36893.333276666664,53478.06042,8157.330403333333,0.0,0.0,0.0
2060,10,4,4,106881.36803333333,55840.71351,38835.83488,57340.78265333333,9061.318144333332,0.0,0.0,0.0
2060,10,4,5,107664.33150000001,54446.25447000001,38869.270840000005,56961.803179999995,9025.535296333333,0.0,0.0,0.0
2060,10,4,6,105061.86086666666,53738.275610000004,37576.24965666667,54807.965463333334,8927.632265333334,0.0,0.0,0.0
2060,10,4,7,104482.26566666667,57062.66155333334,43197.691629999994,59991.900546666664,9391.592383666666,0.0,0.0,0.0
2060,10,4,8,103662.4763,56147.982416666666,41423.905426666664,57639.04066333334,8352.412116666666,0.0,0.0,0.0
2060,10,5,1,99012.47344000002,52147.37308,36691.26884,53727.81601,7370.078772,0.0,0.0,0.0
2060,10,5,2,91952.96660666667,48617.156083333335,34289.61679,50902.854320000006,7067.793383666666,0.0,0.0,0.0
2060,10,5,3,89438.57685999999,48537.738443333335,34577.849806666665,49168.76245,7930.782963000001,0.0,0.0,0.0
2060,10,5,4,93536.48077333334,47596.14249333334,34337.221013333336,48688.518963333336,8656.609786666666,0.0,0.0,0.0
2060,10,5,5,95420.19420666667,47206.38470333334,34524.479759999995,49397.367040000005,8718.672021666667,0.0,0.0,0.0
2060,10,5,6,95265.79194000001,46786.52296,34286.71939666667,48783.988183333335,8758.800964666667,0.0,0.0,0.0
2060,10,5,7,98758.77737333333,52378.324563333335,41443.23106,56624.92287333333,9388.318325333334,0.0,0.0,0.0
2060,10,5,8,99749.74498,52063.377556666666,39837.55181,54988.357376666674,8115.665840333334,0.0,0.0,0.0
2060,10,6,1,101813.53162333334,53130.372826666666,36706.306326666665,54122.06476666667,7416.610960999999,0.0,0.0,0.0
2060,10,6,2,100760.82048333333,53453.693316666664,36195.58222333333,54773.63131333334,7321.663274666666,0.0,0.0,0.0
2060,10,6,3,103579.84253333333,55333.69807666666,38220.05118333334,55287.223836666664,8324.799927333333,0.0,0.0,0.0
2060,10,6,4,119987.24903333334,59164.60689333334,40647.084423333334,60179.30416,9106.169843666668,0.0,0.0,0.0
2060,10,6,5,121770.77043333334,58121.57309,41097.57164666667,60063.08958,9185.645432666666,0.0,0.0,0.0
2060,10,6,6,121868.44166666667,58525.90479,40721.92417666666,59689.528236666665,9013.858788,0.0,0.0,0.0
2060,10,6,7,113731.47996666667,61382.563996666664,46373.701893333324,63393.44416333333,9626.889961666668,0.0,0.0,0.0
2060,10,6,8,114167.36433333333,60740.964490000006,44432.59103666667,61378.15995666667,8296.289544666666,0.0,0.0,0.0
2060,10,7,1,107543.3362,56713.67013333333,38536.15715333333,56592.93561666666,7410.236688666667,0.0,0.0,0.0
2060,10,7,2,100676.70906666666,53410.49313333334,36165.68109333333,54728.692689999996,7315.375924,0.0,0.0,0.0
2060,10,7,3,103493.96370000001,55288.90432333333,38188.614429999994,55241.90854999999,8317.875149333333,0.0,0.0,0.0
2060,10,7,4,119884.71013333334,59114.10527333333,40613.09796333333,60127.99127,9098.578664666667,0.0,0.0,0.0
2060,10,7,5,121665.537,58073.36041,41062.83186333333,60011.80565999999,9177.822462,0.0,0.0,0.0
2060,10,7,6,121763.99056666666,58477.22852333333,40687.73489666667,59639.287379999994,9006.383504666666,0.0,0.0,0.0
2060,10,7,7,113635.92383333335,61328.99113333334,46332.84859666667,63338.19081,9618.371615999999,0.0,0.0,0.0
2060,10,7,8,114070.70716666667,60688.376743333334,44394.17155666667,61325.45630666667,8289.538610666667,0.0,0.0,0.0
2060,10,8,1,107496.39836666668,56688.868416666664,38519.43917666667,56569.119016666664,7408.585172666666,0.0,0.0,0.0
2060,10,8,2,100654.42808666667,53399.22225666667,36157.80017333333,54716.75541666666,7313.724407999999,0.0,0.0,0.0
2060,10,8,3,103471.56683333335,55277.08294666667,38180.21198,55230.000250000005,8316.020815333333,0.0,0.0,0.0
2060,10,8,4,119857.61946666667,59100.89314333334,40604.17398,60114.4894,9096.608435,0.0,0.0,0.0
2060,10,8,5,121637.89583333333,58060.727763333336,41053.73403666667,59998.30379666667,9175.736336333333,0.0,0.0,0.0
2060,10,8,6,121736.34936666668,58464.19024333334,40678.637070000004,59625.81448666666,9004.355327333333,0.0,0.0,0.0
2060,10,8,7,113611.00626666668,61314.851839999996,46322.01233666667,63323.7328,9616.169594333332,0.0,0.0,0.0
2060,10,8,8,114045.26806666667,60674.469240000006,44383.943746666664,61311.78059666667,8287.742225,0.0,0.0,0.0
2060,10,9,1,107878.04346666667,56887.16624333333,38650.778159999994,56766.14198666666,7450.307683999999,0.0,0.0,0.0
2060,10,9,2,101207.28033,53684.384033333336,36354.73622,55012.00013333334,7354.867439666667,0.0,0.0,0.0
2060,10,9,3,104035.05253333335,55569.89385,38386.100979999996,55528.11338999999,8361.770708000002,0.0,0.0,0.0
2060,10,9,4,120535.40746666666,59431.515073333336,40827.88197333333,60451.39867333334,9146.704422666668,0.0,0.0,0.0
2060,10,9,5,122329.50439999999,58379.23857333333,41281.46940666666,60333.64847666666,9226.933334333333,0.0,0.0,0.0
2060,10,9,6,122427.1177,58786.09100000001,40904.576056666665,59959.10202,9053.987731333333,0.0,0.0,0.0
2060,10,9,7,114236.84386666666,61666.248100000004,46590.94869,63686.60275333333,9671.828583333334,0.0,0.0,0.0
2060,10,9,8,114682.55043333334,61021.432486666665,44638.01645333334,61656.77361333333,8332.304184333332,0.0,0.0,0.0
2060,10,10,1,107905.07616666665,56902.870129999996,38662.54159,56778.948476666665,7431.213839999999,0.0,0.0,0.0
2060,10,10,2,100955.03297666665,53554.05913333333,36264.916926666665,54877.44503333333,7336.092309666667,0.0,0.0,0.0
2060,10,10,3,103777.73469999999,55436.29489,38292.37020333333,55392.13856666667,8340.851504333334,0.0,0.0,0.0
2060,10,10,4,120225.0673,59280.155073333335,40725.574896666665,60297.74973333333,9123.757041333332,0.0,0.0,0.0
2060,10,10,5,122013.80406666668,58233.58644333333,41177.13415666667,60180.63696333333,9203.580317666667,0.0,0.0,0.0
2060,10,10,6,122111.21456666668,58639.0771,40801.48669,59807.075619999996,9031.272141666666,0.0,0.0,0.0
2060,10,10,7,113951.88496666665,61505.90617333333,46468.12804666666,63520.69782333333,9646.447389,0.0,0.0,0.0
2060,10,10,8,114391.39106666668,60862.74207,44521.859826666674,61499.618819999996,8311.964460333333,0.0,0.0,0.0
2060,10,11,1,104833.3722,55489.14340333333,38147.47139666667,56438.67822,7439.674238,0.0,0.0,0.0
2060,10,11,2,95430.71175333334,52393.42000333333,35485.05365666666,53769.36467666666,7309.262417000001,0.0,0.0,0.0
2060,10,11,3,96751.63486666667,53460.90783666666,36958.69854333333,53572.89221333333,8171.701490666666,0.0,0.0,0.0
2060,10,11,4,107071.11853333334,55940.47087333333,38904.06857333333,57441.525133333336,9077.630487666667,0.0,0.0,0.0
2060,10,11,5,107854.37173333333,54542.04240333333,38937.85221333333,57060.66235,9041.992509333333,0.0,0.0,0.0
2060,10,11,6,105246.68583333334,53832.064340000004,37642.9767,54903.43468333333,8943.567946333334,0.0,0.0,0.0
2060,10,11,7,104669.17673333334,57162.50584,43277.572856666666,60100.72676333333,9409.092659,0.0,0.0,0.0
2060,10,11,8,103846.92453333332,56246.464929999995,41499.46953,57742.59361666667,8367.130891333334,0.0,0.0,0.0
2060,10,12,1,98333.23676,51790.09510666667,36440.32531666666,53362.367373333334,7284.1130146666665,0.0,0.0,0.0
2060,10,12,2,90885.71057,48049.99069666667,33891.10886,50319.72427666667,6985.0437366666665,0.0,0.0,0.0
2060,10,12,3,88396.06458666666,47969.906656666666,34178.588553333335,48601.59706666667,7840.7898239999995,0.0,0.0,0.0
2060,10,12,4,92453.75264,47038.393646666664,33938.80001,48119.99180333334,8562.038761000002,0.0,0.0,0.0
2060,10,12,5,94314.63458333333,46651.70709666666,34124.49416,48822.23381333333,8623.521517333333,0.0,0.0,0.0
2060,10,12,6,94162.95586666667,46236.16247666667,33889.312476666666,48212.79541,8660.115636333334,0.0,0.0,0.0
2060,10,12,7,97627.05427666666,51779.345766666665,40967.91315,55974.19657333333,9277.434957333333,0.0,0.0,0.0
2060,10,12,8,98609.03993333333,51470.10662333333,39387.96278,54367.12657,8024.4268213333335,0.0,0.0,0.0
2060,10,13,1,100645.56205,52527.97509666666,36293.05065,53511.873036666664,7330.3844383333335,0.0,0.0,0.0
2060,10,13,2,99618.29011,52861.08878666667,35786.64367,54162.65729,7236.161100666667,0.0,0.0,0.0
2060,10,13,3,102415.61060666667,54724.72326,37792.62723666667,54670.802709999996,8231.445808666665,0.0,0.0,0.0
2060,10,13,4,118589.48693333333,58485.42815666667,40184.86274333333,59484.18974,9001.689722333334,0.0,0.0,0.0
2060,10,13,5,120346.29436666665,57464.820199999995,40627.46905,59371.79972666667,9080.469936,0.0,0.0,0.0
2060,10,13,6,120442.02433333332,57861.32892666667,40258.86225333333,59005.626743333334,8911.175052,0.0,0.0,0.0
2060,10,13,7,112438.89343333333,60657.80921,45818.0102,62646.03173333333,9511.834342666667,0.0,0.0,0.0
2060,10,13,8,112851.135,60027.13289,43907.90148333333,60667.863176666666,8204.239254666667,0.0,0.0,0.0
2060,10,14,1,106311.10239999999,56074.15675333334,38104.30019,55962.98364666667,7324.097087666666,0.0,0.0,0.0
2060,10,14,2,99535.56942999999,52818.41013666667,35756.80048333333,54118.124306666665,7229.960671666667,0.0,0.0,0.0
2060,10,14,3,102331.35433,54680.595910000004,37761.451246666664,54626.124853333335,8224.752822666667,0.0,0.0,0.0
2060,10,14,4,118489.09213333332,58436.54907666667,40151.97729,59434.00683333334,8994.098543,0.0,0.0,0.0
2060,10,14,5,120244.01626666666,57417.62161,40593.83027333333,59322.10937333333,9072.820808999999,0.0,0.0,0.0
2060,10,14,6,120339.16676666668,57813.40599,40225.33937333333,58956.48689666667,8903.815664666667,0.0,0.0,0.0
2060,10,14,7,112345.24953333334,60605.68504666667,45777.823306666665,62591.79247000001,9503.547788333333,0.0,0.0,0.0
2060,10,14,8,112755.49193333334,59975.90692,43869.94558666667,60616.89797,8197.575242333332,0.0,0.0,0.0
2060,10,15,1,106265.09176666666,56050.22425666667,38088.13271333333,55939.68857666667,7322.474545666667,0.0,0.0,0.0
2060,10,15,2,99513.60714666666,52806.994393333334,35748.86161666667,54106.47677,7228.309155666667,0.0,0.0,0.0
2060,10,15,3,102308.92845666666,54668.803503333336,37753.193666666666,54614.18758,8223.014384666667,0.0,0.0,0.0
2060,10,15,4,118462.37813333333,58423.42387,40143.34304666667,59420.50496666667,8992.128313666666,0.0,0.0,0.0
2060,10,15,5,120216.89666666667,57404.844093333326,40584.84834333334,59308.83929666667,9070.792631333332,0.0,0.0,0.0
2060,10,15,6,120311.93126666667,57800.65744,40216.32847,58943.30374333333,8901.816461333334,0.0,0.0,0.0
2060,10,15,7,112320.56376666667,60591.83549,45767.24781,62577.56625333333,9501.374741,0.0,0.0,0.0
2060,10,15,8,112730.34256666666,59962.37607333334,43860.036493333326,60603.36713,8195.749882333334,0.0,0.0,0.0
2060,10,16,1,106642.27480000001,56245.21904999999,38218.45761333333,56134.24875666667,7363.791420999999,0.0,0.0,0.0
2060,10,16,2,100059.65052000001,53089.780300000006,35945.30510666667,54398.91101,7269.278343999999,0.0,0.0,0.0
2060,10,16,3,102866.21373,54959.73109666666,37957.34423333333,54909.60613666667,8267.54737,0.0,0.0,0.0
2060,10,16,4,119130.28600000001,58746.860253333325,40362.96571,59752.11200666666,9042.253275000001,0.0,0.0,0.0
2060,10,16,5,120895.26413333334,57719.298546666665,40809.19376333334,59638.823800000006,9121.120410333335,0.0,0.0,0.0
2060,10,16,6,120992.32686666667,58118.559799999995,40438.03725666667,59268.913173333334,8950.898359666668,0.0,0.0,0.0
2060,10,16,7,112938.2018,60937.66874666666,46032.62036333333,62934.467566666666,9556.077588666667,0.0,0.0,0.0
2060,10,16,8,113360.2945,60301.95095666667,44110.951036666665,60942.42048,8240.022102666666,0.0,0.0,0.0
2060,10,17,1,106668.43833333334,56260.77806666667,38230.510780000004,56146.09911,7344.958342999999,0.0,0.0,0.0
2060,10,17,2,99810.79311333333,52960.49846333333,35855.92042,54265.51486999999,7250.561162000001,0.0,0.0,0.0
2060,10,17,3,102611.99618,54827.46494333333,37864.42472666667,54774.79027333334,8247.23662,0.0,0.0,0.0
2060,10,17,4,118824.61066666666,58599.58558333333,40262.51297,59600.66508333333,9019.276919999998,0.0,0.0,0.0
2060,10,17,5,120585.47450000001,57575.268959999994,40706.48105,59488.73864999999,9098.317899,0.0,0.0,0.0
2060,10,17,6,120681.20446666668,57973.689966666665,40336.62837666667,59120.218779999996,8928.298666333334,0.0,0.0,0.0
2060,10,17,7,112656.48790000001,60779.81858,45911.596110000006,62771.86567,9531.015108333333,0.0,0.0,0.0
2060,10,17,8,113072.6989,60146.41870666667,43996.4749,60787.062073333334,8219.856222333334,0.0,0.0,0.0
2060,10,18,1,103642.48425666666,54866.087236666666,37718.94644,55809.59547,7353.215923333333,0.0,0.0,0.0
2060,10,18,2,94342.21779666666,51804.929776666664,35079.96863333333,53166.32952333333,7223.8761386666665,0.0,0.0,0.0
2060,10,18,3,95653.11591666668,52859.582140000006,36542.05291333333,52972.17497666667,8080.143758000001,0.0,0.0,0.0
2060,10,18,4,105870.7271,55307.128950000006,38470.50214333333,56803.92403333334,8973.527027333334,0.0,0.0,0.0
2060,10,18,5,106646.12836666667,53935.50139666667,38502.80811666667,56430.739349999996,8938.55545,0.0,0.0,0.0
2060,10,18,6,104065.24336666668,53233.14348666667,37221.14473,54297.12546666667,8842.159065333333,0.0,0.0,0.0
2060,10,18,7,103485.35843333334,56526.61420666667,42772.527649999996,59409.11819333333,9298.412108666666,0.0,0.0,0.0
2060,10,18,8,102673.39199999999,55624.33593,41021.45704,57084.62382,8274.182408666667,0.0,0.0,0.0
2060,10,19,1,98809.04722333334,52043.87807333333,36617.06651,53621.800266666665,7384.333963,0.0,0.0,0.0
2060,10,19,2,92130.46112333333,48711.321476666664,34355.96717333333,50999.88813,7081.469095666667,0.0,0.0,0.0
2060,10,19,3,89611.69630666666,48632.01973,34643.99737,49262.92784,7945.762503333334,0.0,0.0,0.0
2060,10,19,4,93716.40910666667,47688.77226333334,34403.31063666667,48782.82921999999,8672.400598,0.0,0.0,0.0
2060,10,19,5,95604.12094333333,47298.695756666675,34590.97501333334,49492.86523333334,8734.578729333334,0.0,0.0,0.0
2060,10,19,6,95449.45791,46878.05171666667,34352.57722,48878.704073333334,8775.316125333333,0.0,0.0,0.0
2060,10,19,7,98946.87638333334,52477.618343333335,41522.764599999995,56733.198586666666,9406.629872,0.0,0.0,0.0
2060,10,19,8,99939.17675333335,52161.83109,39912.88412666667,55091.88135666666,8130.819224333333,0.0,0.0,0.0
2060,10,20,1,102007.33849333333,53230.88351666666,36774.366173333336,54223.15493333334,7430.895126666667,0.0,0.0,0.0
2060,10,20,2,100950.54203333333,53551.799166666664,36263.32336,54875.12711666666,7335.744621666668,0.0,0.0,0.0
2060,10,20,3,103773.15683333333,55434.06389333333,38290.71868666667,55389.79167333333,8340.474843,0.0,0.0,0.0
2060,10,20,4,120219.67813333333,59277.54741333334,40723.77851,60295.11310333334,9123.409353666668,0.0,0.0,0.0
2060,10,20,5,122008.38596666667,58231.15263,41175.30879666667,60177.97136,9203.174682333332,0.0,0.0,0.0
2060,10,20,6,122105.79643333332,58636.61431,40799.69030333333,59804.38104,9030.866506,0.0,0.0,0.0
2060,10,20,7,113946.87246666667,61503.18262,46466.01294666666,63517.91632333334,9646.012779333332,0.0,0.0,0.0
2060,10,20,8,114386.46546666666,60859.98954333333,44519.91857,61496.83731666667,8311.558825,0.0,0.0,0.0
2060,10,21,1,107747.63166666667,56820.236379999995,38607.201316666666,56698.313930000004,7424.549828,0.0,0.0,0.0
2060,10,21,2,100866.31471333334,53508.30924333333,36233.277356666666,54830.04362333333,7329.486245666667,0.0,0.0,0.0
2060,10,21,3,103687.1621,55389.733726666665,38259.195009999996,55344.12870666666,8333.463143,0.0,0.0,0.0
2060,10,21,4,120116.7047,59227.39348,40689.61820333334,60243.53944,9115.760226666667,0.0,0.0,0.0
2060,10,21,5,121902.63100000001,58182.186630000004,41140.82978,60127.00615,9195.322737333334,0.0,0.0,0.0
2060,10,21,6,122000.534,58587.41651666667,40765.15333333333,59753.38686,9023.188404999999,0.0,0.0,0.0
2060,10,21,7,113850.6789,61449.7836,46424.95684,63462.66296666666,9637.494433666667,0.0,0.0,0.0
2060,10,21,8,114289.05500000001,60807.19897666667,44481.06448,61444.07572666666,8304.807890666667,0.0,0.0,0.0
2060,10,22,1,107700.8097,56795.63748333333,38590.74410333333,56674.46835666667,7422.840364,0.0,0.0,0.0
2060,10,22,2,100844.14961000001,53496.66170999999,36225.33848666667,54818.106353333336,7327.834729666666,0.0,0.0,0.0
2060,10,22,3,103664.50446666667,55378.08619666667,38250.937426666664,55332.04655666667,8331.666756999999,0.0,0.0,0.0
2060,10,22,4,120089.3243,59214.18135,40680.57832666667,60229.95065333333,9113.732049,0.0,0.0,0.0
2060,10,22,5,121874.7001,58169.46705666667,41131.67400666667,60113.53326,9193.207638,0.0,0.0,0.0
2060,10,22,6,121972.69,58574.494126666665,40756.08448333333,59739.94294,9021.189201666666,0.0,0.0,0.0
2060,10,22,7,113825.84820000001,61435.644303333334,46414.12057666667,63448.060090000006,9635.20549,0.0,0.0,0.0
2060,10,22,8,114263.55786666666,60793.20455333334,44470.98154,61429.99438,8302.982530666666,0.0,0.0,0.0
2060,10,23,1,108084.45403333334,56994.83350000001,38722.256936666665,56872.21567333333,7464.794666666666,0.0,0.0,0.0
2060,10,23,2,101398.53748666665,53784.40216666667,36422.825039999996,55114.336180000006,7369.064682666667,0.0,0.0,0.0
2060,10,23,3,104230.33706666667,55671.67939333333,38457.66668,55630.73917666666,8377.590493333335,0.0,0.0,0.0
2060,10,23,4,120771.5163,59546.54171666666,40905.99578333333,60568.65631666667,9164.14675,0.0,0.0,0.0
2060,10,23,5,122570.50986666667,58489.68733000001,41361.08986666667,60449.544343333335,9244.868219666667,0.0,0.0,0.0
2060,10,23,6,122667.65956666665,58898.79973,40982.86371666667,60074.59224666667,9071.053397000001,0.0,0.0,0.0
2060,10,23,7,114454.7571,61789.21361333333,46684.099989999995,63812.23386666667,9691.241140333334,0.0,0.0,0.0
2060,10,23,8,114904.25920000001,61141.44265333333,44726.53192333333,61777.18941333333,8347.718334666666,0.0,0.0,0.0
2060,10,24,1,108111.2839,57009.95791,38734.426003333334,56884.58755999999,7445.671848999999,0.0,0.0,0.0
2060,10,24,2,101145.65271,53652.86036,36332.860876666666,54979.05673333333,7350.260579000001,0.0,0.0,0.0
2060,10,24,3,103972.20796666667,55537.52993,38363.15360333333,55494.706406666664,8356.642316,0.0,0.0,0.0
2060,10,24,4,120459.61156666667,59394.45737,40803.138203333336,60414.05123333333,9141.170394666668,0.0,0.0,0.0
2060,10,24,5,122252.4047,58343.57161666666,41256.030263333334,60296.30103333333,9221.341359,0.0,0.0,0.0
2060,10,24,6,122350.13386666666,58750.25020666667,40879.31076,59922.044313333325,9048.366781666666,0.0,0.0,0.0
2060,10,24,7,114167.39333333333,61627.33606333333,46561.07653,63646.35791333333,9665.628154666667,0.0,0.0,0.0
2060,10,24,8,114611.5932,60982.839159999996,44609.73786666667,61618.58592333333,8327.291688666666,0.0,0.0,0.0
2060,10,25,1,105031.1485,55592.551490000005,38218.45761333333,56544.08550666666,7454.103273333333,0.0,0.0,0.0
2060,10,25,2,95611.77006666666,52490.59868333334,35552.27325666667,53869.17999,7323.401712333333,0.0,0.0,0.0
2060,10,25,3,96934.48956999999,53560.20161333333,37028.091193333334,53672.27291333334,8186.854874666667,0.0,0.0,0.0
2060,10,25,4,107270.6912,56045.55945,38976.27169666667,57548.29419666666,9094.898971,0.0,0.0,0.0
2060,10,25,5,108055.16133333334,54643.59615333334,39010.25816,57165.14247,9059.405862666667,0.0,0.0,0.0
2060,10,25,6,105443.99853333335,53931.937600000005,37712.74601,55003.684603333335,8960.517716333334,0.0,0.0,0.0
2060,10,25,7,104866.08383333334,57268.37671333333,43361.80017333333,60215.81136,9427.693945333334,0.0,0.0,0.0
2060,10,25,8,104041.51370000001,56349.69917,41579.582546666665,57852.05726,8382.342224,0.0,0.0,0.0
2060,10,26,1,97558.29907,51381.2145,36153.45408,52944.215096666674,7186.934332333333,0.0,0.0,0.0
2060,10,26,2,89674.2511,47405.23303,33439.143963333336,49655.959689999996,6891.5737223333335,0.0,0.0,0.0
2060,10,26,3,87212.85473666668,47325.699493333326,33725.14598666667,47957.96938,7739.033255666666,0.0,0.0,0.0
2060,10,26,4,91225.89390666666,46405.747096666666,33486.226663333335,47473.64056666667,8454.342529666666,0.0,0.0,0.0
2060,10,26,5,93061.77131666667,46023.14588,33670.26929333334,48168.61011666667,8515.535545666668,0.0,0.0,0.0
2060,10,26,6,92913.33768666668,45612.55580333333,33437.63732,47563.92344333333,8549.522008,0.0,0.0,0.0
2060,10,26,7,96346.11524,51101.586749999995,40432.99578666667,55240.25703666667,9153.774070333333,0.0,0.0,0.0
2060,10,26,8,97320.33587000001,50794.05707333334,38878.687379999996,53664.82660666667,7920.786944666666,0.0,0.0,0.0
2060,10,27,1,99326.55122000001,51845.40640666667,35822.62933333334,52822.49546666667,7232.394485333333,0.0,0.0,0.0
2060,10,27,2,98325.79046,52186.14024666667,35320.6264,53471.454356666676,7139.677793333333,0.0,0.0,0.0
2060,10,27,3,101098.36718666666,54034.708256666665,37308.00868,53973.86293,8126.067494333333,0.0,0.0,0.0
2060,10,27,4,117020.83639999999,57723.99232666667,39668.256929999996,58706.20978,8885.011561,0.0,0.0,0.0
2060,10,27,5,118748.554,56724.50639333334,40101.15695333333,58596.601266666665,8961.155144,0.0,0.0,0.0
2060,10,27,6,118841.64736666666,57118.52336,39739.938519999996,58243.292723333325,8795.858667333334,0.0,0.0,0.0
2060,10,27,7,110983.4152,59845.29228,45191.27433666666,61806.511066666666,9382.929167666667,0.0,0.0,0.0
2060,10,27,8,111364.71256666665,59229.334736666664,43317.67282,59869.804253333336,8098.802992333333,0.0,0.0,0.0
2060,10,28,1,104924.14763333334,55354.356516666674,37614.292473333335,55252.39712666667,7226.2520043333325,0.0,0.0,0.0
2060,10,28,2,98243.44644333333,52143.258780000004,35291.07295333333,53427.70366666667,7133.477365,0.0,0.0,0.0
2060,10,28,3,101014.42960999999,53990.69680333333,37277.00653666667,53929.532759999995,8119.432455666666,0.0,0.0,0.0
2060,10,28,4,116922.06416666666,57676.011439999995,39635.63224,58657.12788000001,8877.420381999998,0.0,0.0,0.0
2060,10,28,5,118648.04333333333,56677.62652,40068.01073666667,58547.577313333335,8953.708834666666,0.0,0.0,0.0
2060,10,28,6,118740.5862,57071.46964,39707.371779999994,58195.13799333334,8788.557228,0.0,0.0,0.0
2060,10,28,7,110891.39386666667,59794.35604666666,45151.75384666667,61753.48871,9374.642613333333,0.0,0.0,0.0
2060,10,28,8,111271.24256666667,59178.659270000004,43280.15154,59819.59237333334,8092.052058,0.0,0.0,0.0
2060,10,29,1,104878.60056666668,55331.26426333334,37597.922183333336,55229.044109999995,7224.571514333334,0.0,0.0,0.0
2060,10,29,2,98221.74491666666,52131.81406333333,35283.249983333335,53416.11408333333,7131.883796666666,0.0,0.0,0.0
2060,10,29,3,100992.23555666667,53979.22311333333,37268.951773333334,53917.76933,8117.7229916666665,0.0,0.0,0.0
2060,10,29,4,116896.13243333333,57663.26289666666,39626.997996666665,58644.26344,8875.421178333332,0.0,0.0,0.0
2060,10,29,5,118621.53213333334,56665.25463666666,40059.173676666665,58534.712869999996,8951.767579,0.0,0.0,0.0
2060,10,29,6,118714.04600000002,57059.06878333333,39698.679593333334,58182.41842333333,8786.615972333333,0.0,0.0,0.0
2060,10,29,7,110866.6791,59780.88315333333,45141.294246666665,61739.43633999999,9372.498539666667,0.0,0.0,0.0
2060,10,29,8,111246.58573333333,59165.53406,43270.38731,59806.26434666666,8090.284646,0.0,0.0,0.0
2060,10,30,1,105249.69910000001,55523.70934666666,37728.97143333333,55420.99663666667,7265.395832333333,0.0,0.0,0.0
2060,10,30,2,98762.10938666666,52414.57099666667,35477.86811333333,53705.216316666665,7172.215557666666,0.0,0.0,0.0
2060,10,30,3,101543.08862000001,54268.26739666667,37472.030300000006,54209.47922,8161.560602333334,0.0,0.0,0.0
2060,10,30,4,117549.6982,57979.33989,39841.57919333333,58967.72879666666,8924.387180666667,0.0,0.0,0.0
2060,10,30,5,119286.13696666667,56973.91429666666,40277.753280000004,58858.12028,9001.255113000001,0.0,0.0,0.0
2060,10,30,6,119378.91163333332,57367.55459666666,39914.94127333334,58499.39361,8834.712756,0.0,0.0,0.0
2060,10,30,7,111474.92959999999,60119.55984,45402.58147333333,62089.03621333333,9426.592934666667,0.0,0.0,0.0
2060,10,30,8,111864.94813333334,59498.35801,43516.17346333333,60138.653686666665,8134.498918333334,0.0,0.0,0.0
2060,10,31,1,105276.0944,55536.718656666664,37739.60487666667,55433.484416666666,7246.736598666666,0.0,0.0,0.0
2060,10,31,2,98516.17838,52285.984533333336,35389.38162,53573.32682333334,7153.904011,0.0,0.0,0.0
2060,10,31,3,101292.37685,54136.87046333333,37379.74822,54076.69153333333,8141.423696333334,0.0,0.0,0.0
2060,10,31,4,117251.12146666665,57835.04954,39744.02384666667,58820.39617666666,8902.077227,0.0,0.0,0.0
2060,10,31,5,118982.77953333333,56832.69518666666,40178.11181,58710.55587333333,8978.626445333333,0.0,0.0,0.0
2060,10,31,6,119075.52519999999,57226.59625333333,39815.93723333333,58354.55275333333,8812.721515666666,0.0,0.0,0.0
2060,10,31,7,111197.6487,59964.867836666665,45283.49847333333,61929.27376333333,9401.965063333333,0.0,0.0,0.0
2060,10,31,8,111582.30709999999,59345.897,43404.16011333334,59987.23573666666,8114.27509,0.0,0.0,0.0
2060,11,1,1,102299.04835666665,54162.51242333333,37232.53149666666,55099.211769999994,7255.081100333333,0.0,0.0,0.0
2060,11,1,2,93105.92764333333,51134.819890000006,34619.02181,52483.73185666666,7127.508728,0.0,0.0,0.0
2060,11,1,3,94407.00358666666,52174.75348000001,36070.76238,52289.40346,7976.1851676666665,0.0,0.0,0.0
2060,11,1,4,104516.7447,54591.93557333333,37981.885180000005,56086.06505333333,8857.486293,0.0,0.0,0.0
2060,11,1,5,105273.02316666667,53251.86066666667,38012.94527333334,55720.73231666667,8823.557779,0.0,0.0,0.0
2060,11,1,6,102723.8067,52548.430720000004,36744.46503666667,53609.54428,8728.088560666665,0.0,0.0,0.0
2060,11,1,7,102144.70404,55811.797490000004,42204.290226666664,58626.06778666666,9174.171742333334,0.0,0.0,0.0
2060,11,1,8,101347.1377,54919.71805333334,40485.20687666666,56342.74541666667,8168.862042000001,0.0,0.0,0.0
2060,11,2,1,96004.42525666667,50571.39214333333,35582.26131666666,52110.98178,7110.298191999999,0.0,0.0,0.0
2060,11,2,2,88715.67640666668,46894.88559333333,33081.373433333334,49131.41500666667,6817.661134666666,0.0,0.0,0.0
2060,11,2,3,86275.77872333334,46816.39512,33365.95572666667,47447.332206666666,7658.311785999999,0.0,0.0,0.0
2060,11,2,4,90253.35376000001,45905.36670666666,33127.96357,46961.902376666665,8369.390861,0.0,0.0,0.0
2060,11,2,5,92070.39809333334,45525.923643333335,33311.22390333333,47650.729446666664,8429.540814666667,0.0,0.0,0.0
2060,11,2,6,91926.57132666667,45119.53479666667,33080.678056666664,47050.38886666667,8461.296281666668,0.0,0.0,0.0
2060,11,2,7,95334.14152333334,50563.54020333334,40011.25073666667,54663.76203333333,9057.638450999999,0.0,0.0,0.0
2060,11,2,8,96301.69815,50257.285379999994,38476.84744333333,53111.250009999996,7838.645751,0.0,0.0,0.0
2060,11,3,1,98287.71864666666,51307.35986,35451.06719333333,52275.14827333333,7155.323735333334,0.0,0.0,0.0
2060,11,3,2,97305.06659,51650.61443666666,34951.64294333333,52924.77356333333,7063.244471333334,0.0,0.0,0.0
2060,11,3,3,100054.52214,53485.130066666665,36925.262586666664,53422.546303333336,8042.7963156666665,0.0,0.0,0.0
2060,11,3,4,115795.44046666667,57128.34553333333,39262.70832333333,58099.26313666667,8794.294073333333,0.0,0.0,0.0
2060,11,3,5,117503.71653333334,56146.504746666666,39687.959226666666,57990.26307666666,8868.380504333332,0.0,0.0,0.0
2060,11,3,6,117595.59296666668,56541.796566666664,39333.78146333334,57648.94975666667,8705.749633,0.0,0.0,0.0
2060,11,3,7,109835.58256666666,59212.7906,44699.03562666667,61148.28050666666,9281.375416333334,0.0,0.0,0.0
2060,11,3,8,110201.84246666667,58605.49627333333,42854.61089666667,59242.92352666667,8015.010282,0.0,0.0,0.0
2060,11,4,1,103835.6247,54789.01648666667,37229.43128333333,54689.14322666667,7149.181254666667,0.0,0.0,0.0
2060,11,4,2,97223.82359333332,51608.02270666667,34922.234366666664,52881.45748666666,7057.159938333333,0.0,0.0,0.0
2060,11,4,3,99972.20709,53441.55322333333,36894.75300333333,53378.70869333334,8036.161277333334,0.0,0.0,0.0
2060,11,4,4,115699.24690000001,57082.132059999996,39230.80799,58051.108406666666,8787.195451666666,0.0,0.0,0.0
2060,11,4,5,117406.16116666666,56101.073566666666,39655.18967,57942.77474666666,8861.050091,0.0,0.0,0.0
2060,11,4,6,117497.22636666667,56496.33641333334,39301.70728666667,57602.18577333333,8698.477167333333,0.0,0.0,0.0
2060,11,4,7,109744.74916666666,59163.708699999996,44660.268463333334,61096.53300333334,9273.349628,0.0,0.0,0.0
2060,11,4,8,110110.92216666667,58556.50129666666,42818.19062,59193.60983333333,8008.375243666666,0.0,0.0,0.0
2060,11,5,1,103791.20760000001,54766.12705666667,37213.64047333333,54666.19584666667,7147.587686666667,0.0,0.0,0.0
2060,11,5,2,97202.73054666666,51596.89669666666,34914.55626333333,52870.215586666665,7055.566370333334,0.0,0.0,0.0
2060,11,5,3,99950.47663,53430.10850666667,36886.727210000005,53367.23500333333,8034.422839333333,0.0,0.0,0.0
2060,11,5,4,115674.32926666667,57070.10786333333,39222.521433333335,58038.82344666667,8785.341117666667,0.0,0.0,0.0
2060,11,5,5,117381.0118,56088.933476666665,39646.700293333335,57930.43183666666,8859.166783333334,0.0,0.0,0.0
2060,11,5,6,117472.048,56484.48606,39293.56559666667,57590.21952666666,8696.564886,0.0,0.0,0.0
2060,11,5,7,109721.42513333332,59150.98913,44650.359366666664,61083.233953333336,9271.321450333333,0.0,0.0,0.0
2060,11,5,8,110087.2794,58543.89762333333,42808.803056666664,59180.65847333334,8006.694753666667,0.0,0.0,0.0
2060,11,6,1,104157.38059999999,54958.021629999996,37342.48769666667,54857.16325666666,7187.919447333334,0.0,0.0,0.0
2060,11,6,2,97736.48894,51876.66931666667,35107.957486666666,53156.21760666667,7095.463521333334,0.0,0.0,0.0
2060,11,6,3,100496.05638333333,53718.05178333333,37086.64757666666,53656.16339,8078.086606333333,0.0,0.0,0.0
2060,11,6,4,116312.13316666667,57378.82547333333,39433.480879999996,58355.07428333334,8832.336891,0.0,0.0,0.0
2060,11,6,5,118027.1602,56389.74119,39862.23763333333,58246.62473,8907.611254333335,0.0,0.0,0.0
2060,11,6,6,118120.48536666667,56783.72918333334,39505.48118333333,57899.80635666667,8744.024242,0.0,0.0,0.0
2060,11,6,7,110320.17213333334,59477.96034,44906.98178333333,61426.02494666667,9324.083042333334,0.0,0.0,0.0
2060,11,6,8,110691.76323333332,58868.63783,43049.51876666667,59507.83249666667,8050.590312666667,0.0,0.0,0.0
2060,11,7,1,104181.80563333334,54969.350453333325,37352.13603,54867.97054666667,7169.578926666666,0.0,0.0,0.0
2060,11,7,2,97493.07865,51748.89412666667,35019.90560666667,53025.66091666667,7077.296844666666,0.0,0.0,0.0
2060,11,7,3,100247.11209666666,53586.71279333333,36996.01701333333,53524.244923333325,8058.065596,0.0,0.0,0.0
2060,11,7,4,116020.13356666667,57237.548409999996,39336.9686,58210.75496,8810.838207666668,0.0,0.0,0.0
2060,11,7,5,117731.50986666667,56252.1728,39764.10280666667,58102.24745333334,8885.504118333332,0.0,0.0,0.0
2060,11,7,6,117823.87886666665,56646.71129666667,39408.38942666667,57758.41339666666,8722.409663333332,0.0,0.0,0.0
2060,11,7,7,110046.51303333334,59327.78827,44789.666196666665,61269.07297,9299.918754999999,0.0,0.0,0.0
2060,11,7,8,110414.68523333334,58719.88548999999,42939.64949,59358.09504000001,8030.511354333333,0.0,0.0,0.0
2060,11,8,1,101239.09375,53609.10967,36848.945159999996,54536.16069,7177.604715333334,0.0,0.0,0.0
2060,11,8,2,92124.37659333333,50604.10375333333,34252.90677333333,51943.83097,7051.3941190000005,0.0,0.0,0.0
2060,11,8,3,93416.99214,51633.75158666666,35697.201036666665,51748.836180000006,7893.522442666667,0.0,0.0,0.0
2060,11,8,4,103448.15587333334,54029.78268333333,37594.503253333336,55521.10169,8767.724946333334,0.0,0.0,0.0
2060,11,8,5,104187.16586666666,52706.570626666675,37625.302579999996,55160.43376000001,8734.462833333333,0.0,0.0,0.0
2060,11,8,6,101660.43316666665,52003.80707666667,36366.32580666667,53062.80554,8638.356188,0.0,0.0,0.0
2060,11,8,7,101083.27178,55246.25464666667,41755.91810333333,58009.18307666667,9077.572539333334,0.0,0.0,0.0
2060,11,8,8,100301.69903999999,54364.25815,40064.88155,55758.948979999994,8084.808566333333,0.0,0.0,0.0
2060,11,9,1,95093.19402666668,50091.351480000005,35245.67075,51621.90123333334,7045.106768666667,0.0,0.0,0.0
2060,11,9,2,87901.73975333333,46462.275303333336,32777.84216666667,48685.01311,6754.758654333334,0.0,0.0,0.0
2060,11,9,3,85480.6172,46384.856869999996,33060.62807333333,47013.73680333333,7589.585538666666,0.0,0.0,0.0
2060,11,9,4,89427.71162333334,45481.47758,32824.11359,46527.524676666675,8297.448503333333,0.0,0.0,0.0
2060,11,9,5,91228.53053333332,45104.14962333333,33006.6206,47210.90464,8357.337691333334,0.0,0.0,0.0
2060,11,9,6,91088.61525333334,44701.67226,32777.871139999996,46614.35965333334,8386.514475,0.0,0.0,0.0
2060,11,9,7,94476.68597333333,50105.635643333335,39654.84198333333,54176.01429,8977.206721,0.0,0.0,0.0
2060,11,9,8,95436.39065,49801.235153333335,38136.86692666667,52642.53816333334,7769.513867999999,0.0,0.0,0.0
2060,11,10,1,97409.34389999999,50852.87422666667,35134.96122333333,51811.62276333334,7089.987442000001,0.0,0.0,0.0
2060,11,10,2,96442.07701000001,51195.98393333334,34637.27540666667,52461.47985,6998.806370666666,0.0,0.0,0.0
2060,11,10,3,99170.99000666667,53019.54741,36601.73928,52952.44370333333,7971.839073,0.0,0.0,0.0
2060,11,10,4,114767.99466666667,56635.17966,38923.04652333333,57591.05976999999,8718.295360333334,0.0,0.0,0.0
2060,11,10,5,116463.4642,55660.26365,39340.503423333335,57484.11686666667,8791.425650666666,0.0,0.0,0.0
2060,11,10,6,116550.41506666667,56060.79975666667,38993.482233333336,57150.24985666666,8629.345284333334,0.0,0.0,0.0
2060,11,10,7,108868.7503,58689.20206,44284.36022666667,60595.37031,9196.047086666667,0.0,0.0,0.0
2060,11,10,8,109225.8834,58084.25462,42465.60643000001,58715.191706666665,7944.545596666667,0.0,0.0,0.0
2060,11,11,1,102916.8602,54314.017289999996,36903.44519,54213.18789,7083.902908999999,0.0,0.0,0.0
2060,11,11,2,96361.44246666667,51153.45015333333,34607.92478,52418.16377000001,6992.808759666666,0.0,0.0,0.0
2060,11,11,3,99088.61701,52975.68082666667,36571.37456333334,52908.72199,7965.146086666667,0.0,0.0,0.0
2060,11,11,4,114672.98903333333,56590.038219999995,38891.60976666667,57544.03502666667,8711.42853,0.0,0.0,0.0
2060,11,11,5,116367.15473333333,55616.04937666666,39308.31334666667,57437.26596,8784.269080666667,0.0,0.0,0.0
2060,11,11,6,116453.58413333334,56016.26677000001,38961.987530000006,57104.21022333333,8622.275636666667,0.0,0.0,0.0
2060,11,11,7,108779.33666666667,58641.250146666665,44246.230489999994,60544.08639333333,9188.166168,0.0,0.0,0.0
2060,11,11,8,109135.36873333332,58035.897073333326,42429.56281333333,58666.31262666666,7937.939532333333,0.0,0.0,0.0
2060,11,12,1,102872.87776666666,54291.09888333333,36887.39361333333,54190.41435333333,7082.280367,0.0,0.0,0.0
2060,11,12,2,96340.23352666666,51142.32414666666,34600.04386333333,52406.805973333336,6991.215191666666,0.0,0.0,0.0
2060,11,12,3,99066.79961,52963.94636666666,36563.290830000005,52897.2483,7963.3786746666665,0.0,0.0,0.0
2060,11,12,4,114647.78166666666,56577.84018,38883.14937,57531.72109,8709.516248666667,0.0,0.0,0.0
2060,11,12,5,116341.77353333333,55604.170053333335,39299.70807666667,57424.74921,8782.356799333333,0.0,0.0,0.0
2060,11,12,6,116427.8552,56004.358466666665,38953.52713333333,57091.86731333333,8620.334381,0.0,0.0,0.0
2060,11,12,7,108755.52,58628.53057333333,44236.060626666665,60530.4976,9186.080042333333,0.0,0.0,0.0
2060,11,12,8,109111.14649999999,58023.03263333333,42420.00140666667,58653.216393333336,7936.230068333333,0.0,0.0,0.0
2060,11,13,1,103234.73363333334,54479.40069,37015.632386666664,54379.58537666666,7122.380335999999,0.0,0.0,0.0
2060,11,13,2,96869.15327333333,51421.86497,34793.24226666667,52691.27237333334,7030.764655,0.0,0.0,0.0
2060,11,13,3,99609.27920333332,53250.75965666666,36761.61763,53185.510286666664,8007.013467666667,0.0,0.0,0.0
2060,11,13,4,115276.60363333333,56878.271236666675,39090.45809666667,57841.91637333333,8755.99049,0.0,0.0,0.0
2060,11,13,5,116978.21573333333,55900.48680333333,39511.82648333334,57734.71269666666,8829.26565,0.0,0.0,0.0
2060,11,13,6,117067.02086666667,56297.86474333333,39162.05276666667,57396.73138333333,8667.011440666667,0.0,0.0,0.0
2060,11,13,7,109348.47226666666,58947.82368,44489.43796,60869.29019,9238.320103,0.0,0.0,0.0
2060,11,13,8,109709.5458,58342.036,42657.93561666666,58976.24714,7979.430251999999,0.0,0.0,0.0
2060,11,14,1,103259.56426666667,54491.19308999999,37025.07790333333,54390.68240333333,7104.126737333333,0.0,0.0,0.0
2060,11,14,2,96628.37961333334,51294.611313333335,34705.30628333333,52561.787716666666,7012.742848333332,0.0,0.0,0.0
2060,11,14,3,99361.95740666667,53120.66655,36671.71141333333,53053.73668666667,7987.166301,0.0,0.0,0.0
2060,11,14,4,114989.79033333332,56741.74590666667,38995.59733333333,57700.46546666667,8734.781546666667,0.0,0.0,0.0
2060,11,14,5,116687.404,55764.56992333333,39415.08241,57593.63845333334,8808.027733333334,0.0,0.0,0.0
2060,11,14,6,116774.9923,56163.94707333334,39066.93123666666,57257.743266666665,8645.715575,0.0,0.0,0.0
2060,11,14,7,109078.23203333333,58801.91078666667,44373.860810000006,60715.322530000005,9214.416581,0.0,0.0,0.0
2060,11,14,8,109436.7559,58196.90540333333,42549.48606,58828.39299,7959.785903,0.0,0.0,0.0
2060,11,15,1,100342.69720333333,53141.38293666666,36524.08905333334,54059.74176333333,7112.094578,0.0,0.0,0.0
2060,11,15,2,91290.73764,50151.21169333334,33941.84227666667,51484.73847666667,6986.956018666667,0.0,0.0,0.0
2060,11,15,3,92574.57407666667,51172.51502,35378.95099333333,51288.613703333336,7823.579288333333,0.0,0.0,0.0
2060,11,15,4,102538.98178999999,53553.943236666666,37266.83667333333,55045.00148,8692.276739,0.0,0.0,0.0
2060,11,15,5,103266.8368,52241.79924,37296.853703333334,54684.50739333333,8659.999740666666,0.0,0.0,0.0
2060,11,15,6,100756.32953999999,51542.657433333334,36044.56991333333,52597.86030666666,8563.023876333335,0.0,0.0,0.0
2060,11,15,7,100184.06472333334,54765.02604333334,41378.38732666667,57487.36194666667,8996.735174,0.0,0.0,0.0
2060,11,15,8,99414.40028333334,53893.025563333336,39710.12431,55266.53642333333,8013.416714333333,0.0,0.0,0.0
2060,11,16,1,93813.35599333333,49414.925266666665,34772.38101333333,50932.43674,6931.557795666667,0.0,0.0,0.0
2060,11,16,2,86480.91440666666,45707.30067333334,32248.16909,47904.36754666667,6645.179115,0.0,0.0,0.0
2060,11,16,3,84093.86523666666,45631.85246666666,32527.883759999997,46258.791143333336,7469.430501666667,0.0,0.0,0.0
2060,11,16,4,87988.69062333333,44742.32273666666,32293.74514,45770.00033666667,8171.295854999999,0.0,0.0,0.0
2060,11,16,5,89764.30218666668,44369.39881333333,32474.74550666667,46443.38427666667,8231.156068999999,0.0,0.0,0.0
2060,11,16,6,89628.61710333334,43973.73033666667,32249.241126666664,45854.34355,8256.682133333334,0.0,0.0,0.0
2060,11,16,7,92978.09450333333,49304.18676666667,39037.49368666666,53327.801433333334,8838.276553666665,0.0,0.0,0.0
2060,11,16,8,93925.74601,49003.52392,37548.66644333333,51822.690819999996,7647.881158333333,0.0,0.0,0.0
2060,11,17,1,95882.32896999999,50063.27570333334,34580.95002,51002.78552666667,6975.743093666667,0.0,0.0,0.0
2060,11,17,2,94936.61871,50400.358823333336,34086.27749666667,51650.208796666666,6886.097643,0.0,0.0,0.0
2060,11,17,3,97631.57420666667,52202.19182666667,36035.35619333333,52131.11868666666,7847.743576333333,0.0,0.0,0.0
2060,11,17,4,112993.4841,55792.47185666667,38333.28144,56716.79932,8587.477903333334,0.0,0.0,0.0
2060,11,17,5,114663.39863333333,54825.494713333326,38738.25056666666,56608.92924666667,8658.898729999999,0.0,0.0,0.0
2060,11,17,6,114749.2195,55223.24931666666,38402.26845333333,56285.95644666667,8496.296832333333,0.0,0.0,0.0
2060,11,17,7,107190.02766666666,57790.40066000001,43570.12299,59639.08456333334,9050.742646666667,0.0,0.0,0.0
2060,11,17,8,107533.71686666667,57189.277786666666,41790.94763,57801.236919999996,7820.421126,0.0,0.0,0.0
2060,11,18,1,101322.77057000001,53486.14415666667,36332.107553333335,53384.59040666666,6969.745482666666,0.0,0.0,0.0
2060,11,18,2,94856.96928,50358.11478333333,34057.15866,51607.18245666666,6880.100031999999,0.0,0.0,0.0
2060,11,18,3,97550.15736666667,52158.90471666667,36005.28121666666,52087.802610000006,7841.282381666667,0.0,0.0,0.0
2060,11,18,4,112900.27486666666,55748.17066333333,38301.81571333334,56670.55687333333,8580.524151666667,0.0,0.0,0.0
2060,11,18,5,114568.36403333333,54781.164543333325,38706.78484,56563.2373,8652.060874,0.0,0.0,0.0
2060,11,18,6,114654.1849,55179.26684,38371.03452,56240.35142333333,8489.343080666667,0.0,0.0,0.0
2060,11,18,7,107101.36733333331,57743.317963333335,43532.51478,59588.78576,9043.325311333334,0.0,0.0,0.0
2060,11,18,8,107445.0565,57142.74559666667,41755.3676,57753.54577333334,7813.873009666667,0.0,0.0,0.0
2060,11,19,1,101279.71525000001,53463.689333333336,36316.51956,53362.106609999995,6968.122940666667,0.0,0.0,0.0
2060,11,19,2,94836.16597000002,50347.10467666667,34049.45158666667,51595.85364000001,6878.535437666666,0.0,0.0,0.0
2060,11,19,3,97528.74562333334,52147.57590333334,35997.42927,52076.32891666667,7839.51497,0.0,0.0,0.0
2060,11,19,4,112876.16853333334,55736.639026666664,38293.616083333334,56658.53267666666,8578.698792000001,0.0,0.0,0.0
2060,11,19,5,114543.93896666665,54769.89367,38698.61418,56551.73463666666,8650.293462,0.0,0.0,0.0
2060,11,19,6,114629.75983333333,55167.82212,38363.037703333335,56228.73286,8487.517720666667,0.0,0.0,0.0
2060,11,19,7,107078.56483333332,57731.177873333334,43522.92439666667,59575.63157666667,9041.384055666667,0.0,0.0,0.0
2060,11,19,8,107422.22506666667,57130.51858333333,41746.12490333334,57741.40568333334,7812.163545666667,0.0,0.0,0.0
2060,11,20,1,101634.44354333333,53647.99273333334,36444.43962,53549.01766333333,7007.788300333334,0.0,0.0,0.0
2060,11,20,2,95359.23298000002,50623.892973333335,34241.37513666666,51878.14699,6917.737213666667,0.0,0.0,0.0
2060,11,20,3,98064.67706666666,52432.30306666667,36194.62608666666,52361.72248333334,7882.454387666668,0.0,0.0,0.0
2060,11,20,4,113490.85119999999,56027.769433333335,38498.60689333334,56961.48446666667,8624.187918666667,0.0,0.0,0.0
2060,11,20,5,115167.2559,55059.74922666667,38906.03880333334,56854.36771,8695.985406333333,0.0,0.0,0.0
2060,11,20,6,115253.10573333333,55458.11229,38568.37620333333,56528.00496,8533.673248333333,0.0,0.0,0.0
2060,11,20,7,107661.43406666665,58042.24237,43769.666690000005,59905.93479,9091.045433333333,0.0,0.0,0.0
2060,11,20,8,108008.0207,57437.758519999996,41979.307380000006,58056.87422666667,7855.334755333333,0.0,0.0,0.0
2060,11,21,1,101659.44804666667,53660.68333,36452.842070000006,53559.82495333334,6989.737519333333,0.0,0.0,0.0
2060,11,21,2,95121.26979666667,50497.91416666666,34154.13452666667,51749.73437333333,6899.860276666666,0.0,0.0,0.0
2060,11,21,3,97821.09293666667,52302.209956666666,36104.922686666665,52231.48450333333,7862.954908333333,0.0,0.0,0.0
2060,11,21,4,113211.45523333333,55895.64814666667,38405.74533,56823.85812333333,8603.413585,0.0,0.0,0.0
2060,11,21,5,114883.89053333334,54928.06255333333,38811.96033666666,56716.01702666667,8675.095177000001,0.0,0.0,0.0
2060,11,21,6,114969.42166666668,55325.52742,38474.90618666667,56391.74039666667,8512.754045333333,0.0,0.0,0.0
2060,11,21,7,107396.14846666665,57900.385833333334,43657.363600000004,59755.820673333335,9068.358818,0.0,0.0,0.0
2060,11,21,8,107741.34426666667,57298.075026666666,41873.61035333333,57913.047456666674,7835.777328333334,0.0,0.0,0.0
2060,11,22,1,98780.01529333333,52322.404813333334,35956.31521333333,53232.50606000001,6997.792281666666,0.0,0.0,0.0
2060,11,22,2,89832.79664333333,49358.94756333334,33396.69710666667,50678.97248,6874.421134333334,0.0,0.0,0.0
2060,11,22,3,91101.39276999999,50364.894689999994,34822.477000000006,50483.54308,7701.830683333334,0.0,0.0,0.0
2060,11,22,4,100947.76052000001,52731.83592666666,36693.61572666667,54210.43536333333,8561.720047666668,0.0,0.0,0.0
2060,11,22,5,101657.82549999999,51429.34025666667,36724.009419999995,53854.08455,8530.022529,0.0,0.0,0.0
2060,11,22,6,99176.92966666666,50736.282986666665,35482.59087,51782.851616666674,8430.757721333333,0.0,0.0,0.0
2060,11,22,7,98614.16829666666,53928.431749999996,40725.31413333333,56581.40397666666,8857.022709666666,0.0,0.0,0.0
2060,11,22,8,97861.59853333334,53065.55806666667,39093.73215333333,54406.70501,7889.002503666667,0.0,0.0,0.0
2060,11,23,1,91102.49378,47981.699060000006,33771.446383333336,49468.208393333334,6680.005822,0.0,0.0,0.0
2060,11,23,2,83324.11388,44032.95312333333,31072.173756666667,46163.408846666665,6401.652930333334,0.0,0.0,0.0
2060,11,23,3,81014.62802333334,43963.067916666674,31342.616756666666,44577.83752666666,7202.290534666667,0.0,0.0,0.0
2060,11,23,4,84788.71889,43102.68599666667,31114.736513333333,44090.00286333333,7887.119196,0.0,0.0,0.0
2060,11,23,5,86512.40910333332,42740.88808333333,31293.10025,44740.14968666667,7945.617633333332,0.0,0.0,0.0
2060,11,23,6,86384.89468333333,42360.48888,31074.40475,44169.76819333333,7969.492181666666,0.0,0.0,0.0
2060,11,23,7,89638.58415000001,47521.70837666667,37678.38289,51459.93676666667,8537.208072333333,0.0,0.0,0.0
2060,11,23,8,90561.81060666667,47227.68056666667,36244.171566666664,49998.05530333333,7376.018434666667,0.0,0.0,0.0
2060,11,24,1,92500.48764666666,48300.81832333333,33344.54396666667,49196.92514666667,6723.003188,0.0,0.0,0.0
2060,11,24,2,91574.45071666666,48612.20153666666,32854.33343333333,49828.26786666666,6635.849498,0.0,0.0,0.0
2060,11,24,3,94177.09516333333,50361.30192,34767.45544333333,50297.70406333334,7572.201159,0.0,0.0,0.0
2060,11,24,4,109070.90166666667,53905.71615666667,37019.543873333336,54787.133180000004,8296.434414333333,0.0,0.0,0.0
2060,11,24,5,110676.87063333334,52955.862629999996,37413.61878333333,54678.53875666667,8365.682193333334,0.0,0.0,0.0
2060,11,24,6,110765.473,53347.880390000006,37087.74859,54367.30041333334,8202.558764333333,0.0,0.0,0.0
2060,11,24,7,103454.58806666666,55826.226526666665,42004.86242333333,57537.60280666667,8736.085375666667,0.0,0.0,0.0
2060,11,24,8,103804.12996666667,55237.011953333335,40314.753033333334,55792.50083,7542.995401,0.0,0.0,0.0
2060,11,25,1,97806.69286999998,51645.138353333336,35058.354060000005,51530.45939666667,6717.1504466666665,0.0,0.0,0.0
2060,11,25,2,91496.62664666667,48570.59492,32825.85202666667,49785.90792666667,6630.054704666666,0.0,0.0,0.0
2060,11,25,3,94097.27188999999,50318.68121,34738.10481,50255.22823,7565.768938666667,0.0,0.0,0.0
2060,11,25,4,108981.2562,53862.51597666667,36989.03428666667,54742.97685666667,8289.799376333334,0.0,0.0,0.0
2060,11,25,5,110585.39983333333,52912.69142333333,37382.93535666666,54634.121666666666,8358.931259333332,0.0,0.0,0.0
2060,11,25,6,110674.72656666666,53304.85405,37057.181053333334,54322.94127,8195.807830333333,0.0,0.0,0.0
2060,11,25,7,103367.9849,55781.95430666666,41969.28239,57489.39012999999,8729.015728,0.0,0.0,0.0
2060,11,25,8,103718.59883333334,55192.30512333333,40281.085283333334,55746.258383333334,7536.621129,0.0,0.0,0.0
2060,11,26,1,97764.82548,51623.205063333335,35043.20067333333,51508.32328666666,6715.585852333334,0.0,0.0,0.0
2060,11,26,2,91475.96820666666,48559.41097,32818.28982,49774.666026666666,6628.548058666667,0.0,0.0,0.0
2060,11,26,3,94075.86012666667,50307.29444666667,34730.28184,50243.78351,7564.088448666666,0.0,0.0,0.0
2060,11,26,4,108957.49756666667,53851.129206666665,36980.97952666667,54731.068556666665,8288.031964333333,0.0,0.0,0.0
2060,11,26,5,110561.32246666665,52901.13081,37374.73572333334,54622.41618333334,8357.192821333332,0.0,0.0,0.0
2060,11,26,6,110650.67816666666,53293.38036,37049.06834333334,54311.14887,8194.040418666666,0.0,0.0,0.0
2060,11,26,7,103345.00853333333,55769.98806,41959.83687666667,57476.61260666667,8727.103446,0.0,0.0,0.0
2060,11,26,8,103695.70943333332,55180.36785,40272.39309333333,55733.973419999995,7534.911665,0.0,0.0,0.0
2060,11,27,1,98109.09415,51805.393359999995,35168.31026,51692.713606666664,6754.092253333333,0.0,0.0,0.0
2060,11,27,2,91988.2569,48833.44674000001,33005.75138,50053.45352666666,6666.590875999999,0.0,0.0,0.0
2060,11,27,3,94602.11427333334,50588.168073333334,34923.76998333333,50523.527153333336,7606.419413,0.0,0.0,0.0
2060,11,27,4,109552.07233333333,54138.116343333335,37181.62424,55023.21305666666,8331.782653333334,0.0,0.0,0.0
2060,11,27,5,111165.4876,53185.800026666664,37576.65529,54914.12607666667,8401.696833333333,0.0,0.0,0.0
2060,11,27,6,111253.45256666666,53577.470096666664,37249.39434666667,54603.583106666665,8238.515456666666,0.0,0.0,0.0
2060,11,27,7,103913.6806,56064.68226333333,42196.03265,57794.60188666667,8774.215114666667,0.0,0.0,0.0
2060,11,27,8,104262.06353333332,55475.00411,40494.333673333334,56038.89544,7577.039811333333,0.0,0.0,0.0
2060,11,28,1,98131.78077999999,51815.53425,35176.59681333333,51701.69553333334,6736.53403,0.0,0.0,0.0
2060,11,28,2,91754.75570666666,48708.77176666667,32920.33612666667,49926.40268666667,6649.235470333333,0.0,0.0,0.0
2060,11,28,3,94362.15188333334,50459.95827,34835.77605,50396.47631333334,7587.151725333333,0.0,0.0,0.0
2060,11,28,4,109280.12266666668,54006.60351000001,37089.83471333334,54889.67204666667,8311.993434333332,0.0,0.0,0.0
2060,11,28,5,110889.36573333334,53055.76486333334,37484.57602666667,54781.164543333325,8381.357108999999,0.0,0.0,0.0
2060,11,28,6,110977.18579999999,53448.04339333333,37157.95250666666,54470.30286333334,8218.262654,0.0,0.0,0.0
2060,11,28,7,103654.07383333333,55929.63461,42087.756936666665,57649.384366666665,8752.687458,0.0,0.0,0.0
2060,11,28,8,104003.29703333334,55339.811583333336,40392.80889666666,55899.67553,7557.801098,0.0,0.0,0.0
2060,11,29,1,95311.94746,50495.45138333333,34688.00882333334,51379.389136666665,6744.328026666666,0.0,0.0,0.0
2060,11,29,2,86579.33896666666,47586.20442666666,32182.166396666667,48873.28594333333,6624.491703333333,0.0,0.0,0.0
2060,11,29,3,87809.77638666665,48558.68662,33578.16105333334,48685.33182666666,7428.664131,0.0,0.0,0.0
2060,11,29,4,97396.50842000001,50888.36733666667,35414.038466666665,52343.642726666665,8271.48783,0.0,0.0,0.0
2060,11,29,5,98062.30118999998,49614.005386666664,35443.27319666667,51993.17363333333,8240.398764333333,0.0,0.0,0.0
2060,11,29,6,95649.58109333333,48930.48055666667,34222.36821666666,49951.37825,8138.758091333333,0.0,0.0,0.0
2060,11,29,7,95113.04119,52052.25155000001,39295.53583,54588.37177333334,8555.693463000001,0.0,0.0,0.0
2060,11,29,8,94392.92224,51204.61817333333,37737.344906666665,52510.90943666667,7609.722444999999,0.0,0.0,0.0
2060,11,30,1,92592.30614333334,48768.97967,34320.03945333333,50283.73861,6981.682757,0.0,0.0,0.0
2060,11,30,2,87108.89614333333,46041.22563333333,32482.162843333335,48249.82414333333,6693.6525599999995,0.0,0.0,0.0
2060,11,30,3,84706.98333333334,45964.850256666665,32763.847736666667,46592.60020666666,7522.510807,0.0,0.0,0.0
2060,11,30,4,88624.84302333333,45069.09112,32528.144523333332,46104.707590000005,8227.505349,0.0,0.0,0.0
2060,11,30,5,90410.91418666666,44694.139026666664,32709.72437,46782.69839333333,8286.90198,0.0,0.0,0.0
2060,11,30,6,90274.18604,44295.6311,32483.090006666665,46190.29668666667,8313.587002333334,0.0,0.0,0.0
2060,11,30,7,93641.27961000001,49658.683240000006,39309.29846333333,53701.913283333335,8899.382648333334,0.0,0.0,0.0
2060,11,30,8,94594.46514333335,49356.310933333334,37809.316236666666,52185.24205333333,7701.627865333333,0.0,0.0,0.0
2060,12,1,1,96556.14752,50411.91943666667,34826.040799999995,51360.35324333334,7026.186768333333,0.0,0.0,0.0
2060,12,1,2,95601.86097333334,50752.45046,34330.20931333333,52009.34110666667,6935.874916666667,0.0,0.0,0.0
2060,12,1,3,98312.86805666667,52564.308450000004,36285.778183333336,52494.336326666664,7902.475398,0.0,0.0,0.0
2060,12,1,4,113777.11396666667,56162.84606333333,38593.004076666664,57102.50075666667,8645.425835666667,0.0,0.0,0.0
2060,12,1,5,115457.4881,55194.62304333333,39002.92774666666,56995.52887333334,8717.223323666667,0.0,0.0,0.0
2060,12,1,6,115542.29493333334,55592.78328,38663.729523333335,56667.137943333335,8555.287827,0.0,0.0,0.0
2060,12,1,7,107932.05093333333,58187.257073333334,43884.51949333333,60060.07629,9114.427424,0.0,0.0,0.0
2060,12,1,8,108280.92646666667,57582.77321666666,42088.01770333334,58203.65633666667,7875.413713999999,0.0,0.0,0.0
2060,12,2,1,102025.7659,53852.08535,36584.3549,53750.90826,7020.189157666667,0.0,0.0,0.0
2060,12,2,2,95521.97974666666,50710.11949666666,34300.974583333336,51966.02503,6929.906279333333,0.0,0.0,0.0
2060,12,2,3,98231.24838,52520.81853333333,36255.8191,52450.44076666667,7895.898307666666,0.0,0.0,0.0
2060,12,2,4,113682.42706666666,56118.284106666666,38562.05988,57056.25830666666,8638.385162,0.0,0.0,0.0
2060,12,2,5,115362.19276666666,55150.11902666666,38971.2592,56949.02565999999,8710.269571666666,0.0,0.0,0.0
2060,12,2,6,115446.65186666667,55548.540036666665,38632.46661333333,56621.59086999999,8548.073309666666,0.0,0.0,0.0
2060,12,2,7,107842.55033333333,58139.652846666664,43846.5636,60009.3139,9106.662401333333,0.0,0.0,0.0
2060,12,2,8,108190.78843333333,57535.371810000004,42052.437673333334,58155.44366,7868.865597333333,0.0,0.0,0.0
2060,12,3,1,101981.92829333333,53829.19591666667,36568.79588,53728.366513333334,7018.537641666667,0.0,0.0,0.0
2060,12,3,2,95500.85772666667,50698.76170333333,34293.238536666664,51954.75415666667,6928.312711333333,0.0,0.0,0.0
2060,12,3,3,98209.54687333334,52509.257920000004,36247.76434,52438.93810333334,7894.130895666666,0.0,0.0,0.0
2060,12,3,4,113657.42253333335,56106.57862000001,38553.889220000005,57043.973346666666,8636.530828333334,0.0,0.0,0.0
2060,12,3,5,115336.81153333333,55138.29765,38962.827776666665,56936.74069333333,8708.386263999999,0.0,0.0,0.0
2060,12,3,6,115421.18373333332,55536.74763,38624.18006333333,56609.450776666665,8546.276923666666,0.0,0.0,0.0
2060,12,3,7,107819.19736666667,58126.9043,43836.56758,59995.89895333333,9104.605249666667,0.0,0.0,0.0
2060,12,3,8,108166.827,57522.56532,42042.93421,58142.49229666666,7867.098185333333,0.0,0.0,0.0
2060,12,4,1,102340.27831333333,54015.78825666666,36697.092606666665,53916.030893333336,7058.608636666667,0.0,0.0,0.0
2060,12,4,2,96027.43058333332,50976.99869666667,34485.91541,52238.814920000004,6967.746279,0.0,0.0,0.0
2060,12,4,3,98747.47755666666,52794.50661333333,36445.42473333333,52726.67855666667,7937.533897,0.0,0.0,0.0
2060,12,4,4,114278.88513333333,56401.53359333333,38760.24180333333,57349.532793333325,8682.512512333335,0.0,0.0,0.0
2060,12,4,5,115967.54583333334,55431.28239666667,39174.19285666667,57242.82167666667,8754.541792,0.0,0.0,0.0
2060,12,4,6,116051.57033333334,55829.848276666664,38830.79341333333,56912.025903333335,8592.925008999999,0.0,0.0,0.0
2060,12,4,7,108407.13706666666,58441.300806666666,44086.84469666667,60331.41748333333,9155.7443,0.0,0.0,0.0
2060,12,4,8,108759.37356666666,57836.41132000001,42279.39075,58462.16206,7910.4722126666675,0.0,0.0,0.0
2060,12,5,1,102365.51463666667,54028.44987666667,36706.07453666667,53926.86715333333,7040.326064000001,0.0,0.0,0.0
2060,12,5,2,95787.61306666666,50850.78810333333,34398.15327,52109.417186666666,6949.782420333334,0.0,0.0,0.0
2060,12,5,3,98502.73445333332,52664.81914,36355.05493333333,52595.8611,7917.686730333334,0.0,0.0,0.0
2060,12,5,4,113995.54873333334,56267.036446666665,38665.989493333334,57210.02314666667,8661.593308666666,0.0,0.0,0.0
2060,12,5,5,115680.47176666667,55298.32086666667,39077.65160333333,57103.86253333333,8733.448744666666,0.0,0.0,0.0
2060,12,5,6,115764.06166666666,55696.104446666664,38736.88879,56774.22572333334,8571.774014,0.0,0.0,0.0
2060,12,5,7,108139.44660000001,58298.51710333334,43972.77419333334,60178.31904666667,9132.478205,0.0,0.0,0.0
2060,12,5,8,108489.74183333333,57693.10608333334,42171.43375333333,58316.712750000006,7890.827863666666,0.0,0.0,0.0
2060,12,6,1,99471.21823,52684.782203333336,36206.70823333333,53598.21546,7048.206983,0.0,0.0,0.0
2060,12,6,2,90477.58328333334,49710.28587666667,33637.8764,51035.72892666666,6924.082512,0.0,0.0,0.0
2060,12,6,3,91753.59674666666,50722.578299999994,35068.75571333334,50839.95183666667,7755.983025666667,0.0,0.0,0.0
2060,12,6,4,101651.07459333334,53095.02459000001,36947.68843666667,54579.737530000006,8619.378240333333,0.0,0.0,0.0
2060,12,6,5,102369.31023333334,51788.67538333333,36977.50264666667,54221.967000000004,8587.390981999999,0.0,0.0,0.0
2060,12,6,6,99875.69481999999,51093.64788333333,35731.65108333334,52144.649529999995,8489.458976666667,0.0,0.0,0.0
2060,12,6,7,99308.0948,54295.67677,41013.373303333334,56981.30265666667,8918.331622,0.0,0.0,0.0
2060,12,6,8,98549.23767,53430.91978,39365.16027,54786.93036333334,7944.313804666667,0.0,0.0,0.0
2060,12,7,1,93738.71905666667,49376.0422,34745.145483333334,50893.90136333334,6955.809005,0.0,0.0,0.0
2060,12,7,2,86785.19899666666,45869.120273333334,32361.573193333334,48071.98193666667,6668.705975666667,0.0,0.0,0.0
2060,12,7,3,84391.08018333332,45793.237453333335,32642.21502666667,46420.69766666667,7495.101435333333,0.0,0.0,0.0
2060,12,7,4,88296.71285666667,44900.54955999999,32407.23616333333,45932.25454666666,8198.618305,0.0,0.0,0.0
2060,12,7,5,90077.62665333333,44526.66950333334,32588.526270000002,46607.69564333333,8258.101857333333,0.0,0.0,0.0
2060,12,7,6,89941.59388666665,44129.755143333336,32362.355489999998,46017.14826666666,8284.294322666667,0.0,0.0,0.0
2060,12,7,7,93299.64757333334,49476.08930666667,39168.977543333334,53509.52614666667,8867.829999,0.0,0.0,0.0
2060,12,7,8,94250.02263666666,49174.470323333335,37675.31164666667,51998.59176666667,7673.986701999999,0.0,0.0,0.0
2060,12,8,1,96208.86555333332,50231.73034333333,34699.83020333334,51176.13676666666,7000.226095000001,0.0,0.0,0.0
2060,12,8,2,95259.50458666666,50571.044460000005,34204.752043333334,51824.19746333334,6910.203982666666,0.0,0.0,0.0
2060,12,8,3,97962.68870333333,52377.68713666667,36156.93095666667,52307.04861,7874.1678329999995,0.0,0.0,0.0
2060,12,8,4,113373.12996666667,55972.37121333333,38459.92665,56903.33371333333,8615.553676666666,0.0,0.0,0.0
2060,12,8,5,115048.4916,55004.669720000005,38866.489336666666,56796.04311666667,8687.177320666668,0.0,0.0,0.0
2060,12,8,6,115134.48636666666,55402.54021666667,38529.2034,56471.47675,8524.894136666666,0.0,0.0,0.0
2060,12,8,7,107549.88433333334,57982.70087,43722.41015333333,59842.88744,9081.512999,0.0,0.0,0.0
2060,12,8,8,107896.38396666666,57378.73854666667,41934.832343333335,57996.724270000006,7847.106148666666,0.0,0.0,0.0
2060,12,9,1,101662.98286333332,53662.943300000006,36454.55153333334,53562.780296666664,6994.141562,0.0,0.0,0.0
2060,12,9,2,95179.21772666667,50528.800416666665,34175.459363333335,51781.200099999995,6904.206371666667,0.0,0.0,0.0
2060,12,9,3,97880.66340333334,52333.93645,36126.855976666666,52263.44279,7867.590743,0.0,0.0,0.0
2060,12,9,4,113279.31229999999,55927.780276666665,38428.69271,56857.43895333333,8608.513002666667,0.0,0.0,0.0
2060,12,9,5,114952.67473333333,54960.339550000004,38835.197453333334,56749.655796666666,8680.107673333334,0.0,0.0,0.0
2060,12,9,6,115039.10403333332,55358.15210666667,38497.853566666665,56425.43711666667,8517.853463,0.0,0.0,0.0
2060,12,9,7,107460.76039999998,57934.951773333334,43684.6281,59792.50171333333,9073.834897666666,0.0,0.0,0.0
2060,12,9,8,107806.41983333333,57331.916619999996,41899.397183333334,57948.163903333334,7840.471110666666,0.0,0.0,0.0
2060,12,10,1,101619.34808666667,53640.54642666667,36438.93457,53540.20957666667,6992.5479940000005,0.0,0.0,0.0
2060,12,10,2,95158.55929,50517.61646666667,34167.75229,51769.90025333333,6902.670751333334,0.0,0.0,0.0
2060,12,10,3,97859.22266333333,52322.46276,36118.91711333334,52251.91115,7865.939226666666,0.0,0.0,0.0
2060,12,10,4,113254.8003,55916.248640000005,38420.55102666667,56845.414756666665,8606.687643,0.0,0.0,0.0
2060,12,10,5,114927.90196666667,54948.69201666667,38826.85295333333,56737.776470000004,8678.282313333333,0.0,0.0,0.0
2060,12,10,6,115014.15746666666,55346.47559666666,38489.62496,56413.441893333336,8515.999129333333,0.0,0.0,0.0
2060,12,10,7,107437.43636666668,57922.55091666667,43674.89285333333,59779.347533333326,9071.864668,0.0,0.0,0.0
2060,12,10,8,107783.12473333332,57319.74755333333,41890.06757000001,57935.61817666667,7838.790620666667,0.0,0.0,0.0
2060,12,11,1,101975.72787,53826.64620333334,36567.086416666665,53727.29447666666,7032.329249333333,0.0,0.0,0.0
2060,12,11,2,95682.61141333333,50795.33193000001,34359.73379,52053.09179333333,6941.901501666667,0.0,0.0,0.0
2060,12,11,3,98395.27002333333,52608.08811666667,36316.142896666664,52538.52162666666,7909.052488333334,0.0,0.0,0.0
2060,12,11,4,113872.00373333333,56208.16135,38624.75954,57149.38063333333,8652.379587666668,0.0,0.0,0.0
2060,12,11,5,115554.49293333333,55239.619609999994,39035.610380000006,57042.95925666666,8724.321945333333,0.0,0.0,0.0
2060,12,11,6,115638.51746666666,55637.69293,38695.687809999996,56713.61218333334,8562.444396666668,0.0,0.0,0.0
2060,12,11,7,108022.76843333333,58235.817440000006,43922.852053333336,60111.79482,9122.221421333334,0.0,0.0,0.0
2060,12,11,8,108371.7019,57630.84103,42124.26413333334,58252.73823333334,7882.135674,0.0,0.0,0.0
2060,12,12,1,102000.76140333334,53838.72835,36575.45989333333,53737.841003333335,7014.220520666667,0.0,0.0,0.0
2060,12,12,2,95444.03977666667,50668.918516666665,34272.40625666667,51923.838933333325,6924.082512333333,0.0,0.0,0.0
2060,12,12,3,98151.19332333334,52478.226800000004,36226.46847666667,52407.791086666664,7889.437113333333,0.0,0.0,0.0
2060,12,12,4,113590.14496666666,56074.67828666667,38531.66618666667,57010.8561,8631.634227666667,0.0,0.0,0.0
2060,12,12,5,115268.80966666667,55106.62910666667,38939.96731666667,56903.50755666667,8703.489663666667,0.0,0.0,0.0
2060,12,12,6,115353.6744,55505.02113666667,38601.58037,56576.79711666666,8541.235453666666,0.0,0.0,0.0
2060,12,12,7,107755.65743333334,58092.68604666667,43809.70871333333,59959.71047,9099.042248,0.0,0.0,0.0
2060,12,12,8,108102.85246666666,57488.549880000006,42017.40814666666,58107.868403333334,7862.346455333333,0.0,0.0,0.0
2060,12,13,1,99114.72257,52497.78422666667,36077.745103333335,53409.50801666667,7022.217335333334,0.0,0.0,0.0
2060,12,13,2,90145.36778666667,49529.28550666667,33513.78090333333,50852.033983333335,6898.469526333334,0.0,0.0,0.0
2060,12,13,3,91417.26695,50538.27490333334,34941.73384333333,50656.372789999994,7728.139044333334,0.0,0.0,0.0
2060,12,13,4,101288.37848333333,52908.519173333334,36816.55226333334,54389.90011000001,8589.621977,0.0,0.0,0.0
2060,12,13,5,102003.1952,51602.43073,36846.71416333333,54032.10059666666,8558.01138,0.0,0.0,0.0
2060,12,13,6,99516.1279,50909.46038333333,35603.20949,51958.08616333333,8459.065286,0.0,0.0,0.0
2060,12,13,7,98950.23736666667,54106.042160000005,40865.113516666665,56775.268780000006,8886.692051,0.0,0.0,0.0
2060,12,13,8,98194.88606666667,53242.47310333333,39225.01319333334,54590.39995333333,7915.890344333334,0.0,0.0,0.0
2060,12,14,1,93700.90803333333,49356.45580333334,34731.35387666667,50874.25701333333,6964.906830333333,0.0,0.0,0.0
2060,12,14,2,86899.2695,45929.67586333334,32404.135949999996,48134.6816,6677.514060999999,0.0,0.0,0.0
2060,12,14,3,84502.31124,45853.67715,32685.125473333334,46481.16633,7504.720792,0.0,0.0,0.0
2060,12,14,4,88412.17411333334,44959.97516666667,32449.79892,45992.98398,8208.730219,0.0,0.0,0.0
2060,12,14,5,90194.91327333334,44585.60255,32631.23389666667,46669.38121666667,8268.213771666668,0.0,0.0,0.0
2060,12,14,6,90058.73563000001,44188.166659999995,32404.918246666668,46078.16744,8294.580080666667,0.0,0.0,0.0
2060,12,14,7,93419.83158666668,49540.29562,39218.63892333334,53577.151386666665,8878.898054333333,0.0,0.0,0.0
2060,12,14,8,94371.27868666667,49238.50278333333,37722.568186666664,52064.391643333336,7683.692980333333,0.0,0.0,0.0
2060,12,15,1,96331.13568666666,50295.09640666667,34744.27626666667,51240.951526666664,7009.381868666667,0.0,0.0,0.0
2060,12,15,2,95380.06526333334,50634.90307666667,34248.966316666665,51889.30196666667,6919.24386,0.0,0.0,0.0
2060,12,15,3,98085.88599666666,52443.45804,36202.362133333336,52372.96438333334,7884.134877666666,0.0,0.0,0.0
2060,12,15,4,113515.0155,56039.214153333334,38506.661653333336,56973.71148,8626.071226333333,0.0,0.0,0.0
2060,12,15,5,115192.02866666667,55071.020103333336,38914.383303333336,56866.247039999995,8697.839740333335,0.0,0.0,0.0
2060,12,15,6,115277.61773333333,55469.49905666666,38576.488913333334,56539.97120666667,8535.469634333333,0.0,0.0,0.0
2060,12,15,7,107684.38146666666,58054.49836,43779.430920000006,59919.00205,9092.986689333333,0.0,0.0,0.0
2060,12,15,8,108031.28676666667,57450.21732333334,41988.63699666667,58069.246106666666,7857.073193333333,0.0,0.0,0.0
2060,12,16,1,101790.46833333334,53729.03291333333,36500.15655666667,53628.6671,7003.326309666667,0.0,0.0,0.0
2060,12,16,2,95300.06814333332,50592.774933333334,34219.78953333333,51846.10178333334,6913.246249,0.0,0.0,0.0
2060,12,16,3,98004.26633333333,52399.96811666666,36172.316133333334,52329.24266333333,7877.4998393333335,0.0,0.0,0.0
2060,12,16,4,113421.11086666666,55994.826036666665,38475.77540666667,56926.976473333336,8619.059526666666,0.0,0.0,0.0
2060,12,16,5,115096.7043,55026.97967333333,38882.453993333336,56819.54100333334,8690.799066333333,0.0,0.0,0.0
2060,12,16,6,115182.55416666665,55425.05299,38545.226006666664,56494.395156666666,8528.457934666667,0.0,0.0,0.0
2060,12,16,7,107595.3445,58006.80721333334,43741.44604666667,59868.41350333334,9085.366536333333,0.0,0.0,0.0
2060,12,16,8,107941.93106666667,57402.526173333325,41952.94107333333,58021.32316666667,7850.438155333333,0.0,0.0,0.0
2060,12,17,1,101746.77558333334,53706.23040333334,36484.655483333336,53606.38611666667,7001.703767333333,0.0,0.0,0.0
2060,12,17,2,95278.85919666667,50581.56201,34211.966563333335,51834.68604,6911.652680666666,0.0,0.0,0.0
2060,12,17,3,97982.65175,52388.43648,36164.31931333333,52317.68205333333,7875.732427666667,0.0,0.0,0.0
2060,12,17,4,113396.07736666668,55983.004656666664,38467.546800000004,56914.77843333333,8617.205192666666,0.0,0.0,0.0
2060,12,17,5,115071.41003333333,55015.332136666664,38874.080519999996,56807.19809333333,8688.886785,0.0,0.0,0.0
2060,12,17,6,115157.63653333334,55413.34751,38536.794579999994,56482.54480333333,8526.574626666667,0.0,0.0,0.0
2060,12,17,7,107571.67273333333,57994.348406666664,43731.45003333333,59854.99856,9083.338358666666,0.0,0.0,0.0
2060,12,17,8,107918.1724,57390.067370000004,41943.466583333335,58008.48770333334,7848.699717333334,0.0,0.0,0.0
2060,12,18,1,102103.73487333332,53893.11248666667,36612.80733666667,53793.61588666667,7041.600918666667,0.0,0.0,0.0
2060,12,18,2,95804.15720333334,50859.50926333333,34404.26677333333,52118.25424333334,6950.999326666667,0.0,0.0,0.0
2060,12,18,3,98519.51036666667,52673.916966666664,36361.25536333333,52604.900976666664,7919.077480666667,0.0,0.0,0.0
2060,12,18,4,114014.99026666667,56276.163243333336,38672.56658666666,57219.67147333334,8663.070980666667,0.0,0.0,0.0
2060,12,18,5,115700.11613333334,55307.59253666666,39084.22869333333,57113.481889999995,8734.839494666667,0.0,0.0,0.0
2060,12,18,6,115783.735,55705.231243333335,38743.43690666666,56783.87405333333,8573.222712,0.0,0.0,0.0
2060,12,18,7,108157.72913333333,58308.36825,43980.742033333336,60188.69172333333,9134.071773,0.0,0.0,0.0
2060,12,18,8,108508.22723333334,57702.89928333333,42178.90903666667,58326.59287666666,7892.218614,0.0,0.0,0.0
2060,12,19,1,102129.31885,53905.368473333336,36621.35465666667,53804.36522666667,7023.4052679999995,0.0,0.0,0.0
2060,12,19,2,95564.91916666667,50732.95098,34316.620526666666,51989.26215333334,6933.093415666666,0.0,0.0,0.0
2060,12,19,3,98275.08600000001,52544.05565,36271.783756666664,52473.79378333333,7899.433131666668,0.0,0.0,0.0
2060,12,19,4,113733.04456666666,56142.15865,38578.632986666664,57081.06002,8642.151777666666,0.0,0.0,0.0
2060,12,19,5,115413.15793333335,55173.87768,38987.94820666666,56974.00122,8714.094135333333,0.0,0.0,0.0
2060,12,19,6,115497.87783333333,55572.269713333335,38649.30048666667,56645.929000000004,8551.984795333332,0.0,0.0,0.0
2060,12,19,7,107890.73406666667,58165.178909999995,43866.81640333333,60036.43353,9110.834652,0.0,0.0,0.0
2060,12,19,8,108239.20396666667,57560.55018333334,42071.47356666667,58181.49125,7872.400420999999,0.0,0.0,0.0
2060,12,20,1,99240.35369333334,52563.93179333333,36123.17628666666,53475.88737333333,7031.373108666667,0.0,0.0,0.0
2060,12,20,2,90262.50953333334,49593.14413,33557.415693333336,50916.73284666667,6907.451456,0.0,0.0,0.0
2060,12,20,3,91535.82841999999,50603.26351,34986.41170333333,50720.98473333334,7737.932244666667,0.0,0.0,0.0
2060,12,20,4,101416.09570666666,52974.14520333334,36862.67882333333,54456.772020000004,8600.052604666666,0.0,0.0,0.0
2060,12,20,5,102132.12936666666,51667.91189333334,36892.60892666667,54098.91456333333,8568.355086,0.0,0.0,0.0
2060,12,20,6,99642.57027666667,50974.30412000001,35648.553746666665,52023.88603666666,8469.727705666666,0.0,0.0,0.0
2060,12,20,7,99076.53490333333,54172.885103333334,40917.26665333333,56847.99343666667,8897.78908,0.0,0.0,0.0
2060,12,20,8,98319.61898999999,53308.85246,39274.26893666667,54659.531833333334,7925.915336666666,0.0,0.0,0.0
2060,12,21,1,88363.70066666667,46535.57944,32763.673893333336,47979.641910000006,6350.861568,0.0,0.0,0.0
2060,12,21,2,79201.26338,41852.22756666667,29535.62639,43883.534380000005,6084.330053999999,0.0,0.0,0.0
2060,12,21,3,77000.92245333333,41789.701746666666,29793.581609999997,42377.84428666667,6851.5896490000005,0.0,0.0,0.0
2060,12,21,4,80605.97920333334,40965.91394666667,29574.886110000003,41903.19277666667,7508.371512000001,0.0,0.0,0.0
2060,12,21,5,82258.91499333332,40620.97888,29746.991469999997,42521.526183333335,7565.7979123333325,0.0,0.0,0.0
2060,12,21,6,82136.87664666667,40260.68761,29537.944306666668,41978.785853333335,7591.121158666666,0.0,0.0,0.0
2060,12,21,7,85257.69150666667,45188.46386333333,35909.000726666665,49018.56141,8145.190311666666,0.0,0.0,0.0
2060,12,21,8,86143.16488333333,44903.939516666665,34525.783586666665,47586.08853,7018.3348240000005,0.0,0.0,0.0
2060,12,22,1,88046.49368999999,45976.32394666667,31711.716109999998,46807.61600666667,6392.004599666667,0.0,0.0,0.0
2060,12,22,2,87129.00408,46239.5814,31235.500003333334,47409.49220666667,6308.124968,0.0,0.0,0.0
2060,12,22,3,89605.81459333333,47920.91168,33085.864396666664,47869.511863333326,7207.766614,0.0,0.0,0.0
2060,12,22,4,103935.38206666666,51410.30436,35281.62744333333,52237.655960000004,7909.805811333333,0.0,0.0,0.0
2060,12,22,5,105454.9217,50474.38731,35662.83791333333,52128.36616,7977.894632,0.0,0.0,0.0
2060,12,22,6,105557.026,50857.04648,35346.587073333336,51823.61798666667,7817.002197999999,0.0,0.0,0.0
2060,12,22,7,98548.22358333333,53259.74158666667,40006.41208666667,54827.11725333333,8335.983878333334,0.0,0.0,0.0
2060,12,22,8,98918.10522999999,52691.41724333334,38422.78202333333,53182.38109666667,7178.995465666667,0.0,0.0,0.0
2060,12,23,1,93169.87318333333,49203.907869999995,33370.765406666666,49065.26744333334,6386.383650333333,0.0,0.0,0.0
2060,12,23,2,87053.15023333333,46199.33656333332,31208.032683333335,47368.26225,6302.590940333333,0.0,0.0,0.0
2060,12,23,3,89528.01949333334,47879.50788,33057.20914666667,47828.22396333333,7201.537211,0.0,0.0,0.0
2060,12,23,4,103848.37326333334,51367.799549999996,35251.90015,52194.02117,7903.2866693333335,0.0,0.0,0.0
2060,12,23,5,105366.89880000001,50431.998393333335,35632.907803333335,52084.789313333335,7971.2306193333325,0.0,0.0,0.0
2060,12,23,6,105468.53946666665,50814.396799999995,35317.00465333333,51780.07011666667,7810.454081666667,0.0,0.0,0.0
2060,12,23,7,98464.77855666667,53216.13576999999,39972.77331,54781.42531333333,8329.290891999999,0.0,0.0,0.0
2060,12,23,8,98835.03687,52647.898346666676,38390.99758,53138.05093,7172.737088666666,0.0,0.0,0.0
2060,12,24,1,93129.01989,49182.43816333333,33355.90176,49043.53696666667,6384.905978,0.0,0.0,0.0
2060,12,24,2,87033.12922666667,46188.58722333333,31200.702269999998,47357.25214,6301.1132683333335,0.0,0.0,0.0
2060,12,24,3,89507.24516,47868.46880333333,33049.53104333333,47817.24282666666,7199.914669333334,0.0,0.0,0.0
2060,12,24,4,103825.33896333334,51356.35483333334,35243.961286666665,52182.431580000004,7901.519257333333,0.0,0.0,0.0
2060,12,24,5,105343.71963333334,50420.669573333325,35624.93996333333,52073.17075333333,7969.463207666667,0.0,0.0,0.0
2060,12,24,6,105445.07056666666,50803.096953333334,35309.03681,51768.42257999999,7808.773591666667,0.0,0.0,0.0
2060,12,24,7,98442.5845,53204.72002666667,39963.87830666667,54769.343166666666,8327.494506000001,0.0,0.0,0.0
2060,12,24,8,98812.87178333332,52636.16389333332,38382.624103333335,53126.345446666666,7171.085572666667,0.0,0.0,0.0
2060,12,25,1,93465.40763999999,49361.41035,33477.50549666667,49223.32043,6421.731888666666,0.0,0.0,0.0
2060,12,25,2,87530.55427333333,46453.78593333333,31380.92034,47628.013856666665,6337.562517333333,0.0,0.0,0.0
2060,12,25,3,90018.20105333334,48140.73716,33237.86182333333,48088.84478666666,7240.710013333333,0.0,0.0,0.0
2060,12,25,4,104397.86453,51636.70693000001,35438.898129999994,52468.28873333333,7944.690466666667,0.0,0.0,0.0
2060,12,25,5,105924.47379999999,50698.67478,35821.093713333335,52359.86814666667,8013.271844333333,0.0,0.0,0.0
2060,12,25,6,106025.10036666667,51083.47802333333,35504.118526666665,52054.27972666667,7851.7130093333335,0.0,0.0,0.0
2060,12,25,7,98990.94579666667,53490.577176666666,40183.87762666666,55069.10782,8372.201335666667,0.0,0.0,0.0
2060,12,25,8,99357.78517,52921.789246666674,38591.787163333334,53416.80945666667,7211.707073666667,0.0,0.0,0.0
2060,12,26,1,93486.23992,49370.768943333336,33485.58923333333,49233.229523333335,6404.984936,0.0,0.0,0.0
2060,12,26,2,87304.41247,46333.22526,31298.952986666667,47504.81655333333,6320.989408666667,0.0,0.0,0.0
2060,12,26,3,89785.85881666666,48016.815506666666,33152.27272666667,47965.21287333333,7222.166675,0.0,0.0,0.0
2060,12,26,4,104137.33061,51508.84481666667,35350.29574,52338.65920666666,7925.075091666667,0.0,0.0,0.0
2060,12,26,5,105659.88356666667,50572.17444333333,35732.085693333334,52229.39838,7993.192886,0.0,0.0,0.0
2060,12,26,6,105761.1186,50956.07949666667,35415.37126666667,51924.53430666667,7832.184556,0.0,0.0,0.0
2060,12,26,7,98741.56684,53360.68688666667,40083.94642,54932.40865,8351.890585333333,0.0,0.0,0.0
2060,12,26,8,99109.65213666666,52792.014853333334,38496.34692333333,53284.77509333333,7193.279630666667,0.0,0.0,0.0
2060,12,27,1,87534.52371,46371.355,31849.284503333332,47176.338703333335,6061.0639593333335,0.0,0.0,0.0
2060,12,27,2,77800.31417666667,42776.091446666665,28915.670433333333,43947.39299666666,5952.005951333333,0.0,0.0,0.0
2060,12,27,3,78918.18773333334,43669.764456666664,30197.3628,43784.84905333334,6687.307261666666,0.0,0.0,0.0
2060,12,27,4,87684.05834333332,45845.013933333335,31891.296749999998,47166.371653333335,7466.301313,0.0,0.0,0.0
2060,12,27,5,88288.77399333334,44650.156546666665,31918.09766666667,46833.373863333334,7436.805815666667,0.0,0.0,0.0
2060,12,27,6,86066.70258666667,44021.247639999994,30787.069933333332,44929.43660666666,7344.639629666667,0.0,0.0,0.0
2060,12,27,7,85604.07527333334,46889.380536666664,35518.02603,49280.77580333333,7737.874296999999,0.0,0.0,0.0
2060,12,27,8,84936.77585666666,46093.75543333334,34074.10843,47355.36883666667,6853.2991133333335,0.0,0.0,0.0
2060,12,28,1,83946.50364333333,44197.09064333333,31115.634703333333,45602.64671,6350.861568,0.0,0.0,0.0
2060,12,28,2,79201.29235333334,41852.25654,29535.655363333335,43883.50540666666,6084.330053999999,0.0,0.0,0.0
2060,12,28,3,77000.89348000001,41789.73072,29793.581609999997,42377.902233333334,6851.5896490000005,0.0,0.0,0.0
2060,12,28,4,80605.89228333333,40965.94292,29574.944059999998,41903.19277666667,7508.371512000001,0.0,0.0,0.0
2060,12,28,5,82258.97293999999,40621.007853333336,29747.020446666666,42521.526183333335,7565.7979123333325,0.0,0.0,0.0
2060,12,28,6,82136.90562333334,40260.68761,29537.944306666668,41978.75688,7591.121158666666,0.0,0.0,0.0
2060,12,28,7,85257.72048,45188.463866666665,35908.97175333333,49018.59038333333,8145.190311666666,0.0,0.0,0.0
2060,12,28,8,86143.16488333333,44903.939516666665,34525.81256,47586.05955666667,7018.3348240000005,0.0,0.0,0.0
2060,12,29,1,88046.40676666667,45976.32394666667,31711.716109999998,46807.61600666667,6392.004599666667,0.0,0.0,0.0
2060,12,29,2,87129.06202666667,46239.6973,31235.500003333334,47409.55015333334,6308.124968,0.0,0.0,0.0
2060,12,29,3,89605.78561666666,47920.969626666665,33085.864396666664,47869.51186,7207.766614,0.0,0.0,0.0
2060,12,29,4,103935.35309333332,51410.30436,35281.59847,52237.62698666667,7909.805811333333,0.0,0.0,0.0
2060,12,29,5,105454.95066666667,50474.38731,35662.808939999995,52128.39513333334,7977.894632,0.0,0.0,0.0
2060,12,29,6,105556.99700000002,50857.01750666666,35346.529123333334,51823.70491,7817.002197999999,0.0,0.0,0.0
2060,12,29,7,98548.19461666666,53259.68364,40006.38311,54827.146226666664,8335.983878333334,0.0,0.0,0.0
2060,12,29,8,98918.13420333333,52691.44621666666,38422.78202333333,53182.38109666667,7178.995465666667,0.0,0.0,0.0
2060,12,30,1,93169.87318333333,49203.907869999995,33370.82335333333,49065.209493333336,6386.383650333333,0.0,0.0,0.0
2060,12,30,2,87053.15023333333,46199.33656333332,31208.061660000003,47368.26225,6302.590940333333,0.0,0.0,0.0
2060,12,30,3,89527.96154666667,47879.47890666666,33057.23812,47828.22396,7201.566185000001,0.0,0.0,0.0
2060,12,30,4,103848.34426333335,51367.799549999996,35251.92912666666,52194.05014333333,7903.2866693333335,0.0,0.0,0.0
2060,12,30,5,105366.92776666667,50431.96942,35632.907803333335,52084.789313333335,7971.2306193333325,0.0,0.0,0.0
2060,12,30,6,105468.62640000001,50814.39680000001,35317.03362666666,51780.07011666667,7810.454081666667,0.0,0.0,0.0
2060,12,30,7,98464.74958333334,53216.13576999999,39972.74433666666,54781.42531333333,8329.290891999999,0.0,0.0,0.0
2060,12,30,8,98834.92097333334,52647.86937,38391.02655333334,53138.021956666664,7172.737088666666,0.0,0.0,0.0
2060,12,31,1,93128.96194333333,49182.43816333333,33355.90176,49043.56594333333,6384.905978,0.0,0.0,0.0
2060,12,31,2,87033.10025,46188.61619666667,31200.64432333333,47357.28111666666,6301.1132683333335,0.0,0.0,0.0
2060,12,31,3,89507.18721333332,47868.439829999996,33049.53104333333,47817.18487999999,7199.914669333334,0.0,0.0,0.0
2060,12,31,4,103825.30996333335,51356.38380666667,35243.961286666665,52182.460556666665,7901.519257333333,0.0,0.0,0.0
2060,12,31,5,105343.77756666667,50420.640600000006,35624.968936666664,52073.17075333333,7969.463207666667,0.0,0.0,0.0
2060,12,31,6,105445.09953333333,50803.06798,35309.03681,51768.39360666667,7808.773591666667,0.0,0.0,0.0
2060,12,31,7,98442.58450333333,53204.72002666667,39963.87830666667,54769.37214,8327.494506000001,0.0,0.0,0.0
2060,12,31,8,98812.87178333332,52636.10594,38382.65308,53126.345446666666,7171.085572666667,0.0,0.0,0.0
