Year,Month,Day,Interval,APB1,APB2,APB3,APB4,APB5,Sumatera,Kalimantan,Lombok
2059,1,1,1,92884.2605,48704.14317,34001.48818,48644.16602,6404.644549,0,0,0
2059,1,1,2,89930.26324,47631.74517,32023.63131,47559.26597,6185.736119,0,0,0
2059,1,1,3,87934.593,46640.89649,30993.39709,46422.64176,5992.894053,0,0,0
2059,1,1,4,86856.47511,45087.12874,30177.49538,45752.67901,5976.878356,0,0,0
2059,1,1,5,83377.14664,44347.30159,29780.94345,45419.20932,6126.576095,0,0,0
2059,1,1,6,82981.57527,44968.2367,30853.75001,46608.37482,6237.623709,0,0,0
2059,1,1,7,84285.22032,46937.02346,33251.28351,47438.73968,6391.979074,0,0,0
2059,1,1,8,86225.48933,45865.36088,31155.02488,45017.5912,7063.249232,0,0,0
2059,1,1,9,89902.15406,46457.5331,31736.73788,46639.09881,7485.540672,0,0,0
2059,1,1,10,96308.59629,49538.83881,33714.51304,49512.36388,7703.958825,0,0,0
2059,1,1,11,101332.8675,49692.62218,34072.1697,50797.95042,7689.413958,0,0,0
2059,1,1,12,104132.1826,49982.86584,34642.27948,51315.19206,7567.825401,0,0,0
2059,1,1,13,103064.1153,49455.00154,34667.03844,50927.62853,7736.562209,0,0,0
2059,1,1,14,99638.39044,46956.14424,33544.46882,48886.28087,7754.293873,0,0,0
2059,1,1,15,103497.1929,50137.2212,35317.06329,51506.64501,7664.981849,0,0,0
2059,1,1,16,103267.9886,49526.17333,34759.21041,51080.02279,7437.983857,0,0,0
2059,1,1,17,103579.3959,49262.9766,34197.76218,50001.16949,7216.133769,0,0,0
2059,1,1,18,99632.26198,48850.89925,33662.29859,49366.75178,8041.514154,0,0,0
2059,1,1,19,96833.27379,50084.02621,36288.38263,52744.59302,8188.678798,0,0,0
2059,1,1,20,94551.77238,52211.09054,39812.24453,52932.04204,8178.137855,0,0,0
2059,1,1,21,94802.54878,52245.81845,40068.65911,53493.24514,7814.352737,0,0,0
2059,1,1,22,96695.75125,52159.36638,39121.11818,52766.98231,7306.508059,0,0,0
2059,1,1,23,95852.96605,50996.92094,37149.06292,51283.24238,6903.3374,0,0,0
2059,1,1,24,94650.31795,49738.13618,35263.95001,50320.25774,6649.129067,0,0,0
2059,1,2,1,92863.83231,48693.68394,33994.05232,48633.37994,6441.170144,0,0,0
2059,1,2,2,90424.95217,47892.49053,32204.29818,47823.6884,6221.444586,0,0,0
2059,1,2,3,88424.21573,46899.02703,31170.63202,46684.04082,6027.621967,0,0,0
2059,1,2,4,87341.19508,45342.23592,30350.8081,46012.19867,6011.524558,0,0,0
2059,1,2,5,83851.08054,44599.95739,29953.03048,45677.66671,6161.875999,0,0,0
2059,1,2,6,83454.69203,45223.5073,31030.82152,46869.69216,6273.332176,0,0,0
2059,1,2,7,84764.13869,47200.71047,33434.56519,47701.36443,6428.586382,0,0,0
2059,1,2,8,86715.03035,46125.69766,31332.91352,45274.65948,7103.4519,0,0,0
2059,1,2,9,90407.38393,46720.15785,31916.75105,46901.88698,7526.233616,0,0,0
2059,1,2,10,96838.74854,49806.77488,33899.18383,49784.14045,7744.978621,0,0,0
2059,1,2,11,101886.3079,49959.82284,34258.96502,51072.09666,7730.842317,0,0,0
2059,1,2,12,104701.0667,50249.98478,34831.36276,51588.92974,7609.172047,0,0,0
2059,1,2,13,103629.0772,49722.8559,34856.04001,51203.16389,7778.07228,0,0,0
2059,1,2,14,100190.932,47218.68727,33729.95674,49155.11578,7796.212509,0,0,0
2059,1,2,15,104065.8318,50402.1339,35507.86254,51780.70954,7706.49192,0,0,0
2059,1,2,16,103835.1568,49796.07051,34949.02911,51356.53871,7478.676802,0,0,0
2059,1,2,17,104145.9103,49531.0761,34384.72093,50272.45579,7256.990138,0,0,0
2059,1,2,18,100177.286,49116.54737,33845.82541,49637.87465,8084.004778,0,0,0
2059,1,2,19,97366.53113,50352.77941,36483.1858,53031.07788,8232.068263,0,0,0
2059,1,2,20,95074.40707,52490.79325,40038.58882,53224.65536,8221.854171,0,0,0
2059,1,2,21,95326.40916,52523.23321,40295.73882,53790.43438,7855.535958,0,0,0
2059,1,2,22,97226.4755,52433.26748,39338.80092,53058.61508,7347.527854,0,0,0
2059,1,2,23,96378.86924,51268.6158,37352.60935,51563.84393,6942.39609,0,0,0
2059,1,2,24,95166.74246,50006.72596,35453.68699,50590.56348,6686.716927,0,0,0
2059,1,3,1,76447.74288,39158.37919,26570.77675,39657.64403,5266.958072,0,0,0
2059,1,3,2,74120.2372,39256.5979,26346.80213,39166.7956,5085.228939,0,0,0
2059,1,3,3,72418.6511,38410.29906,25483.67046,38205.03665,4926.379373,0,0,0
2059,1,3,4,71514.98991,37091.864,24806.5987,37642.68958,4913.141909,0,0,0
2059,1,3,5,68578.96946,36470.52032,24479.25746,37359.3098,5036.36472,0,0,0
2059,1,3,6,68242.63982,36986.61799,25368.29207,38358.08462,5128.046415,0,0,0
2059,1,3,7,69322.96395,38647.9197,27400.56963,39094.64325,5256.417129,0,0,0
2059,1,3,8,70939.40537,37745.97448,25618.5782,37020.93734,5821.62415,0,0,0
2059,1,3,9,74031.82401,38238.45716,26105.01414,38380.31048,6182.140759,0,0,0
2059,1,3,10,79516.13797,40901.88392,27797.77526,40854.08197,6371.632602,0,0,0
2059,1,3,11,83820.43826,41041.36757,28110.81676,41979.59325,6358.885415,0,0,0
2059,1,3,12,86185.77694,41300.80552,28610.98044,42433.83437,6253.47598,0,0,0
2059,1,3,13,85246.08043,40830.87555,28632.22575,42090.80428,6400.640625,0,0,0
2059,1,3,14,82288.16096,38662.70971,27652.89857,40304.97235,6416.411184,0,0,0
2059,1,3,15,85640.67125,41431.70932,29205.19549,42602.48946,6337.640102,0,0,0
2059,1,3,16,85445.62294,40891.99668,28713.36651,42226.12058,6140.712399,0,0,0
2059,1,3,17,85715.52012,40657.97139,28220.0667,41276.53683,5951.05713,0,0,0
2059,1,3,18,82335.63606,40294.92169,27751.68927,40719.01081,6669.393826,0,0,0
2059,1,3,19,79954.52682,41373.52985,30072.00423,43712.88388,6799.725646,0,0,0
2059,1,3,20,78039.01678,43222.03545,33085.24323,43851.22355,6790.492107,0,0,0
2059,1,3,21,78279.17052,43256.51823,33287.89082,44323.03291,6468.870763,0,0,0
2059,1,3,22,79922.25029,43197.03136,32506.14504,43714.273,6027.785393,0,0,0
2059,1,3,23,79191.82011,42190.16698,30825.31398,42436.28575,5686.307853,0,0,0
2059,1,3,24,78171.22799,41098.72991,29161.15232,41570.45756,5471.975337,0,0,0
2059,1,4,1,76639.93124,40188.12314,28041.60607,40089.25072,6205.919166,0,0,0
2059,1,4,2,84036.07818,44395.92068,30553.94597,45915.77764,6048.703854,0,0,0
2059,1,4,3,81895.12268,44015.79301,29620.86819,44958.18604,5876.698537,0,0,0
2059,1,4,4,78838.49422,42963.74148,28762.96614,43936.04138,5811.573483,0,0,0
2059,1,4,5,77358.34965,42422.14944,28437.5043,43180.36196,5952.446247,0,0,0
2059,1,4,6,76536.64634,42561.7148,29301.53481,44322.05236,6041.839984,0,0,0
2059,1,4,7,78539.18046,44821.15377,31397.30316,44993.73108,6111.132388,0,0,0
2059,1,4,8,77775.5749,42893.9588,29433.25574,43321.56157,6715.806662,0,0,0
2059,1,4,9,79748.77414,42872.55007,29479.58687,42627.41185,7161.141095,0,0,0
2059,1,4,10,84076.11742,45328.34475,31185.17689,46033.60741,7455.388671,0,0,0
2059,1,4,11,88282.44413,45835.3723,31851.38085,46847.95657,7489.381171,0,0,0
2059,1,4,12,89741.91538,45830.55125,32287.40003,48070.46087,7348.099843,0,0,0
2059,1,4,13,90340.05263,44845.83102,32251.85499,47336.51704,7433.89822,0,0,0
2059,1,4,14,86510.0948,43443.72212,31207.56618,45532.95345,7427.851478,0,0,0
2059,1,4,15,87030.60496,45201.44486,31942.32713,47108.5385,7345.893599,0,0,0
2059,1,4,16,87619.42696,44518.81664,31170.06003,45861.0301,7134.911305,0,0,0
2059,1,4,17,85851.81697,43754.72081,30557.13277,44231.67807,6991.505447,0,0,0
2059,1,4,18,83840.94816,43346.97423,30328.82737,44269.91963,7798.827316,0,0,0
2059,1,4,19,82489.74629,44806.69062,33602.15802,48831.36991,7802.095826,0,0,0
2059,1,4,20,86769.36933,47730.53588,36262.39798,48942.98951,7707.96275,0,0,0
2059,1,4,21,86643.53171,47593.83046,36036.62568,49269.26848,7568.805954,0,0,0
2059,1,4,22,85027.90741,47535.56928,35445.02544,48653.6447,7151.498991,0,0,0
2059,1,4,23,85211.9245,45825.64848,34014.97078,46703.07988,6753.966512,0,0,0
2059,1,4,24,83698.68628,44427.13494,32231.01824,46074.05521,6573.054506,0,0,0
2059,1,5,1,83804.6677,44206.59226,31436.6887,45370.50852,6403.582284,0,0,0
2059,1,5,2,82471.1975,43387.42204,30507.288,44898.37231,6150.191077,0,0,0
2059,1,5,3,80269.85629,42224.3229,29445.1858,43654.54099,5930.710658,0,0,0
2059,1,5,4,78724.8318,40659.44222,28685.58417,42429.74873,5852.593279,0,0,0
2059,1,5,5,76732.83863,39950.99277,28175.94182,42214.92594,5931.936349,0,0,0
2059,1,5,6,75086.24521,41217.78537,29111.55269,43088.43512,5926.870159,0,0,0
2059,1,5,7,76838.4932,41768.77438,30635.41357,43071.92915,6144.471185,0,0,0
2059,1,5,8,74770.58889,40381.78233,28282.65865,40158.05285,6636.463592,0,0,0
2059,1,5,9,72536.97115,39488.17181,27804.63913,40117.76847,7153.460097,0,0,0
2059,1,5,10,75045.55226,39549.21122,28450.57833,40711.08467,7273.659537,0,0,0
2059,1,5,11,78839.06621,39727.50842,28686.80987,40525.02476,7336.741773,0,0,0
2059,1,5,12,80726.54879,39975.75173,28951.88599,40745.15888,7227.083276,0,0,0
2059,1,5,13,78943.24995,40227.91724,28930.88582,41060.8152,7328.733924,0,0,0
2059,1,5,14,80349.52621,38719.17321,28638.19078,40839.5371,7392.633287,0,0,0
2059,1,5,15,80105.94053,39302.35704,29017.58304,41880.80254,7281.177109,0,0,0
2059,1,5,16,80030.84652,39799.57906,28542.66859,40625.12287,7147.821918,0,0,0
2059,1,5,17,80051.68327,38302.8468,28488.41133,40332.59126,7037.673145,0,0,0
2059,1,5,18,78963.51471,39096.03237,28948.6992,41244.34201,7882.010886,0,0,0
2059,1,5,19,79898.30846,41603.14265,32500.0983,46759.21654,8030.156083,0,0,0
2059,1,5,20,84339.15073,45065.31144,36064.40801,47990.13725,7914.614269,0,0,0
2059,1,5,21,83846.17777,44838.31345,35784.7053,47756.84738,7711.231259,0,0,0
2059,1,5,22,83740.35977,44542.84018,34990.53918,47482.21086,7306.262921,0,0,0
2059,1,5,23,84093.60395,43403.02917,33739.84398,46055.58813,6851.286385,0,0,0
2059,1,5,24,82814.55443,42742.21825,31642.52309,44879.08811,6259.686149,0,0,0
2059,1,6,1,78038.85335,39355.30689,29197.75963,42096.76931,6411.671845,0,0,0
2059,1,6,2,90025.21345,47681.83508,32058.52265,47609.76445,6192.599989,0,0,0
2059,1,6,3,88028.72607,46690.57784,31027.4713,46472.8951,5999.594498,0,0,0
2059,1,6,4,86949.62763,45136.48324,30210.83418,45802.76892,5983.578801,0,0,0
2059,1,6,5,83468.33806,44395.92068,29813.9554,45468.89066,6133.358253,0,0,0
2059,1,6,6,83072.8484,45017.42777,30887.74251,46658.87329,6244.405866,0,0,0
2059,1,6,7,84377.39229,46987.84878,33286.66513,47489.23815,6399.00637,0,0,0
2059,1,6,8,86319.70412,45915.45079,31189.18081,45066.94569,7071.011943,0,0,0
2059,1,6,9,89999.47393,46508.195,31771.46579,46689.76071,7493.385095,0,0,0
2059,1,6,10,96410.6555,49589.99098,33750.38493,49565.0686,7711.721536,0,0,0
2059,1,6,11,101439.4209,49743.93779,34107.79645,50850.41,7697.421806,0,0,0
2059,1,6,12,104242.0045,50034.50829,34678.23309,51367.89678,7575.833249,0,0,0
2059,1,6,13,103172.9567,49506.80741,34703.56404,50980.16983,7744.570057,0,0,0
2059,1,6,14,99744.04501,47006.72443,33580.09558,48937.84161,7762.383434,0,0,0
2059,1,6,15,103607.0148,50188.78194,35353.42546,51559.84,7672.907984,0,0,0
2059,1,6,16,103376.83,49578.06092,34795.73601,51133.13608,7445.82828,0,0,0
2059,1,6,17,103688.9727,49314.61905,34233.47065,50053.71078,7223.978192,0,0,0
2059,1,6,18,99736.77258,48902.29656,33697.5985,49419.12964,8049.76714,0,0,0
2059,1,6,19,96935.65985,50135.83209,36325.80706,52799.83083,8197.013498,0,0,0
2059,1,6,20,94652.44248,52264.93923,39855.06201,52988.01527,8186.63598,0,0,0
2059,1,6,21,94903.54573,52299.50372,40112.53885,53550.6892,7822.360585,0,0,0
2059,1,6,22,96797.72875,52212.39794,39163.03682,52822.7104,7314.434195,0,0,0
2059,1,6,23,95954.12642,51048.97195,37187.79475,51336.68251,6910.77326,0,0,0
2059,1,6,24,94749.59892,49789.37007,35301.04759,50372.30875,6656.401501,0,0,0
2059,1,7,1,92961.56075,48744.67269,34029.35222,48684.85896,6406.115378,0,0,0
2059,1,7,2,89950.03772,47642.2044,32031.06717,47569.97034,6187.206948,0,0,0
2059,1,7,3,87954.20405,46651.35572,31000.58781,46433.26442,5994.364882,0,0,0
2059,1,7,4,86876.08616,45097.58797,30184.52267,45763.21995,5978.267473,0,0,0
2059,1,7,5,83396.18571,44357.5974,29787.97075,45429.66855,6127.965212,0,0,0
2059,1,7,6,83000.94119,44978.69594,30860.77731,46618.99748,6239.012825,0,0,0
2059,1,7,7,84304.50453,46947.80954,33258.71937,47449.36234,6393.449904,0,0,0
2059,1,7,8,86245.10039,45875.98353,31162.21561,45027.96872,7064.883487,0,0,0
2059,1,7,9,89922.9091,46468.07404,31744.17374,46649.80318,7487.093214,0,0,0
2059,1,7,10,96330.16845,49549.7066,33722.11232,49523.64024,7705.59308,0,0,0
2059,1,7,11,101355.1751,49703.40827,34079.60556,50808.89992,7691.048213,0,0,0
2059,1,7,12,104154.8987,49993.89706,34649.71534,51326.46842,7569.459656,0,0,0
2059,1,7,13,103086.9949,49465.95104,34674.96458,50938.74147,7738.278176,0,0,0
2059,1,7,14,99660.45288,46966.7669,33551.9864,48897.31209,7755.928128,0,0,0
2059,1,7,15,103520.3176,50148.25242,35324.49915,51517.92137,7666.616103,0,0,0
2059,1,7,16,103291.1133,49536.71428,34766.72799,51091.13573,7439.536399,0,0,0
2059,1,7,17,103602.0303,49274.00782,34205.19804,50012.36414,7217.849736,0,0,0
2059,1,7,18,99654.24271,48861.44019,33669.73445,49377.86471,8043.230121,0,0,0
2059,1,7,19,96854.68253,50094.894,36296.30876,52755.78766,8190.476478,0,0,0
2059,1,7,20,94572.85427,52222.20347,39821.15122,52943.56354,8179.935535,0,0,0
2059,1,7,21,94823.79409,52256.93139,40077.89265,53505.33863,7816.068705,0,0,0
2059,1,7,22,96717.15999,52170.56102,39129.86144,52778.74894,7308.224026,0,0,0
2059,1,7,23,95874.04794,51007.78873,37157.23419,51294.43702,6904.889942,0,0,0
2059,1,7,24,94670.99127,49748.84055,35271.87614,50331.20725,6650.681609,0,0,0
2059,1,8,1,92884.34221,48704.22488,34001.40646,48644.24773,6404.644549,0,0,0
2059,1,8,2,89930.09982,47631.74517,32023.63131,47559.34769,6185.736119,0,0,0
2059,1,8,3,87934.75642,46640.89649,30993.39709,46422.64176,5992.894053,0,0,0
2059,1,8,4,86856.39339,45087.12874,30177.49538,45752.67901,5976.878356,0,0,0
2059,1,8,5,83377.06493,44347.38331,29780.94345,45419.1276,6126.494383,0,0,0
2059,1,8,6,82981.65698,44968.15499,30853.75001,46608.37482,6237.623709,0,0,0
2059,1,8,7,84285.22032,46937.02346,33251.36523,47438.73968,6391.979074,0,0,0
2059,1,8,8,86225.40762,45865.27916,31154.94317,45017.67291,7063.249232,0,0,0
2059,1,8,9,89902.31748,46457.5331,31736.73788,46639.18052,7485.540672,0,0,0
2059,1,8,10,96308.43286,49538.83881,33714.59475,49512.36388,7703.958825,0,0,0
2059,1,8,11,101332.8675,49692.54047,34072.00627,50797.95042,7689.413958,0,0,0
2059,1,8,12,104132.1009,49982.86584,34642.27948,51315.27377,7567.825401,0,0,0
2059,1,8,13,103064.1153,49455.00154,34667.03844,50927.54682,7736.562209,0,0,0
2059,1,8,14,99638.22701,46956.14424,33544.46882,48886.28087,7754.293873,0,0,0
2059,1,8,15,103497.1929,50137.30291,35317.06329,51506.72672,7664.981849,0,0,0
2059,1,8,16,103267.9886,49526.25505,34759.21041,51080.02279,7437.983857,0,0,0
2059,1,8,17,103579.3142,49262.9766,34197.76218,50001.16949,7216.133769,0,0,0
2059,1,8,18,99632.34369,48850.89925,33662.21688,49366.83349,8041.514154,0,0,0
2059,1,8,19,96833.3555,50084.02621,36288.38263,52744.59302,8188.678798,0,0,0
2059,1,8,20,94551.85409,52211.09054,39812.16282,52932.04204,8178.137855,0,0,0
2059,1,8,21,94802.63049,52245.81845,40068.65911,53493.24514,7814.352737,0,0,0
2059,1,8,22,96695.75125,52159.36638,39121.11818,52766.98231,7306.508059,0,0,0
2059,1,8,23,95852.96605,50996.92094,37149.06292,51283.16067,6903.419113,0,0,0
2059,1,8,24,94650.31795,49738.13618,35264.03172,50320.25774,6649.129067,0,0,0
2059,1,9,1,92863.83231,48693.68394,33994.05232,48633.37994,6441.170144,0,0,0
2059,1,9,2,90424.87046,47892.49053,32204.29818,47823.6884,6221.444586,0,0,0
2059,1,9,3,88424.21573,46899.02703,31170.63202,46684.04082,6027.621967,0,0,0
2059,1,9,4,87341.19508,45342.23592,30350.88981,46012.19867,6011.524558,0,0,0
2059,1,9,5,83851.24396,44599.87567,29952.94877,45677.66671,6161.875999,0,0,0
2059,1,9,6,83454.61032,45223.5073,31030.82152,46869.69216,6273.332176,0,0,0
2059,1,9,7,84764.13869,47200.71047,33434.56519,47701.44614,6428.586382,0,0,0
2059,1,9,8,86715.03035,46125.61595,31332.91352,45274.65948,7103.4519,0,0,0
2059,1,9,9,90407.30222,46720.15785,31916.75105,46901.88698,7526.233616,0,0,0
2059,1,9,10,96838.74854,49806.77488,33899.18383,49784.14045,7744.978621,0,0,0
2059,1,9,11,101886.2262,49959.74113,34258.96502,51072.09666,7730.842317,0,0,0
2059,1,9,12,104701.0667,50249.98478,34831.36276,51588.92974,7609.172047,0,0,0
2059,1,9,13,103628.9955,49722.69247,34856.04001,51203.16389,7778.07228,0,0,0
2059,1,9,14,100190.932,47218.68727,33729.95674,49155.03407,7796.212509,0,0,0
2059,1,9,15,104065.7501,50402.21562,35507.78082,51780.62783,7706.49192,0,0,0
2059,1,9,16,103835.1568,49796.07051,34949.02911,51356.53871,7478.676802,0,0,0
2059,1,9,17,104145.9103,49531.0761,34384.72093,50272.37407,7256.990138,0,0,0
2059,1,9,18,100177.286,49116.54737,33845.82541,49637.87465,8084.004778,0,0,0
2059,1,9,19,97366.61284,50352.77941,36483.1858,53031.07788,8232.068263,0,0,0
2059,1,9,20,95074.32535,52490.79325,40038.58882,53224.65536,8221.854171,0,0,0
2059,1,9,21,95326.40916,52523.31492,40295.73882,53790.35266,7855.535958,0,0,0
2059,1,9,22,97226.4755,52433.26748,39338.80092,53058.61508,7347.527854,0,0,0
2059,1,9,23,96378.86924,51268.6158,37352.60935,51563.84393,6942.39609,0,0,0
2059,1,9,24,95166.74246,50006.64424,35453.60528,50590.56348,6686.716927,0,0,0
2059,1,10,1,93372.49412,48959.65891,34179.78538,48900.25375,6424.582458,0,0,0
2059,1,10,2,90200.16042,47774.17048,32122.09516,47703.48896,6205.183751,0,0,0
2059,1,10,3,88201.22167,46781.27898,31089.98154,46565.31221,6011.851409,0,0,0
2059,1,10,4,87120.24383,45226.53068,30271.87359,45894.20547,5995.753999,0,0,0
2059,1,10,5,83635.3589,44484.98756,29874.58625,45560.00037,6145.778589,0,0,0
2059,1,10,6,83239.70582,45107.23008,30950.17105,46751.04526,6256.989628,0,0,0
2059,1,10,7,84545.88396,47080.67446,33351.70847,47581.9004,6411.916983,0,0,0
2059,1,10,8,86492.68999,46007.05077,31251.85448,45157.56512,7085.148247,0,0,0
2059,1,10,9,90177.77113,46600.69382,31835.03831,46782.25953,7507.684824,0,0,0
2059,1,10,10,96598.10453,49684.69605,33815.34656,49660.6725,7726.593254,0,0,0
2059,1,10,11,101635.8584,49839.21484,34173.49349,50947.72987,7711.721536,0,0,0
2059,1,10,12,104442.119,50128.80479,34744.74726,51465.13494,7590.214692,0,0,0
2059,1,10,13,103372.9078,49601.83933,34769.9965,51077.65312,7759.033212,0,0,0
2059,1,10,14,99939.42017,47099.46839,33645.6292,49032.30153,7777.091728,0,0,0
2059,1,10,15,103807.6196,50282.09789,35421.32874,51656.58789,7687.69799,0,0,0
2059,1,10,16,103577.3531,49672.92941,34862.90388,51231.02794,7460.046297,0,0,0
2059,1,10,17,103889.0872,49409.40583,34299.57625,50149.06955,7238.359634,0,0,0
2059,1,10,18,99929.77807,48996.1845,33762.23328,49514.81526,8064.802285,0,0,0
2059,1,10,19,97123.51744,50231.59942,36394.85433,52901.89004,8212.457206,0,0,0
2059,1,10,20,94836.45957,52362.91281,39935.54906,53091.79045,8201.834549,0,0,0
2059,1,10,21,95088.13481,52397.64072,40192.61734,53655.60835,7836.82374,0,0,0
2059,1,10,22,96985.42291,52309.06411,39239.84679,52925.83187,7328.815637,0,0,0
2059,1,10,23,96140.5949,51145.4747,37259.53854,51435.71835,6924.582713,0,0,0
2059,1,10,24,94931.90005,49885.05569,35367.56176,50467.5041,6669.638964,0,0,0
2059,1,11,1,93141.73734,48838.88748,34094.80413,48778.58348,6386.912885,0,0,0
2059,1,11,2,86461.63915,45683.46832,31443.71599,47233.39557,6226.347351,0,0,0
2059,1,11,3,84278.11131,45294.0254,30489.22948,46257.01004,6049.76612,0,0,0
2059,1,11,4,81148.92194,44218.35889,29609.59184,45212.80294,5982.843386,0,0,0
2059,1,11,5,79632.49692,43664.59165,29275.05988,44442.41522,6127.638361,0,0,0
2059,1,11,6,78788.24089,43807.50724,30161.47968,45610.49884,6219.320055,0,0,0
2059,1,11,7,80840.37464,46124.14512,32296.797,46284.38381,6290.165001,0,0,0
2059,1,11,8,80059.28256,44145.71627,30296.14228,44588.19075,6909.139005,0,0,0
2059,1,11,9,82086.90248,44118.58764,30343.7808,43878.35218,7365.422944,0,0,0
2059,1,11,10,86518.26608,46623.98195,32086.14156,47353.51329,7663.020743,0,0,0
2059,1,11,11,90812.35227,47142.77614,32762.88647,48182.57075,7697.748657,0,0,0
2059,1,11,12,92298.70701,47139.26249,33205.6878,49418.39423,7553.443959,0,0,0
2059,1,11,13,92917.43587,46136.32032,33170.3879,48677.83167,7640.794878,0,0,0
2059,1,11,14,89011.89376,44707.65478,32108.04057,46847.05773,7634.502997,0,0,0
2059,1,11,15,89540.24833,46499.28831,32856.7744,48444.70522,7551.156002,0,0,0
2059,1,11,16,90139.44786,45805.46544,32069.47216,47180.60914,7338.784591,0,0,0
2059,1,11,17,88336.1294,45025.02706,31443.87942,45521.1051,7192.355361,0,0,0
2059,1,11,18,86280.89057,44607.06639,31210.9164,45560.65407,8009.809611,0,0,0
2059,1,11,19,84895.36935,46103.4718,34538.09574,50190.66133,8013.241546,0,0,0
2059,1,11,20,89262.34331,49083.69885,37265.58528,50322.62741,7916.902225,0,0,0
2059,1,11,21,89130.05038,48946.91172,37035.48221,50651.68461,7777.336866,0,0,0
2059,1,11,22,87482.80326,48886.68943,36421.08412,50017.75718,7355.617415,0,0,0
2059,1,11,23,87671.23284,47151.02912,34956.30154,48018.90013,6948.606258,0,0,0
2059,1,11,24,86125.06437,45717.3791,33147.18148,47386.44353,6762.219499,0,0,0
2059,1,12,1,86227.53215,45489.40056,32342.22928,46676.44153,6183.856726,0,0,0
2059,1,12,2,79638.54366,41892.40575,29461.36493,43359.06772,5937.574528,0,0,0
2059,1,12,3,77499.79441,40763.70768,28429.74159,42149.47403,5725.121405,0,0,0
2059,1,12,4,76005.43182,39250.38773,27693.18295,40961.69764,5649.700546,0,0,0
2059,1,12,5,74073.90607,38565.71669,27200.04656,40753.82043,5726.347096,0,0,0
2059,1,12,6,72482.46875,39792.1432,28104.36146,41600.93641,5721.362619,0,0,0
2059,1,12,7,74178.33496,40325.89082,29580.66553,41592.84685,5931.936349,0,0,0
2059,1,12,8,72178.82421,38986.78244,27301.86064,38766.32146,6410.773005,0,0,0
2059,1,12,9,70021.28103,38120.54568,26840.02023,38726.7725,6911.590387,0,0,0
2059,1,12,10,72445.86145,38177.7446,27464.30556,39299.49709,7028.194467,0,0,0
2059,1,12,11,76116.64286,38349.58649,27693.10124,39119.40221,7089.805873,0,0,0
2059,1,12,12,77948.39735,38589.74023,27950.25123,39331.77362,6983.089035,0,0,0
2059,1,12,13,76221.4803,38833.57105,27929.90476,39636.72557,7081.96145,0,0,0
2059,1,12,14,77588.04416,37375.73406,27647.50553,39422.88333,7144.798547,0,0,0
2059,1,12,15,77349.11611,37938.57141,28014.15059,40428.93058,7035.548613,0,0,0
2059,1,12,16,77277.78089,38419.12403,27554.353,39215.98667,6906.115634,0,0,0
2059,1,12,17,77296.81996,36973.8708,27501.97514,38933.3423,6799.23537,0,0,0
2059,1,12,18,76240.27423,37742.21569,27947.63642,39813.9605,7628.783105,0,0,0
2059,1,12,19,77143.20001,40167.53153,31404.08532,45185.91944,7773.57808,0,0,0
2059,1,12,20,81462.86229,43519.9601,34896.97809,46402.45871,7661.059637,0,0,0
2059,1,12,21,80983.29022,43298.43687,34625.52837,46176.44128,7459.147457,0,0,0
2059,1,12,22,80880.08703,43011.38001,33849.58419,45901.80476,7059.89901,0,0,0
2059,1,12,23,81223.36225,41906.29692,32618.41834,44491.60629,6619.140491,0,0,0
2059,1,12,24,79974.95501,41268.28384,30564.32349,43336.18815,6043.80109,0,0,0
2059,1,13,1,75340.61697,37990.21386,28187.05475,40637.87006,6191.701149,0,0,0
2059,1,13,2,87024.72164,46093.74798,30966.51359,46007.13248,5978.676036,0,0,0
2059,1,13,3,85069.09064,45120.63096,29960.79319,44894.04154,5791.717288,0,0,0
2059,1,13,4,84017.69281,43594.3187,29167.11735,44239.68592,5776.191867,0,0,0
2059,1,13,5,80610.92526,42870.58896,28782.65891,43912.83496,5921.150267,0,0,0
2059,1,13,6,80220.99207,43475.75351,29824.65977,45076.5878,6028.929371,0,0,0
2059,1,13,7,81486.88583,45393.22466,32175.78043,45901.88647,6179.444238,0,0,0
2059,1,13,8,83371.83532,44349.09928,30117.84508,43520.85894,6831.593615,0,0,0
2059,1,13,9,86952.07901,44926.56321,30685.25834,45102.65416,7244.81494,0,0,0
2059,1,13,10,93204.90129,47970.28105,32631.65581,47927.38187,7459.719446,0,0,0
2059,1,13,11,98101.53723,48120.55078,32983.91943,49192.62193,7445.419717,0,0,0
2059,1,13,12,100808.4352,48405.80996,33543.16142,49697.44324,7326.200829,0,0,0
2059,1,13,13,99768.31369,47886.77063,33567.10325,49318.62297,7491.995978,0,0,0
2059,1,13,14,96422.91241,45414.71512,32462.02016,47306.36504,7509.482505,0,0,0
2059,1,13,15,100195.753,48557.4688,34202.82837,49884.32027,7421.477884,0,0,0
2059,1,13,16,99970.47101,47955.65447,33657.55926,49465.54248,7197.258126,0,0,0
2059,1,13,17,100274.3607,47696.87023,33105.99826,48404.33913,6980.147376,0,0,0
2059,1,13,18,96430.5117,47283.40376,32578.86938,47780.62578,7792.780574,0,0,0
2059,1,13,19,93712.17398,48499.20762,35157.15146,51089.99175,7936.023007,0,0,0
2059,1,13,20,91498.98442,50582.71906,38517.34275,51231.68164,7925.727201,0,0,0
2059,1,13,21,91755.48071,50619.16294,38765.09577,51775.80677,7568.969379,0,0,0
2059,1,13,22,93602.35206,50533.28285,37861.76143,51085.1707,7067.988571,0,0,0
2059,1,13,23,92779.17792,49399.43687,35978.36449,49658.87482,6676.747973,0,0,0
2059,1,13,24,91631.44077,48165.41108,34154.20929,48731.76208,6430.220637,0,0,0
2059,1,14,1,89897.49643,47146.28979,32907.02774,47065.72102,6186.308108,0,0,0
2059,1,14,2,86950.77161,46054.60758,30939.6301,45967.42009,5973.364708,0,0,0
2059,1,14,3,84995.95773,45081.7357,29934.5634,44855.14627,5786.651098,0,0,0
2059,1,14,4,83945.29532,43556.32227,29141.45955,44201.28093,5771.125677,0,0,0
2059,1,14,5,80540.73402,42833.24624,28757.40967,43874.51168,5916.002365,0,0,0
2059,1,14,6,80151.12768,43437.8388,29798.5934,45037.36568,6023.699756,0,0,0
2059,1,14,7,81415.79575,45354.00255,32148.07981,45862.82778,6173.969485,0,0,0
2059,1,14,8,83299.11098,44310.61257,30091.37015,43483.02595,6825.710298,0,0,0
2059,1,14,9,86877.06672,44887.66794,30658.7017,45063.51376,7238.523059,0,0,0
2059,1,14,10,93126.21192,47929.91496,32603.95519,47886.60721,7453.427565,0,0,0
2059,1,14,11,98019.66106,48080.42983,32956.30052,49151.76556,7439.209548,0,0,0
2059,1,14,12,100724.7613,48365.77071,33515.05224,49656.42344,7319.908948,0,0,0
2059,1,14,13,99685.21184,47846.8131,33538.83064,49277.1129,7485.78581,0,0,0
2059,1,14,14,96340.87282,45375.32957,32434.40125,47266.40751,7503.272336,0,0,0
2059,1,14,15,100112.8963,48517.26613,34174.06548,49843.05534,7415.349428,0,0,0
2059,1,14,16,99887.85943,47915.45181,33629.28665,49424.68611,7191.211383,0,0,0
2059,1,14,17,100191.0954,47656.66756,33078.13422,48363.31933,6974.182346,0,0,0
2059,1,14,18,96349.04409,47243.44623,32551.16876,47740.58654,7786.325267,0,0,0
2059,1,14,19,93632.42235,48458.6781,35128.552,51048.56339,7929.404275,0,0,0
2059,1,14,20,91421.60246,50540.88214,38485.22964,51188.94588,7919.108469,0,0,0
2059,1,14,21,91677.7719,50577.97972,38732.65581,51733.07101,7562.595786,0,0,0
2059,1,14,22,93523.58098,50492.26306,37830.38374,51042.68007,7061.860116,0,0,0
2059,1,14,23,92701.79595,49358.33537,35949.02962,49617.20133,6671.028081,0,0,0
2059,1,14,24,91554.6308,48125.20841,34125.85497,48691.15085,6424.66417,0,0,0
2059,1,15,1,89821.5853,47107.06767,32879.1637,47025.68178,6184.837279,0,0,0
2059,1,15,2,86930.99713,46044.31178,30932.60281,45956.87914,5971.975592,0,0,0
2059,1,15,3,84976.59181,45071.60332,29927.53611,44844.68704,5785.261981,0,0,0
2059,1,15,4,83926.17454,43546.43503,29134.67739,44190.98512,5769.736561,0,0,0
2059,1,15,5,80522.0218,42823.27728,28750.62751,43864.21588,5914.613248,0,0,0
2059,1,15,6,80132.49717,43427.86985,29791.56611,45027.15159,6022.310639,0,0,0
2059,1,15,7,81396.67497,45343.46161,32140.80738,45852.53198,6172.580368,0,0,0
2059,1,15,8,83279.74506,44300.56191,30084.50628,43472.89357,6824.076043,0,0,0
2059,1,15,9,86857.45566,44877.29043,30651.59269,45053.21795,7236.888804,0,0,0
2059,1,15,10,93105.37517,47919.45573,32596.60104,47875.98455,7451.875023,0,0,0
2059,1,15,11,97998.41575,48069.88888,32948.94638,49141.38804,7437.657006,0,0,0
2059,1,15,12,100702.7806,48355.31148,33507.53467,49645.55565,7318.274693,0,0,0
2059,1,15,13,99663.1494,47836.10874,33531.39479,49266.32682,7484.233268,0,0,0
2059,1,15,14,96319.46408,45364.95206,32427.04711,47255.70314,7501.638082,0,0,0
2059,1,15,15,100090.9156,48506.8069,34166.62962,49832.43268,7413.796886,0,0,0
2059,1,15,16,99866.20556,47904.66572,33621.76908,49413.90003,7189.577128,0,0,0
2059,1,15,17,100169.3598,47646.0449,33070.78007,48352.36983,6972.548091,0,0,0
2059,1,15,18,96327.47193,47232.987,32543.81461,47729.80046,7784.691012,0,0,0
2059,1,15,19,93611.42217,48448.05544,35120.95271,51037.61388,7927.688307,0,0,0
2059,1,15,20,91401.25598,50530.25948,38476.89494,51177.99637,7917.719353,0,0,0
2059,1,15,21,91657.34371,50567.19364,38724.32112,51721.79465,7560.961531,0,0,0
2059,1,15,22,93502.82594,50481.31355,37822.21247,51031.48543,7060.225861,0,0,0
2059,1,15,23,92681.44948,49347.631,35941.26691,49606.57867,6669.475539,0,0,0
2059,1,15,24,91534.44775,48114.83089,34118.50082,48680.44648,6423.193341,0,0,0
2059,1,16,1,89801.64739,47096.85358,32871.80955,47015.05913,6220.545746,0,0,0
2059,1,16,2,87418.33191,46302.60575,31109.5926,46217.78792,6006.540081,0,0,0
2059,1,16,3,85458.04328,45327.3642,30100.11341,45100.52963,5818.845917,0,0,0
2059,1,16,4,84401.98783,43796.06745,29303.25077,44444.04948,5803.238784,0,0,0
2059,1,16,5,80984.76105,43069.80462,28917.15808,44116.29968,5948.850886,0,0,0
2059,1,16,6,80593.76559,43677.50227,29963.65314,45284.3833,6057.120267,0,0,0
2059,1,16,7,81864.31698,45601.919,32321.55596,46109.51854,6208.207123,0,0,0
2059,1,16,8,83757.1926,44553.54455,30257.73729,43723.17969,6863.134732,0,0,0
2059,1,16,9,87350.83718,45132.96959,30827.68365,45310.53137,7277.500036,0,0,0
2059,1,16,10,93623.02538,48182.73418,32778.73874,48142.53151,7492.486255,0,0,0
2059,1,16,11,98539.19066,48332.10507,33131.73777,49410.79494,7478.349951,0,0,0
2059,1,16,12,101254.6684,48618.18137,33692.36888,49916.5968,7359.049351,0,0,0
2059,1,16,13,100210.7882,48098.32492,33715.90215,49537.04113,7524.926212,0,0,0
2059,1,16,14,96857.7059,45622.91918,32608.85795,47520.61585,7542.657877,0,0,0
2059,1,16,15,100638.8812,48770.98419,34353.67009,50103.63727,7454.244692,0,0,0
2059,1,16,16,100413.0272,48168.59787,33806.68501,49684.85947,7229.943222,0,0,0
2059,1,16,17,100716.9169,47909.40506,33253.81661,48621.36817,7012.015344,0,0,0
2059,1,16,18,96864.07949,47495.44832,32725.62546,47995.85714,7826.119372,0,0,0
2059,1,16,19,94134.46542,48714.03041,35311.01655,51312.41383,7970.342357,0,0,0
2059,1,16,20,91912.12403,50800.72865,38690.2469,51460.55902,7960.128265,0,0,0
2059,1,16,21,92165.84209,50837.17253,38939.7159,52006.15499,7602.226464,0,0,0
2059,1,16,22,94019.49559,50756.35863,38029.19084,51311.5967,7100.428529,0,0,0
2059,1,16,23,93192.88952,49615.89392,36134.84439,49878.1101,6707.39025,0,0,0
2059,1,16,24,92039.43248,48377.37392,34304.23388,48946.50316,6459.637223,0,0,0
2059,1,17,1,90300.0951,47357.02694,33054.43752,47278.58271,6204.284911,0,0,0
2059,1,17,2,87196.4001,46184.85769,31028.94213,46098.9776,5990.769522,0,0,0
2059,1,17,3,85239.21656,45210.6784,30021.42404,44984.17069,5803.565635,0,0,0
2059,1,17,4,84185.12222,43682.24161,29226.4408,44328.99794,5787.958502,0,0,0
2059,1,17,5,80773.77875,42957.4496,28841.24694,44001.73842,5933.243753,0,0,0
2059,1,17,6,80383.60042,43563.75813,29885.29062,45167.45236,6041.186282,0,0,0
2059,1,17,7,81651.12844,45484.17094,32239.27123,45992.66932,6191.946287,0,0,0
2059,1,17,8,83539.755,44438.49301,30178.72107,43609.02699,6845.321355,0,0,0
2059,1,17,9,87126.20886,45016.44722,30747.36003,45193.51873,7259.11467,0,0,0
2059,1,17,10,93387.52926,48063.35186,32695.96373,48021.35152,7474.182601,0,0,0
2059,1,17,11,98292.82675,48212.3959,33048.39078,49287.73556,7459.719446,0,0,0
2059,1,17,12,101004.6274,48498.71734,33608.36819,49793.53742,7340.582271,0,0,0
2059,1,17,13,99961.56432,47978.77918,33632.06488,49413.90003,7506.295708,0,0,0
2059,1,17,14,96612.81282,45505.82482,32526.08295,47399.84442,7523.94566,0,0,0
2059,1,17,15,100390.4745,48651.27503,34268.60712,49980.82302,7435.941039,0,0,0
2059,1,17,16,100163.3131,48048.31672,33722.6026,49561.55495,7211.39443,0,0,0
2059,1,17,17,100466.7125,47789.45076,33170.55133,48499.20762,6994.038542,0,0,0
2059,1,17,18,96620.57553,47375.73916,32643.01388,47874.43201,7807.407154,0,0,0
2059,1,17,19,93895.53737,48592.85042,35224.40104,51187.63847,7951.139863,0,0,0
2059,1,17,20,91679.32444,50677.9144,38592.92703,51331.61632,7940.844058,0,0,0
2059,1,17,21,91934.10476,50714.35828,38841.25205,51876.72201,7583.514247,0,0,0
2059,1,17,22,93784.40804,50630.35759,37934.81262,51183.47112,7082.124875,0,0,0
2059,1,17,23,92959.27279,49494.14194,36047.24833,49754.80558,6689.985437,0,0,0
2059,1,17,24,91810.06482,48258.5636,34220.06976,48825.32316,6443.049537,0,0,0
2059,1,18,1,90073.58739,47238.29833,32971.33567,47158.87355,6167.677604,0,0,0
2059,1,18,2,83522.75875,44124.55267,30365.92496,45637.05548,6011.361132,0,0,0
2059,1,18,3,81392.01734,43746.46782,29437.91337,44684.53007,5840.336368,0,0,0
2059,1,18,4,78351.97657,42699.89105,28585.15922,43666.38933,5775.538165,0,0,0
2059,1,18,5,76880.24841,42160.42354,28261.65848,42914.63213,5915.675514,0,0,0
2059,1,18,6,76063.61129,42299.82547,29120.78623,44049.94893,6004.497262,0,0,0
2059,1,18,7,78054.70562,44546.35383,31206.99419,44720.72882,6073.462815,0,0,0
2059,1,18,8,77295.59427,42630.51693,29251.77175,43054.9329,6675.113718,0,0,0
2059,1,18,9,79257.10859,42609.92532,29297.93945,42364.37854,7117.996768,0,0,0
2059,1,18,10,83561.49059,45055.26077,30995.27648,45753.82299,7411.83578,0,0,0
2059,1,18,11,87747.9611,45560.16379,31658.86564,46565.72077,7445.82828,0,0,0
2059,1,18,12,89199.91477,45555.83302,32092.92371,47783.56744,7304.056677,0,0,0
2059,1,18,13,89796.82634,44572.33848,32057.21525,47051.91157,7389.936766,0,0,0
2059,1,18,14,85982.47564,43177.66544,31017.33892,45255.45699,7383.890023,0,0,0
2059,1,18,15,86501.43325,44925.90951,31749.48507,46825.81242,7301.850433,0,0,0
2059,1,18,16,87087.64045,44247.69376,30980.07791,45582.47137,7091.848691,0,0,0
2059,1,18,17,85327.38461,43486.86644,30370.41916,43959.49293,6949.25996,0,0,0
2059,1,18,18,83327.62872,43081.48954,30142.76746,43998.30648,7753.803597,0,0,0
2059,1,18,19,81983.781,44533.77007,33403.35092,48544.80333,7757.072106,0,0,0
2059,1,18,20,86244.36497,47443.80587,36054.35734,48653.6447,7663.429306,0,0,0
2059,1,18,21,86118.03708,47307.50902,35829.07532,48977.47229,7524.190798,0,0,0
2059,1,18,22,84509.60351,47249.24784,35238.37392,48367.65011,7108.354665,0,0,0
2059,1,18,23,84692.96689,45546.43605,33816.08197,46424.43944,6713.518706,0,0,0
2059,1,18,24,83186.26568,44155.27666,32036.29678,45795.65991,6533.015263,0,0,0
2059,1,19,1,83293.4728,43935.71452,31245.31746,45093.74747,6239.257964,0,0,0
2059,1,19,2,80352.0593,42268.77463,29724.8068,43747.03981,5991.01466,0,0,0
2059,1,19,3,78196.9675,41130.84302,28685.33904,42528.45772,5776.763856,0,0,0
2059,1,19,4,76689.61259,39604.44904,27942.81537,41330.79409,5700.607583,0,0,0
2059,1,19,5,74742.23457,38913.89467,27445.2665,41121.28263,5777.989547,0,0,0
2059,1,19,6,73136.49752,40150.45356,28357.58924,41975.4259,5773.00507,0,0,0
2059,1,19,7,74846.99031,40688.2051,29846.39536,41965.53865,5985.376481,0,0,0
2059,1,19,8,72830.07475,39337.65694,27548.30626,39115.97028,6467.481646,0,0,0
2059,1,19,9,70653.16565,38464.31118,27082.29851,39076.25789,6972.384666,0,0,0
2059,1,19,10,73099.07309,38522.32722,27712.22202,39654.13038,7090.214436,0,0,0
2059,1,19,11,76801.15048,38695.96679,27942.81537,39472.64639,7151.989268,0,0,0
2059,1,19,12,78647.77669,38937.99993,28202.17161,39686.81548,7044.210164,0,0,0
2059,1,19,13,76905.8245,39184.03699,28181.74342,39994.46394,7144.226557,0,0,0
2059,1,19,14,78282.84759,37713.12596,27896.56596,39778.74231,7207.22708,0,0,0
2059,1,19,15,78042.69385,38281.19293,28266.56124,40793.77796,7097.732009,0,0,0
2059,1,19,16,77970.29636,38766.07633,27802.75973,39569.96626,6966.828199,0,0,0
2059,1,19,17,77989.90742,37307.74906,27749.9733,39284.7888,6859.539372,0,0,0
2059,1,19,18,76925.19042,38082.30412,28199.47508,40173.25142,7693.66302,0,0,0
2059,1,19,19,77836.12404,40528.37499,31680.11095,45583.77877,7838.049432,0,0,0
2059,1,19,20,82187.16401,43909.15788,35189.99998,46801.54374,7725.612702,0,0,0
2059,1,19,21,81703.75144,43686.16382,34917.24285,46574.54574,7522.393118,0,0,0
2059,1,19,22,81600.2214,43396.65558,34139.09243,46302.52403,7122.164118,0,0,0
2059,1,19,23,81946.76513,42282.25723,32900.89928,44886.27883,6677.5651,0,0,0
2059,1,19,24,80689.69634,41639.01455,30836.42691,43725.22251,6098.140062,0,0,0
2059,1,20,1,76018.50586,38333.24394,28441.18137,41004.43341,6247.102387,0,0,0
2059,1,20,2,87782.52559,46495.93809,31242.21238,46412.91795,6032.443019,0,0,0
2059,1,20,3,85817.66105,45518.81715,30229.21954,45292.22772,5843.931728,0,0,0
2059,1,20,4,84757.92852,43983.18963,29429.66038,44633.54132,5828.324595,0,0,0
2059,1,20,5,81331.30478,43254.88398,29041.93343,44305.21953,5974.508687,0,0,0
2059,1,20,6,80939.41048,43864.46102,30092.43242,45476.8168,6083.186631,0,0,0
2059,1,20,7,82214.53778,45794.67936,32456.79054,46301.78862,6234.763763,0,0,0
2059,1,20,8,84114.03213,44743.19982,30387.41541,43910.62871,6892.061042,0,0,0
2059,1,20,9,87720.26048,45324.25911,30959.4863,45503.45515,7307.897175,0,0,0
2059,1,20,10,94010.58891,48379.00818,32914.54531,48341.33861,7522.965107,0,0,0
2059,1,20,11,98944.8127,48528.86934,33268.60661,49612.5437,7508.583664,0,0,0
2059,1,20,12,101667.9715,48816.49819,33830.05485,50117.69186,7389.44649,0,0,0
2059,1,20,13,100621.2313,48294.10864,33853.83326,49739.36187,7555.895341,0,0,0
2059,1,20,14,97261.53026,45815.92467,32744.25596,47718.68753,7573.790431,0,0,0
2059,1,20,15,101049.4877,48967.83018,34493.64401,50307.59226,7484.723544,0,0,0
2059,1,20,16,100822.7349,48365.0353,33944.28926,49887.09851,7260.340361,0,0,0
2059,1,20,17,101127.1966,48107.14989,33391.0123,48821.7278,7041.350218,0,0,0
2059,1,20,18,97264.63534,47691.96746,32861.75888,48194.99109,7856.925074,0,0,0
2059,1,20,19,94525.46088,48913.65464,35452.4613,51518.49336,8002.0469,0,0,0
2059,1,20,20,92295.19336,51001.49685,38849.99531,51672.84872,7991.832808,0,0,0
2059,1,20,21,92546.2149,51039.49328,39101.67055,52220.07894,7633.277305,0,0,0
2059,1,20,22,94406.07857,50962.0296,38186.32444,51521.10816,7130.171966,0,0,0
2059,1,20,23,93577.5931,49815.68157,36279.63936,50081.00284,6735.499433,0,0,0
2059,1,20,24,92417.10877,48572.25881,34443.88095,49145.80053,6487.010991,0,0,0
2059,1,21,1,90672.54177,47551.83011,33190.65266,47474.93843,6241.709346,0,0,0
2059,1,21,2,87708.73898,46456.79769,31215.16546,46373.20555,6027.213404,0,0,0
2059,1,21,3,85744.20129,45480.00359,30202.98975,45253.16903,5838.865538,0,0,0
2059,1,21,4,84685.44932,43945.02978,29403.83916,44595.05462,5823.176692,0,0,0
2059,1,21,5,81260.78668,43217.29612,29016.60248,44266.89626,5969.279071,0,0,0
2059,1,21,6,80868.97409,43826.38288,30066.12091,45437.6764,6077.875303,0,0,0
2059,1,21,7,82143.28427,45755.37553,32429.25335,46262.81164,6229.370722,0,0,0
2059,1,21,8,84041.55293,44704.54969,30361.1039,43872.30544,6886.177725,0,0,0
2059,1,21,9,87645.24818,45285.28214,30932.76623,45464.23304,7301.687007,0,0,0
2059,1,21,10,93931.24584,48339.05065,32886.92641,48300.8908,7516.754938,0,0,0
2059,1,21,11,98862.77311,48488.99353,33240.82428,49571.5239,7502.373496,0,0,0
2059,1,21,12,101584.2159,48776.29552,33802.02738,50076.83549,7383.154609,0,0,0
2059,1,21,13,100537.7209,48254.47796,33825.72407,49698.42379,7549.60346,0,0,0
2059,1,21,14,97179.57238,45776.70255,32716.71877,47678.56657,7567.416837,0,0,0
2059,1,21,15,100966.8762,48927.95437,34465.12626,50266.24562,7478.676802,0,0,0
2059,1,21,16,100739.7147,48325.15948,33916.50693,49846.40556,7254.211905,0,0,0
2059,1,21,17,101043.8496,48067.11065,33363.22997,48780.70801,7035.385188,0,0,0
2059,1,21,18,97183.49459,47652.00993,32833.89484,48154.54328,7850.551481,0,0,0
2059,1,21,19,94445.95438,48873.20683,35423.53499,51476.57472,7995.591594,0,0,0
2059,1,21,20,92217.2394,50960.47706,38817.55535,51629.54097,7985.295789,0,0,0
2059,1,21,21,92469.07807,50998.31005,39068.98545,52176.52605,7626.985425,0,0,0
2059,1,21,22,94327.47091,50920.19268,38154.70161,51478.69925,7124.125223,0,0,0
2059,1,21,23,93499.14887,49775.31548,36250.30449,50040.55503,6729.861254,0,0,0
2059,1,21,24,92340.3805,48532.54642,34415.44492,49105.02587,6481.372812,0,0,0
2059,1,22,1,90597.12091,47512.44457,33162.95204,47435.22603,6240.238517,0,0,0
2059,1,22,2,87688.80107,46446.09332,31208.05645,46362.5829,6025.742574,0,0,0
2059,1,22,3,85724.83537,45469.62608,30195.96246,45242.79151,5837.476422,0,0,0
2059,1,22,4,84666.00169,43934.81568,29397.057,44584.59539,5821.869289,0,0,0
2059,1,22,5,81241.99275,43207.16374,29009.82033,44256.51874,5967.889955,0,0,0
2059,1,22,6,80850.09845,43816.2505,30059.17533,45427.21716,6076.486186,0,0,0
2059,1,22,7,82124.16349,45744.9163,32421.73578,46252.18899,6227.899893,0,0,0
2059,1,22,8,84022.18701,44694.25389,30353.9949,43862.17306,6884.54347,0,0,0
2059,1,22,9,87624.90171,45274.98633,30925.57551,45453.77381,7300.052752,0,0,0
2059,1,22,10,93910.16395,48328.42799,32879.65397,48290.10472,7515.120684,0,0,0
2059,1,22,11,98841.11923,48478.37087,33233.30671,49560.49268,7500.739241,0,0,0
2059,1,22,12,101561.6632,48765.50944,33794.59152,50065.88598,7381.520354,0,0,0
2059,1,22,13,100515.495,48243.77359,33818.28821,49687.39257,7547.887492,0,0,0
2059,1,22,14,97158.00022,45766.0799,32709.44633,47667.61707,7565.782582,0,0,0
2059,1,22,15,100944.4052,48917.08657,34457.77212,50255.2144,7477.042547,0,0,0
2059,1,22,16,100717.4072,48314.29169,33908.98936,49835.53777,7252.577651,0,0,0
2059,1,22,17,101021.7871,48056.56971,33355.79411,48769.92193,7033.750933,0,0,0
2059,1,22,18,97161.84072,47641.5507,32826.6224,48143.67549,7848.998939,0,0,0
2059,1,22,19,94424.54565,48862.25732,35415.9357,51464.97151,7993.957339,0,0,0
2059,1,22,20,92196.32094,50949.77269,38808.81209,51618.1829,7983.743247,0,0,0
2059,1,22,21,92448.7316,50987.27883,39059.91534,52164.84113,7625.187744,0,0,0
2059,1,22,22,94306.55245,50908.8346,38146.20348,51467.09604,7122.409256,0,0,0
2059,1,22,23,93478.39383,49764.5294,36242.46007,50029.60552,6728.308712,0,0,0
2059,1,22,24,92319.95232,48522.00547,34407.76392,49094.23979,6479.901983,0,0,0
2059,1,23,1,90577.01958,47501.65849,33155.51618,47424.43995,6276.028697,0,0,0
2059,1,23,2,88177.93354,46705.36784,31385.78166,46623.90024,6060.633914,0,0,0
2059,1,23,3,86207.02225,45725.38695,30369.60203,45499.85979,5871.223783,0,0,0
2059,1,23,4,85144.26636,44185.6738,29566.85607,44839.21229,5855.534937,0,0,0
2059,1,23,5,81707.51023,43455.48875,29177.65829,44509.82823,6002.454444,0,0,0
2059,1,23,6,81314.39024,44067.51717,30232.07949,45685.34771,6111.540951,0,0,0
2059,1,23,7,82594.74716,46003.86397,32603.21977,46510.97323,6263.60836,0,0,0
2059,1,23,8,84501.8408,44949.11592,30528.20646,44113.93001,6923.438734,0,0,0
2059,1,23,9,88120.6529,45532.21804,31102.40188,45712.31291,7340.990835,0,0,0
2059,1,23,10,94432.39007,48591.4613,33062.28195,48557.14195,7556.385617,0,0,0
2059,1,23,11,99383.85525,48741.81274,33416.99695,49829.81787,7541.759037,0,0,0
2059,1,23,12,102118.6172,49032.13811,33979.50745,50337.82598,7422.376724,0,0,0
2059,1,23,13,101067.7914,48506.1532,34002.95901,49956.9629,7589.234139,0,0,0
2059,1,23,14,97698.03972,46025.8447,32891.50232,47933.18347,7607.129229,0,0,0
2059,1,23,15,101495.3125,49182.57126,34644.976,50528.87036,7517.653779,0,0,0
2059,1,23,16,101266.2716,48576.83472,34093.49672,50107.15091,7293.025457,0,0,0
2059,1,23,17,101575.5544,48319.43959,33539.89291,49040.06424,7073.545038,0,0,0
2059,1,23,18,97701.22651,47904.25716,33009.16866,48410.63101,7890.345585,0,0,0
2059,1,23,19,94950.04028,49129.78483,35606.89838,51742.54969,8036.693102,0,0,0
2059,1,23,20,92711.60148,51221.46755,39025.18742,51902.87008,8026.315584,0,0,0
2059,1,23,21,92959.76307,51261.91535,39277.43465,52454.51279,7667.024667,0,0,0
2059,1,23,22,94826.57233,51185.02367,38356.53207,51749.74041,7162.693637,0,0,0
2059,1,23,23,93993.91951,50033.69116,36437.59009,50301.13696,6765.896572,0,0,0
2059,1,23,24,92826.48959,48784.95707,34595.78493,49361.1136,6516.591003,0,0,0
2059,1,24,1,91075.63072,47761.83185,33338.87957,47687.7184,6259.686149,0,0,0
2059,1,24,2,87955.18461,46587.21122,31304.88605,46505.17163,6044.781643,0,0,0
2059,1,24,3,85987.62354,45608.78287,30290.42238,45382.84715,5855.861788,0,0,0
2059,1,24,4,84926.33848,44071.27596,29489.3924,44723.26191,5840.172942,0,0,0
2059,1,24,5,81495.46567,43342.23489,29101.17517,44394.36813,5986.683885,0,0,0
2059,1,24,6,81102.91767,43953.11934,30153.30841,45567.59965,6095.606967,0,0,0
2059,1,24,7,82380.25122,45885.95249,32520.60819,46393.30689,6247.347525,0,0,0
2059,1,24,8,84283.01408,44833.00212,30448.78167,43999.12361,6905.70707,0,0,0
2059,1,24,9,87895.45259,45414.79683,31021.83312,45594.72828,7322.36033,0,0,0
2059,1,24,10,94195.09627,48471.83385,32978.93495,48435.30826,7537.509974,0,0,0
2059,1,24,11,99136.26565,48621.6133,33333.07797,49707.41219,7522.965107,0,0,0
2059,1,24,12,101864.2455,48911.03983,33894.93476,50213.86775,7403.909645,0,0,0
2059,1,24,13,100815.2173,48386.36233,33919.20345,49834.31208,7570.521921,0,0,0
2059,1,24,14,97451.75752,45907.52465,32808.56389,47812.65718,7588.253586,0,0,0
2059,1,24,15,101245.2715,49061.63641,34559.25934,50403.93158,7499.104987,0,0,0
2059,1,24,16,101015.4952,48457.28898,34009.41431,49983.11097,7274.558378,0,0,0
2059,1,24,17,101322.6534,48199.97557,33456.21906,48917.33171,7055.323097,0,0,0
2059,1,24,18,97454.45404,47784.46628,32926.23023,48289.53273,7871.306517,0,0,0
2059,1,24,19,94710.86709,49007.95114,35519.7926,51616.22179,8017.163757,0,0,0
2059,1,24,20,92476.3505,51096.93733,38926.2333,51772.61998,8006.867952,0,0,0
2059,1,24,21,92726.71834,51137.38514,39178.15367,52322.21987,7648.149024,0,0,0
2059,1,24,22,94588.78825,51059.02262,38260.68303,51620.63428,7144.389983,0,0,0
2059,1,24,23,93759.07709,49910.7952,36348.19635,50177.42387,6748.736897,0,0,0
2059,1,24,24,92595.24254,48664.92106,34509.98656,49239.85189,6499.921604,0,0,0
2059,1,25,1,90848.38759,47643.43009,33255.0423,47568.09095,6222.997128,0,0,0
2059,1,25,2,84265.03728,44517.34581,30637.86495,46040.71642,6065.373253,0,0,0
2059,1,25,3,82120.40471,44136.40101,29702.58093,45081.082,5892.959372,0,0,0
2059,1,25,4,79056.25867,43082.22496,28842.71777,44056.40424,5827.670893,0,0,0
2059,1,25,5,77572.35532,42539.16209,28516.19366,43299.17228,5968.95222,0,0,0
2059,1,25,6,76748.52748,42678.97259,29382.59384,44443.72263,6058.509383,0,0,0
2059,1,25,7,78755.6375,44943.8046,31482.61126,45115.97334,6128.046925,0,0,0
2059,1,25,8,77990.56112,43011.87029,29514.47821,43440.86217,6733.783465,0,0,0
2059,1,25,9,79968.98998,42989.88956,29561.05447,42745.24162,7180.425301,0,0,0
2059,1,25,10,84306.05707,45450.34187,31270.32156,46158.30105,7475.081441,0,0,0
2059,1,25,11,88520.96362,45959.33053,31937.66951,46974.12104,7508.910515,0,0,0
2059,1,25,12,89983.29481,45953.20207,32374.50581,48198.01446,7367.547475,0,0,0
2059,1,25,13,90582.24919,44967.74643,32338.71563,47463.33522,7453.26414,0,0,0
2059,1,25,14,86745.83606,43563.18614,31292.71085,45657.0751,7447.29911,0,0,0
2059,1,25,15,87267.08162,45324.42254,32028.61579,47235.43838,7365.422944,0,0,0
2059,1,25,16,87856.80247,44639.99663,31254.79614,45985.64203,7154.032086,0,0,0
2059,1,25,17,86086.00568,43874.26654,30640.7249,44353.34834,7010.462802,0,0,0
2059,1,25,18,84070.47924,43465.62113,30411.84752,44391.5899,7818.520087,0,0,0
2059,1,25,19,82716.254,44928.85116,33690.16264,48959.33206,7821.952022,0,0,0
2059,1,25,20,87004.37517,47858.08946,36356.61277,49071.68707,7727.900658,0,0,0
2059,1,25,21,86877.72042,47721.7109,36130.10505,49399.11002,7588.498724,0,0,0
2059,1,25,22,85259.15447,47663.12287,35537.27912,48781.52514,7170.946623,0,0,0
2059,1,25,23,85444.0704,45950.99583,34103.46568,46828.10038,6772.025027,0,0,0
2059,1,25,24,83927.8088,44548.80521,32317.22518,46198.34029,6590.867883,0,0,0
2059,1,26,1,84033.21823,44327.85396,31521.9968,45493.97647,6242.526473,0,0,0
2059,1,26,2,80393.65109,42290.83707,29740.25051,43769.75595,5994.119744,0,0,0
2059,1,26,3,78237.82387,41152.33347,28700.21075,42550.52016,5779.787228,0,0,0
2059,1,26,4,76729.48841,39625.20407,27957.44195,41352.44797,5703.630954,0,0,0
2059,1,26,5,74781.29326,38934.15943,27459.64794,41142.77308,5781.012919,0,0,0
2059,1,26,6,73174.8208,40171.45374,28372.37924,41997.2432,5776.028442,0,0,0
2059,1,26,7,74885.96728,40709.45042,29861.92078,41987.43767,5988.481565,0,0,0
2059,1,26,8,72868.39802,39358.08513,27562.60599,39136.48017,6470.831868,0,0,0
2059,1,26,9,70690.18152,38484.49422,27096.3531,39096.60436,6975.980026,0,0,0
2059,1,26,10,73137.23294,38542.51027,27726.68517,39674.96713,7093.89151,0,0,0
2059,1,26,11,76841.18972,38716.23155,27957.52366,39493.15628,7155.666341,0,0,0
2059,1,26,12,78688.63306,38958.42811,28217.04332,39707.57051,7047.887237,0,0,0
2059,1,26,13,76945.70032,39204.54689,28196.53343,40015.3824,7147.821918,0,0,0
2059,1,26,14,78323.45882,37732.90044,27911.11083,39799.49735,7210.904153,0,0,0
2059,1,26,15,78083.30508,38301.21255,28281.26954,40815.02328,7101.327369,0,0,0
2059,1,26,16,78010.82588,38786.34108,27817.38631,39590.63958,6970.42356,0,0,0
2059,1,26,17,78030.60036,37327.19669,27764.51817,39305.2987,6863.134732,0,0,0
2059,1,26,18,76965.22966,38102.24203,28214.18338,40194.16988,7697.421806,0,0,0
2059,1,26,19,77876.49014,40549.29345,31696.29007,45606.98519,7841.88993,0,0,0
2059,1,26,20,82229.4095,43931.95574,35206.99623,46824.58673,7729.371488,0,0,0
2059,1,26,21,81745.67008,43708.79825,34934.15739,46597.67045,7526.070191,0,0,0
2059,1,26,22,81642.30346,43419.12658,34155.43498,46325.56703,7125.759478,0,0,0
2059,1,26,23,81989.01062,42304.4831,32917.32355,44909.24011,6680.997035,0,0,0
2059,1,26,24,80731.45155,41660.75013,30852.44261,43747.93865,6101.326859,0,0,0
2059,1,27,1,76058.29996,38353.34528,28455.88966,41025.92386,6250.370896,0,0,0
2059,1,27,2,87826.73218,46519.55307,31258.30979,46436.61464,6035.629816,0,0,0
2059,1,27,3,85861.05051,45542.02356,30244.9901,45315.35242,5847.036812,0,0,0
2059,1,27,4,84801.31799,44005.74234,29445.02238,44656.5026,5831.347966,0,0,0
2059,1,27,5,81373.38684,43277.27327,29057.21371,44328.0991,5977.695483,0,0,0
2059,1,27,6,80981.32911,43887.17716,30107.95784,45500.18664,6086.373427,0,0,0
2059,1,27,7,82257.19183,45818.0492,32473.05138,46325.48531,6238.032273,0,0,0
2059,1,27,8,84157.09475,44766.07939,30403.10425,43933.26314,6895.57469,0,0,0
2059,1,27,9,87765.20249,45347.54724,30975.58371,45526.82499,7311.574249,0,0,0
2059,1,27,10,94057.90058,48403.19515,32930.88786,48365.77071,7526.64218,0,0,0
2059,1,27,11,98994.00377,48552.48433,33285.1943,49637.05752,7512.342451,0,0,0
2059,1,27,12,101717.898,48840.44002,33846.80596,50142.28739,7393.123563,0,0,0
2059,1,27,13,100670.6675,48317.47849,33870.74779,49764.12083,7559.654127,0,0,0
2059,1,27,14,97310.23105,45839.37622,32760.84365,47742.62936,7577.467504,0,0,0
2059,1,27,15,101099.4959,48991.77201,34510.31341,50332.26951,7488.237192,0,0,0
2059,1,27,16,100872.4162,48388.81371,33961.12208,49911.61233,7263.854009,0,0,0
2059,1,27,17,101177.123,48131.01001,33408.09026,48846.32334,7044.863866,0,0,0
2059,1,27,18,97313.17271,47715.58244,32878.34657,48219.17806,7860.520435,0,0,0
2059,1,27,19,94572.93598,48937.84161,35469.53926,51543.57917,8005.969112,0,0,0
2059,1,27,20,92341.44277,51026.01067,38869.36123,51698.50652,7995.591594,0,0,0
2059,1,27,21,92592.46431,51064.6608,39121.28161,52246.39044,7637.117804,0,0,0
2059,1,27,22,94452.81825,50987.36055,38205.60864,51547.09282,7133.84904,0,0,0
2059,1,27,23,93623.84251,49839.70512,36297.2076,50105.51666,6738.931368,0,0,0
2059,1,27,24,92462.70447,48596.20064,34460.79549,49169.90579,6490.279501,0,0,0
2059,1,28,1,90717.32035,47575.60852,33207.24035,47498.71683,6244.896143,0,0,0
2059,1,28,2,87752.78215,46480.0041,31231.18116,46396.73882,6030.318488,0,0,0
2059,1,28,3,85787.67247,45502.88316,30218.6786,45276.37545,5841.88891,0,0,0
2059,1,28,4,84728.59365,43967.66421,29419.20115,44617.93419,5826.281777,0,0,0
2059,1,28,5,81302.6236,43239.52198,29031.63763,44289.6124,5972.384155,0,0,0
2059,1,28,6,80910.81102,43848.93559,30081.80976,45460.96453,6081.062099,0,0,0
2059,1,28,7,82185.52976,45778.66366,32445.43247,46285.93635,6232.557519,0,0,0
2059,1,28,8,84084.61555,44727.42926,30376.71104,43894.93987,6889.60966,0,0,0
2059,1,28,9,87689.69992,45308.48855,30948.78193,45487.43945,7305.36408,0,0,0
2059,1,28,10,93978.31237,48362.82906,32903.18724,48324.91435,7520.432012,0,0,0
2059,1,28,11,98911.4739,48512.69022,33257.33026,49595.71088,7506.05057,0,0,0
2059,1,28,12,101634.1424,48800.15564,33818.69678,50101.10417,7386.913395,0,0,0
2059,1,28,13,100586.9936,48277.92952,33842.47519,49722.8559,7553.280533,0,0,0
2059,1,28,14,97228.19146,45799.99068,32732.9796,47702.50841,7571.175623,0,0,0
2059,1,28,15,101015.8221,48951.48763,34482.20423,50291.08629,7482.272162,0,0,0
2059,1,28,16,100788.579,48349.0196,33932.93119,49870.51082,7257.807266,0,0,0
2059,1,28,17,101093.1223,48090.72563,33379.73594,48805.14012,7038.898836,0,0,0
2059,1,28,18,97231.70511,47675.62491,32850.56424,48178.73025,7854.310267,0,0,0
2059,1,28,19,94493.10263,48897.31209,35440.61295,51501.33368,7999.35038,0,0,0
2059,1,28,20,92263.4071,50984.74574,38836.67613,51655.28048,7989.136288,0,0,0
2059,1,28,21,92514.75549,51022.9873,39088.10623,52202.67413,7630.744211,0,0,0
2059,1,28,22,94374.04717,50945.11506,38173.74067,51503.53993,7127.720584,0,0,0
2059,1,28,23,93545.5617,49799.1756,36267.7093,50064.49686,6733.129763,0,0,0
2059,1,28,24,92385.64936,48556.07969,34432.35945,49129.37627,6484.723034,0,0,0
2059,1,29,1,90641.81778,47535.7327,33179.29459,47458.84102,6243.425313,0,0,0
2059,1,29,2,87732.92595,46469.46316,31224.15386,46386.03445,6028.929371,0,0,0
2059,1,29,3,85768.14312,45492.58736,30211.6513,45265.8345,5840.499793,0,0,0
2059,1,29,4,84709.22773,43957.45011,29412.25557,44607.55667,5824.89266,0,0,0
2059,1,29,5,81283.74796,43229.55303,29024.93718,44279.3166,5970.995039,0,0,0
2059,1,29,6,80892.0988,43838.80321,30074.70075,45450.5053,6079.672983,0,0,0
2059,1,29,7,82166.73583,45768.20443,32438.24175,46275.47712,6231.168402,0,0,0
2059,1,29,8,84065.0862,44717.13346,30369.68374,43884.80749,6888.057118,0,0,0
2059,1,29,9,87669.76201,45298.11104,30941.5095,45476.98022,7303.648113,0,0,0
2059,1,29,10,93957.23049,48352.2064,32895.83309,48314.20998,7518.797757,0,0,0
2059,1,29,11,98889.24804,48502.06757,33249.8944,49584.67966,7504.334602,0,0,0
2059,1,29,12,101611.7531,48789.45127,33811.09749,50090.23638,7385.197427,0,0,0
2059,1,29,13,100564.6043,48267.47029,33835.03933,49711.82468,7551.564566,0,0,0
2059,1,29,14,97206.21074,45789.53145,32725.78888,47691.64061,7569.459656,0,0,0
2059,1,29,15,100993.5962,48940.86498,34474.52323,50279.89165,7480.637907,0,0,0
2059,1,29,16,100766.9251,48338.23352,33925.65875,49859.64302,7256.254724,0,0,0
2059,1,29,17,101070.7331,48080.10298,33372.21837,48794.1089,7037.346294,0,0,0
2059,1,29,18,97210.13295,47665.08397,32842.96495,48167.69903,7852.512586,0,0,0
2059,1,29,19,94471.6939,48886.36258,35432.76853,51490.13904,7997.716125,0,0,0
2059,1,29,20,92242.40693,50973.87795,38827.93287,51643.67727,7987.502033,0,0,0
2059,1,29,21,92494.00045,51012.11951,39079.44468,52190.90749,7629.028243,0,0,0
2059,1,29,22,94353.12871,50934.00213,38165.24255,51492.26357,7126.086329,0,0,0
2059,1,29,23,93524.64324,49788.47123,36259.94659,50053.62907,6731.658934,0,0,0
2059,1,29,24,92365.22118,48545.2936,34424.76017,49118.50847,6483.252205,0,0,0
2059,1,30,1,90621.87987,47525.27347,33171.94044,47448.21836,6279.297206,0,0,0
2059,1,30,2,88222.22184,46728.90111,31401.96078,46647.59693,6063.738999,0,0,0
2059,1,30,3,86250.65685,45748.59337,30385.29088,45523.22963,5874.328868,0,0,0
2059,1,30,4,85187.65582,44208.38994,29582.13636,44862.25528,5858.640021,0,0,0
2059,1,30,5,81749.674,43478.04147,29192.77515,44532.87123,6005.559528,0,0,0
2059,1,30,6,81356.63573,44090.31503,30247.76833,45708.79927,6114.727748,0,0,0
2059,1,30,7,82637.40121,46027.31553,32619.80746,46534.34308,6266.795157,0,0,0
2059,1,30,8,84545.39369,44971.99549,30543.97702,44136.72786,6927.034095,0,0,0
2059,1,30,9,88165.67662,45555.66959,31118.41758,45735.84618,7344.749621,0,0,0
2059,1,30,10,94479.62003,48615.23971,33078.86963,48581.49235,7560.226116,0,0,0
2059,1,30,11,99433.70002,48765.75458,33433.66635,49854.65855,7545.599536,0,0,0
2059,1,30,12,102169.606,49056.07994,33996.17685,50362.66665,7426.053797,0,0,0
2059,1,30,13,101117.963,48530.17675,34019.71012,49981.47672,7592.911212,0,0,0
2059,1,30,14,97746.98565,46049.54139,32907.92658,47957.20702,7610.806302,0,0,0
2059,1,30,15,101544.9121,49206.75823,34661.97225,50553.4659,7521.330852,0,0,0
2059,1,30,16,101316.2798,48600.77655,34110.41126,50131.58302,7296.70253,0,0,0
2059,1,30,17,101625.726,48342.97286,33556.4806,49064.41464,7077.222111,0,0,0
2059,1,30,18,97749.76388,47928.11728,33025.83806,48434.49113,7894.186084,0,0,0
2059,1,30,19,94997.6788,49153.56324,35623.97634,51767.6355,8040.697026,0,0,0
2059,1,30,20,92758.34117,51246.47165,39045.04362,51928.85474,8030.237796,0,0,0
2059,1,30,21,93006.01248,51287.16459,39297.20913,52480.74258,7670.620028,0,0,0
2059,1,30,22,94873.2303,51209.53749,38375.81628,51775.23479,7166.37071,0,0,0
2059,1,30,23,94040.98605,50058.2867,36455.07662,50325.24222,6769.328507,0,0,0
2059,1,30,24,92872.41215,48808.65376,34612.61776,49385.38228,6519.941225,0,0,0
2059,1,31,1,91120.81786,47785.61026,33355.14041,47711.66023,6262.954658,0,0,0
2059,1,31,2,87999.3912,46610.8262,31320.90175,46528.7049,6047.886727,0,0,0
2059,1,31,3,86031.42157,45631.98929,30306.27466,45405.97185,5858.966872,0,0,0
2059,1,31,4,84970.05479,44094.07381,29504.75439,44746.3049,5843.278026,0,0,0
2059,1,31,5,81537.54773,43364.78761,29116.37374,44417.32941,5989.788969,0,0,0
2059,1,31,6,81144.99973,43975.83548,30168.99725,45591.05121,6098.712051,0,0,0
2059,1,31,7,82422.98698,45909.56747,32537.11417,46416.59502,6250.534322,0,0,0
2059,1,31,8,84326.56697,44855.9634,30464.55223,44022.1666,6909.220718,0,0,0
2059,1,31,9,87940.14946,45438.16667,31037.84882,45618.17984,7326.119116,0,0,0
2059,1,31,10,94241.91767,48496.02082,32995.52264,48459.65865,7541.26876,0,0,0
2059,1,31,11,99185.70186,48645.47342,33349.82908,49731.35402,7526.64218,0,0,0
2059,1,31,12,101914.6622,48934.89995,33911.60416,50238.38157,7407.668431,0,0,0
2059,1,31,13,100865.1438,48410.14073,33935.70942,49858.8259,7574.36242,0,0,0
2059,1,31,14,97501.0303,45930.97621,32825.06986,47836.27216,7591.848946,0,0,0
2059,1,31,15,101295.2797,49085.41481,34576.3373,50429.09911,7502.78206,0,0,0
2059,1,31,16,101065.5852,48481.23082,34026.16542,50007.78822,7278.153738,0,0,0
2059,1,31,17,101372.0896,48223.9174,33472.80675,48941.68211,7059.00017,0,0,0
2059,1,31,18,97503.5634,47808.16298,32942.81792,48313.55627,7875.228728,0,0,0
2059,1,31,19,94758.34219,49031.89297,35536.95227,51641.14418,8021.085969,0,0,0
2059,1,31,20,92523.00848,51121.69629,38946.08949,51798.35949,8010.708451,0,0,0
2059,1,31,21,92772.6409,51161.73553,39197.84644,52348.61308,7651.90781,0,0,0
2059,1,31,22,94636.09993,51083.69987,38279.39525,51645.96523,7147.985344,0,0,0
2059,1,31,23,93806.22534,49935.30902,36365.60117,50201.77427,6752.168832,0,0,0
2059,1,31,24,92641.1651,48688.61775,34526.90109,49263.95715,6503.271826,0,0,0
2059,2,1,1,90893.41131,47667.12679,33271.7117,47591.78764,6226.183925,0,0,0
2059,2,1,2,84308.34503,44540.22537,30653.63551,46064.16797,6068.56005,0,0,0
2059,2,1,3,82162.81362,44159.36229,29718.02464,45104.37013,5895.982744,0,0,0
2059,2,1,4,79097.19676,43104.69596,28857.75292,44079.2021,5830.694264,0,0,0
2059,2,1,5,77612.88484,42561.14281,28531.1471,43321.725,5972.057304,0,0,0
2059,2,1,6,76788.485,42700.95331,29398.03755,44466.60219,6061.69618,0,0,0
2059,2,1,7,78796.57559,44967.01101,31498.70867,45138.93462,6131.233722,0,0,0
2059,2,1,8,78031.25407,43034.09615,29529.8402,43463.4966,6737.297113,0,0,0
2059,2,1,9,80010.66348,43012.03371,29576.41646,42767.46748,7184.102375,0,0,0
2059,2,1,10,84349.77339,45473.22144,31286.25555,46181.7526,7478.676802,0,0,0
2059,2,1,11,88566.23248,45982.94551,31954.01206,46997.89945,7512.669301,0,0,0
2059,2,1,12,90028.80881,45976.32678,32390.76665,48222.20143,7371.306262,0,0,0
2059,2,1,13,90627.76319,44990.95285,32354.97647,47487.6039,7456.941213,0,0,0
2059,2,1,14,86790.3695,43585.82057,31308.80826,45680.60837,7450.976183,0,0,0
2059,2,1,15,87311.61507,45347.54724,32044.87662,47259.2985,7369.018305,0,0,0
2059,2,1,16,87901.74447,44662.8762,31270.89355,46009.1753,7157.70916,0,0,0
2059,2,1,17,86130.29399,43896.65583,30656.49546,44376.14619,7014.058163,0,0,0
2059,2,1,18,84114.11384,43487.847,30427.61807,44414.46947,7822.360585,0,0,0
2059,2,1,19,82759.07148,44951.81244,33707.07718,48982.78361,7825.629095,0,0,0
2059,2,1,20,87048.66347,47882.11301,36374.181,49095.87405,7731.659444,0,0,0
2059,2,1,21,86922.09044,47745.89787,36147.91843,49423.37871,7592.175797,0,0,0
2059,2,1,22,85303.03421,47687.0647,35554.4388,48805.46697,7174.460271,0,0,0
2059,2,1,23,85487.78671,45974.61081,34120.38021,46851.71536,6775.538675,0,0,0
2059,2,1,24,83970.87141,44571.8482,32333.81287,46221.79185,6594.218106,0,0,0
2059,2,2,1,84076.44427,44350.65182,31538.09421,45517.34632,6149.864226,0,0,0
2059,2,2,2,79200.23652,41661.32212,29299.5737,43120.9568,5904.726007,0,0,0
2059,2,2,3,77072.02821,40538.58908,28272.93484,41917.00129,5693.498574,0,0,0
2059,2,2,4,75585.59176,39033.19527,27540.29841,40735.27164,5618.404566,0,0,0
2059,2,2,5,73664.1984,38352.11959,27049.69512,40528.37499,5694.642553,0,0,0
2059,2,2,6,72081.34091,39572.1725,27948.94382,41371.40532,5689.739788,0,0,0
2059,2,2,7,73768.05529,40103.38703,29417.81204,41364.2146,5899.16954,0,0,0
2059,2,2,8,71779.49405,38771.79622,27150.61036,38551.90723,6375.718239,0,0,0
2059,2,2,9,69633.7175,37909.80852,26691.46647,38512.35827,6874.411091,0,0,0
2059,2,2,10,72045.14217,37966.35374,27312.31987,39082.05949,6990.443181,0,0,0
2059,2,2,11,75696.63938,38137.46022,27539.72642,38902.86345,7051.319172,0,0,0
2059,2,2,12,77519.32375,38376.14313,27795.81415,39114.09088,6945.337749,0,0,0
2059,2,2,13,75801.64025,38618.58483,27775.6311,39417.32686,7043.638175,0,0,0
2059,2,2,14,77161.17681,37168.67397,27494.7027,39204.71031,7106.393559,0,0,0
2059,2,2,15,76923.31103,37728.56967,27859.30495,40205.2011,6997.715615,0,0,0
2059,2,2,16,76852.79293,38206.5892,27401.95874,38998.95763,6868.936337,0,0,0
2059,2,2,17,76871.42344,36769.18039,27349.90773,38717.7841,6762.54635,0,0,0
2059,2,2,18,75820.02561,37533.60307,27793.19934,39593.66295,7589.070713,0,0,0
2059,2,2,19,76718.04862,39946.33514,31234.28624,44941.59835,7733.865688,0,0,0
2059,2,2,20,81017.69128,43280.78691,34717.61863,46156.66679,7620.856969,0,0,0
2059,2,2,21,80539.83518,43060.24423,34445.43349,45932.12018,7420.088767,0,0,0
2059,2,2,22,80437.69425,42774.73992,33672.5944,45656.66654,7022.066011,0,0,0
2059,2,2,23,80780.07063,41675.78528,32444.04336,44249.00117,6583.350311,0,0,0
2059,2,2,24,79535.66732,41041.04072,30396.9758,43097.50524,6010.462292,0,0,0
2059,2,3,1,74924.5357,37780.04869,28031.22855,40412.9966,6157.626937,0,0,0
2059,2,3,2,86558.30532,45846.73037,30797.12308,45757.7452,5945.664089,0,0,0
2059,2,3,3,84607.90393,44876.06473,29795.57003,44649.23017,5759.685894,0,0,0
2059,2,3,4,83562.30771,43355.39065,29005.97983,43997.48936,5744.242186,0,0,0
2059,2,3,5,80168.69591,42635.25627,28623.72763,43671.70066,5888.465172,0,0,0
2059,2,3,6,79780.31526,43237.23402,29660.41716,44830.87759,5995.672286,0,0,0
2059,2,3,7,81039.67201,45145.96191,32002.79456,45655.60427,6145.370026,0,0,0
2059,2,3,8,82915.14281,44107.06614,29952.13164,43281.84918,6794.496031,0,0,0
2059,2,3,9,86480.35137,44681.67013,30517.25695,44855.9634,7205.756251,0,0,0
2059,2,3,10,92710.13065,47716.97156,32457.19911,47671.53928,7420.660756,0,0,0
2059,2,3,11,97582.4979,47868.87554,32809.62615,48934.24625,7406.44274,0,0,0
2059,2,3,12,100281.388,48153.80787,33366.58019,49438.82241,7286.978714,0,0,0
2059,2,3,13,99243.63619,47634.11484,33389.95003,49058.44961,7453.019001,0,0,0
2059,2,3,14,95906.97817,45167.37065,32288.21716,47053.21897,7470.505528,0,0,0
2059,2,3,15,99671.32067,48304.32273,34024.12261,49624.31033,7382.337481,0,0,0
2059,2,3,16,99447.42776,47703.24382,33481.05974,49206.59481,7158.608,0,0,0
2059,2,3,17,99752.21628,47442.90703,32929.98902,48146.20858,6942.559516,0,0,0
2059,2,3,18,95918.90823,47030.82968,32404.5761,47526.58088,7752.577906,0,0,0
2059,2,3,19,93211.02975,48244.4273,34975.83089,50826.38645,7895.411775,0,0,0
2059,2,3,20,91011.48622,50323.44454,38314.77686,50960.96733,7885.279395,0,0,0
2059,2,3,21,91269.94361,50357.76389,38559.01624,51503.53993,7529.011849,0,0,0
2059,2,3,22,93106.846,50273.51805,37664.34345,50817.64319,7029.828722,0,0,0
2059,2,3,23,92290.20888,49140.89777,35792.63143,49400.33571,6640.794367,0,0,0
2059,2,3,24,91147.53793,47914.06269,33975.66695,48475.67435,6395.084159,0,0,0
2059,2,4,1,89420.13061,46898.12819,32732.40761,46813.88236,6152.233896,0,0,0
2059,2,4,2,86484.51872,45807.83511,30770.32131,45718.27794,5940.434474,0,0,0
2059,2,4,3,84535.09788,44837.25118,29769.34024,44610.25319,5754.619704,0,0,0
2059,2,4,4,83490.07365,43317.55765,28980.48545,43959.24779,5739.175996,0,0,0
2059,2,4,5,80098.99495,42597.83183,28598.56011,43633.62253,5883.235556,0,0,0
2059,2,4,6,79710.36916,43199.56445,29634.3508,44792.06404,5990.442671,0,0,0
2059,2,4,7,80968.90878,45106.90322,31975.50251,45616.46387,6140.058698,0,0,0
2059,2,4,8,82842.82704,44068.82458,29925.98356,43244.17961,6788.612714,0,0,0
2059,2,4,9,86405.91106,44643.10171,30490.6186,44817.23156,7199.546082,0,0,0
2059,2,4,10,92631.93156,47677.01403,32429.74363,47631.09147,7414.532301,0,0,0
2059,2,4,11,97499.47776,47829.16315,32781.92554,48893.71673,7400.150859,0,0,0
2059,2,4,12,100198.2044,48113.85034,33338.71614,49397.55748,7280.768546,0,0,0
2059,2,4,13,99160.45262,47594.15731,33361.92256,49017.42982,7446.808833,0,0,0
2059,2,4,14,95825.59228,45128.5571,32260.43483,47012.85288,7464.295359,0,0,0
2059,2,4,15,99587.4834,48264.12007,33996.09514,49583.53568,7376.209026,0,0,0
2059,2,4,16,99363.75392,47662.95944,33453.11398,49165.4933,7152.479544,0,0,0
2059,2,4,17,99669.6047,47402.45922,32902.20669,48105.35221,6936.594486,0,0,0
2059,2,4,18,95837.76748,46990.95387,32377.28405,47486.2965,7746.286025,0,0,0
2059,2,4,19,93131.60496,48203.89778,34947.55828,50784.54953,7889.038181,0,0,0
2059,2,4,20,90934.75795,50282.34303,38283.07232,50918.47671,7878.824089,0,0,0
2059,2,4,21,91192.72507,50316.33553,38526.33115,51460.55902,7522.883394,0,0,0
2059,2,4,22,93028.32006,50232.90682,37633.04747,50775.31599,7023.945404,0,0,0
2059,2,4,23,92212.33664,49100.12311,35763.05142,49359.47934,6634.992763,0,0,0
2059,2,4,24,91071.46337,47874.51372,33947.63948,48434.98141,6389.527692,0,0,0
2059,2,5,1,89344.79146,46858.57923,32704.54357,46774.08826,6150.844779,0,0,0
2059,2,5,2,86464.74423,45797.37588,30763.13058,45707.737,5939.045358,0,0,0
2059,2,5,3,84515.73196,44826.79195,29762.55809,44599.95739,5753.230587,0,0,0
2059,2,5,4,83470.87116,43307.58869,28973.78501,43949.0337,5737.868592,0,0,0
2059,2,5,5,80080.28273,42588.02631,28591.94137,43623.57186,5881.928152,0,0,0
2059,2,5,6,79691.98379,43189.5955,29627.48693,44781.68652,5989.053554,0,0,0
2059,2,5,7,80950.11485,45096.52571,31968.23007,45606.24978,6138.587868,0,0,0
2059,2,5,8,82823.70626,44058.6922,29919.03798,43234.04723,6787.141884,0,0,0
2059,2,5,9,86386.21829,44632.80591,30483.67301,44806.85404,7197.99354,0,0,0
2059,2,5,10,92611.42166,47666.30966,32422.38948,47620.55053,7412.898046,0,0,0
2059,2,5,11,97477.74217,47818.45878,32774.48968,48882.93065,7398.516604,0,0,0
2059,2,5,12,100176.3054,48103.14597,33331.28029,49386.85311,7279.052578,0,0,0
2059,2,5,13,99138.30847,47583.61637,33354.56842,49006.64373,7445.256291,0,0,0
2059,2,5,14,95804.02012,45118.09787,32253.08068,47002.23023,7462.579392,0,0,0
2059,2,5,15,99565.58439,48253.57912,33988.57756,49572.50446,7374.493058,0,0,0
2059,2,5,16,99341.8549,47652.33678,33445.59641,49154.54379,7150.845289,0,0,0
2059,2,5,17,99647.70569,47391.91828,32894.85254,48094.72956,6935.041943,0,0,0
2059,2,5,18,95816.11361,46980.16779,32370.01161,47475.67384,7744.570057,0,0,0
2059,2,5,19,93110.60479,48193.1117,34939.87728,50773.35488,7887.240501,0,0,0
2059,2,5,20,90914.49319,50271.39352,38274.65591,50907.03692,7877.189834,0,0,0
2059,2,5,21,91172.05175,50305.38602,38517.75131,51449.20095,7521.249139,0,0,0
2059,2,5,22,93007.81016,50222.12074,37624.95791,50763.95792,7022.31115,0,0,0
2059,2,5,23,92191.90846,49089.33703,35755.37043,49348.61155,6633.521933,0,0,0
2059,2,5,24,91051.03518,47863.97278,33940.28534,48424.27704,6388.056863,0,0,0
2059,2,6,1,89324.77184,46848.20171,32697.18942,46763.4656,6186.226396,0,0,0
2059,2,6,2,86950.44476,46054.44416,30939.54839,45967.33838,5973.364708,0,0,0
2059,2,6,3,84995.7126,45081.65399,29934.48169,44854.90113,5786.569385,0,0,0
2059,2,6,4,83945.1319,43556.32227,29141.37784,44201.03579,5771.125677,0,0,0
2059,2,6,5,80540.40717,42833.0011,28757.32796,43874.42997,5915.920652,0,0,0
2059,2,6,6,80150.71911,43437.75709,29798.42998,45037.28397,6023.699756,0,0,0
2059,2,6,7,81415.63232,45353.83912,32147.9981,45862.82778,6173.969485,0,0,0
2059,2,6,8,83298.86584,44310.53086,30091.37015,43482.86252,6825.628585,0,0,0
2059,2,6,9,86877.06672,44887.58623,30658.7017,45063.35033,7238.523059,0,0,0
2059,2,6,10,93126.0485,47929.75154,32603.87348,47886.44378,7453.427565,0,0,0
2059,2,6,11,98019.66106,48080.2664,32956.30052,49151.52042,7439.209548,0,0,0
2059,2,6,12,100724.7613,48365.60729,33515.05224,49656.34173,7319.908948,0,0,0
2059,2,6,13,99685.04841,47846.64968,33538.74893,49277.1129,7485.78581,0,0,0
2059,2,6,14,96340.7094,45375.24786,32434.40125,47266.24409,7503.272336,0,0,0
2059,2,6,15,100112.6512,48517.18442,34173.98377,49842.89191,7415.349428,0,0,0
2059,2,6,16,99887.69601,47915.28838,33629.28665,49424.6044,7191.211383,0,0,0
2059,2,6,17,100191.0137,47656.50413,33078.0525,48363.31933,6974.182346,0,0,0
2059,2,6,18,96348.88067,47243.36452,32551.00533,47740.25969,7786.325267,0,0,0
2059,2,6,19,93632.25892,48458.59639,35128.38857,51048.48168,7929.404275,0,0,0
2059,2,6,20,91421.52074,50540.88214,38485.22964,51188.94588,7919.108469,0,0,0
2059,2,6,21,91677.44504,50577.8163,38732.5741,51732.90759,7562.595786,0,0,0
2059,2,6,22,93523.49926,50492.26306,37830.30203,51042.51665,7061.778403,0,0,0
2059,2,6,23,92701.63253,49358.33537,35948.94791,49617.20133,6671.028081,0,0,0
2059,2,6,24,91554.46737,48125.20841,34125.69154,48691.06913,6424.66417,0,0,0
2059,2,7,1,89821.42187,47106.98596,32878.91856,47025.51836,6170.128986,0,0,0
2059,2,7,2,86729.16666,45937.59494,30859.22477,45849.18175,5957.757575,0,0,0
2059,2,7,3,84776.88588,44965.78532,29856.03746,44739.03247,5771.452528,0,0,0
2059,2,7,4,83729.08341,43443.06842,29065.13985,44086.22939,5755.927108,0,0,0
2059,2,7,5,80330.8957,42721.3815,28681.9071,43760.19556,5900.395232,0,0,0
2059,2,7,6,79941.94306,43324.83008,29720.63945,44920.92503,6007.929197,0,0,0
2059,2,7,7,81203.50605,45236.66306,32066.20365,45745.81514,6157.872075,0,0,0
2059,2,7,8,83082.40879,44195.9696,30012.84421,43369.60866,6807.978633,0,0,0
2059,2,7,9,86653.33724,44771.39071,30578.78664,44946.66454,7219.892555,0,0,0
2059,2,7,10,92891.04266,47809.96066,32521.01676,47765.26379,7435.123911,0,0,0
2059,2,7,11,97773.29715,47961.21094,32873.52552,49029.19645,7420.660756,0,0,0
2059,2,7,12,100474.3935,48246.47011,33431.21497,49533.44577,7301.278443,0,0,0
2059,2,7,13,99436.06969,47726.8588,33454.82995,49153.80838,7467.400444,0,0,0
2059,2,7,14,96096.3883,45257.82665,32351.87139,47146.04465,7484.805257,0,0,0
2059,2,7,15,99864.5713,48397.23012,34089.24766,49719.99595,7396.718924,0,0,0
2059,2,7,16,99639.61613,47795.82435,33545.93965,49301.70844,7172.907729,0,0,0
2059,2,7,17,99943.58752,47535.97784,32994.70551,48240.50508,6956.205543,0,0,0
2059,2,7,18,96106.35726,47123.24679,32468.47547,47620.06025,7767.286199,0,0,0
2059,2,7,19,93393.82115,48337.66153,35042.50848,50923.29776,7910.283494,0,0,0
2059,2,7,20,91190.51883,50418.23131,38389.21717,51059.92146,7899.987688,0,0,0
2059,2,7,21,91447.83225,50454.02149,38634.4371,51603.31118,7543.720143,0,0,0
2059,2,7,22,93288.33,50368.05969,37736.33238,50915.78019,7043.719887,0,0,0
2059,2,7,23,92469.65006,49236.17482,35860.77986,49495.44934,6653.868406,0,0,0
2059,2,7,24,91325.42656,48006.72494,34041.11886,48569.31715,6407.994771,0,0,0
2059,2,8,1,89594.75073,46989.48304,32796.30698,46906.38118,6133.685104,0,0,0
2059,2,8,2,83066.47481,43883.50008,30199.39439,45389.22074,5978.104047,0,0,0
2059,2,8,3,80944.96694,43506.31408,29275.46844,44441.27125,5808.059836,0,0,0
2059,2,8,4,77919.63446,42464.96692,28427.20849,43427.13443,5743.588484,0,0,0
2059,2,8,5,76455.66902,41927.95079,28105.50543,42678.64573,5882.908705,0,0,0
2059,2,8,6,75643.52609,42066.78074,28960.05727,43808.32436,5971.32189,0,0,0
2059,2,8,7,77624.65147,44302.4413,31037.44025,44477.87855,6039.960591,0,0,0
2059,2,8,8,76869.54404,42396.98192,29090.30737,42817.96596,6639.0784,0,0,0
2059,2,8,9,78820.51742,42376.47202,29136.39336,42130.59839,7079.59178,0,0,0
2059,2,8,10,83104.30781,44812.57394,30826.21282,45505.57968,7372.613665,0,0,0
2059,2,8,11,87271.00384,45316.16955,31486.61518,46314.20896,7406.851303,0,0,0
2059,2,8,12,88718.21817,45310.20452,31919.61099,47528.21513,7265.0797,0,0,0
2059,2,8,13,89314.39432,44329.32479,31884.31109,46798.35694,7350.878077,0,0,0
2059,2,8,14,85514.26164,42941.18877,30848.27526,45008.11252,7344.994759,0,0,0
2059,2,8,15,86030.68616,44681.26156,31577.23461,46572.82978,7262.873456,0,0,0
2059,2,8,16,86615.42252,44005.90577,30811.17768,45333.90122,7053.361991,0,0,0
2059,2,8,17,84861.54028,43249.2458,30204.29716,43717.86836,6911.753813,0,0,0
2059,2,8,18,82871.58992,42846.23856,29977.87115,43756.43677,7714.254631,0,0,0
2059,2,8,19,81533.95237,44290.02096,33225.46229,48289.69615,7717.441428,0,0,0
2059,2,8,20,85776.06926,47188.20842,35868.86942,48398.29239,7623.308351,0,0,0
2059,2,8,21,85651.53905,47052.32013,35645.63022,48718.03434,7485.050395,0,0,0
2059,2,8,22,84049.64249,46994.71265,35057.29849,48114.74918,7069.949677,0,0,0
2059,2,8,23,84230.79964,45298.43789,33638.6019,46175.46072,6677.074824,0,0,0
2059,2,8,24,82731.04401,43913.81551,31864.29147,45548.31545,6497.633647,0,0,0
2059,2,9,1,82838.82311,43695.39736,31074.9464,44847.87384,6121.428193,0,0,0
2059,2,9,2,78834.08173,41468.48006,29164.33912,42921.74114,5877.270526,0,0,0
2059,2,9,3,76714.94354,40350.40464,28141.8676,41722.85182,5667.023647,0,0,0
2059,2,9,4,75234.88068,38851.71128,27412.49969,40545.94322,5592.338202,0,0,0
2059,2,9,5,73322.06716,38174.06752,26923.93922,40340.19055,5668.249338,0,0,0
2059,2,9,6,71746.40039,39388.56398,27819.26571,41179.38038,5663.346573,0,0,0
2059,2,9,7,73425.43377,39917.73568,29281.51519,41173.00679,5871.795773,0,0,0
2059,2,9,8,71446.02436,38592.43675,27024.5276,38372.7112,6346.465078,0,0,0
2059,2,9,9,69310.29848,37733.79928,26567.50824,38333.57079,6843.033398,0,0,0
2059,2,9,10,71710.85535,37790.01765,27185.5017,38900.49378,6958.656925,0,0,0
2059,2,9,11,75345.76487,37960.14357,27411.68256,38722.11487,7019.614629,0,0,0
2059,2,9,12,77161.25852,38197.76422,27666.87145,38932.44346,6913.878344,0,0,0
2059,2,9,13,75451.25602,38439.30708,27646.60669,39234.1269,7011.933632,0,0,0
2059,2,9,14,76804.74584,36996.01495,27367.0674,39022.65433,7074.035314,0,0,0
2059,2,9,15,76567.61547,37553.21413,27730.03539,40018.48749,6966.011072,0,0,0
2059,2,9,16,76497.75108,38028.86399,27274.6503,38817.80049,6837.476932,0,0,0
2059,2,9,17,76516.21816,36598.40076,27222.84442,38538.01607,6732.230923,0,0,0
2059,2,9,18,75468.82426,37359.39151,27664.17493,39409.72758,7555.731915,0,0,0
2059,2,9,19,76362.84334,39761.74606,31092.2695,44737.07136,7700.608603,0,0,0
2059,2,9,20,80646.22517,43080.83584,34566.77691,45951.40439,7587.599884,0,0,0
2059,2,9,21,80169.75818,42861.60056,34295.57233,45726.28579,7387.158533,0,0,0
2059,2,9,22,80067.53554,42576.99509,33524.04064,45451.24071,6990.279756,0,0,0
2059,2,9,23,80409.17651,41483.10664,32298.51297,44046.27186,6553.280023,0,0,0
2059,2,9,24,79168.6954,40851.0586,30256.92016,42898.04444,5982.598248,0,0,0
2059,2,10,1,74577.01141,37604.44802,27901.06016,40225.22072,6129.190903,0,0,0
2059,2,10,2,86166.98301,45640.32399,30655.59662,45549.05086,5918.045183,0,0,0
2059,2,10,3,84222.79179,44670.72062,29657.80235,44444.37633,5732.884115,0,0,0
2059,2,10,4,83181.11778,43155.52128,28871.48066,43795.25032,5717.52212,0,0,0
2059,2,10,5,79799.1909,42438.41028,28490.94443,43470.60561,5861.091404,0,0,0
2059,2,10,6,79411.87252,43038.10008,29523.13976,44625.37005,5967.889955,0,0,0
2059,2,10,7,80665.75451,44939.14697,31858.24472,45449.60646,6116.933992,0,0,0
2059,2,10,8,82533.38089,43904.90882,29813.79197,43082.14324,6763.690328,0,0,0
2059,2,10,9,86086.25082,44477.22485,30376.71104,44650.53757,7173.398006,0,0,0
2059,2,10,10,92296.01049,47504.10987,32311.75043,47457.37019,7387.730522,0,0,0
2059,2,10,11,97146.72386,47657.07612,32662.46151,48718.36119,7373.430793,0,0,0
2059,2,10,12,99839.81234,47942.49872,33218.5167,49220.73111,7254.375331,0,0,0
2059,2,10,13,98803.0411,47422.31542,33241.80484,48841.74742,7420.252193,0,0,0
2059,2,10,14,95475.61662,44961.61797,32142.11478,46840.60243,7437.738719,0,0,0
2059,2,10,15,99230.80729,48092.60503,33875.48713,49407.60815,7349.570673,0,0,0
2059,2,10,16,99008.22179,47491.52611,33332.42426,48988.83036,7126.249755,0,0,0
2059,2,10,17,99313.09202,47230.86247,32782.74266,47931.30408,6911.018398,0,0,0
2059,2,10,18,95491.06033,46819.2754,32259.45428,47313.06549,7719.320821,0,0,0
2059,2,10,19,92792.98737,48029.27765,34823.84519,50605.02664,7861.827839,0,0,0
2059,2,10,20,90603.73964,50105.43495,38144.97779,50735.35846,7851.858885,0,0,0
2059,2,10,21,90862.44218,50139.1006,38387.09264,51277.03221,7496.163328,0,0,0
2059,2,10,22,92692.4807,50058.61355,37499.85571,50592.6063,6998.124179,0,0,0
2059,2,10,23,91880.33778,48925.5847,35638.35778,49183.96038,6610.397228,0,0,0
2059,2,10,24,90742.89644,47703.89752,33826.86805,48261.58697,6365.749285,0,0,0
2059,2,11,1,89020.63702,46689.18872,32585.65153,46603.1452,6123.797862,0,0,0
2059,2,11,2,86093.11469,45601.2653,30628.95827,45509.99217,5912.815568,0,0,0
2059,2,11,3,84149.98574,44632.07049,29631.8177,44405.80792,5727.899638,0,0,0
2059,2,11,4,83109.12886,43117.93342,28846.068,43757.09047,5712.537643,0,0,0
2059,2,11,5,79729.65336,42401.39441,28465.94033,43432.52747,5855.943501,0,0,0
2059,2,11,6,79342.58011,43000.67564,29497.31853,44586.71992,5962.660339,0,0,0
2059,2,11,7,80595.39984,44900.33342,31831.03438,45410.87462,6111.622664,0,0,0
2059,2,11,8,82461.63711,43866.66726,29787.6439,43044.47367,6757.970436,0,0,0
2059,2,11,9,86011.64709,44438.65644,30350.23611,44611.80573,7167.351263,0,0,0
2059,2,11,10,92218.38338,47464.07063,32284.37666,47417.08581,7381.520354,0,0,0
2059,2,11,11,97065.99167,47617.03688,32634.67918,48677.83167,7367.302337,0,0,0
2059,2,11,12,99756.46535,47903.19489,33190.65266,49179.87474,7248.165163,0,0,0
2059,2,11,13,98720.83808,47382.11275,33214.10422,48800.97277,7414.123737,0,0,0
2059,2,11,14,95394.14902,44922.88613,32114.49588,46800.6449,7431.610264,0,0,0
2059,2,11,15,99148.68599,48052.56578,33847.45966,49366.58835,7343.52393,0,0,0
2059,2,11,16,98925.69192,47451.24173,33304.47851,48947.72885,7120.203012,0,0,0
2059,2,11,17,99230.56215,47190.90494,32755.12376,47890.69285,6905.135081,0,0,0
2059,2,11,18,95410.24643,46779.31787,32231.9988,47272.94453,7713.110652,0,0,0
2059,2,11,19,92714.62485,47989.07498,34795.00059,50563.18971,7855.617671,0,0,0
2059,2,11,20,90526.5211,50064.0883,38112.86468,50692.78612,7845.648716,0,0,0
2059,2,11,21,90785.55049,50098.32594,38355.30638,51234.29645,7489.871447,0,0,0
2059,2,11,22,92614.8536,50017.67546,37469.13172,50550.03396,6992.159149,0,0,0
2059,2,11,23,91803.36438,48885.30031,35609.51318,49142.94058,6604.677336,0,0,0
2059,2,11,24,90665.92304,47664.18513,33798.75887,48221.3843,6360.274531,0,0,0
2059,2,12,1,88945.29788,46649.72147,32557.8692,46563.3511,6122.327033,0,0,0
2059,2,12,2,86073.58535,45590.9695,30621.76754,45499.53294,5911.426451,0,0,0
2059,2,12,3,84130.78324,44621.8564,29624.87212,44395.51211,5726.510521,0,0,0
2059,2,12,4,83090.1715,43107.96447,28839.36755,43746.9581,5711.230239,0,0,0
2059,2,12,5,79711.268,42391.58888,28459.3216,43422.47681,5854.636097,0,0,0
2059,2,12,6,79324.11304,42990.46155,29490.45466,44576.26069,5961.271223,0,0,0
2059,2,12,7,80576.68762,44889.87419,31823.76195,45400.57881,6110.151835,0,0,0
2059,2,12,8,82442.3529,43856.78002,29780.69831,43034.423,6756.499607,0,0,0
2059,2,12,9,85992.11774,44428.36063,30343.20881,44601.50993,7165.717008,0,0,0
2059,2,12,10,92197.46492,47453.44797,32276.9408,47406.62657,7379.967812,0,0,0
2059,2,12,11,97044.66465,47606.2508,32627.32503,48666.96387,7365.668082,0,0,0
2059,2,12,12,99734.40291,47892.81738,33183.29851,49169.17037,7246.530908,0,0,0
2059,2,12,13,98698.61222,47371.4901,33206.58664,48790.2684,7412.489482,0,0,0
2059,2,12,14,95372.57685,44912.4269,32107.14173,46790.10395,7429.894296,0,0,0
2059,2,12,15,99126.54183,48042.10655,33840.0238,49355.63885,7341.889675,0,0,0
2059,2,12,16,98903.95633,47440.45565,33297.04265,48936.86105,7118.568757,0,0,0
2059,2,12,17,99208.25457,47180.44571,32747.6879,47880.07019,6903.582539,0,0,0
2059,2,12,18,95388.9194,46768.77693,32224.72636,47262.24016,7711.394685,0,0,0
2059,2,12,19,92693.70639,47978.53404,34787.3196,50551.83164,7853.901703,0,0,0
2059,2,12,20,90506.5832,50053.46564,38104.44827,50681.59147,7844.014462,0,0,0
2059,2,12,21,90765.04059,50087.29472,38346.80826,51223.02009,7488.237192,0,0,0
2059,2,12,22,92594.75226,50007.05281,37461.04216,50538.83932,6990.524894,0,0,0
2059,2,12,23,91783.09962,48874.59595,35601.9139,49132.07279,6603.206507,0,0,0
2059,2,12,24,90645.73999,47653.48076,33791.32301,48210.84336,6358.803702,0,0,0
2059,2,13,1,88925.35997,46639.26223,32550.51506,46552.81016,6157.708649,0,0,0
2059,2,13,2,86558.95902,45847.13893,30797.28651,45758.23547,5945.664089,0,0,0
2059,2,13,3,84608.63935,44876.4733,29795.73346,44649.63873,5759.767606,0,0,0
2059,2,13,4,83562.79799,43355.79921,29006.30668,43997.81621,5744.323898,0,0,0
2059,2,13,5,80169.59475,42635.58312,28623.89106,43672.19094,5888.465172,0,0,0
2059,2,13,6,79780.88725,43237.64259,29660.58059,44831.36787,5995.753999,0,0,0
2059,2,13,7,81040.32571,45146.28877,32002.95799,45656.01284,6145.451738,0,0,0
2059,2,13,8,82915.79651,44107.31128,29952.37678,43282.25774,6794.496031,0,0,0
2059,2,13,9,86481.00507,44682.07869,30517.50209,44856.37196,7205.837963,0,0,0
2059,2,13,10,92710.70264,47717.38012,32457.36253,47671.86613,7420.660756,0,0,0
2059,2,13,11,97582.98818,47869.12068,32809.87129,48934.65481,7406.524452,0,0,0
2059,2,13,12,100282.2051,48154.05301,33366.98875,49439.06755,7286.978714,0,0,0
2059,2,13,13,99244.28989,47634.52341,33390.11346,49058.77646,7453.019001,0,0,0
2059,2,13,14,95907.7953,45167.86093,32288.38059,47053.62754,7470.58724,0,0,0
2059,2,13,15,99671.97437,48304.56787,34024.28603,49624.7189,7382.419194,0,0,0
2059,2,13,16,99448.08147,47703.57067,33481.30488,49207.00337,7158.689712,0,0,0
2059,2,13,17,99752.9517,47443.15217,32930.15245,48146.53543,6942.559516,0,0,0
2059,2,13,18,95919.39851,47031.23825,32404.82124,47527.07115,7752.577906,0,0,0
2059,2,13,19,93211.43831,48244.75415,34976.07603,50826.79501,7895.493488,0,0,0
2059,2,13,20,91012.22163,50323.93481,38314.94029,50961.21247,7885.279395,0,0,0
2059,2,13,21,91270.5156,50358.09074,38559.26138,51503.78506,7529.011849,0,0,0
2059,2,13,22,93107.41799,50273.8449,37664.50688,50817.88833,7029.910434,0,0,0
2059,2,13,23,92290.61744,49141.22462,35792.87657,49400.66257,6640.794367,0,0,0
2059,2,13,24,91148.10992,47914.38954,33975.83038,48476.0012,6395.165871,0,0,0
2059,2,14,1,89420.86602,46898.53676,32732.65275,46814.29092,6141.61124,0,0,0
2059,2,14,2,86338.41634,45730.61657,30717.37145,45640.32399,5930.056956,0,0,0
2059,2,14,3,84391.12003,44760.27778,29717.86122,44533.85178,5744.569037,0,0,0
2059,2,14,4,83347.56663,43242.95392,28930.23212,43883.66351,5729.207042,0,0,0
2059,2,14,5,79960.65528,42524.37208,28548.87876,43558.61023,5873.021464,0,0,0
2059,2,14,6,79572.7649,43125.28757,29583.11691,44715.33578,5980.065153,0,0,0
2059,2,14,7,80829.2617,45029.60297,31921.49038,45539.57218,6129.354329,0,0,0
2059,2,14,8,82700.48345,43993.48543,29874.2594,43169.49416,6777.091217,0,0,0
2059,2,14,9,86258.82813,44566.61859,30438.24073,44740.33987,7187.616022,0,0,0
2059,2,14,10,92477.16763,47597.75267,32375.48637,47551.42155,7402.27539,0,0,0
2059,2,14,11,97337.84996,47749.98351,32726.93286,48813.3931,7387.730522,0,0,0
2059,2,14,12,100033.7984,48035.07926,33283.64176,49316.2533,7268.511635,0,0,0
2059,2,14,13,98995.55631,47515.05938,33306.84818,48936.5342,7434.633635,0,0,0
2059,2,14,14,95664.53647,45051.50199,32206.01414,46933.4281,7452.038448,0,0,0
2059,2,14,15,99423.73107,48185.26727,33940.53047,49502.72178,7364.033828,0,0,0
2059,2,14,16,99200.0833,47584.27007,33397.38589,49084.27084,7140.467771,0,0,0
2059,2,14,17,99506.0158,47323.11615,32847.21401,48025.19202,6924.827851,0,0,0
2059,2,14,18,95678.10079,46911.69251,32322.86336,47406.1363,7734.029114,0,0,0
2059,2,14,19,92974.87993,48123.41073,34890.6045,50702.2648,7876.454419,0,0,0
2059,2,14,20,90782.69054,50200.712,38219.17296,50834.14916,7866.403752,0,0,0
2059,2,14,21,91040.41253,50235.11306,38462.43178,51375.82291,7510.54477,0,0,0
2059,2,14,22,92873.55613,50152.82834,37571.43607,50691.56043,7012.097057,0,0,0
2059,2,14,23,92059.53382,49020.28976,35705.36223,49278.66544,6623.634692,0,0,0
2059,2,14,24,90919.88623,47796.15121,33892.15653,48354.98463,6378.578185,0,0,0
2059,2,15,1,89195.91085,46780.70699,32650.04117,46695.4806,6105.330783,0,0,0
2059,2,15,2,82685.28488,43681.34277,30059.99246,45182.4058,5950.403428,0,0,0
2059,2,15,3,80570.72259,43306.11786,29139.90701,44237.23453,5781.012919,0,0,0
2059,2,15,4,77559.03614,42268.85634,28295.24242,43227.01993,5716.950131,0,0,0
2059,2,15,5,76101.03572,41733.80132,27975.01019,42481.22775,5855.61665,0,0,0
2059,2,15,6,75292.56988,41872.14099,28825.88495,43606.08533,5943.702984,0,0,0
2059,2,15,7,77265.11542,44098.81315,30895.83207,44274.82239,6012.014834,0,0,0
2059,2,15,8,76513.03136,42201.60676,28955.64478,42619.97599,6608.681261,0,0,0
2059,2,15,9,78455.75175,42181.58714,29001.56734,41935.55008,7047.315248,0,0,0
2059,2,15,10,82721.07506,44608.94579,30684.84978,45296.96706,7339.846857,0,0,0
2059,2,15,11,86873.14451,45111.8877,31343.20932,46103.30837,7373.839356,0,0,0
2059,2,15,12,88314.72066,45104.77869,31774.57088,47315.02659,7232.394604,0,0,0
2059,2,15,13,88909.58941,44126.84062,31739.35269,46586.55752,7318.029555,0,0,0
2059,2,15,14,85122.61248,42743.36222,30706.83051,44801.461,7311.982812,0,0,0
2059,2,15,15,85637.40274,44477.38828,31433.91047,46361.11207,7230.18836,0,0,0
2059,2,15,16,86219.60601,43804.56558,30669.81464,45126.18743,7021.657448,0,0,0
2059,2,15,17,84472.42421,43050.52041,30065.71235,43515.87447,6880.539546,0,0,0
2059,2,15,18,82490.64513,42649.63771,29840.02176,43554.60631,7681.079258,0,0,0
2059,2,15,19,81158.15548,44087.29166,33078.21593,48076.75275,7684.347768,0,0,0
2059,2,15,20,85385.7275,46974.36618,35713.69693,48184.04158,7589.887841,0,0,0
2059,2,15,21,85261.60585,46839.1316,35490.53944,48502.14928,7452.283587,0,0,0
2059,2,15,22,83664.93891,46781.68754,34905.39451,47902.45948,7037.918283,0,0,0
2059,2,15,23,83845.68749,45091.45952,33490.37499,45967.25666,6646.922823,0,0,0
2059,2,15,24,82350.83463,43712.06676,31719.5782,45341.33708,6468.053635,0,0,0
2059,2,16,1,82458.69545,43494.38402,30933.01137,44642.20287,6441.987271,0,0,0
2059,2,16,2,82966.13156,43648.90281,30690.65138,45166.71695,6187.452087,0,0,0
2059,2,16,3,80754.08598,42480.08378,29622.8293,43917.49258,5966.745976,0,0,0
2059,2,16,4,79200.31823,40906.54155,28859.38717,42686.7353,5888.220033,0,0,0
2059,2,16,5,77198.84638,40194.00645,28347.13001,42470.93195,5968.05338,0,0,0
2059,2,16,6,75542.856,41467.33608,29287.72535,43348.6902,5962.905478,0,0,0
2059,2,16,7,77304.17411,42021.75702,30819.18552,43329.97798,6181.650482,0,0,0
2059,2,16,8,75225.15687,40626.18513,28454.66397,40402.04709,6675.849133,0,0,0
2059,2,16,9,72978.30166,39727.83527,27973.70278,40361.92613,7195.787296,0,0,0
2059,2,16,10,75501.26421,39789.36497,28623.31907,40958.59256,7316.558726,0,0,0
2059,2,16,11,79315.94176,39969.13299,28860.93971,40771.63381,7379.395823,0,0,0
2059,2,16,12,81212.41274,40218.76541,29127.24153,40993.23876,7269.655613,0,0,0
2059,2,16,13,79419.30838,40472.40176,29106.15965,41310.69276,7371.469687,0,0,0
2059,2,16,14,80833.18391,38954.99618,28811.58522,41088.02554,7435.532475,0,0,0
2059,2,16,15,80587.96398,39541.3668,29193.102,42135.1743,7324.076298,0,0,0
2059,2,16,16,80512.05285,40041.53048,28715.73617,40872.30391,7190.149117,0,0,0
2059,2,16,17,80534.197,38536.13668,28661.23378,40578.05633,7079.59178,0,0,0
2059,2,16,18,79439.65485,39332.99931,29123.8096,41495.11841,7926.135765,0,0,0
2059,2,16,19,80380.65876,41854.40933,32690.24384,47031.97366,8075.09809,0,0,0
2059,2,16,20,84840.78524,45335.12691,36271.30466,48265.10062,7959.065999,0,0,0
2059,2,16,21,84346.34145,45107.23008,35988.08831,48033.93528,7754.457299,0,0,0
2059,2,16,22,84239.62461,44810.28598,35188.28401,47757.33765,7349.162109,0,0,0
2059,2,16,23,84594.17619,43665.24536,33933.74832,46326.95614,6892.061042,0,0,0
2059,2,16,24,83309.32507,43000.26708,31829.72698,45148.33158,6297.355722,0,0,0
2059,2,17,1,78511.2347,39594.80693,29374.66771,42352.6119,6449.913407,0,0,0
2059,2,17,2,90544.25277,47955.08248,32247.93278,47887.91461,6230.106137,0,0,0
2059,2,17,3,88542.20893,46961.78242,31213.61292,46747.36819,6036.03838,0,0,0
2059,2,17,4,87458.28944,45404.25588,30392.97187,46075.03577,6019.859257,0,0,0
2059,2,17,5,83965.72351,44661.32365,29994.78569,45740.25867,6170.455837,0,0,0
2059,2,17,6,83569.17158,45285.28214,31073.72071,46932.93782,6282.075439,0,0,0
2059,2,17,7,84880.08907,47264.36469,33478.85349,47764.36495,6437.411358,0,0,0
2059,2,17,8,86833.10526,46189.02504,31376.05785,45337.0063,7113.012291,0,0,0
2059,2,17,9,90529.0542,46783.40351,31960.30394,46965.62292,7536.284283,0,0,0
2059,2,17,10,96966.13871,49871.73651,33943.55384,49849.75578,7755.029288,0,0,0
2059,2,17,11,102019.8265,50023.88563,34303.82531,51137.71199,7740.566133,0,0,0
2059,2,17,12,104837.6904,50313.39387,34876.38648,51654.95363,7619.059289,0,0,0
2059,2,17,13,103764.4752,49786.59184,34901.47229,51269.59635,7788.449798,0,0,0
2059,2,17,14,100323.9603,47282.3415,33774.73532,49219.91398,7806.181463,0,0,0
2059,2,17,15,104202.1287,50465.86984,35553.94852,51846.73343,7716.379162,0,0,0
2059,2,17,16,103971.4536,49861.11385,34994.46139,51422.23575,7488.318905,0,0,0
2059,2,17,17,104281.2266,49595.46574,34429.17266,50337.9894,7266.632242,0,0,0
2059,2,17,18,100308.5983,49180.61016,33890.76741,49702.75456,8094.382296,0,0,0
2059,2,17,19,97494.32986,50417.74104,36530.08891,53100.12515,8242.527494,0,0,0
2059,2,17,20,95200.48982,52557.22571,40092.60094,53296.0723,8232.068263,0,0,0
2059,2,17,21,95452.65534,52589.99251,40350.1595,53862.25987,7865.586625,0,0,0
2059,2,17,22,97353.86566,52499.4548,39391.42392,53128.15262,7357.25167,0,0,0
2059,2,17,23,96504.62515,51334.39455,37401.14672,51631.25694,6951.711342,0,0,0
2059,2,17,24,95290.94583,50071.7693,35499.52784,50656.01539,6695.950467,0,0,0
2059,2,18,1,93495.30837,49024.21197,34224.15539,48964.7251,6444.356941,0,0,0
2059,2,18,2,90469.32219,47915.61523,32220.72244,47847.54852,6224.631383,0,0,0
2059,2,18,3,88467.93205,46922.23345,31186.72943,46707.6558,6030.727052,0,0,0
2059,2,18,4,87385.07482,45365.1972,30366.49695,46035.56851,6014.629642,0,0,0
2059,2,18,5,83893.8163,44622.67353,29968.63762,45700.95484,6165.062796,0,0,0
2059,2,18,6,83497.18266,45246.5503,31046.7555,46893.14372,6276.600686,0,0,0
2059,2,18,7,84807.2013,47224.40716,33451.07116,47724.81598,6431.854892,0,0,0
2059,2,18,8,86758.9101,46149.23093,31349.09264,45297.94761,7107.047261,0,0,0
2059,2,18,9,90452.65279,46743.77283,31933.09359,46925.50196,7529.91069,0,0,0
2059,2,18,10,96885.81508,49830.88014,33915.6898,49808.57256,7748.737407,0,0,0
2059,2,18,11,101935.7441,49983.2744,34275.87956,51096.03849,7734.355965,0,0,0
2059,2,18,12,104751.892,50273.59976,34848.44073,51613.19842,7612.849121,0,0,0
2059,2,18,13,103679.3306,49746.79773,34872.95455,51227.92285,7781.912779,0,0,0
2059,2,18,14,100240.2865,47242.46568,33746.62614,49179.22104,7799.889582,0,0,0
2059,2,18,15,104116.1669,50425.8306,35525.02221,51805.30507,7710.087281,0,0,0
2059,2,18,16,103885.7369,49820.3392,34965.94365,51381.05253,7482.353875,0,0,0
2059,2,18,17,104196.2454,49554.77279,34401.14519,50296.80618,7260.585499,0,0,0
2059,2,18,18,100226.0685,49140.4892,33862.57652,49662.14333,8087.845277,0,0,0
2059,2,18,19,97414.25137,50376.88467,36500.42719,53056.65397,8235.908762,0,0,0
2059,2,18,20,95121.55532,52515.14364,40058.60844,53251.13029,8225.694669,0,0,0
2059,2,18,21,95373.06713,52548.56415,40315.92186,53817.15444,7859.213031,0,0,0
2059,2,18,22,97273.46032,52457.86301,39358.24855,53084.35459,7351.123215,0,0,0
2059,2,18,23,96425.85407,51293.29305,37370.913,51589.17488,6945.828025,0,0,0
2059,2,18,24,95212.82845,50031.07635,35471.01009,50614.83217,6690.148862,0,0,0
2059,2,19,1,93417.84469,48983.68245,34196.20964,48924.19558,6442.967824,0,0,0
2059,2,19,2,90449.5477,47905.31943,32213.36829,47836.84415,6223.242267,0,0,0
2059,2,19,3,88448.32099,46911.85593,31179.45699,46697.11485,6029.337935,0,0,0
2059,2,19,4,87365.30034,45354.90139,30359.55136,46025.02757,6013.240525,0,0,0
2059,2,19,5,83874.53209,44612.54115,29961.52861,45690.49561,6163.673679,0,0,0
2059,2,19,6,83478.14359,45236.17278,31039.56478,46882.68449,6275.129856,0,0,0
2059,2,19,7,84787.99881,47213.78451,33443.79873,47714.27504,6430.384062,0,0,0
2059,2,19,8,86739.54418,46138.68999,31341.82021,45287.48838,7105.413006,0,0,0
2059,2,19,9,90432.38803,46733.15017,31925.82116,46914.87931,7528.276435,0,0,0
2059,2,19,10,96864.81491,49820.17577,33908.41737,49797.62306,7746.939727,0,0,0
2059,2,19,11,101913.8451,49972.81517,34268.28027,51085.41584,7732.803423,0,0,0
2059,2,19,12,104729.0941,50263.05882,34840.67802,51602.41234,7611.214866,0,0,0
2059,2,19,13,103656.6961,49735.84822,34865.43698,51216.80992,7780.196812,0,0,0
2059,2,19,14,100218.224,47231.84302,33739.272,49168.35325,7798.255327,0,0,0
2059,2,19,15,104093.5324,50415.20794,35517.2595,51794.27385,7708.534739,0,0,0
2059,2,19,16,103863.1025,49809.55312,34958.42607,51370.02131,7480.637907,0,0,0
2059,2,19,17,104173.6109,49544.23185,34393.79104,50285.93839,7259.032957,0,0,0
2059,2,19,18,100204.2512,49129.70312,33855.05895,49651.27554,8086.12931,0,0,0
2059,2,19,19,97392.67921,50366.09859,36492.66448,53045.21419,8234.111082,0,0,0
2059,2,19,20,95100.47343,52504.19414,40049.70176,53239.20023,8223.978702,0,0,0
2059,2,19,21,95351.90353,52537.20608,40306.85175,53805.06096,7857.578776,0,0,0
2059,2,19,22,97252.29672,52447.07693,39349.75043,53072.83309,7349.48896,0,0,0
2059,2,19,23,96404.93561,51282.0984,37362.74173,51577.81681,6944.275483,0,0,0
2059,2,19,24,95192.15512,50020.04513,35463.24738,50603.96437,6688.59632,0,0,0
2059,2,20,1,93397.57993,48972.81466,34188.77378,48913.49121,6479.493419,0,0,0
2059,2,20,2,90944.80862,48164.83909,32393.6266,48102.41055,6258.869021,0,0,0
2059,2,20,3,88937.86202,47171.62073,31357.42734,46958.59562,6064.147562,0,0,0
2059,2,20,4,87850.51059,45610.41713,30533.68121,46284.87408,6047.96844,0,0,0
2059,2,20,5,84348.87455,44866.17749,30134.26934,45949.36157,6199.137008,0,0,0
2059,2,20,6,83952.32262,45493.40448,31216.79972,47144.57382,6311.083462,0,0,0
2059,2,20,7,85268.55143,47477.79837,33626.83527,47975.42896,6466.827944,0,0,0
2059,2,20,8,87228.34979,46400.49761,31520.11741,45544.96522,7145.452249,0,0,0
2059,2,20,9,90936.55563,46995.0395,32105.99775,47178.32118,7569.868219,0,0,0
2059,2,20,10,97396.19286,50087.21301,34093.90529,50068.33736,7788.940075,0,0,0
2059,2,20,11,102467.8575,50238.70842,34454.17676,51358.4181,7774.068356,0,0,0
2059,2,20,12,105300.3479,50526.33727,35029.59787,51878.11112,7652.970076,0,0,0
2059,2,20,13,104219.6969,50002.06833,35052.80429,51490.62931,7821.952022,0,0,0
2059,2,20,14,100773.789,47494.46777,33923.86107,49438.57728,7839.520261,0,0,0
2059,2,20,15,104657.6772,50682.08175,35706.99648,52070.13606,7749.554534,0,0,0
2059,2,20,16,104429.1267,50075.11952,35146.12024,51644.00412,7521.330852,0,0,0
2059,2,20,17,104738.9814,49811.59593,34580.8315,50559.75778,7299.562476,0,0,0
2059,2,20,18,100748.3763,49395.7598,34041.20057,49920.76415,8128.701647,0,0,0
2059,2,20,19,97927.08053,50637.22146,36687.7945,53332.92474,8278.317674,0,0,0
2059,2,20,20,95625.06922,52778.42209,40276.20947,53534.34665,8267.858443,0,0,0
2059,2,20,21,95874.86507,52816.50023,40535.56571,54103.80273,7899.088848,0,0,0
2059,2,20,22,97785.55406,52724.81853,39570.04797,53363.48531,7390.100192,0,0,0
2059,2,20,23,96930.59366,51556.24464,37566.77844,51859.23548,6983.579311,0,0,0
2059,2,20,24,95710.05047,50287.00065,35653.63806,50875.82266,6726.592744,0,0,0
2059,2,21,1,93905.83317,49240.17874,34375.07882,49179.95645,6462.82402,0,0,0
2059,2,21,2,90719.5266,48046.68247,32311.42358,47981.31227,6242.608186,0,0,0
2059,2,21,3,88715.1948,47053.3824,31276.28659,46839.7853,6048.295291,0,0,0
2059,2,21,4,87629.55934,45494.22161,30454.33814,46166.39061,6032.116168,0,0,0
2059,2,21,5,84132.90777,44750.63568,30055.49826,45831.69523,6182.957886,0,0,0
2059,2,21,6,83736.029,45376.06499,31136.23095,47024.94637,6294.740914,0,0,0
2059,2,21,7,85049.31615,47357.59893,33543.73341,47856.61863,6450.158545,0,0,0
2059,2,21,8,87005.43743,46281.19701,31438.81323,45427.78915,7127.148595,0,0,0
2059,2,21,9,90706.77941,46875.90233,32023.95816,47058.04003,7550.910864,0,0,0
2059,2,21,10,97153.17917,49965.78787,34009.08746,49945.11455,7769.819294,0,0,0
2059,2,21,11,102214.0577,50118.01871,34369.52236,51234.45987,7755.029288,0,0,0
2059,2,21,12,105039.4391,50405.72927,34943.39093,51752.02837,7633.767582,0,0,0
2059,2,21,13,103962.7103,49880.80662,34967.5779,51366.42595,7802.994666,0,0,0
2059,2,21,14,100520.3978,47375.16717,33839.3701,49315.02761,7820.889756,0,0,0
2059,2,21,15,104401.8346,50560.00292,35620.62612,51944.05331,7731.169168,0,0,0
2059,2,21,16,104171.5681,49954.59323,35060.24015,51518.65678,7502.78206,0,0,0
2059,2,21,17,104479.7886,49689.35368,34495.27826,50434.65558,7281.013684,0,0,0
2059,2,21,18,100499.9696,49273.92611,33956.38275,49798.03162,8109.254015,0,0,0
2059,2,21,19,97683.57656,50513.75351,36598.40076,53201.28552,8258.379765,0,0,0
2059,2,21,20,95385.81432,52653.81016,40172.59772,53400.09262,8247.430258,0,0,0
2059,2,21,21,95636.42729,52689.27349,40430.72826,53967.09732,7879.968067,0,0,0
2059,2,21,22,97541.88667,52596.85638,39469.13274,53230.94725,7371.633112,0,0,0
2059,2,21,23,96690.52163,51430.8973,37473.29907,51730.70134,6965.602508,0,0,0
2059,2,21,24,95474.39093,50165.65724,35566.53228,50751.94614,6709.433069,0,0,0
2059,2,22,1,93674.01413,49118.34505,34289.85244,49058.61304,6425.317872,0,0,0
2059,2,22,2,86973.1609,45954.34605,31631.57358,47509.25778,6263.771786,0,0,0
2059,2,22,3,84781.46179,45562.28832,30672.83801,46529.68545,6086.536853,0,0,0
2059,2,22,4,81637.64584,44483.35331,29788.9513,45482.78183,6019.205555,0,0,0
2059,2,22,5,80114.52037,43927.54325,29452.62166,44709.20732,6164.735945,0,0,0
2059,2,22,6,79265.27986,44071.11253,30343.53567,45882.60226,6256.74449,0,0,0
2059,2,22,7,81326.72886,46399.76219,32485.88028,46555.0164,6327.997999,0,0,0
2059,2,22,8,80542.44999,44411.36438,30478.19826,44855.79997,6949.995375,0,0,0
2059,2,22,9,82581.26456,44382.02951,30526.49049,44143.10146,7408.322133,0,0,0
2059,2,22,10,87033.30148,46897.88306,32274.89798,47632.15374,7706.573633,0,0,0
2059,2,22,11,91345.93646,47416.4321,32954.66627,48463.00888,7740.974697,0,0,0
2059,2,22,12,92839.48192,47413.73558,33399.10186,49700.79346,7596.915136,0,0,0
2059,2,22,13,93462.05128,46406.8712,33363.4751,48959.00521,7684.429481,0,0,0
2059,2,22,14,89541.80088,44974.28345,32297.53241,47124.63591,7678.301025,0,0,0
2059,2,22,15,90069.42004,46770.98317,33048.14564,48726.04218,7594.62718,0,0,0
2059,2,22,16,90670.33553,46076.5066,32258.71886,47459.00444,7381.438641,0,0,0
2059,2,22,17,88861.86917,45294.51568,31631.32845,45793.12681,7234.845986,0,0,0
2059,2,22,18,86797.23337,44874.02192,31397.63001,45833.24777,8054.996756,0,0,0
2059,2,22,19,85404.76657,46377.45462,34733.55261,50476.73764,8058.183553,0,0,0
2059,2,22,20,89788.73678,49369.12145,37479.50924,50616.46642,7961.353956,0,0,0
2059,2,22,21,89653.50219,49231.27206,37247.28163,50946.0139,7821.134894,0,0,0
2059,2,22,22,88001.10717,49170.6412,36629.69674,50304.73232,7398.516604,0,0,0
2059,2,22,23,88190.68072,47430.15984,35154.45494,48296.72345,6989.952905,0,0,0
2059,2,22,24,86638.46552,45990.87164,33339.61498,47660.7532,6802.258741,0,0,0
2059,2,23,1,86737.82821,45760.68686,32533.11024,46951.32319,6442.967824,0,0,0
2059,2,23,2,82979.94102,43656.09353,30695.63586,45174.15281,6188.43264,0,0,0
2059,2,23,3,80767.32345,42487.02936,29627.73206,43924.84673,5967.808242,0,0,0
2059,2,23,4,79213.47399,40913.48713,28864.12651,42693.76259,5889.200586,0,0,0
2059,2,23,5,77211.67528,40200.7069,28351.70592,42478.12267,5969.033933,0,0,0
2059,2,23,6,75555.52147,41474.28166,29292.62812,43355.88092,5963.88603,0,0,0
2059,2,23,7,77317.16643,42028.86603,30824.33343,43337.1687,6182.631035,0,0,0
2059,2,23,8,75237.5772,40633.04901,28459.40331,40408.74753,6676.993111,0,0,0
2059,2,23,9,72990.47686,39734.45401,27978.36041,40368.46315,7196.931275,0,0,0
2059,2,23,10,75513.84798,39796.06541,28628.14012,40965.45643,7317.702704,0,0,0
2059,2,23,11,79328.93409,39975.75173,28865.76077,40778.49768,7380.539801,0,0,0
2059,2,23,12,81225.73192,40225.46586,29132.06258,41000.02092,7270.799592,0,0,0
2059,2,23,13,79432.46413,40479.18392,29111.06241,41317.47491,7372.695378,0,0,0
2059,2,23,14,80846.42138,38961.5332,28816.32456,41094.88941,7436.594741,0,0,0
2059,2,23,15,80601.11973,39548.14896,29197.92305,42142.28331,7325.301989,0,0,0
2059,2,23,16,80525.37202,40048.23093,28720.55723,40879.24949,7191.293096,0,0,0
2059,2,23,17,80547.18933,38542.59198,28666.05483,40584.83849,7080.735759,0,0,0
2059,2,23,18,79452.8106,39339.69976,29128.71236,41501.98228,7927.361456,0,0,0
2059,2,23,19,80394.05965,41861.35491,32695.39174,47039.49123,8076.242068,0,0,0
2059,2,23,20,84854.34956,45342.56277,36276.69771,48272.78162,7960.209978,0,0,0
2059,2,23,21,84360.1509,45114.74765,35993.72649,48041.37114,7755.68299,0,0,0
2059,2,23,22,84253.35235,44817.72184,35193.51363,47764.85523,7350.3878,0,0,0
2059,2,23,23,84607.74051,43672.51779,33938.97793,46334.392,6893.205021,0,0,0
2059,2,23,24,83322.88938,43007.29437,31834.87488,45155.68573,6298.417987,0,0,0
2059,2,24,1,78524.14531,39601.42566,29379.48876,42359.55749,6450.975673,0,0,0
2059,2,24,2,90558.87935,47962.43663,32253.24411,47895.43218,6231.08669,0,0,0
2059,2,24,3,88556.42695,46969.29999,31218.67911,46755.04919,6037.018933,0,0,0
2059,2,24,4,87472.09889,45411.61003,30397.95635,46082.55334,6020.921523,0,0,0
2059,2,24,5,83979.36954,44668.51438,29999.77017,45747.85796,6171.518102,0,0,0
2059,2,24,6,83582.89932,45292.79971,31078.7869,46940.53711,6283.137705,0,0,0
2059,2,24,7,84893.81681,47271.88227,33484.08311,47771.88252,6438.391911,0,0,0
2059,2,24,8,86847.24157,46196.54261,31381.12404,45344.52387,7114.156269,0,0,0
2059,2,24,9,90543.59907,46790.83937,31965.53355,46973.05878,7537.509974,0,0,0
2059,2,24,10,96981.5007,49879.41751,33948.78346,49857.68192,7756.173266,0,0,0
2059,2,24,11,102036.0056,50031.56663,34309.13664,51145.31127,7741.791824,0,0,0
2059,2,24,12,104853.7061,50320.99315,34881.77952,51662.96148,7620.203267,0,0,0
2059,2,24,13,103780.4092,49794.19112,34906.86533,51277.35906,7789.593777,0,0,0
2059,2,24,14,100340.0577,47290.02249,33780.12837,49227.75841,7807.407154,0,0,0
2059,2,24,15,104218.0627,50473.14228,35559.17814,51854.57786,7717.441428,0,0,0
2059,2,24,16,103987.8779,49868.63143,34999.93615,51430.16188,7489.462883,0,0,0
2059,2,24,17,104297.5692,49603.06502,34434.40227,50345.99725,7267.857933,0,0,0
2059,2,24,18,100323.9603,49188.37287,33895.99703,49710.6807,8095.607988,0,0,0
2059,2,24,19,97510.0187,50425.8306,36535.64538,53108.29642,8243.834898,0,0,0
2059,2,24,20,95215.44325,52565.15184,40099.05625,53304.32529,8233.293954,0,0,0
2059,2,24,21,95467.44534,52598.16379,40356.61481,53870.67629,7866.64889,0,0,0
2059,2,24,22,97369.22765,52507.46265,39397.7158,53136.32389,7358.477361,0,0,0
2059,2,24,23,96519.49687,51342.15726,37406.94832,51639.3465,6952.855321,0,0,0
2059,2,24,24,95305.98097,50079.53201,35505.00259,50663.85981,6697.094445,0,0,0
2059,2,25,1,93510.01666,49032.0564,34229.38501,48972.4061,6445.419206,0,0,0
2059,2,25,2,90483.5402,47922.88767,32225.87034,47855.1478,6225.693649,0,0,0
2059,2,25,3,88481.82322,46929.66931,31191.79562,46715.25508,6031.707604,0,0,0
2059,2,25,4,87398.80256,45372.63305,30371.56314,46043.00437,6015.610195,0,0,0
2059,2,25,5,83907.2989,44629.94596,29973.54038,45708.3907,6166.125062,0,0,0
2059,2,25,6,83510.9104,45253.90444,31051.90341,46900.49786,6277.581239,0,0,0
2059,2,25,7,84820.92904,47231.92474,33456.21906,47732.17013,6432.917157,0,0,0
2059,2,25,8,86772.88297,46156.66679,31354.15883,45305.38347,7108.109526,0,0,0
2059,2,25,9,90467.11594,46751.12698,31938.2415,46933.10125,7531.054668,0,0,0
2059,2,25,10,96901.01365,49838.64285,33920.91942,49816.17185,7749.881385,0,0,0
2059,2,25,11,101951.1061,49990.71026,34281.02746,51103.96463,7735.499943,0,0,0
2059,2,25,12,104767.9894,50281.03562,34853.58863,51620.96113,7614.074812,0,0,0
2059,2,25,13,103695.1011,49754.15188,34878.18416,51235.60385,7783.13847,0,0,0
2059,2,25,14,100255.8936,47250.06497,33751.93747,49186.73861,7801.115273,0,0,0
2059,2,25,15,104131.6923,50433.18475,35530.57868,51812.98607,7711.312972,0,0,0
2059,2,25,16,103901.6709,49827.85677,34971.25497,51388.81524,7483.497853,0,0,0
2059,2,25,17,104212.2611,49562.12694,34406.3748,50304.48718,7261.729477,0,0,0
2059,2,25,18,100241.7573,49148.08849,33867.80614,49669.49748,8089.070968,0,0,0
2059,2,25,19,97429.53165,50384.64738,36505.90194,53064.82525,8237.134453,0,0,0
2059,2,25,20,95136.26361,52522.98807,40064.90032,53259.38328,8226.92036,0,0,0
2059,2,25,21,95388.02056,52556.32687,40322.13203,53825.65257,7860.35701,0,0,0
2059,2,25,22,97288.65889,52465.62572,39364.21358,53092.60758,7352.267193,0,0,0
2059,2,25,23,96440.72579,51300.81062,37376.46947,51596.93759,6946.972004,0,0,0
2059,2,25,24,95227.61845,50038.59393,35476.23971,50622.59488,6691.211128,0,0,0
2059,2,26,1,93432.55298,48991.36345,34201.52096,48931.87658,6443.948377,0,0,0
2059,2,26,2,90463.84743,47912.59186,32218.59791,47844.36172,6224.22282,0,0,0
2059,2,26,3,88462.37558,46919.21008,31184.6049,46704.71414,6030.318488,0,0,0
2059,2,26,4,87379.35493,45362.25554,30364.61755,46032.46343,6014.221078,0,0,0
2059,2,26,5,83888.25983,44619.81358,29966.5948,45698.0949,6164.654232,0,0,0
2059,2,26,6,83491.70791,45243.60864,31044.63097,46890.12035,6276.192122,0,0,0
2059,2,26,7,84801.72655,47221.46551,33449.02834,47721.7109,6431.446328,0,0,0
2059,2,26,8,86753.51705,46146.20756,31347.04982,45295.00595,7106.556984,0,0,0
2059,2,26,9,90446.9329,46740.74946,31931.05078,46922.47859,7529.420413,0,0,0
2059,2,26,10,96879.93177,49828.02019,33913.64698,49805.38577,7748.24713,0,0,0
2059,2,26,11,101929.6157,49980.25103,34273.75503,51093.09683,7733.947401,0,0,0
2059,2,26,12,104745.6818,50270.65811,34846.15277,51610.09334,7612.440557,0,0,0
2059,2,26,13,103672.957,49743.77436,34870.7483,51224.73606,7781.422503,0,0,0
2059,2,26,14,100234.0763,47239.52402,33744.50161,49176.11596,7799.481018,0,0,0
2059,2,26,15,104109.7933,50422.48038,35522.97939,51802.36341,7709.678717,0,0,0
2059,2,26,16,103879.3633,49817.31583,34963.7374,51377.94744,7481.863599,0,0,0
2059,2,26,17,104189.79,49551.74942,34399.02066,50293.7011,7260.095223,0,0,0
2059,2,26,18,100220.0217,49137.46583,33860.5337,49659.03825,8087.355001,0,0,0
2059,2,26,19,97408.0412,50373.8613,36498.22094,53053.38546,8235.418485,0,0,0
2059,2,26,20,95115.83542,52512.20199,40056.07535,53247.61664,8225.204393,0,0,0
2059,2,26,21,95367.02039,52545.29565,40313.47048,53813.88593,7858.722755,0,0,0
2059,2,26,22,97267.65872,52455.08478,39355.79717,53081.08608,7350.632938,0,0,0
2059,2,26,23,96419.88904,51290.18796,37368.54334,51586.06979,6945.337749,0,0,0
2059,2,26,24,95206.86342,50027.97127,35468.64042,50611.89051,6689.740298,0,0,0
2059,2,27,1,93412.20651,48980.57737,34194.08511,48921.25392,6480.555684,0,0,0
2059,2,27,2,90958.69979,48172.19323,32398.93792,48110.00984,6259.849574,0,0,0
2059,2,27,3,88951.83489,47179.13831,31362.49353,46965.94977,6065.209828,0,0,0
2059,2,27,4,87864.40175,45617.77127,30538.82911,46292.39165,6048.948993,0,0,0
2059,2,27,5,84362.60229,44873.53164,30139.25382,45956.87914,6200.199274,0,0,0
2059,2,27,6,83966.05036,45500.75863,31221.94762,47152.09139,6312.145728,0,0,0
2059,2,27,7,85282.60602,47485.39766,33632.31002,47983.10995,6467.89021,0,0,0
2059,2,27,8,87242.15924,46408.09689,31525.1836,45552.31937,7146.514514,0,0,0
2059,2,27,9,90951.18221,47002.23023,32111.22737,47185.92046,7571.09391,0,0,0
2059,2,27,10,97411.55485,50094.56715,34099.38004,50076.2635,7790.084053,0,0,0
2059,2,27,11,102483.7915,50246.226,34459.65151,51366.34423,7775.212335,0,0,0
2059,2,27,12,105317.099,50533.69142,35035.15434,51886.36411,7654.195767,0,0,0
2059,2,27,13,104236.1212,50009.66762,35058.36075,51498.14688,7823.014287,0,0,0
2059,2,27,14,100789.8864,47501.98534,33928.92726,49446.33999,7840.664239,0,0,0
2059,2,27,15,104673.7746,50689.84446,35712.55295,52077.98049,7750.780225,0,0,0
2059,2,27,16,104445.3058,50082.63709,35151.34985,51651.93026,7522.556543,0,0,0
2059,2,27,17,104755.2422,49819.44036,34586.06112,50567.76563,7300.706454,0,0,0
2059,2,27,18,100763.82,49403.27737,34046.59361,49928.36344,8129.927338,0,0,0
2059,2,27,19,97942.44252,50644.98417,36693.43268,53341.17773,8279.543365,0,0,0
2059,2,27,20,95640.18608,52786.42994,40282.66478,53542.84477,8269.084134,0,0,0
2059,2,27,21,95890.14535,52824.50808,40542.02101,54112.70942,7900.232827,0,0,0
2059,2,27,22,97801.07948,52732.58125,39576.33985,53371.98343,7391.325883,0,0,0
2059,2,27,23,96945.62881,51564.3342,37572.49833,51867.65189,6984.723289,0,0,0
2059,2,27,24,95725.08561,50294.76336,35659.19453,50883.50366,6727.65501,0,0,0
2059,2,28,1,93920.62318,49248.18659,34380.55358,49187.63745,6463.886286,0,0,0
2059,2,28,2,90733.90804,48054.03661,32316.73491,47988.99327,6243.670452,0,0,0
2059,2,28,3,88729.41282,47060.81826,31281.35278,46847.22116,6049.275844,0,0,0
2059,2,28,4,87643.53222,45501.49405,30459.40433,46173.98989,6033.096721,0,0,0
2059,2,28,5,84146.47209,44757.98983,30060.64616,45839.13109,6184.020152,0,0,0
2059,2,28,6,83749.92016,45383.33742,31141.21543,47032.54565,6295.80318,0,0,0
2059,2,28,7,85063.28903,47365.36164,33548.88131,47864.13621,6451.220811,0,0,0
2059,2,28,8,87019.3286,46288.79629,31443.87942,45435.22501,7128.292573,0,0,0
2059,2,28,9,90721.24256,46883.4199,32029.10606,47065.72102,7552.136555,0,0,0
2059,2,28,10,97168.62288,49973.6323,34014.39879,49952.63212,7770.963272,0,0,0
2059,2,28,11,102229.9917,50125.37285,34374.75197,51242.22258,7756.173266,0,0,0
2059,2,28,12,105056.0268,50413.16512,34948.86568,51760.19964,7634.993273,0,0,0
2059,2,28,13,103978.5626,49888.56933,34972.97094,51374.10695,7804.138644,0,0,0
2059,2,28,14,100536.4952,47382.68474,33844.68143,49322.87204,7822.033735,0,0,0
2059,2,28,15,104418.0137,50567.76563,35625.93745,51952.06115,7732.394859,0,0,0
2059,2,28,16,104187.5021,49962.19251,35065.7149,51526.41949,7503.844326,0,0,0
2059,2,28,17,104495.886,49697.11639,34500.67131,50442.5,7282.157662,0,0,0
2059,2,28,18,100515.8218,49281.77053,33961.69407,49805.95775,8110.397993,0,0,0
2059,2,28,19,97698.93856,50521.27108,36603.87552,53209.29337,8259.605456,0,0,0
2059,2,28,20,95400.84946,52661.7363,40179.05302,53408.42732,8248.574237,0,0,0
2059,2,28,21,95651.29901,52697.36305,40437.10185,53975.59544,7881.275471,0,0,0
2059,2,28,22,97557.24867,52604.78252,39475.42462,53239.28194,7372.777091,0,0,0
2059,2,28,23,96705.47507,51438.66001,37479.2641,51738.70919,6966.746487,0,0,0
2059,2,28,24,95489.26265,50173.41995,35571.84361,50759.95399,6710.495334,0,0,0
2059,3,1,1,93688.47729,49125.78091,34295.32719,49066.37575,6426.380138,0,0,0
2059,3,1,2,86987.46063,45961.7002,31636.88491,47516.93877,6264.834051,0,0,0
2059,3,1,3,84795.35296,45569.64247,30677.9042,46537.12131,6087.517406,0,0,0
2059,3,1,4,81651.04673,44490.70745,29793.85406,45490.13597,6020.186108,0,0,0
2059,3,1,5,80127.67612,43934.81568,29457.52443,44716.39804,6165.798211,0,0,0
2059,3,1,6,79278.51733,44078.38497,30348.52014,45890.20155,6257.806756,0,0,0
2059,3,1,7,81340.12975,46407.27977,32491.10989,46562.45226,6329.060265,0,0,0
2059,3,1,8,80555.68745,44418.63682,30483.26445,44863.15412,6951.139353,0,0,0
2059,3,1,9,82594.82887,44389.22023,30531.55668,44150.37389,7409.466111,0,0,0
2059,3,1,10,87047.51949,46905.40063,32279.96417,47639.83473,7707.717611,0,0,0
2059,3,1,11,91360.3179,47423.78625,32959.81417,48470.68987,7742.200388,0,0,0
2059,3,1,12,92854.1085,47421.17144,33404.41319,49708.39274,7598.059115,0,0,0
2059,3,1,13,93477.00471,46414.30706,33368.86815,48966.6862,7685.655172,0,0,0
2059,3,1,14,89556.10061,44981.63759,32302.84374,47132.23519,7679.526716,0,0,0
2059,3,1,15,90084.04662,46778.25561,33053.29354,48733.72318,7595.852871,0,0,0
2059,3,1,16,90684.88039,46083.94245,32263.78505,47466.76715,7382.58262,0,0,0
2059,3,1,17,88876.33232,45301.7064,31636.39464,45800.64439,7235.989964,0,0,0
2059,3,1,18,86811.45139,44881.29435,31402.6962,45840.76534,8056.140734,0,0,0
2059,3,1,19,85418.73945,46385.13561,34738.86394,50484.74548,8059.409244,0,0,0
2059,3,1,20,89803.28164,49376.80245,37485.47427,50624.47427,7962.416222,0,0,0
2059,3,1,21,89667.72021,49239.11648,37252.91981,50954.02175,7822.278873,0,0,0
2059,3,1,22,88015.48861,49178.15877,36635.58006,50312.57674,7399.660582,0,0,0
2059,3,1,23,88204.89874,47437.84084,35159.84798,48304.56787,6991.01517,0,0,0
2059,3,1,24,86652.4384,45998.3075,33344.8446,47668.35248,6803.40272,0,0,0
2059,3,2,1,86751.71937,45768.20443,32538.42157,46958.84076,6437.247932,0,0,0
2059,3,2,2,82905.25557,43616.54456,30668.09867,45133.78672,6182.876173,0,0,0
2059,3,2,3,80694.59911,42448.46095,29600.76686,43885.05263,5962.333488,0,0,0
2059,3,2,4,79141.7302,40876.14441,28837.89672,42654.94904,5883.807545,0,0,0
2059,3,2,5,77141.40233,40164.01788,28325.96641,42439.47254,5963.559179,0,0,0
2059,3,2,6,75486.47421,41436.61209,29266.07148,43316.57709,5958.411277,0,0,0
2059,3,2,7,77246.73005,41990.54275,30796.71452,43298.27344,6177.074569,0,0,0
2059,3,2,8,75169.10193,40596.11485,28433.50037,40371.9768,6671.028081,0,0,0
2059,3,2,9,72923.79926,39698.33697,27952.94775,40331.77413,7190.639394,0,0,0
2059,3,2,10,75445.12756,39759.70324,28601.99204,40928.19542,7311.165685,0,0,0
2059,3,2,11,79257.02688,39939.38956,28839.53098,40741.31839,7374.084495,0,0,0
2059,3,2,12,81152.76244,40188.85855,29105.66937,40962.59648,7264.425998,0,0,0
2059,3,2,13,79360.80206,40442.16804,29084.58748,41279.88705,7366.240072,0,0,0
2059,3,2,14,80773.77875,38925.90644,28790.17648,41057.38326,7430.221147,0,0,0
2059,3,2,15,80528.64053,39512.03193,29171.44813,42103.7149,7318.76497,0,0,0
2059,3,2,16,80452.97454,40011.78704,28694.49086,40841.82506,7184.919502,0,0,0
2059,3,2,17,80474.71012,38507.37379,28639.90675,40547.82262,7074.362165,0,0,0
2059,3,2,18,79380.9851,39303.82787,29102.31915,41464.14928,7920.579299,0,0,0
2059,3,2,19,80321.49874,41823.4402,32667.03742,46998.47144,8069.623336,0,0,0
2059,3,2,20,84778.84698,45301.95153,36245.81029,48231.84353,7953.591246,0,0,0
2059,3,2,21,84285.13861,45074.29984,35963.41106,48000.26963,7749.064258,0,0,0
2059,3,2,22,84178.42177,44777.51917,35164.26047,47723.59029,7344.014206,0,0,0
2059,3,2,23,84532.56479,43633.05054,33909.72477,46293.45392,6887.076565,0,0,0
2059,3,2,24,83248.69422,42968.39911,31806.7657,45115.31964,6292.779808,0,0,0
2059,3,3,1,78452.8918,39565.30863,29352.93212,42321.07078,6445.174068,0,0,0
2059,3,3,2,90480.68026,47921.49855,32224.80807,47853.59526,6225.448511,0,0,0
2059,3,3,3,88478.88156,46928.11677,31190.73335,46713.70254,6031.544179,0,0,0
2059,3,3,4,87395.8609,45371.24394,30370.50087,46041.53354,6015.446769,0,0,0
2059,3,3,5,83904.60238,44628.55685,29972.47811,45706.83816,6165.879923,0,0,0
2059,3,3,6,83508.13217,45252.3519,31050.84114,46899.19046,6277.417813,0,0,0
2059,3,3,7,84818.0691,47230.45391,33455.32022,47730.78101,6432.672019,0,0,0
2059,3,3,8,86770.18645,46155.27768,31353.09657,45303.91264,7107.864388,0,0,0
2059,3,3,9,90464.01086,46749.65615,31937.17923,46931.54871,7530.891242,0,0,0
2059,3,3,10,96897.82686,49837.17202,33919.85715,49814.70102,7749.636247,0,0,0
2059,3,3,11,101948.0827,49989.23943,34280.04691,51102.41209,7735.254805,0,0,0
2059,3,3,12,104764.6392,50279.64651,34852.52636,51619.32688,7613.829673,0,0,0
2059,3,3,13,103692.0777,49752.68105,34877.28532,51234.13302,7782.893332,0,0,0
2059,3,3,14,100252.952,47248.43071,33750.8752,49185.26778,7800.870135,0,0,0
2059,3,3,15,104128.5872,50431.6322,35529.51641,51811.43353,7711.067834,0,0,0
2059,3,3,16,103898.4024,49826.54937,34970.111,51387.34441,7483.252715,0,0,0
2059,3,3,17,104209.0743,49560.73782,34405.31254,50303.01635,7261.484339,0,0,0
2059,3,3,18,100238.7339,49146.69937,33866.82558,49668.10836,8088.82583,0,0,0
2059,3,3,19,97426.59,50383.01312,36504.83968,53063.35442,8236.889315,0,0,0
2059,3,3,20,95133.56709,52521.43553,40063.67463,53257.83074,8226.675222,0,0,0
2059,3,3,21,95385.0789,52554.93775,40320.98805,53824.01831,7860.193584,0,0,0
2059,3,3,22,97285.63552,52463.99147,39363.0696,53090.97332,7352.022055,0,0,0
2059,3,3,23,96437.86584,51299.4215,37375.40721,51595.38504,6946.726865,0,0,0
2059,3,3,24,95224.59508,50037.1231,35475.17744,50621.12405,6691.047702,0,0,0
2059,3,4,1,93429.52961,48989.81091,34200.29527,48930.24232,6439.699315,0,0,0
2059,3,4,2,90405.9131,47882.43986,32197.27088,47813.71944,6220.05547,0,0,0
2059,3,4,3,88405.58523,46889.05808,31163.84986,46673.90844,6026.232851,0,0,0
2059,3,4,4,87322.31944,45332.34867,30344.10765,46002.148,6010.135441,0,0,0
2059,3,4,5,83832.94031,44590.15186,29946.41175,45667.77947,6160.568595,0,0,0
2059,3,4,6,83436.47009,45213.45664,31024.03936,46859.72321,6271.94306,0,0,0
2059,3,4,7,84745.67161,47190.49638,33427.45618,47691.39547,6427.115553,0,0,0
2059,3,4,8,86696.073,46115.647,31326.13136,45264.85395,7101.899358,0,0,0
2059,3,4,9,90388.01801,46709.94375,31909.80546,46891.7546,7524.681074,0,0,0
2059,3,4,10,96818.48379,49796.39736,33892.15653,49773.84465,7743.507792,0,0,0
2059,3,4,11,101865.4712,49949.36361,34251.7743,51061.71914,7729.208062,0,0,0
2059,3,4,12,104679.6579,50240.01583,34824.17204,51578.96078,7607.537792,0,0,0
2059,3,4,13,103607.6685,49712.64181,34848.76758,51192.62295,7776.519738,0,0,0
2059,3,4,14,100169.7684,47208.71832,33722.92945,49144.90169,7794.578254,0,0,0
2059,3,4,15,104044.2597,50392.00152,35500.5901,51770.33202,7704.939378,0,0,0
2059,3,4,16,103813.9932,49785.85642,34941.75667,51345.99776,7477.12426,0,0,0
2059,3,4,17,104124.8284,49520.78029,34377.53021,50262.24169,7255.437596,0,0,0
2059,3,4,18,100156.6943,49106.41499,33838.96154,49627.57884,8082.452236,0,0,0
2059,3,4,19,97346.10295,50342.4836,36476.07679,53020.61865,8230.434008,0,0,0
2059,3,4,20,95054.79601,52480.08888,40030.33584,53213.54243,8220.219916,0,0,0
2059,3,4,21,95306.55296,52513.26425,40286.99555,53779.32144,7853.901703,0,0,0
2059,3,4,22,97206.37416,52422.72654,39330.46622,53047.50214,7345.893599,0,0,0
2059,3,4,23,96358.84962,51258.07485,37344.76493,51552.97613,6940.925261,0,0,0
2059,3,4,24,95146.72284,49996.59358,35446.33284,50580.34939,6685.246098,0,0,0
2059,3,5,1,93353.61848,48949.3631,34172.51294,48890.12137,6438.228485,0,0,0
2059,3,5,2,90386.0569,47871.73549,32189.99845,47802.76994,6218.666353,0,0,0
2059,3,5,3,88385.56561,46878.43542,31156.57743,46663.36749,6024.843734,0,0,0
2059,3,5,4,87302.62667,45322.13458,30337.16207,45991.52535,6008.746325,0,0,0
2059,3,5,5,83813.73781,44579.85605,29939.22103,45657.32024,6159.097766,0,0,0
2059,3,5,6,83417.2676,45203.07912,31016.84864,46849.01884,6270.47223,0,0,0
2059,3,5,7,84726.14227,47179.7103,33420.26546,47680.85453,6425.644723,0,0,0
2059,3,5,8,86676.38023,46105.10605,31318.94064,45254.55815,7100.346816,0,0,0
2059,3,5,9,90367.58983,46699.3211,31902.61474,46880.96852,7523.046819,0,0,0
2059,3,5,10,96797.15676,49785.61128,33884.72067,49763.05857,7741.873537,0,0,0
2059,3,5,11,101843.6539,49938.82267,34244.25673,51050.68792,7727.573807,0,0,0
2059,3,5,12,104656.6149,50229.5566,34816.65447,51567.84785,7605.821825,0,0,0
2059,3,5,13,103584.8706,49702.18258,34841.00487,51181.4283,7774.885484,0,0,0
2059,3,5,14,100147.134,47198.17738,33715.5753,49133.87047,7792.862286,0,0,0
2059,3,5,15,104021.5435,50381.21544,35492.74568,51759.54594,7703.141698,0,0,0
2059,3,5,16,103791.1953,49774.8252,34934.2391,51334.63969,7475.490005,0,0,0
2059,3,5,17,104101.8671,49509.99421,34370.01263,50251.45561,7253.803342,0,0,0
2059,3,5,18,100134.877,49095.79233,33831.44397,49616.71105,8080.899694,0,0,0
2059,3,5,19,97324.69421,50331.69752,36468.06894,53009.17887,8228.881466,0,0,0
2059,3,5,20,95033.79583,52468.89423,40021.18401,53201.61237,8218.422236,0,0,0
2059,3,5,21,95285.30765,52501.90618,40278.00715,53767.39138,7852.104023,0,0,0
2059,3,5,22,97185.21056,52411.77703,39321.55953,53035.6538,7344.341057,0,0,0
2059,3,5,23,96337.44089,51247.12535,37336.51194,51541.29121,6939.291006,0,0,0
2059,3,5,24,95125.80438,49985.97092,35438.89698,50569.64502,6683.775268,0,0,0
2059,3,6,1,93332.78173,48938.98558,34164.83194,48879.25357,6474.75408,0,0,0
2059,3,6,2,90880.66412,48131.17344,32370.25675,48067.68264,6254.211395,0,0,0
2059,3,6,3,88874.94321,47137.87337,31334.22092,46924.60312,6059.653362,0,0,0
2059,3,6,4,87787.7552,45577.48689,30511.21021,46251.12672,6043.474239,0,0,0
2059,3,6,5,84287.42657,44833.16555,30111.96176,45916.02277,6194.561095,0,0,0
2059,3,6,6,83890.95635,45459.82055,31193.83844,47110.74474,6306.507549,0,0,0
2059,3,6,7,85206.53146,47443.64245,33603.22028,47941.76331,6462.088605,0,0,0
2059,3,6,8,87164.61385,46366.50511,31497.07441,45511.78985,7140.222633,0,0,0
2059,3,6,9,90871.43058,46961.37386,32082.62791,47144.16525,7564.556891,0,0,0
2059,3,6,10,97327.39073,50052.5668,34069.80003,50033.2826,7783.383609,0,0,0
2059,3,6,11,102395.2149,50204.47079,34430.23492,51323.19991,7768.675315,0,0,0
2059,3,6,12,105227.2967,50491.77278,35005.4109,51842.48437,7647.577035,0,0,0
2059,3,6,13,104146.1554,49967.66727,35028.78074,51454.75742,7816.558981,0,0,0
2059,3,6,14,100702.1269,47460.39356,33899.83753,49403.93107,7834.208933,0,0,0
2059,3,6,15,104585.0346,50647.19041,35682.64609,52034.50931,7744.324919,0,0,0
2059,3,6,16,104355.912,50041.04531,35121.60642,51608.45908,7516.019524,0,0,0
2059,3,6,17,104665.3582,49776.78631,34556.31768,50524.53959,7294.251148,0,0,0
2059,3,6,18,100678.5936,49360.86846,34017.09531,49886.03624,8123.390319,0,0,0
2059,3,6,19,97857.70641,50601.75813,36662.46355,53295.4186,8272.597782,0,0,0
2059,3,6,20,95557.16593,52743.53075,40246.79288,53496.10509,8262.056839,0,0,0
2059,3,6,21,95807.28863,52780.95519,40505.82227,54065.15261,7893.77752,0,0,0
2059,3,6,22,97716.17995,52688.37465,39541.53023,53325.40717,7384.788864,0,0,0
2059,3,6,23,96862.52695,51520.61789,37540.38523,51823.03674,6978.431408,0,0,0
2059,3,6,24,95643.29116,50252.76302,35629.28767,50841.09474,6721.68998,0,0,0
2059,3,7,1,93839.72757,49205.85939,34351.05528,49145.55539,6458.166394,0,0,0
2059,3,7,2,90655.46381,48013.01682,32288.13545,47947.15635,6238.032273,0,0,0
2059,3,7,3,88652.11256,47019.96189,31253.2436,46805.95622,6043.80109,0,0,0
2059,3,7,4,87566.4771,45461.20966,30431.78542,46132.9701,6027.621967,0,0,0
2059,3,7,5,84071.62322,44717.70544,30033.27239,45798.193,6178.381973,0,0,0
2059,3,7,6,83674.90787,45342.64448,31113.18796,46991.19901,6290.083288,0,0,0
2059,3,7,7,84987.29618,47323.44301,33519.955,47822.87127,6445.419206,0,0,0
2059,3,7,8,86942.3552,46247.44965,31415.68852,45394.61378,7121.91898,0,0,0
2059,3,7,9,90641.49093,46841.7464,32000.5066,47024.12924,7545.599536,0,0,0
2059,3,7,10,97084.94903,49931.79537,33985.14563,49909.89636,7764.426253,0,0,0
2059,3,7,11,102143.703,50083.37251,34345.25367,51199.15997,7749.636247,0,0,0
2059,3,7,12,104965.4891,50371.9819,34918.87711,51716.81018,7628.456254,0,0,0
2059,3,7,13,103890.3946,49846.16042,34943.30922,51331.20776,7797.683338,0,0,0
2059,3,7,14,100448.4905,47341.09296,33815.75512,49280.21799,7815.496715,0,0,0
2059,3,7,15,104328.7834,50525.275,35596.35743,51908.50826,7725.85784,0,0,0
2059,3,7,16,104098.5986,49920.60073,35036.05318,51483.35688,7497.470732,0,0,0
2059,3,7,17,104407.3911,49655.27946,34471.00958,50399.35567,7275.702356,0,0,0
2059,3,7,18,100429.6149,49239.68847,33932.27749,49763.14028,8103.697549,0,0,0
2059,3,7,19,97614.93786,50478.86217,36573.23324,53164.51479,8252.414735,0,0,0
2059,3,7,20,95317.82932,52618.59197,40143.34456,53362.09619,8241.710366,0,0,0
2059,3,7,21,95568.76914,52653.31989,40401.06654,53928.44719,7874.738452,0,0,0
2059,3,7,22,97473.08454,52561.14792,39440.86013,53193.27767,7366.403497,0,0,0
2059,3,7,23,96621.80122,51395.02541,37446.82414,51694.25746,6960.536318,0,0,0
2059,3,7,24,95407.22306,50131.58302,35541.6099,50717.0548,6704.448592,0,0,0
2059,3,8,1,93609.13421,49083.69885,34266.07403,49024.29369,6420.660246,0,0,0
2059,3,8,2,86910.40552,45921.00725,31608.53059,47475.51041,6259.114159,0,0,0
2059,3,8,3,84719.76867,45529.4398,30650.04015,46496.10151,6081.960939,0,0,0
2059,3,8,4,81577.42355,44450.5865,29766.97057,45449.52474,6014.711355,0,0,0
2059,3,8,5,80055.11521,43895.26672,29430.72265,44676.52222,6160.160032,0,0,0
2059,3,8,6,79206.61012,44038.59086,30321.14637,45849.18175,6252.168577,0,0,0
2059,3,8,7,81266.75171,46365.68798,32462.51044,46522.00445,6323.340373,0,0,0
2059,3,8,8,80483.04482,44378.51586,30455.89068,44822.95145,6945.010898,0,0,0
2059,3,8,9,82520.14343,44349.67126,30504.01949,44110.57979,7403.010805,0,0,0
2059,3,8,10,86969.89239,46864.21741,32251.77328,47597.83439,7701.180592,0,0,0
2059,3,8,11,91280.07599,47382.76645,32931.133,48428.68952,7735.581656,0,0,0
2059,3,8,12,92773.21289,47379.74308,33375.40516,49666.31068,7591.522095,0,0,0
2059,3,8,13,93395.29197,46373.45069,33339.61498,48924.27729,7679.03644,0,0,0
2059,3,8,14,89476.83925,44941.43493,32274.24428,47090.5617,7672.907984,0,0,0
2059,3,8,15,90004.3767,46737.64437,33024.53066,48691.64112,7589.234139,0,0,0
2059,3,8,16,90605.21047,46043.08608,32235.34902,47424.93023,7376.209026,0,0,0
2059,3,8,17,88797.07097,45261.3403,31608.20374,45759.62459,7229.534658,0,0,0
2059,3,8,18,86733.66086,44841.33682,31374.58702,45799.74555,8049.358577,0,0,0
2059,3,8,19,85342.25632,46343.87068,34709.77421,50442.00972,8052.872225,0,0,0
2059,3,8,20,89723.93857,49334.31182,37453.27945,50580.75795,7956.042628,0,0,0
2059,3,8,21,89589.19427,49196.46243,37221.62383,50909.89687,7815.741854,0,0,0
2059,3,8,22,87937.69808,49135.58644,36604.44751,50269.84098,7393.123563,0,0,0
2059,3,8,23,88126.78136,47395.92221,35130.34968,48262.4041,6984.805002,0,0,0
2059,3,8,24,86575.38328,45957.36942,33315.75486,47626.59727,6797.355977,0,0,0
2059,3,9,1,86675.23625,45727.51148,32509.7404,46917.49411,6592.420425,0,0,0
2059,3,9,2,84907.2177,44674.64283,31408.17095,46218.11477,6333.554465,0,0,0
2059,3,9,3,82655.54144,43485.80418,30320.32925,44950.01476,6108.681005,0,0,0
2059,3,9,4,81070.23257,41879.57685,29542.34225,43697.03161,6028.357382,0,0,0
2059,3,9,5,79031.82656,41150.86264,29019.95271,43476.81578,6109.906697,0,0,0
2059,3,9,6,77341.10826,42449.93178,29981.05795,44369.44575,6104.677081,0,0,0
2059,3,9,7,79136.41887,43017.91703,31541.93471,44340.43772,6327.589435,0,0,0
2059,3,9,8,77014.58416,41590.39547,29131.73573,41362.00836,6831.021626,0,0,0
2059,3,9,9,74716.90362,40671.29057,28640.2336,41322.5411,7361.582445,0,0,0
2059,3,9,10,77295.26742,40735.51678,29303.49591,41933.34383,7482.599013,0,0,0
2059,3,9,11,81189.36975,40919.94243,29546.10104,41742.78972,7545.762961,0,0,0
2059,3,9,12,83122.28461,41175.29475,29816.24336,41970.03285,7435.941039,0,0,0
2059,3,9,13,81292.9815,41434.16071,29794.83462,42294.35072,7537.6734,0,0,0
2059,3,9,14,82732.51484,39883.57976,29493.31461,42067.10759,7602.635028,0,0,0
2059,3,9,15,82484.84353,40483.51469,29883.32951,43136.72735,7489.95316,0,0,0
2059,3,9,16,82404.11134,40994.46445,29396.4033,41846.15634,7355.780841,0,0,0
2059,3,9,17,82429.76914,39455.07815,29340.34836,41545.37175,7243.670962,0,0,0
2059,3,9,18,81311.61201,40267.38449,29812.40286,42482.61687,8099.938763,0,0,0
2059,3,9,19,82276.14919,42844.44088,33437.99712,48103.39111,8250.371917,0,0,0
2059,3,9,20,86809.40857,46397.55595,37082.30361,49355.63885,8132.787284,0,0,0
2059,3,9,21,86309.73516,46164.91978,36793.44907,49116.46566,7924.092947,0,0,0
2059,3,9,22,86201.62921,45862.25579,35969.4578,48833.82129,7515.120684,0,0,0
2059,3,9,23,86563.04466,44695.07102,34695.14763,47388.32292,7052.054587,0,0,0
2059,3,9,24,85256.94822,44014.97588,32565.38677,46203.89676,6445.419206,0,0,0
2059,3,10,1,80369.87268,40538.0988,30070.20655,43358.90429,6600.591699,0,0,0
2059,3,10,2,92581.02452,49029.76844,32988.49534,48974.93919,6376.862218,0,0,0
2059,3,10,3,90548.99211,48021.18809,31943.79796,47820.99188,6179.362525,0,0,0
2059,3,10,4,89448.64835,46452.63034,31110.2463,47139.3442,6162.938265,0,0,0
2059,3,10,5,85913.83694,45703.73308,30704.2157,46802.93285,6316.313077,0,0,0
2059,3,10,6,85515.65076,46337.90565,31800.88238,48006.39809,6429.975498,0,0,0
2059,3,10,7,86848.05869,48349.67331,34234.61462,48841.584,6587.762799,0,0,0
2059,3,10,8,88839.80673,47261.91331,32107.87714,46392.65319,7277.581749,0,0,0
2059,3,10,9,92601.86127,47855.55637,32698.3334,48046.35561,7705.674793,0,0,0
2059,3,10,10,99145.82604,50963.25529,34704.70802,50960.15021,7924.746649,0,0,0
2059,3,10,11,104311.4603,51118.01922,35070.45424,52263.87697,7910.038355,0,0,0
2059,3,10,12,107188.5659,51417.82326,35651.26839,52784.55055,7788.613224,0,0,0
2059,3,10,13,106093.37,50875.41409,35675.86393,52393.47337,7958.657436,0,0,0
2059,3,10,14,102601.4578,48356.37375,34534.41867,50324.91537,7976.879377,0,0,0
2059,3,10,15,106533.72,51569.97238,36333.97834,52984.17477,7885.197682,0,0,0
2059,3,10,16,106300.2667,50949.77269,35768.85303,52550.36184,7656.974,0,0,0
2059,3,10,17,106616.2499,50688.70048,35198.00783,51459.90532,7432.917667,0,0,0
2059,3,10,18,102558.5586,50273.10949,34651.51302,50808.00108,8270.800102,0,0,0
2059,3,10,19,99700.08356,51528.46231,37340.18901,54283.32562,8427.198286,0,0,0
2059,3,10,20,97362.36378,53693.84992,41032.70602,54514.16411,8415.758502,0,0,0
2059,3,10,21,97608.48255,53733.56231,41300.0701,55097.59307,8038.327357,0,0,0
2059,3,10,22,99546.87217,53657.24261,40303.9918,54336.76575,7523.291958,0,0,0
2059,3,10,23,98674.99723,52463.25605,38244.50391,52792.23155,7113.339142,0,0,0
2059,3,10,24,97422.66778,51172.35819,36284.54213,51775.15307,6851.694949,0,0,0
2059,3,11,1,95591.81213,50111.48169,34988.49636,50057.71471,6594.871808,0,0,0
2059,3,11,2,92504.13283,48989.56577,32960.79472,48934.24625,6371.305751,0,0,0
2059,3,11,3,90473.40782,47981.39399,31916.26077,47780.62578,6173.969485,0,0,0
2059,3,11,4,89373.71777,46413.2448,31083.11767,47099.30496,6157.545224,0,0,0
2059,3,11,5,85840.37719,45665.00124,30677.49563,46763.30217,6310.838324,0,0,0
2059,3,11,6,85442.59957,46298.52011,31773.50861,47966.35884,6424.419032,0,0,0
2059,3,11,7,86774.19038,48308.81694,34206.42373,48800.64592,6582.12462,0,0,0
2059,3,11,8,88764.05902,47221.54722,32080.58509,46353.02251,7271.371581,0,0,0
2059,3,11,9,92524.15246,47815.19027,32670.55107,48005.74438,7699.382912,0,0,0
2059,3,11,10,99063.37789,50921.33665,34676.19027,50918.64013,7918.373055,0,0,0
2059,3,11,11,104225.0082,51076.836,35041.60964,52220.81436,7903.419623,0,0,0
2059,3,11,12,107099.4173,51376.06805,35622.4238,52741.97821,7782.076205,0,0,0
2059,3,11,13,106005.3654,50834.80286,35647.01933,52350.81932,7952.202129,0,0,0
2059,3,11,14,102516.3948,48315.84423,34506.06435,50283.73214,7970.342357,0,0,0
2059,3,11,15,106444.8982,51528.54402,36304.56175,52940.70359,7878.824089,0,0,0
2059,3,11,16,106211.6084,50908.34433,35739.92672,52508.4432,7650.763832,0,0,0
2059,3,11,17,106528.3269,50648.17096,35168.9998,51418.23182,7426.707499,0,0,0
2059,3,11,18,102473.4957,50231.5177,34622.91356,50766.81786,8264.18137,0,0,0
2059,3,11,19,99616.57314,51486.62539,37309.21989,54238.05676,8419.925852,0,0,0
2059,3,11,20,97280.81447,53650.95073,40997.16097,54467.58785,8408.649494,0,0,0
2059,3,11,21,97526.6881,53689.76428,41264.11649,55051.01681,8031.953763,0,0,0
2059,3,11,22,99463.52517,53613.52629,40269.42731,54291.25176,7517.163502,0,0,0
2059,3,11,23,98593.36621,52420.602,38212.22737,52748.84208,7107.292399,0,0,0
2059,3,11,24,97342.99786,51130.52127,36255.20726,51732.74416,6845.811632,0,0,0
2059,3,12,1,95512.95934,50070.70703,34959.57005,50016.69491,6593.400978,0,0,0
2059,3,12,2,92483.86807,48978.69798,32953.44058,48923.62359,6369.834922,0,0,0
2059,3,12,3,90453.30649,47970.93476,31908.98834,47769.75799,6172.498655,0,0,0
2059,3,12,4,89353.61644,46402.70385,31076.00867,47088.6823,6156.074395,0,0,0
2059,3,12,5,85820.84784,45654.70543,30670.46834,46752.67952,6309.367494,0,0,0
2059,3,12,6,85423.23365,46287.97917,31766.23618,47955.73619,6422.948203,0,0,0
2059,3,12,7,86754.66103,48298.27599,34198.82444,48790.18669,6580.572078,0,0,0
2059,3,12,8,88743.95768,47210.84285,32073.14923,46342.56328,7269.737326,0,0,0
2059,3,12,9,92503.47913,47804.40419,32663.11521,47995.04001,7697.748657,0,0,0
2059,3,12,10,99041.6423,50910.14201,34668.18242,50907.36378,7916.7388,0,0,0
2059,3,12,11,104202.2921,51065.9682,35034.17378,52209.45628,7901.621943,0,0,0
2059,3,12,12,107076.0474,51364.79169,35614.49766,52730.70185,7780.360237,0,0,0
2059,3,12,13,105982.159,50823.93507,35639.33833,52339.86982,7950.567874,0,0,0
2059,3,12,14,102494.0873,48305.13986,34498.46506,50272.5375,7968.62639,0,0,0
2059,3,12,15,106422.0187,51517.75794,36296.71733,52929.59066,7877.189834,0,0,0
2059,3,12,16,106188.4837,50897.47653,35732.16401,52497.24855,7649.047864,0,0,0
2059,3,12,17,106504.8754,50637.54831,35161.56395,51407.03718,7424.991532,0,0,0
2059,3,12,18,102451.2698,50220.5682,34615.23257,50755.86836,8262.38369,0,0,0
2059,3,12,19,99594.75583,51475.59417,37301.13033,54226.29013,8418.046459,0,0,0
2059,3,12,20,97259.07888,53639.42923,40987.6823,54455.41265,8406.688388,0,0,0
2059,3,12,21,97505.36108,53678.56963,41254.71953,55038.67819,8030.156083,0,0,0
2059,3,12,22,99441.78959,53602.33165,40260.27549,54279.48512,7515.447535,0,0,0
2059,3,12,23,98572.03918,52409.32565,38203.81096,52737.15716,7105.739857,0,0,0
2059,3,12,24,97321.75255,51119.49005,36247.36283,51721.79465,6844.177377,0,0,0
2059,3,13,1,95492.28602,50059.83924,34952.05248,50005.7454,6630.907126,0,0,0
2059,3,13,2,92988.77109,49244.59123,33136.3954,49190.57911,6406.278804,0,0,0
2059,3,13,3,90949.87481,48232.33381,32089.08321,48035.73296,6208.12541,0,0,0
2059,3,13,4,89846.50768,46661.73324,31253.57045,47352.04246,6191.537724,0,0,0
2059,3,13,5,86304.09699,45911.12001,30846.23244,47014.16029,6345.484525,0,0,0
2059,3,13,6,85904.27655,46547.00855,31946.41277,48219.75005,6459.392085,0,0,0
2059,3,13,7,87241.34211,48566.94748,34385.04778,49057.7142,6617.833087,0,0,0
2059,3,13,8,89240.77114,47476.73611,32253.65267,46603.39034,7310.511983,0,0,0
2059,3,13,9,93017.61569,48068.66319,32845.33462,48261.7504,7738.850165,0,0,0
2059,3,13,10,99582.74406,51182.81742,34857.02056,51179.87576,7959.147712,0,0,0
2059,3,13,11,104769.4602,51339.62417,35223.25706,52487.60645,7944.275993,0,0,0
2059,3,13,12,107664.4609,51638.20252,35805.62376,53012.28395,7822.033735,0,0,0
2059,3,13,13,106561.9109,51096.85562,35830.54615,52617.20286,7992.895074,0,0,0
2059,3,13,14,103054.1464,48571.27826,34686.6495,50545.1312,8011.198727,0,0,0
2059,3,13,15,107006.5916,51792.88474,36490.37652,53213.62414,7919.108469,0,0,0
2059,3,13,16,106771.9126,51168.19084,35923.12668,52777.03298,7690.639649,0,0,0
2059,3,13,17,107086.3432,50903.60499,35351.1375,51682.57254,7465.766189,0,0,0
2059,3,13,18,103012.718,50492.58991,34803.09016,51030.50487,8306.83542,0,0,0
2059,3,13,19,100141.4958,51752.27351,37506.14759,54521.19141,8464.622721,0,0,0
2059,3,13,20,97795.11445,53923.87128,41223.26013,54761.672,8453.509788,0,0,0
2059,3,13,21,98043.35776,53963.99223,41490.95106,55345.91809,8073.055271,0,0,0
2059,3,13,22,99985.75129,53892.08502,40489.47972,54581.57712,7556.794181,0,0,0
2059,3,13,23,99109.70901,52686.90382,38415.28353,53025.19457,7145.7791,0,0,0
2059,3,13,24,97850.10713,51393.718,36442.32943,52000.10825,6883.154354,0,0,0
2059,3,14,1,96009.85451,50328.18388,35141.21747,50277.6854,6613.74745,0,0,0
2059,3,14,2,92758.66802,49124.06494,33053.21183,49069.15398,6389.691118,0,0,0
2059,3,14,3,90723.69395,48112.86979,32007.20705,47914.7981,6191.864575,0,0,0
2059,3,14,4,89621.96107,46543.74004,31172.83826,47232.08816,6175.358601,0,0,0
2059,3,14,5,86083.96286,45794.43422,30766.07224,46895.10482,6328.978552,0,0,0
2059,3,14,6,85685.12298,46429.17878,31864.45489,48099.22376,6442.804399,0,0,0
2059,3,14,7,87019.90059,48444.05152,34300.39338,48936.04393,6600.836838,0,0,0
2059,3,14,8,89014.83542,47356.04639,32171.53137,46484.58002,7291.963191,0,0,0
2059,3,14,9,92783.26355,47948.87232,32762.31448,48140.32527,7720.056235,0,0,0
2059,3,14,10,99336.95214,51059.18605,34771.14047,51055.26383,7939.863505,0,0,0
2059,3,14,11,104511.3297,51214.60368,35136.8867,52361.11513,7924.746649,0,0,0
2059,3,14,12,107395.8711,51513.99916,35718.35455,52883.83153,7803.158092,0,0,0
2059,3,14,13,106297.9787,50971.50828,35742.95009,52491.03839,7973.610867,0,0,0
2059,3,14,14,102798.3038,48450.50683,34600.6877,50421.25469,7991.832808,0,0,0
2059,3,14,15,106740.2898,51667.37397,36402.53533,53084.19116,7899.987688,0,0,0
2059,3,14,16,106505.2022,51044.31433,35835.85747,52649.47939,7671.60058,0,0,0
2059,3,14,17,106820.6951,50782.67013,35264.76714,51557.06177,7447.217397,0,0,0
2059,3,14,18,102756.4669,50368.71339,34717.78205,50905.15753,8286.570661,0,0,0
2059,3,14,19,99892.35363,51625.78218,37412.25965,54386.77395,8443.459121,0,0,0
2059,3,14,20,97551.12021,53794.35659,41115.88958,54622.43349,8432.264476,0,0,0
2059,3,14,21,97798.46467,53833.90555,41382.92682,55205.78074,8053.607639,0,0,0
2059,3,14,22,99737.09943,53759.7921,40384.8057,54442.82889,7537.836825,0,0,0
2059,3,14,23,98864.32565,52560.98449,38319.02593,52893.55534,7127.475446,0,0,0
2059,3,14,24,97609.13626,51269.51464,36353.0174,51873.12665,6865.504402,0,0,0
2059,3,15,1,95774.11326,50205.36963,35055.25567,50153.56375,6575.424175,0,0,0
2059,3,15,2,88976.51214,47010.15636,32365.92598,48593.66755,6411.344994,0,0,0
2059,3,15,3,86750.49368,46613.19587,31394.60664,47599.8772,6230.923264,0,0,0
2059,3,15,4,83555.44384,45520.20626,30494.13224,46538.02015,6162.20285,0,0,0
2059,3,15,5,82007.64112,44958.34946,30151.3473,45755.62067,6310.42976,0,0,0
2059,3,15,6,81140.09697,45105.4324,31058.9307,46946.58385,6404.154273,0,0,0
2059,3,15,7,83236.02874,47479.35091,33225.70743,47617.52716,6476.55176,0,0,0
2059,3,15,8,82442.59804,45454.10066,31195.30927,45904.82813,7111.623174,0,0,0
2059,3,15,9,84525.78263,45416.92136,31244.2552,45183.7132,7575.097835,0,0,0
2059,3,15,10,89052.99527,47965.70514,33017.42165,48713.45842,7875.228728,0,0,0
2059,3,15,11,93431.65414,48497.32823,33703.80867,49556.40705,7910.365206,0,0,0
2059,3,15,12,94962.46061,48490.30093,34151.43106,50807.10224,7765.978795,0,0,0
2059,3,15,13,95593.77324,47475.26528,34115.47745,50057.38786,7853.166288,0,0,0
2059,3,15,14,91617.05933,46019.14425,33042.0989,48207.98341,7847.201258,0,0,0
2059,3,15,15,92142.47225,47845.91426,33797.6966,49820.50262,7763.772551,0,0,0
2059,3,15,16,92752.37614,47136.23912,33002.46822,48544.55819,7547.887492,0,0,0
2059,3,15,17,90922.17419,46345.50494,32366.00769,46860.62205,7400.967986,0,0,0
2059,3,15,18,88823.62761,45917.90217,32128.30533,46898.53676,8229.943732,0,0,0
2059,3,15,19,87405.42129,47450.75145,35501.81579,51612.38129,8233.212241,0,0,0
2059,3,15,20,91846.59042,50478.37189,38333.32565,51774.00909,8135.320379,0,0,0
2059,3,15,21,91709.31301,50337.74427,38090.23025,52108.37763,7992.159659,0,0,0
2059,3,15,22,90031.01505,50274.25347,37450.01094,51442.4188,7565.210593,0,0,0
2059,3,15,23,90225.40966,48524.29343,35931.13453,49384.15659,7152.234406,0,0,0
2059,3,15,24,88650.80516,47060.57312,34093.49672,48737.0734,6960.944882,0,0,0
2059,3,16,1,88740.11719,46823.93303,33278.57557,48023.47605,6527.867361,0,0,0
2059,3,16,2,84077.58825,44236.00884,31101.50304,45769.34841,6271.044219,0,0,0
2059,3,16,3,81842.82653,43055.66832,30021.99603,44508.52083,6047.96844,0,0,0
2059,3,16,4,80270.67341,41462.92359,29249.97407,43264.60779,5968.380231,0,0,0
2059,3,16,5,78247.22084,40741.31839,28731.99701,43046.67991,6049.194131,0,0,0
2059,3,16,6,76571.37426,42029.51973,29684.52242,43933.34485,6043.964515,0,0,0
2059,3,16,7,78352.71198,42591.78509,31232.89713,43908.50418,6265.160902,0,0,0
2059,3,16,8,76248.52722,41177.66442,28841.81893,40951.23841,6764.34403,0,0,0
2059,3,16,9,73972.66399,40267.22107,28354.811,40911.28088,7290.7375,0,0,0
2059,3,16,10,76527.57623,40330.54844,29012.27171,41516.03687,7412.080919,0,0,0
2059,3,16,11,80388.33976,40512.84956,29252.83401,41327.11702,7474.918016,0,0,0
2059,3,16,12,82305.81091,40765.99563,29521.58722,41551.82705,7365.259519,0,0,0
2059,3,16,13,80490.88925,41022.65535,29500.26019,41873.20326,7466.910167,0,0,0
2059,3,16,14,81919.71822,39485.96556,29201.60013,41647.92123,7530.727817,0,0,0
2059,3,16,15,81673.35431,40080.18061,29588.10139,42708.22575,7419.516778,0,0,0
2059,3,16,16,81594.66494,40586.55446,29105.01567,41429.17623,7285.017608,0,0,0
2059,3,16,17,81618.44334,39061.46788,29049.69614,41131.08815,7173.479718,0,0,0
2059,3,16,18,80510.74544,39867.48235,29517.99185,42059.91687,8025.988733,0,0,0
2059,3,16,19,81465.80395,42420.92375,33118.50031,47645.14606,8175.032771,0,0,0
2059,3,16,20,85968.33934,45943.31483,36734.77933,48887.91512,8059.00068,0,0,0
2059,3,16,21,85469.31964,45712.47634,36448.78474,48652.09216,7851.613746,0,0,0
2059,3,16,22,85362.92965,45411.52832,35635.08927,48373.28829,7444.684302,0,0,0
2059,3,16,23,85720.99487,44254.63935,34370.33949,46935.47092,6983.661024,0,0,0
2059,3,16,24,84423.96855,43580.75438,32250.87444,45753.33271,6382.091833,0,0,0
2059,3,17,1,79574.80772,40134.19273,29772.85389,42928.11473,6536.038635,0,0,0
2059,3,17,2,91708.25075,48569.23544,32672.43046,48511.3011,6314.106833,0,0,0
2059,3,17,3,89692.47917,47569.39835,31631.81872,47362.41998,6117.996258,0,0,0
2059,3,17,4,88597.93702,46004.6811,30803.33325,46684.53109,6101.65371,0,0,0
2059,3,17,5,85081.59268,45258.56207,30400.8163,46349.50886,6253.966257,0,0,0
2059,3,17,6,84684.14192,45888.89414,31490.21054,47548.80674,6366.648125,0,0,0
2059,3,17,7,86007.39803,47885.46323,33911.76759,48380.88757,6523.209735,0,0,0
2059,3,17,8,87982.7218,46803.66827,31795.65277,45941.59886,7207.145367,0,0,0
2059,3,17,9,91716.01346,47397.39304,32383.33079,47584.84206,7633.359018,0,0,0
2059,3,17,10,98213.89224,50495.28643,34379.57302,50486.95173,7852.185736,0,0,0
2059,3,17,11,103327.3938,50646.61842,34742.54102,51782.91578,7837.886006,0,0,0
2059,3,17,12,106182.5186,50941.84655,35320.9855,52300.56599,7716.460875,0,0,0
2059,3,17,13,105092.4707,50409.65148,35345.3359,51914.06473,7885.197682,0,0,0
2059,3,17,14,101629.7299,47898.45556,34209.03854,49854.24998,7903.174485,0,0,0
2059,3,17,15,105531.5132,51095.95678,36000.75378,52494.71546,7813.699035,0,0,0
2059,3,17,16,105300.1028,50483.76493,35438.89698,52067.03098,7584.903363,0,0,0
2059,3,17,17,105613.5528,50221.95731,34869.93118,50982.04922,7362.236147,0,0,0
2059,3,17,18,101589.6907,49803.99665,34326.78659,50337.09056,8194.970679,0,0,0
2059,3,17,19,98756.95511,51053.793,36989.80479,53775.48094,8346.956375,0,0,0
2059,3,17,20,96437.45728,53204.63574,40627.41083,53989.48661,8336.170294,0,0,0
2059,3,17,21,96683.9029,53242.71388,40891.83325,54567.11397,7964.132189,0,0,0
2059,3,17,22,98606.93052,53158.38633,39912.34264,53815.68361,7452.69215,0,0,0
2059,3,17,23,97745.84167,51978.69951,37881.12735,52294.8461,7043.965026,0,0,0
2059,3,17,24,96511.73416,50702.18309,35947.06851,51297.62382,6784.608789,0,0,0
2059,3,18,1,94693.38056,49648.33388,34661.89054,49590.88982,6530.318743,0,0,0
2059,3,18,2,91632.9116,48529.19619,32644.97498,48471.01672,6308.63208,0,0,0
2059,3,18,3,89617.6303,47530.25795,31604.60838,47322.46245,6112.603217,0,0,0
2059,3,18,4,88523.74185,45965.54069,30776.6949,46645.22726,6096.342382,0,0,0
2059,3,18,5,85009.03177,45219.83023,30374.34137,46309.79647,6248.491503,0,0,0
2059,3,18,6,84611.58101,45849.67203,31463.08191,47508.60407,6361.173372,0,0,0
2059,3,18,7,85934.1017,47845.09714,33883.82183,48340.60319,6517.571556,0,0,0
2059,3,18,8,87908.36321,46763.79245,31768.52414,45902.0499,7201.016912,0,0,0
2059,3,18,9,91638.71321,47357.27208,32355.87531,47544.39425,7627.14885,0,0,0
2059,3,18,10,98132.26122,50455.08376,34351.30042,50446.3405,7845.975567,0,0,0
2059,3,18,11,103243.0662,50605.76205,34714.18669,51740.75201,7831.4307,0,0,0
2059,3,18,12,106095.4129,50900.82676,35292.1409,52259.05592,7710.168994,0,0,0
2059,3,18,13,105006.5906,50369.28538,35316.4913,51872.88151,7878.742376,0,0,0
2059,3,18,14,101545.4841,47858.74316,34181.09278,49813.39361,7896.719179,0,0,0
2059,3,18,15,105444.8977,51054.69185,35971.41891,52453.20539,7807.407154,0,0,0
2059,3,18,16,105213.8141,50443.72569,35409.88896,52025.52091,7578.52977,0,0,0
2059,3,18,17,105527.2642,50181.83636,34841.49514,50940.53915,7356.025979,0,0,0
2059,3,18,18,101505.7717,49763.3037,34298.75912,50295.74392,8188.351947,0,0,0
2059,3,18,19,98674.91552,51012.36465,36959.89792,53731.27435,8340.092505,0,0,0
2059,3,18,20,96356.64338,53162.71711,40592.84634,53944.21775,8329.306423,0,0,0
2059,3,18,21,96603.25243,53201.20381,40856.77849,54521.19141,7957.840308,0,0,0
2059,3,18,22,98525.46292,53115.48714,39878.7587,53770.98674,7446.563695,0,0,0
2059,3,18,23,97664.70092,51937.10772,37850.07651,52251.78348,7037.999996,0,0,0
2059,3,18,24,96433.20822,50661.73528,35917.57021,51255.62347,6778.725472,0,0,0
2059,3,19,1,94615.83517,49607.64094,34633.61793,49550.11517,6528.847914,0,0,0
2059,3,19,2,91612.56513,48518.24669,32637.62084,48460.31235,6307.161251,0,0,0
2059,3,19,3,89597.61068,47519.71701,31597.33595,47311.8398,6111.2141,0,0,0
2059,3,19,4,88504.04908,45955.16318,30769.50418,46634.68632,6094.953265,0,0,0
2059,3,19,5,84989.66585,45209.28929,30367.39579,46299.17381,6247.020674,0,0,0
2059,3,19,6,84592.21509,45839.2128,31455.80948,47498.06313,6359.702542,0,0,0
2059,3,19,7,85914.65407,47834.31106,33876.38597,48329.98053,6516.100726,0,0,0
2059,3,19,8,87888.58872,46753.25151,31761.16999,45891.75409,7199.382657,0,0,0
2059,3,19,9,91618.1216,47346.89456,32348.60288,47533.7716,7625.35117,0,0,0
2059,3,19,10,98110.52563,50444.37939,34343.70113,50435.39099,7844.423025,0,0,0
2059,3,19,11,103220.9221,50594.97597,34706.66912,51729.96593,7829.714732,0,0,0
2059,3,19,12,106071.7979,50889.71382,35284.21477,52247.69785,7708.616452,0,0,0
2059,3,19,13,104983.139,50358.41759,35308.8103,51861.68686,7877.108121,0,0,0
2059,3,19,14,101522.8496,47848.20222,34173.57521,49802.19897,7895.166637,0,0,0
2059,3,19,15,105421.8547,51043.82405,35963.57449,52442.09245,7805.609474,0,0,0
2059,3,19,16,105191.1797,50433.02132,35402.28968,52014.40797,7576.977228,0,0,0
2059,3,19,17,105504.3846,50171.05028,34833.81415,50929.26279,7354.310012,0,0,0
2059,3,19,18,101483.7092,49752.51762,34290.99641,50284.7127,8186.63598,0,0,0
2059,3,19,19,98653.17993,51001.57856,36951.89008,53719.50772,8338.213112,0,0,0
2059,3,19,20,96335.31635,53151.7676,40583.85794,53932.12427,8327.42703,0,0,0
2059,3,19,21,96581.68027,53190.2543,40847.29981,54509.09792,7956.206053,0,0,0
2059,3,19,22,98503.97247,53103.80222,39869.68859,53758.97497,7444.92944,0,0,0
2059,3,19,23,97643.21047,51925.91308,37841.74181,52240.26199,7036.447454,0,0,0
2059,3,19,24,96412.04462,50650.62235,35909.72579,51244.42883,6777.17293,0,0,0
2059,3,20,1,94595.08013,49596.60972,34626.10036,49539.32908,6566.108923,0,0,0
2059,3,20,2,92113.21909,48783.2411,32819.02312,48727.59473,6343.196569,0,0,0
2059,3,20,3,90089.43966,47779.97208,31776.6137,47575.69023,6146.514004,0,0,0
2059,3,20,4,88992.77298,46212.88516,30945.59513,46896.00366,6130.089743,0,0,0
2059,3,20,5,85468.17566,45465.70387,30541.60735,46560.65458,6282.892567,0,0,0
2059,3,20,6,85070.31633,46098.07876,31634.51524,47761.75014,6395.982999,0,0,0
2059,3,20,7,86398.14835,48101.59343,34061.62875,48594.32125,6553.19831,0,0,0
2059,3,20,8,88380.82627,47015.71283,31940.61117,46151.02861,7239.993889,0,0,0
2059,3,20,9,92127.19197,47609.92787,32529.67831,47799.17458,7667.10638,0,0,0
2059,3,20,10,98646.80634,50711.82519,34530.41474,50706.59557,7885.606246,0,0,0
2059,3,20,11,103784.3314,50865.44514,34895.58898,52005.01101,7870.979666,0,0,0
2059,3,20,12,106650.7326,51162.30752,35474.9323,52525.84801,7749.636247,0,0,0
2059,3,20,13,105556.0271,50625.37311,35499.36441,52134.44399,7919.108469,0,0,0
2059,3,20,14,102082.5819,48110.09155,34361.02423,50072.17786,7937.493836,0,0,0
2059,3,20,15,105995.7233,51317.80687,36155.51771,52721.79516,7846.95612,0,0,0
2059,3,20,16,105763.2506,50698.83286,35592.51693,52291.0056,7618.160449,0,0,0
2059,3,20,17,106079.0703,50437.84237,35022.32544,51205.125,7395.084669,0,0,0
2059,3,20,18,102039.1924,50021.59768,34477.30146,50556.89783,8230.025445,0,0,0
2059,3,20,19,99193.87313,51275.15282,37152.98513,54012.03933,8383.727108,0,0,0
2059,3,20,20,96867.75657,53429.75434,40815.1867,54232.25516,8372.614176,0,0,0
2059,3,20,21,97113.71191,53469.22159,41081.89709,54813.88644,7998.533253,0,0,0
2059,3,20,22,99044.01197,53389.22482,40094.15349,54057.47161,7485.540672,0,0,0
2059,3,20,23,98178.26549,52203.32783,38049.12875,52526.33829,7076.241558,0,0,0
2059,3,20,24,96935.25129,50919.0487,36104.85581,51519.22877,6815.659631,0,0,0
2059,3,21,1,95111.50465,49864.54579,34813.71281,49807.18345,6549.112673,0,0,0
2059,3,21,2,91885.32226,48662.71481,32736.49325,48605.51589,6326.772308,0,0,0
2059,3,21,3,89865.54675,47661.24347,31694.90096,47455.08223,6130.416594,0,0,0
2059,3,21,4,88770.18747,46095.70909,30865.43493,46776.62135,6114.074046,0,0,0
2059,3,21,5,85250.00264,45348.93636,30462.01914,46441.76254,6266.550019,0,0,0
2059,3,21,6,84852.47016,45980.24899,31553.21107,47641.79584,6379.395313,0,0,0
2059,3,21,7,86177.44224,47979.43288,33977.70977,48473.95838,6536.20206,0,0,0
2059,3,21,8,88156.44309,46896.2488,31858.89843,46032.87199,7221.363384,0,0,0
2059,3,21,9,91895.12778,47489.97357,32447.31187,47678.64829,7648.31245,0,0,0
2059,3,21,10,98402.8121,50589.33779,34445.02493,50582.80077,7866.812316,0,0,0
2059,3,21,11,103525.4655,50741.32349,34809.30032,51878.92825,7852.185736,0,0,0
2059,3,21,12,106386.5553,51037.6956,35387.6631,52398.53956,7731.250881,0,0,0
2059,3,21,13,105293.5657,50503.29428,35412.34034,52010.40405,7899.905976,0,0,0
2059,3,21,14,101827.393,47990.70924,34275.14414,49949.44533,7918.127917,0,0,0
2059,3,21,15,105734.5694,51193.11323,36068.16679,52594.24158,7828.080477,0,0,0
2059,3,21,16,105502.0966,50578.14315,35505.49287,52164.84113,7599.366518,0,0,0
2059,3,21,17,105815.465,50315.76354,34936.44535,51079.36909,7376.535877,0,0,0
2059,3,21,18,101785.3927,49899.11028,34392.48364,50433.34817,8210.414387,0,0,0
2059,3,21,19,98946.93723,51150.05061,37061.22172,53878.52071,8362.89036,0,0,0
2059,3,21,20,96624.66117,53302.69103,40709.04185,54095.30461,8352.104278,0,0,0
2059,3,21,21,96871.59707,53341.34116,40974.44483,54674.56622,7979.330759,0,0,0
2059,3,21,22,98796.42237,53257.83074,39991.84914,53920.84791,7467.073593,0,0,0
2059,3,21,23,97934.10782,52075.69253,37954.66882,52396.33332,7058.019617,0,0,0
2059,3,21,24,96696.0781,50796.64301,36015.6255,51394.28999,6798.091392,0,0,0
2059,3,22,1,94875.7634,49742.1401,34728.15957,49685.43146,6510.952824,0,0,0
2059,3,22,2,88122.28716,46558.12148,32052.47591,48130.51974,6348.181046,0,0,0
2059,3,22,3,85909.7513,46164.18437,31086.05933,47142.44929,6169.06672,0,0,0
2059,3,22,4,82736.35534,45076.91465,30192.61223,46088.02809,6101.000008,0,0,0
2059,3,22,5,81198.11301,44517.83608,29852.52381,45308.24342,6248.164652,0,0,0
2059,3,22,6,80338.74013,44663.77504,30752.9982,46492.99643,6341.072038,0,0,0
2059,3,22,7,82419.80018,47018.49106,32910.13282,47163.28604,6413.142674,0,0,0
2059,3,22,8,81629.88313,45008.03081,30888.72307,45457.12403,7042.249058,0,0,0
2059,3,22,9,83694.43721,44975.50914,30937.42386,44738.54219,7503.435762,0,0,0
2059,3,22,10,88190.92586,47510.72861,32700.13108,48253.17056,7803.648368,0,0,0
2059,3,22,11,92541.88412,48033.28158,33384.72042,49089.41874,7838.212857,0,0,0
2059,3,22,12,94056.18461,48029.68622,33829.97314,50335.3746,7694.398435,0,0,0
2059,3,22,13,94684.06531,47019.14476,33794.18296,49588.11159,7781.422503,0,0,0
2059,3,22,14,90727.28931,45572.99269,32724.31805,47746.38815,7775.212335,0,0,0
2059,3,22,15,91256.21587,47386.44353,33479.26206,49354.90343,7692.110478,0,0,0
2059,3,22,16,91862.03412,46682.32485,32684.76909,48081.41038,7477.042547,0,0,0
2059,3,22,17,90042.12798,45896.57514,32052.31248,46405.5638,7330.123041,0,0,0
2059,3,22,18,87957.30914,45471.17862,31816.48951,46443.64194,8154.686298,0,0,0
2059,3,22,19,86550.05233,46990.46359,35173.57572,51124.63795,8158.118234,0,0,0
2059,3,22,20,90967.44305,50002.64032,37965.04634,51278.2579,8061.37035,0,0,0
2059,3,22,21,90829.34852,49863.3201,37726.44514,51608.70422,7918.373055,0,0,0
2059,3,22,22,89166.0857,49804.16007,37099.62671,50953.6949,7493.630233,0,0,0
2059,3,22,23,89358.11064,48057.87711,35598.0734,48920.02823,7082.778577,0,0,0
2059,3,22,24,87791.02371,46604.12576,33771.79367,48277.03068,6893.286733,0,0,0
2059,3,23,1,87884.66651,46370.75417,32960.38616,47566.94697,6361.827073,0,0,0
2059,3,23,2,81932.38369,43102.89828,30308.23576,44605.8407,6109.661558,0,0,0
2059,3,23,3,79742.56398,41946.00931,29251.77175,43368.05612,5891.488543,0,0,0
2059,3,23,4,78207.01817,40390.77073,28496.66432,42149.96431,5813.943153,0,0,0
2059,3,23,5,76226.13793,39686.89719,27990.04533,41936.69406,5892.795947,0,0,0
2059,3,23,6,74589.67689,40946.0088,28919.69117,42805.54562,5887.648044,0,0,0
2059,3,23,7,76331.71079,41493.48416,30434.8088,42791.40932,6103.941667,0,0,0
2059,3,23,8,74276.30853,40115.97079,28095.69991,39892.73158,6593.400978,0,0,0
2059,3,23,9,72057.07223,39227.58988,27620.45861,39852.61063,7107.455825,0,0,0
2059,3,23,10,74549.88278,39287.64874,28262.63903,40442.00462,7227.001563,0,0,0
2059,3,23,11,78319.94518,39464.88368,28497.48145,40257.00698,7289.756947,0,0,0
2059,3,23,12,80198.1125,39711.73786,28761.16846,40475.67027,7180.752152,0,0,0
2059,3,23,13,78424.94605,39962.18741,28740.33171,40789.28376,7281.830811,0,0,0
2059,3,23,14,79823.70473,38462.92206,28449.43436,40569.39478,7345.893599,0,0,0
2059,3,23,15,79581.26303,39042.18367,28826.53865,41604.04149,7234.600848,0,0,0
2059,3,23,16,79506.6593,39536.54575,28354.48415,40356.45138,7101.899358,0,0,0
2059,3,23,17,79527.16919,38049.4556,28300.39032,40065.55403,6992.404287,0,0,0
2059,3,23,18,78444.96567,38837.90182,28758.06337,40971.6666,7834.617496,0,0,0
2059,3,23,19,79373.3041,41329.65011,32292.38451,46462.0273,7981.210152,0,0,0
2059,3,23,20,83792.57421,44771.71757,35842.96648,47687.47326,7866.403752,0,0,0
2059,3,23,21,83301.31722,44545.29156,35563.4272,47456.63477,7663.674445,0,0,0
2059,3,23,22,83196.72491,44250.96227,34775.55296,47182.81538,7259.604946,0,0,0
2059,3,23,23,83548.82511,43117.77,33526.9823,45758.97089,6806.671229,0,0,0
2059,3,23,24,82274.26979,42461.6167,31437.9961,44585.73937,6218.748066,0,0,0
2059,3,24,1,77524.63508,39095.13353,29005.1627,41818.70086,6369.753209,0,0,0
2059,3,24,2,89457.22819,47382.60303,31851.62599,47307.91758,6151.907045,0,0,0
2059,3,24,3,87467.0327,46394.12402,30824.17,46174.07161,5959.963819,0,0,0
2059,3,24,4,86394.87984,44843.37964,30011.94537,45505.82482,5944.029835,0,0,0
2059,3,24,5,82926.09232,44106.49415,29617.51797,45173.09054,6092.910447,0,0,0
2059,3,24,6,82530.92951,44724.97788,30685.25834,46360.13152,6203.549496,0,0,0
2059,3,24,7,83828.36439,46684.53109,33076.99024,47187.22787,6357.25116,0,0,0
2059,3,24,8,85759.56329,45617.03586,30985.47095,44773.92381,7025.497946,0,0,0
2059,3,24,9,89421.43801,46207.16527,31565.38626,46388.81269,7446.72712,0,0,0
2059,3,24,10,95800.17962,49282.17909,33538.34037,49253.49792,7664.246434,0,0,0
2059,3,24,11,100805.4118,49436.53446,33896.32388,50537.4502,7649.701566,0,0,0
2059,3,24,12,103585.8512,49729.14778,34463.4103,51051.58676,7528.031297,0,0,0
2059,3,24,13,102523.5039,49197.36127,34487.51555,50665.33064,7697.421806,0,0,0
2059,3,24,14,99113.79465,46705.61298,33368.54129,48629.13088,7714.908333,0,0,0
2059,3,24,15,102955.274,49879.9895,35135.33416,51241.32374,7625.024319,0,0,0
2059,3,24,16,102726.3149,49270.16732,34579.85095,50818.3786,7399.00688,0,0,0
2059,3,24,17,103037.8856,49008.3597,34019.30155,49742.46696,7177.810494,0,0,0
2059,3,24,18,99112.40553,48596.44578,33485.9625,49108.53952,8000.412646,0,0,0
2059,3,24,19,96326.73652,49826.30423,36103.54841,52470.69191,8147.57729,0,0,0
2059,3,24,20,94056.02119,51945.03386,39597.1766,52653.31989,8137.036347,0,0,0
2059,3,24,21,94304.10107,51980.25205,39853.26433,53210.60077,7774.47692,0,0,0
2059,3,24,22,96187.00773,51896.90505,38914.0581,52490.38468,7267.612795,0,0,0
2059,3,24,23,95350.75955,50737.40128,36955.40372,51017.26741,6866.239817,0,0,0
2059,3,24,24,94157.09985,49481.39475,35082.79286,50061.47349,6613.175461,0,0,0
2059,3,25,1,92380.33803,48440.61958,33817.14424,48378.68133,6364.278456,0,0,0
2059,3,25,2,89382.37932,47343.05406,31824.25222,47267.87834,6146.514004,0,0,0
2059,3,25,3,87392.83753,46354.82019,30797.44994,46134.60435,5954.734204,0,0,0
2059,3,25,4,86321.58351,44804.81123,29985.71558,45466.92956,5938.800219,0,0,0
2059,3,25,5,82854.51196,44068.00745,29591.61503,45134.27699,6087.599119,0,0,0
2059,3,25,6,82459.34915,44686.24604,30658.61999,46320.33741,6198.074743,0,0,0
2059,3,25,7,83755.64006,46644.49185,33049.28962,47147.59719,6351.694694,0,0,0
2059,3,25,8,85685.53154,45577.73203,30958.50575,44735.11026,7019.532916,0,0,0
2059,3,25,9,89344.70975,46167.53459,31538.17592,46349.1003,7440.516952,0,0,0
2059,3,25,10,95720.18285,49241.56786,33510.23119,49212.3147,7657.954553,0,0,0
2059,3,25,11,100722.0648,49395.43295,33868.2147,50496.18527,7643.327972,0,0,0
2059,3,25,12,103499.6442,49689.27196,34435.05598,51009.74984,7521.902841,0,0,0
2059,3,25,13,102438.3592,49156.75004,34459.16123,50623.33029,7691.048213,0,0,0
2059,3,25,14,99030.61108,46665.65545,33340.51382,48587.86594,7708.698164,0,0,0
2059,3,25,15,102869.3122,49839.95025,35106.81641,51199.73196,7618.650725,0,0,0
2059,3,25,16,102639.8628,49229.39266,34551.41492,50776.37825,7392.796712,0,0,0
2059,3,25,17,102952.0872,48967.91189,33990.7021,49701.61059,7171.682038,0,0,0
2059,3,25,18,99029.30367,48556.07969,33458.01674,49067.3563,7994.039052,0,0,0
2059,3,25,19,96246.08604,49785.693,36073.9684,52428.20129,8140.795133,0,0,0
2059,3,25,20,93977.25011,51902.62495,39563.26582,52609.27672,8130.499327,0,0,0
2059,3,25,21,94224.758,51938.08828,39819.19012,53166.23076,7768.103326,0,0,0
2059,3,25,22,96107.01096,51855.80355,38881.12786,52446.83179,7261.484339,0,0,0
2059,3,25,23,95271.00792,50696.54491,36925.00658,50975.02192,6860.356499,0,0,0
2059,3,25,24,94078.90076,49440.86523,35054.11169,50019.88171,6607.537282,0,0,0
2059,3,26,1,92304.10005,48400.82548,33788.78992,48338.23352,6362.807626,0,0,0
2059,3,26,2,89362.3597,47332.67655,31816.89808,47257.09226,6145.043175,0,0,0
2059,3,26,3,87373.06305,46344.44267,30790.34093,46123.9817,5953.345087,0,0,0
2059,3,26,4,86302.21759,44794.59713,29978.76999,45456.55204,5937.411103,0,0,0
2059,3,26,5,82835.71803,44057.87507,29584.75116,45123.65434,6086.210002,0,0,0
2059,3,26,6,82440.31008,44675.95023,30651.51098,46309.87818,6196.603913,0,0,0
2059,3,26,7,83736.27414,46633.95091,33041.77205,47137.13796,6350.223864,0,0,0
2059,3,26,8,85665.83877,45567.35451,30951.31502,44724.65103,7017.898662,0,0,0
2059,3,26,9,89324.36328,46156.74851,31530.90349,46338.55935,7438.96441,0,0,0
2059,3,26,10,95698.77411,49230.86349,33502.71361,49201.69204,7656.238585,0,0,0
2059,3,26,11,100699.7572,49384.40173,33860.77884,50485.15405,7641.612005,0,0,0
2059,3,26,12,103476.8464,49678.24074,34427.37498,50998.88204,7520.268586,0,0,0
2059,3,26,13,102415.8065,49146.04567,34451.56195,50612.54421,7689.332245,0,0,0
2059,3,26,14,99008.46693,46655.11451,33333.15968,48576.99815,7707.06391,0,0,0
2059,3,26,15,102846.2692,49829.16417,35099.13541,51188.86416,7617.01647,0,0,0
2059,3,26,16,102616.9015,49218.52487,34543.81563,50765.18361,7391.162457,0,0,0
2059,3,26,17,102929.1259,48957.20753,33983.18452,49690.74279,7170.129496,0,0,0
2059,3,26,18,99007.48637,48545.53874,33450.58089,49056.40679,7992.323084,0,0,0
2059,3,26,19,96224.59559,49775.07034,36066.36911,52416.59808,8139.079165,0,0,0
2059,3,26,20,93956.16822,51891.34859,39554.27741,52597.42837,8128.78336,0,0,0
2059,3,26,21,94203.92125,51926.97534,39810.28343,53154.21898,7766.469071,0,0,0
2059,3,26,22,96085.76565,51845.09918,38872.22117,52435.22858,7259.931797,0,0,0
2059,3,26,23,95249.76261,50685.43197,36916.67188,50963.74557,6858.803957,0,0,0
2059,3,26,24,94057.81887,49430.48772,35046.51241,50008.85049,6605.98474,0,0,0
2059,3,27,1,92283.99871,48390.44796,33781.43577,48327.28401,6399.169796,0,0,0
2059,3,27,2,89857.29376,47592.93162,31996.82953,47520.69756,6180.506504,0,0,0
2059,3,27,3,87861.78695,46602.73664,30967.00387,46383.99164,5987.827863,0,0,0
2059,3,27,4,86784.89475,45049.29574,30151.67415,45714.27402,5971.812166,0,0,0
2059,3,27,5,83307.11883,44309.87716,29755.44908,45380.80433,6121.264767,0,0,0
2059,3,27,6,82911.62917,44930.32199,30827.52022,46569.56127,6232.312381,0,0,0
2059,3,27,7,84213.96681,46897.71963,33224.48173,47399.68099,6386.586034,0,0,0
2059,3,27,8,86152.76499,45826.54732,31128.54996,44979.7582,7057.365915,0,0,0
2059,3,27,9,89827.14176,46418.47441,31710.09953,46600.04012,7479.575642,0,0,0
2059,3,27,10,96229.49836,49498.71785,33687.05755,49472.0795,7697.83037,0,0,0
2059,3,27,11,101251.4816,49652.82808,34044.55079,50757.58432,7683.20379,0,0,0
2059,3,27,12,104046.8745,49943.31687,34614.41544,51274.25398,7561.696945,0,0,0
2059,3,27,13,102980.2781,49414.47202,34639.33782,50887.671,7730.760604,0,0,0
2059,3,27,14,99556.43256,46917.08555,33516.93163,48846.32334,7748.165418,0,0,0
2059,3,27,15,103412.947,50097.4271,35288.70897,51465.5435,7658.77168,0,0,0
2059,3,27,16,103183.8245,49486.29752,34731.59151,51039.32985,7431.937114,0,0,0
2059,3,27,17,103495.3135,49223.42763,34169.89813,49960.72168,7210.168739,0,0,0
2059,3,27,18,99551.28466,48811.432,33634.92483,49326.79425,8035.058847,0,0,0
2059,3,27,19,96754.50271,50044.39553,36259.61974,52701.93897,8182.305205,0,0,0
2059,3,27,20,94474.71727,52169.33533,39778.41546,52888.816,8171.682548,0,0,0
2059,3,27,21,94725.00339,52204.22667,40034.74832,53449.3654,7808.224281,0,0,0
2059,3,27,22,96616.65332,52118.59172,39088.92336,52723.51113,7300.543029,0,0,0
2059,3,27,23,95775.25724,50956.71827,37118.8292,51240.99689,6897.535796,0,0,0
2059,3,27,24,94573.99825,49698.42379,35235.84083,50280.2185,6643.654313,0,0,0
2059,3,28,1,92788.32974,48654.38011,33966.59684,48593.91268,6382.582109,0,0,0
2059,3,28,2,89631.27633,47474.28472,31915.11679,47400.82497,6164.409094,0,0,0
2059,3,28,3,87638.9563,46485.15201,30886.43511,46265.7533,5972.139017,0,0,0
2059,3,28,4,86565.00576,44933.01851,30073.0665,45597.01624,5956.12332,0,0,0
2059,3,28,5,83092.7046,44195.23419,29677.74026,45263.62826,6105.330783,0,0,0
2059,3,28,6,82697.05151,44814.69847,30747.36003,46451.40465,6216.133258,0,0,0
2059,3,28,7,83996.52921,46777.84704,33141.46159,47279.8084,6369.998347,0,0,0
2059,3,28,8,85931.07833,45708.47242,31047.89948,44863.80782,7039.3074,0,0,0
2059,3,28,9,89598.99979,46299.66409,31628.4685,46481.14808,7460.945137,0,0,0
2059,3,28,10,95987.87378,49376.96587,33602.97515,49349.02011,7678.873014,0,0,0
2059,3,28,11,100999.643,49530.34068,33960.63181,50633.46267,7664.246434,0,0,0
2059,3,28,12,103786.9462,49822.38202,34529.02563,51148.25293,7542.657877,0,0,0
2059,3,28,13,102721.9841,49291.65777,34553.8663,50762.5688,7711.639823,0,0,0
2059,3,28,14,99306.47329,46797.62152,33433.42121,48724.16279,7729.698338,0,0,0
2059,3,28,15,103154.8982,49974.36771,35202.3386,51338.80704,7639.896037,0,0,0
2059,3,28,16,102925.3671,49365.28095,34645.87484,50914.30936,7413.470035,0,0,0
2059,3,28,17,103237.5098,49102.16593,34085.08031,49837.49887,7191.946798,0,0,0
2059,3,28,18,99303.69505,48690.57886,33550.84242,49203.48972,8015.529502,0,0,0
2059,3,28,19,96513.69527,49920.68244,36171.28827,52570.95345,8162.694147,0,0,0
2059,3,28,20,94237.91375,52043.66114,39676.27453,52755.54252,8152.234916,0,0,0
2059,3,28,21,94488.3633,52077.89877,39932.11712,53314.62109,7789.348639,0,0,0
2059,3,28,22,96374.04819,51993.24437,38990.78636,52592.11705,7281.994237,0,0,0
2059,3,28,23,95535.10349,50832.92347,37026.33038,51114.99585,6879.885844,0,0,0
2059,3,28,24,94339.15583,49576.26324,35149.47046,50156.34198,6626.494638,0,0,0
2059,3,29,1,92558.30838,48533.36354,33882.18758,48472.73269,6345.239387,0,0,0
2059,3,29,2,85904.76683,45387.58649,31238.61702,46930.895,6185.409268,0,0,0
2059,3,29,3,83730.63596,45000.34981,30289.36012,45958.92196,6009.890303,0,0,0
2059,3,29,4,80617.05372,43929.66778,29414.21668,44918.88221,5943.376133,0,0,0
2059,3,29,5,79108.55483,43378.35193,29081.97267,44151.76301,6087.272268,0,0,0
2059,3,29,6,78268.793,43520.36867,29963.57143,45314.12673,6178.381973,0,0,0
2059,3,29,7,80310.3858,45823.1971,32090.14548,45988.42026,6248.98178,0,0,0
2059,3,29,8,79532.88909,43856.94344,30097.09004,44296.6397,6864.523849,0,0,0
2059,3,29,9,81548.08868,43830.79537,30144.64686,43590.39649,7318.601544,0,0,0
2059,3,29,10,85956.81784,46324.58647,31879.08147,47050.60417,7615.055364,0,0,0
2059,3,29,11,90232.35524,46844.60635,32553.45671,47876.80168,7650.11013,0,0,0
2059,3,29,12,91711.27412,46838.06933,32994.54208,49111.07262,7506.132282,0,0,0
2059,3,29,13,92322.81226,45840.19335,32959.40561,48369.93806,7592.911212,0,0,0
2059,3,29,14,88437.20806,44417.2477,31900.73535,46545.21087,7586.864469,0,0,0
2059,3,29,15,88963.35639,46201.77223,32646.11896,48138.85444,7503.844326,0,0,0
2059,3,29,16,89560.75823,45510.1556,31862.24865,46878.43542,7291.881478,0,0,0
2059,3,29,17,87764.71221,44732.25031,31240.08785,45224.97813,7146.105951,0,0,0
2059,3,29,18,85718.87034,44316.65932,31007.77853,45263.62826,7960.945392,0,0,0
2059,3,29,19,84340.13128,45805.46544,34323.10952,49877.86497,7964.213902,0,0,0
2059,3,29,20,88688.14788,48772.86358,37033.11254,50004.84656,7868.609996,0,0,0
2059,3,29,21,88559.85888,48635.74961,36805.46085,50331.86095,7730.025189,0,0,0
2059,3,29,22,86918.33165,48575.44561,36195.39353,49702.9997,7308.714303,0,0,0
2059,3,29,23,87106.10753,46847.05773,34740.00792,47717.38012,6903.90939,0,0,0
2059,3,29,24,85567.70177,45420.18987,32937.42488,47086.14921,6718.993459,0,0,0
2059,3,30,1,85671.06839,45194.00901,32134.35207,46376.0655,6649.129067,0,0,0
2059,3,30,2,85634.5428,45059.67326,31677.98642,46611.56162,6388.383714,0,0,0
2059,3,30,3,83370.20106,43863.64389,30583.28084,45337.25144,6162.121137,0,0,0
2059,3,30,4,81771.89987,42246.38534,29799.16539,44076.83243,6081.225525,0,0,0
2059,3,30,5,79721.64551,41511.62438,29273.09877,43855.3909,6163.346828,0,0,0
2059,3,30,6,78018.0166,42819.68192,30241.55817,44752.84192,6158.117213,0,0,0
2059,3,30,7,79825.01213,43392.81508,31812.40388,44719.91169,6382.418684,0,0,0
2059,3,30,8,77688.3057,41953.44517,29386.67948,41722.85182,6889.854798,0,0,0
2059,3,30,9,75372.2398,41026.41413,28891.01,41684.2834,7423.112139,0,0,0
2059,3,30,10,77970.62321,41091.6209,29559.50193,42300.23404,7544.53727,0,0,0
2059,3,30,11,81892.99815,41277.92595,29803.57788,42108.69937,7608.518345,0,0,0
2059,3,30,12,83840.37617,41535.4845,30075.43617,42337.90361,7497.389019,0,0,0
2059,3,30,13,81997.75388,41796.31157,30053.864,42664.67286,7600.347071,0,0,0
2059,3,30,14,83446.7659,40233.55542,29749.48405,42435.87718,7665.717263,0,0,0
2059,3,30,15,83198.11403,40838.47483,30142.84918,43513.5048,7552.136555,0,0,0
2059,3,30,16,83115.25731,41353.10167,29652.57274,42213.20997,7417.555672,0,0,0
2059,3,30,17,83142.30423,39801.1316,29595.94581,41909.97399,7305.118942,0,0,0
2059,3,30,18,82015.56726,40619.23955,30071.43224,42854.73669,8164.818678,0,0,0
2059,3,30,19,82988.60257,43217.2144,33717.78154,48505.09094,8317.784927,0,0,0
2059,3,30,20,87549.31743,46796.31412,37386.275,49767.63448,8198.075763,0,0,0
2059,3,30,21,87045.6401,46563.10596,37097.42046,49526.74532,7988.564298,0,0,0
2059,3,30,22,86938.67812,46257.74545,36264.76765,49240.58731,7577.712642,0,0,0
2059,3,30,23,87303.28037,45081.49056,34980.24338,47786.75424,7112.603727,0,0,0
2059,3,30,24,85988.27725,44396.32924,32840.26843,46598.16073,6500.902157,0,0,0
2059,3,31,1,81068.43489,40893.54922,30331.76903,43737.47942,6657.382053,0,0,0
2059,3,31,2,93346.99975,49433.5928,33266.15523,49379.58068,6432.10003,0,0,0
2059,3,31,3,91301.81158,48418.96571,32216.6368,48223.67226,6233.292934,0,0,0
2059,3,31,4,90196.64677,46845.83204,31379.24464,47538.83779,6216.78696,0,0,0
2059,3,31,5,86645.16596,46092.68572,30971.17122,47200.05677,6370.9789,0,0,0
2059,3,31,6,86245.01867,46730.37194,32073.55779,48406.62708,6485.213311,0,0,0
2059,3,31,7,87586.82358,48756.76618,34516.44186,49246.14377,6644.471441,0,0,0
2059,3,31,8,89592.87134,47664.34856,32381.61482,46787.816,7339.438293,0,0,0
2059,3,31,9,93382.70821,48255.3768,32974.35904,48450.42511,7768.103326,0,0,0
2059,3,31,10,99965.64996,51376.06805,34990.21233,51373.28982,7989.136288,0,0,0
2059,3,31,11,105174.9188,51533.20165,35358.32822,52685.10614,7974.264569,0,0,0
2059,3,31,12,108076.9468,51833.74111,35940.53149,53212.0716,7850.960044,0,0,0
2059,3,31,13,106974.4785,51290.4331,35964.55504,52813.88542,8023.047075,0,0,0
2059,3,31,14,103451.0252,48757.91015,34819.10585,50738.79039,8041.514154,0,0,0
2059,3,31,15,107419.8129,51987.68791,36627.40879,53413.16666,7949.423896,0,0,0
2059,3,31,16,107185.7877,51362.83059,36058.68812,52976.49377,7719.565959,0,0,0
2059,3,31,17,107501.3623,51095.62993,35485.96352,51876.31344,7494.283935,0,0,0
2059,3,31,18,103409.5968,50684.9417,34935.62822,51224.16407,8338.213112,0,0,0
2059,3,31,19,100528.3239,51946.83154,37650.77914,54731.02972,8497.879806,0,0,0
2059,3,31,20,98173.28101,54127.90799,41391.42494,54976.82164,8486.440022,0,0,0
2059,3,31,21,98423.24028,54166.96668,41658.21704,55563.02884,8102.55357,0,0,0
2059,3,31,22,100372.416,54093.9972,40652.9052,54796.23649,7586.047342,0,0,0
2059,3,31,23,99492.28806,52884.73037,38566.04354,53231.2741,7174.215133,0,0,0
2059,3,31,24,98225.08689,51588.19432,36579.77026,52197.44451,6910.528122,0,0,0
2059,4,1,1,96378.21554,50517.92086,35275.22637,50469.30178,6651.662162,0,0,0
2059,4,1,2,93269.94463,49393.06328,33238.29119,49339.13287,6426.625276,0,0,0
2059,4,1,3,91226.06387,48378.5179,32188.93618,48183.30617,6227.899893,0,0,0
2059,4,1,4,90121.22591,46806.4465,31352.11601,47498.63512,6211.312207,0,0,0
2059,4,1,5,86572.03306,46053.62703,30944.1243,47160.01753,6365.504147,0,0,0
2059,4,1,6,86171.64063,46690.74126,32046.26574,48366.01585,6479.656844,0,0,0
2059,4,1,7,87512.38327,48715.90981,34488.16926,49205.94111,6638.751549,0,0,0
2059,4,1,8,89517.28705,47623.98246,32353.99592,46748.18532,7333.146412,0,0,0
2059,4,1,9,93303.93713,48215.17414,32946.74013,48410.14073,7761.811445,0,0,0
2059,4,1,10,99882.95667,51334.0677,34961.61287,51331.69803,7982.844407,0,0,0
2059,4,1,11,105088.1399,51491.855,35329.3202,52642.61552,7967.72755,0,0,0
2059,4,1,12,107988.6153,51792.31275,35911.11491,53169.66269,7844.831589,0,0,0
2059,4,1,13,106885.9019,51248.92303,35936.03729,52771.72165,8016.510055,0,0,0
2059,4,1,14,103365.6354,48718.03434,34790.42468,50696.54491,8035.058847,0,0,0
2059,4,1,15,107331.0729,51946.91325,36598.40076,53370.34918,7942.886877,0,0,0
2059,4,1,16,107097.1293,51320.99366,36029.35324,52933.34945,7713.274078,0,0,0
2059,4,1,17,107412.1319,51054.61013,35456.9555,51834.55823,7488.15548,0,0,0
2059,4,1,18,103325.2693,50643.75848,34907.11047,51182.654,8331.512667,0,0,0
2059,4,1,19,100444.8952,51905.64832,37620.05515,54685.67915,8490.770797,0,0,0
2059,4,1,20,98092.30369,54083.61969,41355.47134,54930.81737,8479.249301,0,0,0
2059,4,1,21,98342.09953,54123.4955,41622.42686,55516.616,8096.261689,0,0,0
2059,4,1,22,100289.1507,54050.60774,40618.01386,54750.31393,7579.673748,0,0,0
2059,4,1,23,99410.98388,52842.15803,38534.01214,53187.14922,7168.16839,0,0,0
2059,4,1,24,98144.76327,51546.92939,36550.5171,52154.95389,6904.644804,0,0,0
2059,4,2,1,96299.11761,50477.22791,35246.70862,50428.03684,6650.191332,0,0,0
2059,4,2,2,93249.67987,49382.35891,33230.77362,49328.26508,6425.154447,0,0,0
2059,4,2,3,91205.88082,48367.81353,32181.66375,48172.68351,6226.429064,0,0,0
2059,4,2,4,90101.28801,46796.06898,31345.00701,47487.84904,6209.841377,0,0,0
2059,4,2,5,86552.66714,46043.00437,30936.93358,47149.31316,6364.033317,0,0,0
2059,4,2,6,86152.02958,46680.1186,32038.91159,48355.47491,6478.186015,0,0,0
2059,4,2,7,87492.60879,48704.87859,34480.7334,49195.31845,6637.199007,0,0,0
2059,4,2,8,89497.10401,47613.11467,32346.56006,46737.72609,7331.512157,0,0,0
2059,4,2,9,93283.34552,48204.46977,32939.38598,48399.35465,7760.013765,0,0,0
2059,4,2,10,99861.30279,51323.36333,34953.93187,51320.5851,7981.128439,0,0,0
2059,4,2,11,105065.0969,51480.82378,35321.72092,52631.66601,7965.929869,0,0,0
2059,4,2,12,107965.654,51780.87296,35903.76076,53158.30462,7843.197334,0,0,0
2059,4,2,13,106862.8589,51238.05523,35928.19287,52760.527,8014.794088,0,0,0
2059,4,2,14,103343.3278,48707.16654,34782.74368,50685.43197,8033.261167,0,0,0
2059,4,2,15,107307.4579,51935.63689,36590.71976,53358.99111,7941.170909,0,0,0
2059,4,2,16,107073.4326,51309.71731,36021.59053,52922.07309,7711.639823,0,0,0
2059,4,2,17,107388.3535,51043.41549,35449.19279,51823.52701,7486.439512,0,0,0
2059,4,2,18,103302.3897,50633.05411,34899.51119,51171.70449,8329.633274,0,0,0
2059,4,2,19,100423.4047,51894.53539,37611.96559,54673.66738,8488.809692,0,0,0
2059,4,2,20,98070.48639,54072.01648,41345.82923,54919.05074,8477.369908,0,0,0
2059,4,2,21,98320.20052,54111.97401,41612.94818,55504.35909,8094.627435,0,0,0
2059,4,2,22,100267.0065,54039.08624,40608.86203,54738.05702,7578.039493,0,0,0
2059,4,2,23,99389.49343,52830.88167,38525.35059,53175.54601,7166.452423,0,0,0
2059,4,2,24,98123.27282,51535.73474,36542.50925,52143.92267,6903.092262,0,0,0
2059,4,3,1,96277.8723,50466.68697,35239.02762,50417.08734,6687.779193,0,0,0
2059,4,3,2,93755.97201,49649.64128,33414.137,49594.73032,6461.598329,0,0,0
2059,4,3,3,91705.47251,48632.80795,32362.49404,48438.24992,6262.055818,0,0,0
2059,4,3,4,90596.14036,47055.18008,31523.38592,47752.18975,6245.468132,0,0,0
2059,4,3,5,87034.85402,46301.38006,31114.0868,47412.83674,6400.395487,0,0,0
2059,4,3,6,86636.25927,46940.21026,32219.41503,48619.57048,6514.875035,0,0,0
2059,4,3,7,87982.14981,48973.55007,34667.77386,49462.19226,6674.786867,0,0,0
2059,4,3,8,89995.14316,47879.74334,32527.96234,46999.12514,7372.205102,0,0,0
2059,4,3,9,93798.95291,48470.68987,33121.68711,48665.65647,7801.850688,0,0,0
2059,4,3,10,100405.9182,51596.69245,35142.6883,51595.87532,8023.537351,0,0,0
2059,4,3,11,105638.8838,51755.4603,35511.37618,52910.96016,8008.502207,0,0,0
2059,4,3,12,108554.2309,52054.28379,36093.90631,53442.82838,7884.380555,0,0,0
2059,4,3,13,107445.3073,51511.95634,36120.05438,53041.21026,8057.693276,0,0,0
2059,4,3,14,103904.9394,48973.0598,34971.33669,50962.51987,8076.078643,0,0,0
2059,4,3,15,107894.0737,52210.1917,36785.35951,53644.65885,7983.661534,0,0,0
2059,4,3,16,107657.1067,51585.4978,36213.61547,53205.94315,7752.904757,0,0,0
2059,4,3,17,107974.3973,51316.82631,35639.50176,52097.18298,7527.214169,0,0,0
2059,4,3,18,103863.1025,50903.6867,35089.00303,51445.44217,8374.82042,0,0,0
2059,4,3,19,100971.0435,52166.72052,37817.55484,54972.16402,8536.284794,0,0,0
2059,4,3,20,98606.52196,54363.64925,41583.12303,55225.06495,8524.599872,0,0,0
2059,4,3,21,98858.76919,54402.95307,41850.24198,55813.06982,8137.118059,0,0,0
2059,4,3,22,100815.7893,54324.99912,40840.1908,55040.39416,7619.304427,0,0,0
2059,4,3,23,99929.77807,53113.2809,38738.37571,53465.95309,7206.573378,0,0,0
2059,4,3,24,98654.73247,51812.82265,36738.86496,52423.29852,6942.069239,0,0,0
2059,4,4,1,96798.54588,50734.3779,35428.1109,50690.41645,6670.619517,0,0,0
2059,4,4,2,93526.03236,49527.15389,33331.03515,49473.14177,6444.92893,0,0,0
2059,4,4,3,91478.06596,48512.28166,32280.20931,48317.39677,6245.794983,0,0,0
2059,4,4,4,90371.83889,46937.67716,31442.16345,47631.99031,6229.289009,0,0,0
2059,4,4,5,86815.21017,46183.71371,31033.51804,47292.47388,6383.8078,0,0,0
2059,4,4,6,86415.88001,46821.97192,32137.13031,48499.86132,6498.205636,0,0,0
2059,4,4,7,87759.64602,48851.55295,34582.62918,49340.03171,6657.627192,0,0,0
2059,4,4,8,89768.63544,47758.56335,32445.67761,46879.90625,7353.65631,0,0,0
2059,4,4,9,93564.7642,48348.77447,33038.74868,48544.72162,7782.893332,0,0,0
2059,4,4,10,100157.1846,51472.81593,35056.7265,51470.77312,8004.089719,0,0,0
2059,4,4,11,105377.8116,51629.62268,35425.57781,52784.79569,7989.136288,0,0,0
2059,4,4,12,108285.0691,51930.24385,36007.61765,53312.90512,7865.586625,0,0,0
2059,4,4,13,107179.986,51386.77242,36032.62175,52914.06524,8038.245644,0,0,0
2059,4,4,14,103649.5871,48851.63467,34884.88461,50836.3554,8056.712723,0,0,0
2059,4,4,15,107626.3827,52084.35408,36696.04749,53515.22587,7964.132189,0,0,0
2059,4,4,16,107391.3769,51460.3956,36126.67312,53076.42845,7734.274252,0,0,0
2059,4,4,17,107708.9126,51192.78638,35552.80454,51973.22475,7508.74709,0,0,0
2059,4,4,18,103608.4856,50780.46389,35002.38753,51319.9314,8354.392235,0,0,0
2059,4,4,19,100721.9831,52043.33428,37724.15718,54835.62203,8514.467492,0,0,0
2059,4,4,20,98362.20087,54229.39521,41475.09879,55085.49959,8503.109421,0,0,0
2059,4,4,21,98613.71268,54270.49672,41741.9726,55672.27877,8117.75214,0,0,0
2059,4,4,22,100566.4837,54195.07586,40734.53623,54902.46305,7600.428784,0,0,0
2059,4,4,23,99683.41416,52985.56389,38640.97412,53333.66016,7188.43315,0,0,0
2059,4,4,24,98412.78105,51686.73989,36649.22609,52296.23521,6924.255862,0,0,0
2059,4,5,1,96562.47777,50612.21736,35341.65882,50565.39596,6631.969391,0,0,0
2059,4,5,2,89724.34714,47405.72773,32641.05277,48997.57362,6466.582806,0,0,0
2059,4,5,3,87487.5426,47008.52211,31665.72951,48000.18792,6285.017098,0,0,0
2059,4,5,4,84273.86225,45907.60636,30759.3718,46934.00009,6216.051546,0,0,0
2059,4,5,5,82718.7871,45343.62503,30413.97205,46148.08696,6365.177296,0,0,0
2059,4,5,6,81844.37907,45493.97647,31327.27534,47344.27975,6459.392085,0,0,0
2059,4,5,7,83952.73118,47884.72782,33503.69417,48014.97792,6532.116423,0,0,0
2059,4,5,8,83156.27711,45846.8938,31464.38932,46296.80414,7172.417453,0,0,0
2059,4,5,9,85255.88596,45804.15803,31513.6621,45574.46352,7637.853219,0,0,0
2059,4,5,10,89809.08325,48368.63066,33294.91812,49117.93649,7939.046378,0,0,0
2059,4,5,11,94212.25595,48904.58452,33983.91994,49964.07191,7974.673133,0,0,0
2059,4,5,12,95755.48275,48894.69728,34434.07542,51220.89556,7828.815892,0,0,0
2059,4,5,13,96393.16897,47873.77831,34397.63154,50467.01382,7916.575375,0,0,0
2059,4,5,14,92395.70003,46412.18253,33320.00393,48610.82722,7910.201781,0,0,0
2059,4,5,15,92921.76665,48246.55183,34078.78843,50227.84063,7826.609648,0,0,0
2059,4,5,16,93536.08303,47535.079,33279.80126,48949.60824,7610.642877,0,0,0
2059,4,5,17,91692.07163,46738.29808,32641.29791,47260.19734,7462.415966,0,0,0
2059,4,5,18,89585.35377,46310.04161,32402.53328,47296.23266,8296.784753,0,0,0
2059,4,5,19,88157.99563,47853.59526,35790.5069,52040.2292,8300.380114,0,0,0
2059,4,5,20,92617.30498,50894.45316,38657.48009,52209.94656,8200.527145,0,0,0
2059,4,5,21,92482.80581,50754.31581,38412.91386,52548.89101,8056.957862,0,0,0
2059,4,5,22,90792.74121,50689.19076,37762.31703,51872.47295,7627.802552,0,0,0
2059,4,5,23,90987.54438,48930.32403,36223.58442,49788.87979,7213.110397,0,0,0
2059,4,5,24,89402.39894,47462.19124,34375.65081,49142.77716,7020.595182,0,0,0
2059,4,6,1,89490.73041,47222.93634,33557.1343,48422.72449,6730.35153,0,0,0
2059,4,6,2,86674.66426,45609.51829,32064.32425,47174.56239,6466.909657,0,0,0
2059,4,6,3,84392.01887,44404.82736,30959.32287,45891.50895,6238.604262,0,0,0
2059,4,6,4,82777.13,42771.96168,30167.03615,44620.63071,6156.973235,0,0,0
2059,4,6,5,80709.14398,42029.3563,29636.23019,44397.3915,6239.911666,0,0,0
2059,4,6,6,78989.7445,43350.07932,30614.90367,45301.62468,6234.600338,0,0,0
2059,4,6,7,80811.44833,43930.4032,32199.9674,45260.85003,6461.02634,0,0,0
2059,4,6,8,78654.55884,42474.36388,29752.42571,42240.58374,6973.855495,0,0,0
2059,4,6,9,76312.5083,41536.30163,29251.19976,42203.1593,7510.708196,0,0,0
2059,4,6,10,78939.40946,41602.57066,29926.39213,42826.21894,7633.604156,0,0,0
2059,4,6,11,82902.47734,41791.32709,30172.59261,42633.21345,7697.993795,0,0,0
2059,4,6,12,84867.83216,42052.23587,30446.65714,42865.84962,7586.129055,0,0,0
2059,4,6,13,83008.29534,42315.18747,30424.5947,43195.80566,7689.985947,0,0,0
2059,4,6,14,84468.33857,40735.76192,30116.7011,42964.96717,7754.539011,0,0,0
2059,4,6,15,84218.3793,41347.62692,30514.15187,44053.29916,7641.530292,0,0,0
2059,4,6,16,84131.84551,41867.48337,30019.05438,42739.84858,7504.906591,0,0,0
2059,4,6,17,84162.07922,40298.10848,29962.01888,42433.26238,7392.796712,0,0,0
2059,4,6,18,83023.00363,41124.306,30441.83609,43388.07574,8258.461478,0,0,0
2059,4,6,19,84010.82894,43751.61572,34118.74596,49075.52757,8416.085353,0,0,0
2059,4,6,20,88608.55967,47365.7702,37828.1775,50361.35925,8292.780829,0,0,0
2059,4,6,21,88100.55157,47132.64376,37533.35793,50116.46617,8080.654556,0,0,0
2059,4,6,22,87991.21993,46823.52446,36691.38986,49818.37809,7667.10638,0,0,0
2059,4,6,23,88360.39808,45636.97377,35384.88486,48353.75894,7198.974093,0,0,0
2059,4,6,24,87032.56606,44943.31432,33233.06157,47161.32493,6580.653791,0,0,0
2059,4,7,1,82070.88678,41403.60014,30706.83051,44280.21544,6738.604517,0,0,0
2059,4,7,2,94442.68587,50008.44192,33661.31804,49956.39091,6510.789398,0,0,0
2059,4,7,3,92380.09289,48990.62804,32605.99801,48796.39685,6310.42976,0,0,0
2059,4,7,4,91267.08367,47403.93005,31764.19336,48108.21216,6293.678648,0,0,0
2059,4,7,5,87686.51312,46649.14948,31353.3417,47768.85915,6449.504843,0,0,0
2059,4,7,6,87288.32694,47291.3299,32462.18358,48975.42947,6564.719807,0,0,0
2059,4,7,7,88640.59107,49336.51806,34921.98219,49824.99682,6725.612191,0,0,0
2059,4,7,8,90667.72072,48238.46227,32772.692,47352.2876,7427.03435,0,0,0
2059,4,7,9,94496.04429,48829.73565,33368.05102,49025.35595,7857.251925,0,0,0
2059,4,7,10,101144.6014,51967.99514,35398.20404,51971.67221,8081.226545,0,0,0
2059,4,7,11,106414.0925,52122.75907,35768.36275,53291.08782,8066.191401,0,0,0
2059,4,7,12,109350.7667,52420.84714,36354.16138,53827.94052,7941.252622,0,0,0
2059,4,7,13,108234.6524,51879.9088,36379.65576,53423.29904,8114.810481,0,0,0
2059,4,7,14,104671.5684,49331.6153,35225.05474,51331.28947,8133.114135,0,0,0
2059,4,7,15,108683.7456,52578.96129,37052.23332,54031.32353,8041.023877,0,0,0
2059,4,7,16,108449.802,51956.31022,36474.03397,53591.21872,7809.123122,0,0,0
2059,4,7,17,108769.4623,51686.90331,35896.3249,52469.05766,7583.02397,0,0,0
2059,4,7,18,104621.7236,51268.69751,35344.92733,51817.31685,8437.330666,0,0,0
2059,4,7,19,101708.7461,52538.75863,38097.17584,55377.29578,8600.347582,0,0,0
2059,4,7,20,99332.13109,54761.75371,41904.00896,55638.36799,8589.071223,0,0,0
2059,4,7,21,99590.6702,54795.41936,42173.25244,56232.82817,8195.215817,0,0,0
2059,4,7,22,101558.313,54716.23972,41156.17397,55451.40924,7675.359366,0,0,0
2059,4,7,23,100663.4768,53499.78216,39029.27306,53860.87076,7261.239201,0,0,0
2059,4,7,24,99376.82796,52192.05147,37007.78159,52800.64796,6994.773956,0,0,0
2059,4,8,1,97508.38445,51102.98407,35685.09747,51059.5129,6732.884625,0,0,0
2059,4,8,2,94364.97706,49967.09528,33633.04543,49915.53454,6505.232932,0,0,0
2059,4,8,3,92303.93662,48950.0168,32578.62424,48755.94905,6304.955007,0,0,0
2059,4,8,4,91190.51883,47364.05424,31736.90131,48067.68264,6288.203895,0,0,0
2059,4,8,5,87612.48138,46609.5188,31326.04965,47728.49306,6443.948377,0,0,0
2059,4,8,6,87214.45862,47251.61751,32434.80982,48935.06337,6559.081627,0,0,0
2059,4,8,7,88566.23248,49295.49827,34892.89246,49783.73189,6719.892299,0,0,0
2059,4,8,8,90591.56445,48197.85103,32744.90966,47312.16665,7420.742469,0,0,0
2059,4,8,9,94417.35492,48789.04271,33340.26869,48984.33616,7850.878332,0,0,0
2059,4,8,10,101060.2738,51925.50451,35369.35944,51928.77302,8074.771239,0,0,0
2059,4,8,11,106326.2513,52082.06612,35739.35473,53248.02521,8059.490957,0,0,0
2059,4,8,12,109261.6998,52379.41878,36324.41795,53784.46935,7934.715603,0,0,0
2059,4,8,13,108145.5855,51838.8073,36349.91232,53380.073,8108.273462,0,0,0
2059,4,8,14,104583.9723,49291.08578,35196.21015,51289.04398,8126.658829,0,0,0
2059,4,8,15,108593.9433,52537.61465,37022.73502,53986.95351,8034.486858,0,0,0
2059,4,8,16,108359.8363,51914.55501,36444.61739,53548.31953,7802.667815,0,0,0
2059,4,8,17,108680.5588,51644.41269,35866.90832,52427.30245,7576.813802,0,0,0
2059,4,8,18,104536.2521,51227.75943,35315.59246,51775.80677,8430.385083,0,0,0
2059,4,8,19,101625.0723,52496.83999,38065.63472,55330.47438,8593.15686,0,0,0
2059,4,8,20,99249.68293,54716.64828,41867.81022,55591.6283,8581.635364,0,0,0
2059,4,8,21,99507.9769,54751.29448,42136.56342,56185.18964,8188.597085,0,0,0
2059,4,8,22,101474.7208,54671.13429,41120.38379,55405.15983,7668.985773,0,0,0
2059,4,8,23,100580.2115,53455.98413,38996.26111,53816.82759,7255.110745,0,0,0
2059,4,8,24,99294.54323,52149.234,36977.30274,52757.83048,6988.808926,0,0,0
2059,4,9,1,97427.48884,51060.8203,35656.08945,51017.92111,6731.332083,0,0,0
2059,4,9,2,94344.30374,49955.90063,33625.69129,49904.50332,6503.762103,0,0,0
2059,4,9,3,92283.75357,48939.14901,32571.27009,48745.16297,6303.484177,0,0,0
2059,4,9,4,91170.49921,47353.51329,31729.62887,48056.97827,6286.814778,0,0,0
2059,4,9,5,87593.03374,46599.22299,31318.85893,47717.8704,6442.477548,0,0,0
2059,4,9,6,87194.92928,47241.15828,32427.6191,48924.359,6557.529085,0,0,0
2059,4,9,7,88546.62142,49284.7939,34885.29317,49772.8641,6718.339757,0,0,0
2059,4,9,8,90571.70825,48186.81981,32737.71894,47301.46228,7419.189927,0,0,0
2059,4,9,9,94396.6816,48778.25663,33332.83283,48973.79521,7849.407502,0,0,0
2059,4,9,10,101037.9662,51914.47329,35361.76016,51917.66009,8073.055271,0,0,0
2059,4,9,11,106303.6169,52071.44347,35731.59202,53236.66714,8057.856702,0,0,0
2059,4,9,12,109238.0848,52368.6327,36316.90037,53773.2747,7932.999635,0,0,0
2059,4,9,13,108122.3791,51827.9395,36342.23132,53368.5515,8106.475782,0,0,0
2059,4,9,14,104561.011,49280.54484,35188.856,51278.01276,8124.942861,0,0,0
2059,4,9,15,108570.5735,52526.99199,37014.72717,53975.26859,8032.770891,0,0,0
2059,4,9,16,108336.3847,51903.44207,36436.93639,53536.87974,7801.03356,0,0,0
2059,4,9,17,108656.7804,51633.54489,35859.22732,52415.86267,7575.179547,0,0,0
2059,4,9,18,104513.8628,51217.05506,35308.07489,51765.10241,8428.587402,0,0,0
2059,4,9,19,101603.1733,52485.56363,38057.30002,55318.70775,8591.35918,0,0,0
2059,4,9,20,99228.11077,54705.12678,41858.24983,55579.04454,8579.755971,0,0,0
2059,4,9,21,99486.32303,54739.60956,42127.16645,56172.85102,8186.799405,0,0,0
2059,4,9,22,101452.1681,54659.36765,41110.98682,55392.73949,7667.351518,0,0,0
2059,4,9,23,100558.149,53444.29921,38987.51785,53804.81582,7253.476491,0,0,0
2059,4,9,24,99273.70648,52138.20278,36969.45831,52746.63584,6987.256384,0,0,0
2059,4,10,1,97406.16181,51050.03422,35648.49016,51006.97161,6769.001656,0,0,0
2059,4,10,2,94856.5609,50224.49041,33808.89125,50173.50166,6540.614548,0,0,0
2059,4,10,3,92785.14295,49202.83602,32752.34552,49010.64766,6339.519495,0,0,0
2059,4,10,4,91670.58117,47612.54268,31908.7432,48322.13611,6322.768384,0,0,0
2059,4,10,5,88076.93659,46857.59868,31497.15613,47981.80255,6479.084855,0,0,0
2059,4,10,6,87678.58698,47502.55733,32608.85795,49190.00712,6594.790095,0,0,0
2059,4,10,7,89035.59045,49552.56655,35073.55932,50042.84299,6755.927618,0,0,0
2059,4,10,8,91070.07425,48452.95821,32919.44808,47564.00531,7459.801159,0,0,0
2059,4,10,9,94913.51468,49044.47673,33515.70594,49241.89471,7890.754149,0,0,0
2059,4,10,10,101589.2004,52186.41329,35551.41543,52194.09429,8115.300758,0,0,0
2059,4,10,11,106878.8746,52342.9749,35922.55469,53518.24924,8100.265614,0,0,0
2059,4,10,12,109829.6851,52641.79839,36509.74244,54058.94244,7975.571973,0,0,0
2059,4,10,13,108707.524,52100.20635,36535.40024,53651.68614,8149.538396,0,0,0
2059,4,10,14,105132.6734,49547.82721,35377.85757,51553.71155,8167.84205,0,0,0
2059,4,10,15,109160.1309,52796.97088,37212.39029,54264.44998,8075.506654,0,0,0
2059,4,10,16,108923.3274,52176.8529,36630.35044,53822.62919,7842.298494,0,0,0
2059,4,10,17,109243.8864,51906.71058,36050.59855,52694.74825,7616.444481,0,0,0
2059,4,10,18,105075.1476,51484.25572,35498.46557,52041.29147,8475.081951,0,0,0
2059,4,10,19,102148.6058,52762.89667,38264.19668,55623.33284,8638.344006,0,0,0
2059,4,10,20,99771.41878,54999.6195,42096.76931,55888.00041,8626.985935,0,0,0
2059,4,10,21,100029.059,55032.63145,42368.13732,56484.74855,8230.270583,0,0,0
2059,4,10,22,102003.8108,54953.12495,41345.33896,55698.01829,7708.86159,0,0,0
2059,4,10,23,101104.1536,53730.37551,39204.13832,54098.16455,7293.924297,0,0,0
2059,4,10,24,99809.82377,52417.90548,37169.4911,53027.64595,7026.560212,0,0,0
2059,4,11,1,97934.18954,51323.19991,35839.37112,51280.13729,6751.841981,0,0,0
2059,4,11,2,94623.1076,50103.31042,33725.78939,50051.74968,6523.863437,0,0,0
2059,4,11,3,92557.49125,49084.10741,32670.22422,48890.3665,6323.095235,0,0,0
2059,4,11,4,91443.6649,47495.2849,31827.19388,48201.85496,6306.425836,0,0,0
2059,4,11,5,87857.21103,46740.25918,31416.1788,47862.09339,6462.415456,0,0,0
2059,4,11,6,87458.53457,47383.66529,32526.24637,49069.15398,6577.875558,0,0,0
2059,4,11,7,88813.49523,49430.97799,34988.00609,49920.27388,6738.849655,0,0,0
2059,4,11,8,90843.3214,48332.10507,32836.67307,47444.54129,7441.33408,0,0,0
2059,4,11,9,94678.83569,48923.37845,33432.60408,49119.81588,7871.71508,0,0,0
2059,4,11,10,101338.8326,52064.00761,35465.04506,52068.99208,8096.016551,0,0,0
2059,4,11,11,106616.7401,52219.1801,35835.28549,53391.10422,8081.226545,0,0,0
2059,4,11,12,109560.2782,52517.84016,36421.81953,53927.8752,7956.206053,0,0,0
2059,4,11,13,108442.121,51976.65669,36447.8859,53522.82515,8129.763913,0,0,0
2059,4,11,14,104872.5817,49426.23865,35291.97748,51428.28249,8148.394417,0,0,0
2059,4,11,15,108891.9497,52674.07492,37121.85257,54132.4839,8056.140734,0,0,0
2059,4,11,16,108656.6987,52052.81296,36542.01897,53692.62423,7823.586277,0,0,0
2059,4,11,17,108977.176,51782.91578,35963.57449,52568.01179,7597.568838,0,0,0
2059,4,11,18,104818.9781,51362.9123,35412.09521,51914.55501,8453.918352,0,0,0
2059,4,11,19,101900.8528,52637.30419,38169.57332,55484.74804,8617.01698,0,0,0
2059,4,11,20,99524.15603,54865.61061,41988.09137,55747.37278,8605.577197,0,0,0
2059,4,11,21,99782.04143,54899.60311,42258.56054,56343.14037,8210.659525,0,0,0
2059,4,11,22,101752.871,54820.83202,41238.70383,55559.10663,7690.149372,0,0,0
2059,4,11,23,100856.1554,53600.69739,39105.75618,53964.48251,7275.457218,0,0,0
2059,4,11,24,99566.07466,52291.33245,37077.80941,52899.60209,7008.746835,0,0,0
2059,4,12,1,97694.36264,51198.99654,35752.26534,51155.52537,6713.110142,0,0,0
2059,4,12,2,90794.37547,47971.8336,33033.43735,49574.057,6545.762451,0,0,0
2059,4,12,3,88539.10385,47571.35946,32051.8222,48570.13428,6362.725914,0,0,0
2059,4,12,4,85301.15482,46464.5604,31139.25433,47499.28882,6293.024947,0,0,0
2059,4,12,5,83736.11071,45895.26774,30790.74949,46708.63635,6443.621526,0,0,0
2059,4,12,6,82853.20456,46049.37797,31711.16179,47911.28446,6538.490017,0,0,0
2059,4,12,7,84977.40894,48463.826,33901.5535,48580.83865,6612.276621,0,0,0
2059,4,12,8,84177.35951,46409.15916,31848.27577,46857.92553,7259.441521,0,0,0
2059,4,12,9,86297.31483,46357.68013,31899.50966,46132.07126,7727.246956,0,0,0
2059,4,12,10,90887.44628,48946.25802,33690.40778,49696.62611,8030.728072,0,0,0
2059,4,12,11,95329.02396,49476.65541,34383.57695,50548.56313,8066.599965,0,0,0
2059,4,12,12,96887.8579,49469.38298,34837.49122,51805.87706,7918.373055,0,0,0
2059,4,12,13,97536.73877,48441.76356,34800.31192,51050.68792,8007.848505,0,0,0
2059,4,12,14,93511.89605,46972.97706,33715.08502,49187.9643,8001.474911,0,0,0
2059,4,12,15,94035.34787,48813.63824,34480.07969,50809.71705,7916.248524,0,0,0
2059,4,12,16,94652.6059,48104.78022,33675.04578,49526.17333,7700.118327,0,0,0
2059,4,12,17,92794.37649,47301.87084,33034.58133,47828.75459,7550.5023,0,0,0
2059,4,12,18,90673.84917,46872.71553,32794.34587,47865.85217,8394.022913,0,0,0
2059,4,12,19,89235.86838,48428.28096,36207.65044,52656.17983,8397.781699,0,0,0
2059,4,12,20,93724.34918,51486.29854,39124.55011,52836.35642,8295.313924,0,0,0
2059,4,12,21,93585.43752,51345.50749,38876.47024,53180.53048,8148.721268,0,0,0
2059,4,12,22,91882.54402,51280.13729,38214.67876,52493.16292,7717.114577,0,0,0
2059,4,12,23,92074.24211,49509.42222,36644.89531,50372.22704,7300.624742,0,0,0
2059,4,12,24,90477.90202,48036.22324,34778.41291,49720.40452,7106.311846,0,0,0
2059,4,13,1,90563.86383,47792.71927,33954.74849,48995.77594,6912.080664,0,0,0
2059,4,13,2,88989.99474,46834.06541,32924.26913,48424.60389,6642.346909,0,0,0
2059,4,13,3,86663.79647,45609.92685,31797.53216,47121.12226,6409.220463,0,0,0
2059,4,13,4,85019.491,43944.78464,30988.9846,45830.38782,6325.791755,0,0,0
2059,4,13,5,82910.40347,43185.26472,30446.08515,45602.98127,6410.609579,0,0,0
2059,4,13,6,81156.43951,44532.7078,31447.14793,46517.91882,6405.053113,0,0,0
2059,4,13,7,83006.74279,45130.10964,33058.35973,46464.80554,6636.218454,0,0,0
2059,4,13,8,80810.22263,43638.93385,30567.83714,43394.2042,7161.958222,0,0,0
2059,4,13,9,78413.50626,42673.98811,30055.41654,43360.53855,7706.573633,0,0,0
2059,4,13,10,81100.46629,42742.38167,30744.17323,44000.18588,7829.551307,0,0,0
2059,4,13,11,85149.49597,42936.85799,30995.27648,43804.56558,7893.614095,0,0,0
2059,4,13,12,87157.58655,43204.54893,31273.59007,44044.31076,7782.076205,0,0,0
2059,4,13,13,85258.99104,43473.71069,31251.11907,44380.88553,7885.361108,0,0,0
2059,4,13,14,86755.47816,41858.0864,30935.87132,44146.04312,7951.875278,0,0,0
2059,4,13,15,86494.81452,42484.82312,31341.90192,45257.82665,7837.314017,0,0,0
2059,4,13,16,86402.15227,43015.71079,30835.85492,43915.6949,7700.690316,0,0,0
2059,4,13,17,86438.51444,41408.66633,30777.26689,43602.98025,7586.210767,0,0,0
2059,4,13,18,85266.99889,42251.61496,31267.62504,44578.30351,8473.692835,0,0,0
2059,4,13,19,86286.03847,44945.112,35004.92062,50352.12571,8639.242846,0,0,0
2059,4,13,20,90958.94492,48633.29823,38826.2169,51699.81393,8510.136717,0,0,0
2059,4,13,21,90446.60604,48396.49471,38522.1638,51446.01416,8284.936406,0,0,0
2059,4,13,22,90336.6207,48080.75668,37642.93472,51127.41618,7862.563253,0,0,0
2059,4,13,23,90713.153,46870.99956,36296.63561,49609.92889,7391.24417,0,0,0
2059,4,13,24,89359.1729,46161.89641,34108.36844,48408.6699,6758.215574,0,0,0
2059,4,14,1,84303.93254,42544.30999,31539.81018,45489.23713,6920.660501,0,0,0
2059,4,14,2,96906.40669,51286.26575,34538.25917,51242.38601,6687.207204,0,0,0
2059,4,14,3,94780.81319,50246.14428,33469.53824,50062.12719,6482.271652,0,0,0
2059,4,14,4,93651.21628,48639.42668,32616.8658,49365.93465,6465.275402,0,0,0
2059,4,14,5,89998.0031,47874.84057,32201.60166,49021.92402,6624.370107,0,0,0
2059,4,14,6,89591.40051,48531.97443,33323.51757,50238.62671,6742.199877,0,0,0
2059,4,14,7,90965.2368,50614.4236,35817.14526,51119.73519,6907.259612,0,0,0
2059,4,14,8,93043.84548,49501.5778,33635.90538,48600.93998,7620.775256,0,0,0
2059,4,14,9,96959.60169,50088.60212,34241.06993,50300.40154,8057.448138,0,0,0
2059,4,14,10,103759.981,53267.14599,36301.94694,53292.31351,8285.590108,0,0,0
2059,4,14,11,109180.9676,53429.01893,36676.84499,54650.7061,8269.982974,0,0,0
2059,4,14,12,112221.0084,53740.50789,37283.56209,55212.15434,8142.5111,0,0,0
2059,4,14,13,111051.6991,53177.67054,37308.56618,54788.39207,8320.808299,0,0,0
2059,4,14,14,107390.8049,50596.93708,36128.06223,52636.48706,8340.092505,0,0,0
2059,4,14,15,111519.3411,53903.76995,38014.80939,55427.46741,8243.834898,0,0,0
2059,4,14,16,111274.2846,53252.68283,37406.37633,54965.627,8007.194803,0,0,0
2059,4,14,17,111606.692,52983.43936,36811.42588,53805.71466,7778.889408,0,0,0
2059,4,14,18,107331.0729,52562.9456,36246.87256,53127.33549,8660.978435,0,0,0
2059,4,14,19,104336.0559,53863.077,39103.9585,56834.23393,8832.493475,0,0,0
2059,4,14,20,101918.5844,56186.08848,43053.95235,57120.80051,8820.154852,0,0,0
2059,4,14,21,102184.4777,56225.80087,43335.2076,57740.18308,8406.198112,0,0,0
2059,4,14,22,104218.7164,56142.45388,42278.8253,56925.91563,7870.81624,0,0,0
2059,4,14,23,103281.0627,54887.67305,40074.70585,55267.96414,7453.509278,0,0,0
2059,4,14,24,101959.114,53536.14433,37972.80905,54161.24679,7183.285247,0,0,0
2059,4,15,1,100052.8375,52417.82377,36597.09336,52362.91281,6914.695471,0,0,0
2059,4,15,2,96826.65506,51244.59225,34509.98656,51201.12107,6681.569024,0,0,0
2059,4,15,3,94702.45067,50205.53305,33441.75591,50020.94397,6476.715186,0,0,0
2059,4,15,4,93574.24288,48599.46915,32589.24689,49325.15999,6459.718936,0,0,0
2059,4,15,5,89923.23595,47835.12818,32174.06446,48981.88477,6618.650215,0,0,0
2059,4,15,6,89516.55164,48492.09861,33295.73524,50197.77034,6736.479986,0,0,0
2059,4,15,7,90890.63307,50573.24038,35788.21895,51077.57141,6901.376295,0,0,0
2059,4,15,8,92966.95379,49460.88485,33608.20476,48560.6556,7614.565088,0,0,0
2059,4,15,9,96879.68663,50048.15432,34212.79732,50259.0549,8050.992832,0,0,0
2059,4,15,10,103675.3266,53225.14564,36272.53036,53249.49604,8278.644525,0,0,0
2059,4,15,11,109090.8385,53386.20145,36647.34669,54606.00923,8263.28253,0,0,0
2059,4,15,12,112126.7936,53696.70986,37253.24666,55166.96719,8136.137506,0,0,0
2059,4,15,13,110959.3637,53134.93478,37278.25076,54743.77691,8314.189567,0,0,0
2059,4,15,14,107302.2283,50556.16242,36099.13592,52594.97699,8333.39206,0,0,0
2059,4,15,15,111426.6789,53860.62562,37982.94143,55381.78998,8237.134453,0,0,0
2059,4,15,16,111182.276,53210.92762,37376.06091,54920.84842,8000.657784,0,0,0
2059,4,15,17,111513.3761,52941.60243,36781.27387,53762.65204,7772.597527,0,0,0
2059,4,15,18,107242.4963,52520.70011,36218.10967,53085.09,8653.951139,0,0,0
2059,4,15,19,104250.0123,53820.25953,39070.86484,56786.84055,8824.730765,0,0,0
2059,4,15,20,101834.8289,56139.10366,43016.52791,57072.67171,8812.473854,0,0,0
2059,4,15,21,102099.905,56178.4892,43297.21118,57690.74687,8399.089103,0,0,0
2059,4,15,22,104131.5289,56094.16165,42242.70827,56878.03196,7864.606072,0,0,0
2059,4,15,23,103195.918,54842.56761,40040.95849,55222.28672,7447.380822,0,0,0
2059,4,15,24,101875.0316,53492.75486,37941.51307,54116.95848,7177.238504,0,0,0
2059,4,16,1,99969.98074,52375.57828,36567.43163,52320.66732,6913.142929,0,0,0
2059,4,16,2,96805.49146,51233.56103,34502.5507,51189.763,6680.016482,0,0,0
2059,4,16,3,94681.4505,50194.58355,33434.48348,50010.07618,6475.244356,0,0,0
2059,4,16,4,93553.73298,48588.68307,32582.05617,49314.12877,6458.248106,0,0,0
2059,4,16,5,89902.97119,47824.75066,32166.79203,48971.34383,6617.097673,0,0,0
2059,4,16,6,89496.36859,48481.31253,33288.46281,50186.90255,6734.927444,0,0,0
2059,4,16,7,90870.2866,50562.29087,35780.53795,51066.37677,6899.74204,0,0,0
2059,4,16,8,92946.36218,49450.18049,33600.85061,48549.95123,7612.849121,0,0,0
2059,4,16,9,96858.3596,50037.44995,34205.27975,50248.35053,8049.276864,0,0,0
2059,4,16,10,103652.7739,53214.03271,36264.84936,53237.97454,8276.928557,0,0,0
2059,4,16,11,109066.7332,53374.51653,36639.6657,54594.40602,8261.484849,0,0,0
2059,4,16,12,112102.0346,53684.94323,37245.07539,55154.46514,8134.339826,0,0,0
2059,4,16,13,110934.6047,53123.33157,37270.24291,54731.76514,8312.473599,0,0,0
2059,4,16,14,107278.8585,50545.21291,36091.45492,52583.86406,8331.59438,0,0,0
2059,4,16,15,111402.3285,53848.9407,37974.52501,55369.53307,8235.418485,0,0,0
2059,4,16,16,111157.5171,53199.65127,37368.21648,54908.91836,7998.941816,0,0,0
2059,4,16,17,111488.372,52930.40779,36773.26603,53751.4574,7770.881559,0,0,0
2059,4,16,18,107218.8813,52509.58718,36210.34696,53073.73193,8651.990033,0,0,0
2059,4,16,19,104227.2962,53809.06488,39062.03987,56774.25678,8822.606234,0,0,0
2059,4,16,20,101812.2762,56126.68332,43006.47725,57059.7611,8810.431036,0,0,0
2059,4,16,21,102077.7609,56165.82372,43287.0788,57677.75455,8397.20971,0,0,0
2059,4,16,22,104108.5676,56081.6596,42232.90274,56865.28478,7862.890104,0,0,0
2059,4,16,23,103172.9567,54830.80098,40031.88838,55210.43837,7445.82828,0,0,0
2059,4,16,24,101853.296,53481.23337,37933.17837,54104.94671,7175.522537,0,0,0
2059,4,17,1,99948.16343,52364.30193,36559.58721,52309.22754,6952.038193,0,0,0
2059,4,17,2,97336.86941,51510.64893,34689.67287,51464.56295,6717.931194,0,0,0
2059,4,17,3,95198.20187,50462.02934,33617.92858,50281.28076,6511.933377,0,0,0
2059,4,17,4,94064.35589,48853.51406,32763.37674,49582.55512,6494.855414,0,0,0
2059,4,17,5,90398.80409,48085.00574,32347.62232,49237.40051,6654.685533,0,0,0
2059,4,17,6,89989.25984,48743.61042,33471.66277,50455.9826,6772.678729,0,0,0
2059,4,17,7,91367.42691,50832.26977,35972.6446,51344.36351,6938.719017,0,0,0
2059,4,17,8,93453.88001,49719.50568,33785.19456,48815.9262,7654.604331,0,0,0
2059,4,17,9,97386.38733,50304.32376,34391.09452,50519.88196,8091.604063,0,0,0
2059,4,17,10,104212.3428,53494.38912,36457.69142,53521.1909,8321.298575,0,0,0
2059,4,17,11,109665.4425,53659.122,36836.5934,54891.67697,8305.93658,0,0,0
2059,4,17,12,112727.0554,53978.29196,37446.98757,55457.70112,8177.239015,0,0,0
2059,4,17,13,111544.9989,53404.83196,37471.41967,55027.97382,8357.088755,0,0,0
2059,4,17,14,107860.5715,50816.58092,36284.46042,52860.95196,8376.781525,0,0,0
2059,4,17,15,112016.89,54141.30888,38185.09874,55674.15817,8279.543365,0,0,0
2059,4,17,16,111769.6272,53482.29563,37569.96524,55208.55898,8041.841005,0,0,0
2059,4,17,17,112107.4277,53207.25055,36970.60229,54037.20685,7812.636769,0,0,0
2059,4,17,18,107805.0885,52787.90077,36401.63648,53354.74205,8700.20055,0,0,0
2059,4,17,19,104793.3203,54094.24234,39281.76543,57087.05315,8873.431558,0,0,0
2059,4,17,20,102367.1057,56438.00886,43255.45596,57379.33962,8861.338073,0,0,0
2059,4,17,21,102633.8161,56479.60064,43538.67232,58004.36037,8443.704259,0,0,0
2059,4,17,22,104681.7825,56398.13304,42474.36388,57183.5559,7904.481889,0,0,0
2059,4,17,23,103734.8952,55128.5622,40258.39609,55514.6549,7486.357799,0,0,0
2059,4,17,24,102410.9037,53771.80387,38140.40188,54398.21373,7215.725205,0,0,0
2059,4,18,1,100496.8645,52644.65834,36755.61607,52589.50224,6934.469954,0,0,0
2059,4,18,2,97094.75456,51384.89303,34604.60991,51339.05218,6700.689806,0,0,0
2059,4,18,3,94962.54233,50339.70537,33534.25473,50158.46651,6495.263978,0,0,0
2059,4,18,4,93831.55629,48733.55976,32681.0103,49461.12999,6478.267728,0,0,0
2059,4,18,5,90173.84892,47966.93083,32265.25588,49116.22052,6637.689283,0,0,0
2059,4,18,6,89765.36693,48624.55496,33388.56092,50333.74034,6755.519054,0,0,0
2059,4,18,7,91141.98146,50709.78237,35885.13026,51218.03561,6920.905639,0,0,0
2059,4,18,8,93223.94036,49597.42684,33700.86701,48694.82792,7635.565262,0,0,0
2059,4,18,9,97146.56044,50182.89862,34306.76697,50396.82258,8072.646708,0,0,0
2059,4,18,10,103957.6442,53366.91724,36369.93194,53391.92134,8301.278954,0,0,0
2059,4,18,11,109394.9733,53530.09759,36747.03624,54756.03382,8285.590108,0,0,0
2059,4,18,12,112443.9207,53845.1002,37354.8156,55320.17858,8157.70967,0,0,0
2059,4,18,13,111267.9927,53277.03323,37380.63682,54892.90266,8336.66057,0,0,0
2059,4,18,14,107596.8027,50692.94955,36196.37408,52734.46064,8356.108202,0,0,0
2059,4,18,15,111738.5764,54008.0354,38090.14854,55536.06364,8259.605456,0,0,0
2059,4,18,16,111490.4965,53352.94437,37478.03841,55072.34384,8022.31166,0,0,0
2059,4,18,17,111825.3553,53081.16779,36881.12684,53907.61044,7793.761127,0,0,0
2059,4,18,18,107539.849,52661.00088,36314.61242,53226.61647,8678.056397,0,0,0
2059,4,18,19,104536.6606,53964.4008,39181.83075,56945.77182,8850.551991,0,0,0
2059,4,18,20,102115.1853,56295.58355,43142.44725,57234.29951,8838.131655,0,0,0
2059,4,18,21,102381.242,56337.50219,43424.68305,57856.70545,8422.704085,0,0,0
2059,4,18,22,104422.5896,56254.64547,42365.03224,57038.27065,7885.442821,0,0,0
2059,4,18,23,103480.1966,54993.65447,40155.60147,55375.08954,7467.972433,0,0,0
2059,4,18,24,102157.5125,53640.24636,38046.59565,54264.94026,7197.421551,0,0,0
2059,4,19,1,100247.8041,52517.51331,36666.79433,52461.86694,6894.348999,0,0,0
2059,4,19,2,93173.44189,49219.9957,33902.53405,50853.76022,6723.079096,0,0,0
2059,4,19,3,90870.77688,48814.12852,32908.98885,49838.316,6535.548358,0,0,0
2059,4,19,4,87585.18932,47694.17371,31984.40919,48752.35369,6464.539987,0,0,0
2059,4,19,5,85993.91542,47120.46856,31630.10275,47951.65055,6618.241651,0,0,0
2059,4,19,6,85093.93131,47281.52437,32561.62799,49162.38822,6715.72495,0,0,0
2059,4,19,7,87247.71571,49736.09336,34784.21451,49842.31992,6790.573819,0,0,0
2059,4,19,8,86446.52229,47658.46524,32700.94821,48100.53116,7451.875023,0,0,0
2059,4,19,9,88612.89045,47595.70985,32755.20547,47371.4901,7923.194106,0,0,0
2059,4,19,10,93279.58674,50216.15571,34568.41117,50971.09971,8233.293954,0,0,0
2059,4,19,11,97810.06788,50761.01626,35273.02012,51836.68277,8270.309825,0,0,0
2059,4,19,12,99414.25239,50747.94222,35736.65821,53122.18759,8119.54982,0,0,0
2059,4,19,13,100075.717,49707.4939,35698.17151,52348.85822,8210.4961,0,0,0
2059,4,19,14,95990.24345,48217.5438,34595.04952,50461.86592,8203.959081,0,0,0
2059,4,19,15,96507.15825,50088.27527,35370.91198,52102.4126,8117.261864,0,0,0
2059,4,19,16,97134.30352,49361.44045,34555.50055,50802.11777,7895.656913,0,0,0
2059,4,19,17,95249.51747,48551.74891,33904.33173,49089.33703,7746.204312,0,0,0
2059,4,19,18,93086.33611,48118.83482,33661.48147,49123.41124,8617.01698,0,0,0
2059,4,19,19,91625.47574,49702.59114,37146.52982,54039.00453,8620.612341,0,0,0
2059,4,19,20,96185.37348,52796.88917,40177.09192,54245.16577,8512.751524,0,0,0
2059,4,19,21,96038.53568,52651.35878,39919.53336,54601.02475,8356.35334,0,0,0
2059,4,19,22,94302.46681,52586.64229,39237.3137,53883.91375,7913.388578,0,0,0
2059,4,19,23,94496.20772,50792.39395,37601.17951,51686.57646,7492.976531,0,0,0
2059,4,19,24,92863.17861,49298.11308,35670.96117,51007.62531,7296.865956,0,0,0
2059,4,20,1,92949.79412,49048.80751,34835.36669,50268.61529,6731.495509,0,0,0
2059,4,20,2,86690.02626,45617.68956,32070.04415,47182.97881,6468.135348,0,0,0
2059,4,20,3,84407.05402,44412.91692,30964.87934,45899.76194,6239.74824,0,0,0
2059,4,20,4,82792.00171,42779.72439,30172.42919,44628.8837,6158.117213,0,0,0
2059,4,20,5,80723.85227,42037.11901,29641.62323,44405.31764,6241.055644,0,0,0
2059,4,20,6,79003.96252,43358.08717,30620.37843,45309.71424,6235.744316,0,0,0
2059,4,20,7,80826.07491,43938.41104,32205.76901,45268.85787,6462.170318,0,0,0
2059,4,20,8,78669.022,42481.96317,29757.90046,42248.34645,6975.081186,0,0,0
2059,4,20,9,76326.39946,41543.8192,29256.5928,42210.92201,7512.0156,0,0,0
2059,4,20,10,78953.70919,41610.25166,29931.78517,42834.22679,7634.993273,0,0,0
2059,4,20,11,82917.34906,41798.92638,30177.98565,42641.05787,7699.382912,0,0,0
2059,4,20,12,84882.94901,42059.83516,30452.1319,42873.69404,7587.436458,0,0,0
2059,4,20,13,83023.16706,42323.03189,30430.23288,43203.7318,7691.293351,0,0,0
2059,4,20,14,84483.45543,40743.27949,30122.09414,42972.89331,7755.846415,0,0,0
2059,4,20,15,84233.33273,41355.14449,30519.62662,44061.47043,7642.837696,0,0,0
2059,4,20,16,84147.04408,41875.16436,30024.61084,42747.693,7506.213995,0,0,0
2059,4,20,17,84177.35951,40305.38092,29967.57535,42441.27023,7394.185829,0,0,0
2059,4,20,18,83037.95706,41131.74186,30447.31085,43396.00188,8259.850595,0,0,0
2059,4,20,19,84026.27265,43759.54186,34125.03784,49084.10741,8417.556183,0,0,0
2059,4,20,20,88624.00338,47374.26833,37834.79623,50370.10251,8294.169945,0,0,0
2059,4,20,21,88115.99528,47141.06017,37539.89495,50125.29114,8081.880247,0,0,0
2059,4,20,22,88006.82706,46831.69574,36697.68174,49826.87622,7668.332071,0,0,0
2059,4,20,23,88375.84179,45645.30847,35390.76818,48362.01193,7200.281497,0,0,0
2059,4,20,24,87048.09148,44951.40388,33238.86318,47169.65963,6581.879482,0,0,0
2059,4,21,1,82085.67679,41411.19943,30712.38697,44288.305,6739.830208,0,0,0
2059,4,21,2,94459.11013,50016.69491,33667.28307,49964.80732,6512.015089,0,0,0
2059,4,21,3,92395.94517,48999.04445,32611.88132,48804.89498,6311.573738,0,0,0
2059,4,21,4,91283.01765,47412.01962,31769.99496,48116.71028,6294.822627,0,0,0
2059,4,21,5,87701.87511,46657.6476,31358.97988,47777.27556,6450.648822,0,0,0
2059,4,21,6,87303.85236,47299.82802,32468.0669,48983.60074,6565.945498,0,0,0
2059,4,21,7,88656.11649,49344.93448,34928.11065,49833.49495,6726.837882,0,0,0
2059,4,21,8,90683.32785,48246.96039,32778.4936,47360.54059,7428.341754,0,0,0
2059,4,21,9,94512.30513,48838.07035,33373.77091,49034.0175,7858.559329,0,0,0
2059,4,21,10,101161.9245,51976.65669,35404.16907,51980.66061,8082.452236,0,0,0
2059,4,21,11,106432.0693,52131.25719,35774.49121,53300.23965,8067.580518,0,0,0
2059,4,21,12,109369.4789,52429.67212,36360.28984,53836.84721,7942.641739,0,0,0
2059,4,21,13,108253.0377,51888.2435,36385.62079,53432.12401,8116.117885,0,0,0
2059,4,21,14,104689.3817,49340.11342,35231.01977,51339.86931,8134.503252,0,0,0
2059,4,21,15,108702.131,52587.70456,37058.5252,54040.14851,8042.331281,0,0,0
2059,4,21,16,108468.2691,51964.97177,36479.999,53600.1254,7810.430525,0,0,0
2059,4,21,17,108788.4196,51695.40144,35902.20822,52477.55578,7584.331374,0,0,0
2059,4,21,18,104639.4553,51277.27735,35351.1375,51825.9784,8438.801495,0,0,0
2059,4,21,19,101725.9875,52547.82874,38103.46772,55387.0196,8601.736698,0,0,0
2059,4,21,20,99349.37248,54770.98725,41911.60825,55648.25523,8590.542053,0,0,0
2059,4,21,21,99607.74816,54804.89804,42180.85172,56242.71541,8196.523221,0,0,0
2059,4,21,22,101576.0446,54725.39154,41163.60982,55461.29648,7676.748483,0,0,0
2059,4,21,23,100680.7999,53509.09741,39036.21864,53870.02258,7262.464892,0,0,0
2059,4,21,24,99393.98763,52201.2033,37013.99176,52809.39122,6996.08136,0,0,0
2059,4,22,1,97524.64528,51111.56391,35691.22592,51068.09273,6734.028603,0,0,0
2059,4,22,2,94380.99276,49975.67512,33639.01046,49924.03266,6506.37691,0,0,0
2059,4,22,3,92319.54375,48958.59664,32584.34413,48764.36546,6306.098985,0,0,0
2059,4,22,4,91206.69795,47372.38894,31742.6212,48076.18076,6289.429586,0,0,0
2059,4,22,5,87627.76166,46617.8535,31331.85125,47736.90947,6445.092355,0,0,0
2059,4,22,6,87230.06575,47259.95221,32440.61142,48943.47979,6560.307319,0,0,0
2059,4,22,7,88581.83961,49303.99639,34899.02091,49792.31173,6721.036278,0,0,0
2059,4,22,8,90607.66185,48206.18573,32750.79298,47320.58306,7422.049873,0,0,0
2059,4,22,9,94433.77919,48797.62255,33346.07029,48992.91599,7852.185736,0,0,0
2059,4,22,10,101077.9238,51934.16606,35375.24276,51937.76142,8076.078643,0,0,0
2059,4,22,11,106344.3099,52090.80939,35745.23805,53256.9319,8060.961786,0,0,0
2059,4,22,12,109280.2486,52388.16205,36330.5464,53793.62117,7936.104719,0,0,0
2059,4,22,13,108164.0526,51847.46885,36356.28591,53389.0614,8109.499153,0,0,0
2059,4,22,14,104602.276,49299.66562,35202.3386,51297.86896,8127.966233,0,0,0
2059,4,22,15,108612.5738,52546.43962,37028.94519,53995.77849,8035.875975,0,0,0
2059,4,22,16,108378.6302,51923.37998,36450.82755,53557.1445,7803.975219,0,0,0
2059,4,22,17,108698.9442,51653.31938,35873.03677,52435.80057,7578.039493,0,0,0
2059,4,22,18,104553.9837,51236.42098,35321.80263,51784.46832,8431.855912,0,0,0
2059,4,22,19,101642.3137,52505.17469,38072.00831,55340.36162,8594.545977,0,0,0
2059,4,22,20,99266.67918,54726.04525,41875.4095,55601.43383,8583.187906,0,0,0
2059,4,22,21,99525.54514,54760.52802,42144.1627,56195.07688,8189.986202,0,0,0
2059,4,22,22,101492.0439,54680.69468,41127.73793,55414.72022,7670.293177,0,0,0
2059,4,22,23,100597.7797,53465.13596,39002.96156,53825.81599,7256.418149,0,0,0
2059,4,22,24,99311.78462,52158.14068,36983.67633,52766.98231,6990.034617,0,0,0
2059,4,23,1,97444.23995,51069.40014,35662.05448,51026.41924,6732.557774,0,0,0
2059,4,23,2,94360.728,49964.72561,33631.5746,49913.16487,6504.906081,0,0,0
2059,4,23,3,92299.68756,48947.72885,32577.0717,48753.57938,6304.628156,0,0,0
2059,4,23,4,91186.26977,47361.84799,31735.43048,48065.4764,6287.958757,0,0,0
2059,4,23,5,87608.31403,46607.39427,31324.57882,47726.2051,6443.621526,0,0,0
2059,4,23,6,87210.29127,47249.41126,32433.25727,48932.77542,6558.754776,0,0,0
2059,4,23,7,88561.98341,49293.21031,34891.2582,49781.52565,6719.565449,0,0,0
2059,4,23,8,90587.64223,48195.56308,32743.43883,47309.87869,7420.415618,0,0,0
2059,4,23,9,94412.94244,48786.75475,33338.63443,48982.12991,7850.551481,0,0,0
2059,4,23,10,101055.7796,51923.21656,35367.72519,51926.40335,8074.362675,0,0,0
2059,4,23,11,106321.5937,52079.94159,35737.72047,53245.57383,8059.164106,0,0,0
2059,4,23,12,109256.8788,52377.29425,36322.8654,53782.18139,7934.388752,0,0,0
2059,4,23,13,108140.8462,51836.60105,36348.44149,53377.78504,8107.864899,0,0,0
2059,4,23,14,104579.3147,49289.12468,35194.57589,51286.83774,8126.250265,0,0,0
2059,4,23,15,108589.1222,52535.4084,37021.01905,53984.58385,8034.160007,0,0,0
2059,4,23,16,108355.0152,51912.34876,36442.98313,53545.94986,7802.340964,0,0,0
2059,4,23,17,108675.5743,51642.04302,35865.27406,52424.93278,7576.405239,0,0,0
2059,4,23,18,104531.6762,51225.79832,35314.12163,51773.68224,8430.058232,0,0,0
2059,4,23,19,101620.6598,52494.38861,38064.00046,55328.023,8592.748297,0,0,0
2059,4,23,20,99245.18873,54714.36032,41865.84911,55589.17692,8581.2268,0,0,0
2059,4,23,21,99503.72784,54749.00653,42134.60231,56182.57483,8188.270235,0,0,0
2059,4,23,22,101470.0632,54668.6829,41118.50439,55402.54502,7668.658922,0,0,0
2059,4,23,23,100575.7173,53453.61446,38994.54515,53814.45792,7254.783895,0,0,0
2059,4,23,24,99290.13074,52146.94604,36975.58677,52755.54252,6988.482075,0,0,0
2059,4,24,1,97422.99463,51058.53234,35654.5369,51015.71487,6770.227347,0,0,0
2059,4,24,2,94872.5766,50233.07025,33814.77457,50181.91807,6541.840239,0,0,0
2059,4,24,3,92800.91351,49210.92558,32758.14713,49018.98236,6340.745187,0,0,0
2059,4,24,4,91686.43345,47620.63224,31914.38138,48330.47081,6323.912362,0,0,0
2059,4,24,5,88092.29858,46865.76995,31502.87602,47990.30068,6480.228834,0,0,0
2059,4,24,6,87693.78555,47510.97374,32614.65956,49198.42353,6595.934073,0,0,0
2059,4,24,7,89051.03416,49560.98296,35079.36093,50051.34111,6757.153309,0,0,0
2059,4,24,8,91085.92652,48461.37462,32925.16797,47572.42172,7461.02685,0,0,0
2059,4,24,9,94929.6938,49052.81143,33521.26241,49250.55626,7892.143265,0,0,0
2059,4,24,10,101606.2784,52194.99313,35557.29874,52202.75584,8116.689874,0,0,0
2059,4,24,11,106896.688,52351.63645,35928.43801,53526.91079,8101.573018,0,0,0
2059,4,24,12,109848.5607,52650.13309,36515.95261,54067.76741,7976.879377,0,0,0
2059,4,24,13,108725.5825,52108.70448,36541.69212,53660.26598,8150.8458,0,0,0
2059,4,24,14,105150.8136,49556.40705,35383.74088,51562.20967,8169.149453,0,0,0
2059,4,24,15,109178.7614,52805.63243,37218.60046,54273.27495,8076.89577,0,0,0
2059,4,24,16,108941.631,52185.35103,36636.31547,53831.6176,7843.605898,0,0,0
2059,4,24,17,109262.3535,51914.80014,36056.56358,52703.81836,7617.670172,0,0,0
2059,4,24,18,105093.2061,51492.75384,35504.59403,52049.70788,8476.634493,0,0,0
2059,4,24,19,102165.3569,52771.55822,38270.65198,55632.89323,8639.814835,0,0,0
2059,4,24,20,99788.2516,55008.93475,42104.20517,55897.72422,8628.538477,0,0,0
2059,4,24,21,100046.137,55041.9467,42375.57318,56494.47236,8231.577987,0,0,0
2059,4,24,22,102021.3791,54962.27678,41352.61139,55707.66039,7710.087281,0,0,0
2059,4,24,23,101121.1498,53739.69076,39210.83877,54107.07124,7295.231701,0,0,0
2059,4,24,24,99826.49316,52426.73046,37175.86469,53036.55264,7027.867616,0,0,0
2059,4,25,1,97950.77722,51331.94317,35845.41786,51288.71713,6753.067672,0,0,0
2059,4,25,2,94639.1233,50111.72683,33731.591,50060.2478,6525.007415,0,0,0
2059,4,25,3,92573.50695,49092.27868,32676.02582,48898.78292,6324.239213,0,0,0
2059,4,25,4,91459.59888,47503.53788,31832.83206,48210.27137,6307.569814,0,0,0
2059,4,25,5,87872.57303,46748.51217,31421.81698,47870.26466,6463.559435,0,0,0
2059,4,25,6,87473.81486,47391.83657,32532.04798,49077.40697,6579.101249,0,0,0
2059,4,25,7,88828.6938,49439.3944,34993.8894,49928.69029,6740.075346,0,0,0
2059,4,25,8,90858.7651,48340.60319,32842.39296,47452.71256,7442.641483,0,0,0
2059,4,25,9,94694.9331,48931.87658,33438.32397,49128.23229,7873.104197,0,0,0
2059,4,25,10,101356.2374,52072.75087,35470.92838,52077.49021,8097.323955,0,0,0
2059,4,25,11,106634.4718,52227.84165,35841.25052,53399.68405,8082.452236,0,0,0
2059,4,25,12,109578.7452,52526.50172,36427.78456,53937.02703,7957.59517,0,0,0
2059,4,25,13,108460.343,51985.0731,36454.01435,53531.97698,8131.153029,0,0,0
2059,4,25,14,104890.7219,49434.73678,35298.02422,51437.02575,8149.865247,0,0,0
2059,4,25,15,108910.4167,52682.2462,37127.98103,54141.30888,8057.529851,0,0,0
2059,4,25,16,108675.084,52061.47451,36548.06571,53701.4492,7824.89368,0,0,0
2059,4,25,17,108995.5614,51791.25048,35969.53952,52576.75505,7598.794529,0,0,0
2059,4,25,18,104836.8732,51371.41042,35418.14195,51923.21656,8455.389181,0,0,0
2059,4,25,19,101917.6856,52646.12917,38176.11034,55494.30843,8618.406097,0,0,0
2059,4,25,20,99540.90714,54874.92586,41995.52723,55757.01489,8607.129739,0,0,0
2059,4,25,21,99799.36453,54908.91836,42265.91469,56352.70076,8212.048642,0,0,0
2059,4,25,22,101770.1124,54830.06556,41246.05798,55568.66702,7691.375064,0,0,0
2059,4,25,23,100873.2334,53609.84922,39112.62005,53973.71605,7276.764622,0,0,0
2059,4,25,24,99582.82577,52299.91229,37084.183,52908.42706,7009.972526,0,0,0
2059,4,26,1,97710.95033,51208.06666,35758.23037,51164.18692,6714.335833,0,0,0
2059,4,26,2,90810.14602,47980.1683,33039.32067,49582.47341,6546.988142,0,0,0
2059,4,26,3,88554.71098,47579.61244,32057.5421,48578.6324,6363.869892,0,0,0
2059,4,26,4,85316.27167,46472.8951,31144.97422,47507.86866,6294.168925,0,0,0
2059,4,26,5,83751.22757,45903.3573,30796.30596,46716.80762,6444.765504,0,0,0
2059,4,26,6,82868.32141,46057.63095,31716.79997,47919.70087,6539.633995,0,0,0
2059,4,26,7,84992.68922,48472.32413,33907.60024,48589.17335,6613.420599,0,0,0
2059,4,26,8,84192.55808,46417.57557,31853.83224,46866.17851,7260.667212,0,0,0
2059,4,26,9,86313.00367,46365.93312,31905.39297,46140.40596,7728.55436,0,0,0
2059,4,26,10,90903.46197,48954.67443,33696.20938,49704.96081,8032.117189,0,0,0
2059,4,26,11,95345.36651,49485.15354,34389.29684,50557.38811,8067.907369,0,0,0
2059,4,26,12,96904.77244,49477.63597,34843.53796,51814.62033,7919.517033,0,0,0
2059,4,26,13,97553.89844,48450.26169,34806.19524,51059.34947,8009.237622,0,0,0
2059,4,26,14,93528.07518,46981.5569,33721.05005,49196.62585,8002.782315,0,0,0
2059,4,26,15,94051.69041,48822.21808,34485.96301,50818.46031,7917.555927,0,0,0
2059,4,26,16,94669.52044,48113.11492,33680.84739,49534.99831,7701.425731,0,0,0
2059,4,26,17,92810.71903,47310.28725,33040.21951,47837.00758,7551.727991,0,0,0
2059,4,26,18,90690.19172,46881.21366,32800.14748,47874.3503,8395.575455,0,0,0
2059,4,26,19,89251.88408,48436.77909,36213.69718,52665.24995,8399.170816,0,0,0
2059,4,26,20,93740.93686,51495.0418,39131.16885,52845.8351,8296.621328,0,0,0
2059,4,26,21,93601.53493,51354.08732,38883.25239,53189.68231,8150.110385,0,0,0
2059,4,26,22,91898.64143,51288.96227,38221.3792,52502.06961,7718.42198,0,0,0
2059,4,26,23,92090.25781,49518.08377,36651.18719,50380.72517,7301.850433,0,0,0
2059,4,26,24,90493.91772,48044.88479,34784.37794,49728.90264,7107.455825,0,0,0
2059,4,27,1,90579.79781,47801.05397,33960.79523,49004.35578,6761.97436,0,0,0
2059,4,27,2,87083.63652,45825.64848,32215.81967,47395.84049,6497.797073,0,0,0
2059,4,27,3,84793.22843,44617.85248,31106.97779,46107.966,6268.67455,0,0,0
2059,4,27,4,83173.27336,42978.77663,30311.99455,44834.30952,6186.716672,0,0,0
2059,4,27,5,81098.0149,42232.90274,29779.22748,44610.41662,6269.981954,0,0,0
2059,4,27,6,79371.91499,43558.85537,30761.49633,45517.10118,6264.588913,0,0,0
2059,4,27,7,81199.82898,44142.28433,32351.9531,45473.63,6491.832043,0,0,0
2059,4,27,8,79034.68651,42679.38115,29896.15841,42444.62045,7007.030867,0,0,0
2059,4,27,9,76682.58529,41736.90641,29393.13479,42407.44115,7545.354397,0,0,0
2059,4,27,10,79320.76281,41803.66572,30070.61511,43033.52416,7668.658922,0,0,0
2059,4,27,11,83299.19269,41993.32099,30318.04129,42839.94668,7732.72171,0,0,0
2059,4,27,12,85271.98337,42255.29203,30592.43267,43073.64512,7620.775256,0,0,0
2059,4,27,13,83406.31809,42519.55103,30570.61537,43405.07199,7724.795574,0,0,0
2059,4,27,14,84870.28354,40933.67018,30261.16922,43173.25295,7789.757202,0,0,0
2059,4,27,15,84618.93515,41547.90484,30659.92739,44265.99742,7676.421632,0,0,0
2059,4,27,16,84531.82937,42070.04925,30163.35907,42947.23551,7539.47108,0,0,0
2059,4,27,17,84562.38994,40493.64707,30105.83331,42639.42362,7427.197776,0,0,0
2059,4,27,18,83419.14699,41323.03138,30587.20306,43597.99577,8295.8042,0,0,0
2059,4,27,19,84412.44706,43961.78089,34276.53326,49300.64617,8455.389181,0,0,0
2059,4,27,20,89023.98724,47589.17284,38002.96105,50596.61023,8330.123551,0,0,0
2059,4,27,21,88515.97914,47355.39269,37705.52667,50349.02062,8116.117885,0,0,0
2059,4,27,22,88404.93153,47044.72085,36858.4107,50047.25548,7701.99772,0,0,0
2059,4,27,23,88774.92681,45855.39192,35544.87841,48575.60903,7233.048306,0,0,0
2059,4,27,24,87443.09087,45159.03595,33387.1718,47382.4396,6611.94977,0,0,0
2059,4,28,1,82464.8239,41604.53177,30853.91344,44493.64911,6770.30906,0,0,0
2059,4,28,2,94873.31201,50233.47881,33814.93799,50182.32663,6541.921952,0,0,0
2059,4,28,3,92801.73063,49211.33415,32758.39227,49019.39092,6340.745187,0,0,0
2059,4,28,4,91687.08715,47621.0408,31914.78994,48330.96109,6323.994075,0,0,0
2059,4,28,5,88093.034,46866.17851,31503.20287,47990.79095,6480.310546,0,0,0
2059,4,28,6,87694.52097,47511.38231,32614.90469,49198.8321,6595.934073,0,0,0
2059,4,28,7,89051.85129,49561.30981,35079.60607,50051.74968,6757.235022,0,0,0
2059,4,28,8,91086.49851,48461.8649,32925.49482,47572.912,7461.108563,0,0,0
2059,4,28,9,94930.42922,49053.30171,33521.67097,49250.96483,7892.143265,0,0,0
2059,4,28,10,101606.9321,52195.40169,35557.6256,52203.1644,8116.771587,0,0,0
2059,4,28,11,106897.3417,52351.88159,35928.76486,53527.23764,8101.65473,0,0,0
2059,4,28,12,109849.3778,52650.37823,36516.19775,54068.17598,7976.961089,0,0,0
2059,4,28,13,108726.4814,52108.8679,36541.93726,53660.59283,8150.927512,0,0,0
2059,4,28,14,105151.6307,49556.81561,35383.98602,51562.53652,8169.149453,0,0,0
2059,4,28,15,109179.1699,52806.041,37218.8456,54273.84694,8076.977483,0,0,0
2059,4,28,16,108942.3664,52185.75959,36636.56061,53831.94445,7843.687611,0,0,0
2059,4,28,17,109263.1706,51915.127,36056.89044,52704.0635,7617.751885,0,0,0
2059,4,28,18,105093.9415,51493.24412,35504.83917,52050.19815,8476.634493,0,0,0
2059,4,28,19,102166.174,52771.88507,38270.97883,55633.13837,8639.896548,0,0,0
2059,4,28,20,99788.98702,55009.34332,42104.61374,55897.96936,8628.538477,0,0,0
2059,4,28,21,100046.6273,55042.35526,42375.81832,56494.88093,8231.659699,0,0,0
2059,4,28,22,102021.9511,54962.52192,41352.93824,55708.06895,7710.168994,0,0,0
2059,4,28,23,101121.8852,53740.01761,39211.16562,54107.47981,7295.313413,0,0,0
2059,4,28,24,99827.14687,52427.05731,37176.02812,53036.9612,7027.867616,0,0,0
2059,4,29,1,97951.59435,51332.27002,35845.663,51289.20741,6764.507455,0,0,0
2059,4,29,2,94795.43977,50193.19443,33787.48251,50141.87883,6536.283773,0,0,0
2059,4,29,3,92725.73778,49171.62176,32731.0185,48979.02483,6335.270433,0,0,0
2059,4,29,4,91611.99314,47581.81869,31887.66131,48290.75842,6318.519321,0,0,0
2059,4,29,5,88019.32911,46827.20154,31476.07424,47950.42486,6474.75408,0,0,0
2059,4,29,6,87621.06121,47471.34306,32587.53093,49158.54772,6590.377607,0,0,0
2059,4,29,7,88977.65612,49520.69858,35051.25175,50011.22016,6751.51513,0,0,0
2059,4,29,8,91010.7508,48421.66223,32897.87591,47532.95447,7454.898394,0,0,0
2059,4,29,9,94852.31184,49012.93561,33493.88864,49210.19017,7885.687959,0,0,0
2059,4,29,10,101523.7485,52154.54532,35528.94442,52161.08234,8110.071142,0,0,0
2059,4,29,11,106810.8079,52310.45323,35899.75684,53485.56414,8095.281137,0,0,0
2059,4,29,12,109758.6767,52609.767,36486.69945,54024.86823,7970.42407,0,0,0
2059,4,29,13,108637.823,52068.17496,36512.52067,53618.10221,8144.227068,0,0,0
2059,4,29,14,105064.5249,49516.04095,35355.46828,51521.27159,8162.77586,0,0,0
2059,4,29,15,109090.8385,52764.85778,37188.77531,54229.64035,8070.603889,0,0,0
2059,4,29,16,108853.7898,52144.33123,36606.81717,53788.14642,7837.39573,0,0,0
2059,4,29,17,109174.9209,51874.51576,36027.8007,52661.7363,7611.541717,0,0,0
2059,4,29,18,105008.47,51452.38775,35476.07628,52008.27952,8469.525485,0,0,0
2059,4,29,19,102083.5625,52730.12986,38239.356,55586.88896,8632.869252,0,0,0
2059,4,29,20,99706.94743,54964.56473,42068.41499,55851.06625,8621.347756,0,0,0
2059,4,29,21,99964.99626,54998.47552,42339.37444,56447.40582,8225.204393,0,0,0
2059,4,29,22,101938.2772,54918.88731,41317.47491,55661.81954,7703.958825,0,0,0
2059,4,29,23,101039.0285,53696.05616,39178.3171,54063.10979,7289.184958,0,0,0
2059,4,29,24,99746.41468,52384.97525,37145.54927,52994.30715,7021.984299,0,0,0
2059,4,30,1,97871.1073,51291.16851,35816.65498,51247.94247,6762.954913,0,0,0
2059,4,30,2,94774.19446,50182.57177,33779.96494,50130.92932,6534.731231,0,0,0
2059,4,30,3,92705.47302,49161.08081,32723.74606,48968.15703,6333.799604,0,0,0
2059,4,30,4,91591.64667,47571.52288,31880.38888,48280.13576,6317.048492,0,0,0
2059,4,30,5,88000.0449,46816.66059,31468.80181,47939.8022,6473.201538,0,0,0
2059,4,30,6,87601.45016,47460.72041,32580.01336,49147.59821,6588.906777,0,0,0
2059,4,30,7,88957.6365,49509.9125,35043.48904,50000.27065,6749.962588,0,0,0
2059,4,30,8,90990.40433,48410.87615,32890.52177,47522.08668,7453.345852,0,0,0
2059,4,30,9,94831.5568,49002.06782,33486.37107,49199.32237,7884.053704,0,0,0
2059,4,30,10,101501.4409,52143.5141,35521.26343,52150.21455,8108.436888,0,0,0
2059,4,30,11,106787.3563,52299.50372,35891.91241,53474.12436,8093.565169,0,0,0
2059,4,30,12,109734.4897,52598.8992,36478.77331,54012.77474,7968.708103,0,0,0
2059,4,30,13,108614.2898,52057.30716,36504.43111,53606.58071,8142.429387,0,0,0
2059,4,30,14,105041.2368,49505.09145,35347.86899,51510.07694,8160.978179,0,0,0
2059,4,30,15,109066.7332,52753.98998,37180.84917,54218.03714,8068.806209,0,0,0
2059,4,30,16,108829.848,52133.30001,36598.89104,53776.54321,7835.679762,0,0,0
2059,4,30,17,109150.5705,51863.32112,36019.79285,52650.29652,7609.825749,0,0,0
2059,4,30,18,104985.5904,51441.60167,35468.39528,51997.00316,8467.646092,0,0,0
2059,4,30,19,102061.6635,52718.60837,38231.0213,55574.55034,8630.908146,0,0,0
2059,4,30,20,99684.88499,54952.55296,42058.52775,55838.72762,8619.38665,0,0,0
2059,4,30,21,99943.09724,54986.46375,42329.81405,56434.98549,8223.488425,0,0,0
2059,4,30,22,101915.8879,54907.03897,41308.07795,55649.31749,7702.324571,0,0,0
2059,4,30,23,101016.8026,53684.94323,39169.57383,54051.42487,7287.46899,0,0,0
2059,4,30,24,99724.27053,52373.69889,37137.13286,52982.78565,7020.431757,0,0,0
2059,5,1,1,97849.9437,51280.30072,35809.0557,51236.74783,6801.196476,0,0,0
2059,5,1,2,95291.59953,50447.32105,33964.96258,50401.4802,6572.073953,0,0,0
2059,5,1,3,93207.5161,49425.9118,32905.88376,49234.45885,6369.998347,0,0,0
2059,5,1,4,92093.11775,47829.65343,32060.72889,48545.45703,6353.165523,0,0,0
2059,5,1,5,88486.97112,47075.1997,31647.75271,48204.30634,6509.890558,0,0,0
2059,5,1,6,88086.08842,47724.08057,32761.49735,49413.32804,6626.2495,0,0,0
2059,5,1,7,89447.91294,49778.09371,35232.00033,50271.96551,6787.959012,0,0,0
2059,5,1,8,91492.4474,48677.4231,33073.39488,47785.93711,7493.875371,0,0,0
2059,5,1,9,95349.61557,49268.53306,33670.30644,49467.25845,7926.135765,0,0,0
2059,5,1,10,102052.5116,52416.1078,35712.47124,52429.34527,8151.417789,0,0,0
2059,5,1,11,107367.5168,52573.73168,36084.18249,53755.78817,8136.219219,0,0,0
2059,5,1,12,110332.9538,52871.65633,36673.98505,54302.60983,8011.28044,0,0,0
2059,5,1,13,109204.3375,52330.30943,36698.41716,53892.33016,8185.655427,0,0,0
2059,5,1,14,105615.9225,49772.29211,35538.25968,51784.55004,8204.285932,0,0,0
2059,5,1,15,109657.8432,53030.01562,37380.55511,54508.28079,8110.969983,0,0,0
2059,5,1,16,109421.2848,52405.812,36795.5736,54064.41719,7876.944696,0,0,0
2059,5,1,17,109745.6844,52135.58797,36212.22635,52931.63348,7651.580959,0,0,0
2059,5,1,18,105553.6574,51713.62338,35658.13227,52273.76421,8514.71263,0,0,0
2059,5,1,19,102611.7536,52997.33052,38440.6962,55879.58399,8678.628386,0,0,0
2059,5,1,20,100228.6833,55250.64104,42300.56089,56149.48117,8667.025177,0,0,0
2059,5,1,21,100489.0201,55284.14326,42571.76547,56749.49782,8267.368167,0,0,0
2059,5,1,22,102472.1065,55198.83516,41543.65578,55957.53795,7743.507792,0,0,0
2059,5,1,23,101567.1379,53974.77832,39387.99199,54347.3067,7328.32536,0,0,0
2059,5,1,24,100267.2517,52654.46387,37339.78045,53266.73743,7059.89901,0,0,0
2059,5,2,1,98383.69132,51556.73492,36000.75378,51512.03805,6783.709949,0,0,0
2059,5,2,2,95056.0217,50326.95818,33880.22647,50278.3391,6554.99599,0,0,0
2059,5,2,3,92977.98501,49305.63065,32822.78191,49113.60571,6353.492374,0,0,0
2059,5,2,4,91864.07694,47712.23222,31978.36245,48425.3393,6336.741262,0,0,0
2059,5,2,5,88265.03932,46957.20651,31566.20339,48084.18861,6493.221159,0,0,0
2059,5,2,6,87865.62744,47604.20798,32679.0492,49292.06633,6609.171537,0,0,0
2059,5,2,7,89224.51031,49655.60631,35145.95681,50147.51701,6770.554198,0,0,0
2059,5,2,8,91264.14201,48555.5077,32989.80275,47665.98281,7475.65343,0,0,0
2059,5,2,9,95113.38404,49147.5165,33586.46917,49345.17961,7906.933271,0,0,0
2059,5,2,10,101801.1632,52291.98615,35625.36546,52302.36367,8131.806731,0,0,0
2059,5,2,11,107102.9309,52449.03804,35996.58643,53627.33575,8116.771587,0,0,0
2059,5,2,12,110060.5236,52747.12611,36585.65358,54170.15348,7991.914521,0,0,0
2059,5,2,13,108934.8488,52205.12551,36610.49425,53761.18121,8165.962657,0,0,0
2059,5,2,14,105353.9515,49651.60239,35451.23561,51659.61126,8184.593161,0,0,0
2059,5,2,15,109389.0083,52903.44258,37289.20027,54375.33417,8091.685776,0,0,0
2059,5,2,16,109150.7339,52281.3635,36706.01644,53933.02311,7858.150766,0,0,0
2059,5,2,17,109473.1724,52010.7309,36124.6303,52803.75304,7632.460178,0,0,0
2059,5,2,18,105294.4646,51588.76631,35571.7619,52147.68145,8493.22218,0,0,0
2059,5,2,19,102360.3235,52870.02207,38344.68373,55741.16261,8656.811085,0,0,0
2059,5,2,20,99980.60339,55113.93562,42190.00355,56008.11813,8645.289588,0,0,0
2059,5,2,21,100240.0413,55148.09155,42461.86184,56606.01025,8246.939982,0,0,0
2059,5,2,22,102218.3885,55066.37881,41436.36695,55816.0932,7724.959,0,0,0
2059,5,2,23,101315.6261,53841.83169,39288.22073,54212.56239,7309.694856,0,0,0
2059,5,2,24,100019.2535,52526.74685,37247.60848,53136.81417,7041.840494,0,0,0
2059,5,3,1,98139.45194,51430.65216,35913.56629,51386.52728,6744.814685,0,0,0
2059,5,3,2,91212.82641,48192.21286,33186.89387,49799.33902,6577.140143,0,0,0
2059,5,3,3,88952.08003,47791.16673,32203.31762,48794.7626,6393.286478,0,0,0
2059,5,3,4,85704.32547,46683.06026,31288.70693,47721.13891,6323.25866,0,0,0
2059,5,3,5,84135.27744,46111.07108,30938.89469,46928.11677,6474.345516,0,0,0
2059,5,3,6,83249.18449,46267.87783,31861.75837,48132.72598,6569.867709,0,0,0
2059,5,3,7,85378.94534,48690.98742,34058.11511,48802.19846,6643.981164,0,0,0
2059,5,3,8,84578.16049,46630.35555,31998.87235,47078.3865,7293.515733,0,0,0
2059,5,3,9,86706.94079,46574.95431,32051.00508,46351.0614,7761.729733,0,0,0
2059,5,3,10,91311.04512,49172.27546,33845.82541,49923.37896,8066.76339,0,0,0
2059,5,3,11,95766.6774,49701.85572,34541.28254,50776.86853,8101.981581,0,0,0
2059,5,3,12,97334.2546,49694.74672,34995.03338,52037.12412,7954.244948,0,0,0
2059,5,3,13,97988.28337,48665.16619,34958.91635,51277.68591,8043.883823,0,0,0
2059,5,3,14,93949.30435,47193.68317,33870.82951,49414.30859,8037.591942,0,0,0
2059,5,3,15,94472.83788,49038.67513,34637.867,51039.49328,7951.875278,0,0,0
2059,5,3,16,95092.05702,48327.44744,33830.87198,49752.19077,7734.764528,0,0,0
2059,5,3,17,93228.026,47523.39408,33188.69155,48052.23893,7585.311927,0,0,0
2059,5,3,18,91100.22625,47093.1765,32948.70124,48089.09138,8433.326741,0,0,0
2059,5,3,19,89658.65009,48653.31785,36370.74907,52899.35695,8436.922102,0,0,0
2059,5,3,20,94159.38781,51715.74791,39308.48549,53083.70089,8332.574933,0,0,0
2059,5,3,21,94017.37106,51574.79343,39059.50677,53428.8555,8184.920012,0,0,0
2059,5,3,22,92311.29077,51510.73065,38394.5285,52736.91202,7751.760778,0,0,0
2059,5,3,23,92502.25344,49737.48248,36813.46869,50602.65697,7335.025805,0,0,0
2059,5,3,24,90901.41915,48261.01498,34936.20021,49946.91223,7139.977495,0,0,0
2059,5,4,1,90985.41985,48015.05964,34110.6564,49221.46653,6843.605388,0,0,0
2059,5,4,2,88120.6529,46373.69583,32601.50381,47955.89961,6576.404728,0,0,0
2059,5,4,3,85810.71546,45158.30054,31482.36612,46659.36357,6345.075962,0,0,0
2059,5,4,4,84177.60464,43504.35297,30680.519,45376.47355,6262.382669,0,0,0
2059,5,4,5,82084.28767,42750.79808,30141.37835,45150.86468,6346.383366,0,0,0
2059,5,4,6,80342.25377,44089.17105,31134.84184,46062.452,6340.990325,0,0,0
2059,5,4,7,82182.83324,44680.44444,32737.06524,46012.60723,6570.357986,0,0,0
2059,5,4,8,80000.5311,43201.19871,30261.82293,42961.61695,7091.276702,0,0,0
2059,5,4,9,77623.67092,42246.46705,29753.24283,42925.58163,7633.195593,0,0,0
2059,5,4,10,80288.48679,42314.37034,30437.09675,43559.34564,7756.254979,0,0,0
2059,5,4,11,84306.8742,42506.31357,30686.56575,43364.54247,7820.808043,0,0,0
2059,5,4,12,86296.25256,42771.38969,30962.50967,43601.50942,7709.025015,0,0,0
2059,5,4,13,84414.16303,43038.01836,30940.2838,43935.87795,7812.636769,0,0,0
2059,5,4,14,85894.38931,41436.28524,30628.30456,43702.26123,7877.189834,0,0,0
2059,5,4,15,85637.32103,42057.30206,31030.90323,44805.71007,7764.099402,0,0,0
2059,5,4,16,85548.90784,42584.67608,30529.67729,43473.87412,7627.312275,0,0,0
2059,5,4,17,85582.24664,40991.11423,30471.25268,43163.36571,7513.404716,0,0,0
2059,5,4,18,84425.35767,41828.01611,30957.52519,44131.33482,8391.653244,0,0,0
2059,5,4,19,85431.8952,44496.7542,34672.92176,49871.98165,8555.650713,0,0,0
2059,5,4,20,90077.75474,48158.87406,38449.6846,51195.4829,8427.60685,0,0,0
2059,5,4,21,89568.2758,47922.07054,38147.51088,50943.31738,8207.472728,0,0,0
2059,5,4,22,89458.45388,47608.29362,37284.86949,50634.03466,7789.838915,0,0,0
2059,5,4,23,89828.69431,46408.7506,35953.11526,49138.77323,7319.418672,0,0,0
2059,5,4,24,88486.8894,45705.20391,33780.45522,47941.59988,6691.619691,0,0,0
2059,5,5,1,83465.31469,42115.31811,31226.9321,45035.32286,6852.185225,0,0,0
2059,5,5,2,95976.92428,50804.07887,34209.52881,50758.31974,6620.938172,0,0,0
2059,5,5,3,93874.45548,49774.66178,33146.11922,49586.72247,6417.963726,0,0,0
2059,5,5,4,92756.05321,48173.33721,32298.02269,48895.92297,6400.885763,0,0,0
2059,5,5,5,89130.13209,47416.67724,31883.41225,48553.46488,6558.591351,0,0,0
2059,5,5,6,88726.30773,48067.84607,33001.16082,49764.28426,6675.603994,0,0,0
2059,5,5,7,90092.62646,50134.68811,35480.48877,50632.31869,6838.702623,0,0,0
2059,5,5,8,92154.15717,49028.13418,33313.3852,48133.05283,7547.887492,0,0,0
2059,5,5,9,96032.32552,49618.3453,33912.42129,49823.36257,7982.190705,0,0,0
2059,5,5,10,102779.5099,52776.05242,35964.06476,52797.54287,8208.12643,0,0,0
2059,5,5,11,108136.1068,52933.75801,36335.36745,54134.19987,8192.846148,0,0,0
2059,5,5,12,111132.3496,53239.20023,36931.95217,54686.08772,8067.66223,0,0,0
2059,5,5,13,109988.7798,52690.41747,36958.59052,54273.27495,8242.445781,0,0,0
2059,5,5,14,106372.0105,50124.14716,35789.77149,52147.43632,8261.729988,0,0,0
2059,5,5,15,110447.1882,53399.60234,37648.81803,54896.9883,8167.433486,0,0,0
2059,5,5,16,110203.4391,52765.6749,37054.76641,54445.03513,7932.264221,0,0,0
2059,5,5,17,110533.2318,52495.69601,36465.94441,53303.58987,7706.083357,0,0,0
2059,5,5,18,106305.9866,52075.12054,35909.64408,52637.05905,8577.549727,0,0,0
2059,5,5,19,103342.5106,53364.46586,38721.13432,56284.63405,8743.75344,0,0,0
2059,5,5,20,100948.0822,55648.17352,42620.22113,56562.21222,8731.741667,0,0,0
2059,5,5,21,101210.8704,55682.32944,42895.8382,57169.17446,8325.547637,0,0,0
2059,5,5,22,103212.3423,55595.14195,41855.88016,56366.91878,7798.255327,0,0,0
2059,5,5,23,102296.4242,54362.66869,39679.70647,54737.40332,7381.765492,0,0,0
2059,5,5,24,100984.6895,53029.60705,37608.69708,53646.12968,7112.440302,0,0,0
2059,5,6,1,99092.9579,51923.95197,36253.65471,51873.12665,6846.220195,0,0,0
2059,5,6,2,95896.84579,50762.89565,34181.09278,50716.64624,6615.21828,0,0,0
2059,5,6,3,93796.50153,49734.13226,33118.25517,49545.29411,6412.325547,0,0,0
2059,5,6,4,92679.07981,48133.21626,32270.32207,48854.90318,6395.329297,0,0,0
2059,5,6,5,89055.20151,47377.12828,31855.95677,48512.93536,6552.871459,0,0,0
2059,5,6,6,88651.94914,48028.13367,32973.13335,49723.59131,6669.884103,0,0,0
2059,5,6,7,90018.02272,50093.17804,35451.23561,50590.23663,6832.737593,0,0,0
2059,5,6,8,92077.02034,48987.68638,33285.52115,48092.52331,7541.513899,0,0,0
2059,5,6,9,95952.81902,49577.81579,33884.06697,49782.34277,7975.653685,0,0,0
2059,5,6,10,102694.692,52733.80694,35934.56646,52754.7254,8201.425986,0,0,0
2059,5,6,11,108046.3862,52891.67595,36305.86915,54090.48356,8186.227416,0,0,0
2059,5,6,12,111038.4616,53195.97419,36901.55503,54641.14571,8060.961786,0,0,0
2059,5,6,13,109897.5066,52649.07082,36927.94824,54228.41466,8235.827049,0,0,0
2059,5,6,14,106284.0059,50082.96394,35760.27319,52105.76282,8254.94783,0,0,0
2059,5,6,15,110354.9346,53356.94829,37617.35863,54851.39259,8160.896467,0,0,0
2059,5,6,16,110111.9209,52723.51113,37024.20585,54400.99197,7925.727201,0,0,0
2059,5,6,17,110441.7135,52454.34937,36436.44611,53260.20041,7699.791476,0,0,0
2059,5,6,18,106217.41,52032.71163,35880.63606,52594.07815,8570.440719,0,0,0
2059,5,6,19,103256.8757,53321.7301,38688.36751,56237.15894,8736.235868,0,0,0
2059,5,6,20,100864.5718,55601.76068,42582.96012,56514.32856,8724.06067,0,0,0
2059,5,6,21,101126.2977,55636.08003,42857.76006,57119.81996,8318.76548,0,0,0
2059,5,6,22,103126.0536,55548.72911,41819.35456,56318.78997,7791.881734,0,0,0
2059,5,6,23,102211.688,54318.05354,39645.55054,54692.46131,7375.637037,0,0,0
2059,5,6,24,100901.0974,52985.97245,37577.15596,53602.0048,7106.393559,0,0,0
2059,5,7,1,99010.59146,51880.97107,36223.66614,51830.79945,6844.667653,0,0,0
2059,5,7,2,95875.68219,50751.94614,34173.57521,50705.69673,6613.74745,0,0,0
2059,5,7,3,93775.90992,49723.34617,33110.98274,49534.58975,6410.854717,0,0,0
2059,5,7,4,92658.56991,48122.43018,32263.04964,48844.28052,6393.858467,0,0,0
2059,5,7,5,89035.59045,47366.58733,31848.60262,48502.23099,6551.40063,0,0,0
2059,5,7,6,88632.09294,48017.67444,32965.7792,49712.72352,6668.413273,0,0,0
2059,5,7,7,89998.0031,50082.22853,35443.88146,50579.1237,6831.185051,0,0,0
2059,5,7,8,92057.00072,48976.73687,33278.00358,48081.81894,7539.879644,0,0,0
2059,5,7,9,95932.1457,49567.0297,33876.5494,49771.14813,7973.937718,0,0,0
2059,5,7,10,102672.4662,52722.77572,35926.72204,52743.69418,8199.710018,0,0,0
2059,5,7,11,108022.6895,52880.23617,36298.35158,54078.96206,8184.511448,0,0,0
2059,5,7,12,111014.1112,53184.4527,36893.54718,54629.13394,8059.245818,0,0,0
2059,5,7,13,109873.238,52638.20303,36919.77697,54216.72974,8234.111082,0,0,0
2059,5,7,14,106260.7177,50071.93272,35752.42877,52094.40475,8253.068437,0,0,0
2059,5,7,15,110330.2573,53345.83536,37608.8605,54839.95281,8159.098786,0,0,0
2059,5,7,16,110087.3253,52712.15306,37016.68828,54389.06191,7924.011234,0,0,0
2059,5,7,17,110417.3631,52443.48157,36428.43826,53248.84234,7698.075508,0,0,0
2059,5,7,18,106194.2853,52021.68041,35872.87335,52582.88351,8568.479613,0,0,0
2059,5,7,19,103234.9767,53310.53545,38679.78767,56224.6569,8734.193049,0,0,0
2059,5,7,20,100842.4277,55589.17692,42573.07287,56501.66308,8722.017851,0,0,0
2059,5,7,21,101103.8267,55623.82312,42847.79111,57106.74592,8316.9678,0,0,0
2059,5,7,22,103103.3375,55536.30877,41809.71246,56306.45135,7790.165766,0,0,0
2059,5,7,23,102189.217,54306.20519,39636.39872,54680.61296,7373.921069,0,0,0
2059,5,7,24,100879.1167,52974.69609,37568.82126,53589.99302,7104.841017,0,0,0
2059,5,8,1,98989.01929,51869.613,36215.98514,51819.6048,6883.562917,0,0,0
2059,5,8,2,96402.89279,51023.15073,34359.96197,50980.0064,6651.335311,0,0,0
2059,5,8,3,94287.18653,49990.71026,33294.50955,49803.42466,6447.298599,0,0,0
2059,5,8,4,93166.25116,48386.36233,32443.87993,49110.09206,6430.465775,0,0,0
2059,5,8,5,89527.1743,47625.94357,32028.94264,48768.20596,6588.661639,0,0,0
2059,5,8,6,89119.99971,48279.89063,33148.65231,49981.14987,6706.164559,0,0,0
2059,5,8,7,90490.89435,50354.74052,35634.51728,50854.49563,6870.162028,0,0,0
2059,5,8,8,92560.84148,49244.18267,33461.20354,48347.14021,7581.308003,0,0,0
2059,5,8,9,96454.53524,49833.24981,34063.50815,50041.53558,8016.428343,0,0,0
2059,5,8,10,103225.0077,53000.51732,36118.09328,53024.1323,8243.01777,0,0,0
2059,5,8,11,108612.1652,53159.36689,36492.1742,54369.45085,8227.982626,0,0,0
2059,5,8,12,111628.019,53465.95309,37092.84455,54924.28035,8101.65473,0,0,0
2059,5,8,13,110472.6826,52910.06132,37117.93036,54508.28079,8278.235961,0,0,0
2059,5,8,14,106837.6914,50341.58476,35944.94398,52370.92066,8297.520168,0,0,0
2059,5,8,15,110934.9316,53627.33575,37816.08401,55137.5506,8202.406539,0,0,0
2059,5,8,16,110692.6533,52989.97638,37215.33195,54682.41064,7966.501859,0,0,0
2059,5,8,17,111020.8117,52718.28152,36623.48657,53532.63068,7739.258729,0,0,0
2059,5,8,18,106774.8543,52298.6866,36063.42745,52861.44224,8615.709577,0,0,0
2059,5,8,19,103795.6078,53589.8296,38895.67273,56535.32873,8783.956108,0,0,0
2059,5,8,20,101390.475,55894.78256,42817.80253,56816.17542,8771.944335,0,0,0
2059,5,8,21,101654.2437,55928.12136,43095.70756,57429.34782,8361.991519,0,0,0
2059,5,8,22,103670.2604,55841.83271,42049.2125,56623.25164,7831.4307,0,0,0
2059,5,8,23,102744.8637,54602.49558,39860.45505,54980.09015,7414.777439,0,0,0
2059,5,8,24,101430.3508,53261.09925,37774.9825,53880.48181,7144.798547,0,0,0
2059,5,9,1,99532.24559,52149.80598,36411.44201,52096.61099,6865.912966,0,0,0
2059,5,9,2,96163.55618,50900.09134,34275.79785,50855.06762,6634.339061,0,0,0
2059,5,9,3,94054.1418,49868.79485,33210.67228,49681.67268,6430.792626,0,0,0
2059,5,9,4,92935.49439,48266.16289,32361.67691,48989.40235,6413.796376,0,0,0
2059,5,9,5,89303.68995,47507.86866,31947.06647,48647.67967,6571.747102,0,0,0
2059,5,9,6,88898.06791,48160.99859,33065.55046,49859.56131,6688.841458,0,0,0
2059,5,9,7,90267.32829,50230.94571,35547.90178,50728.90315,6852.430364,0,0,0
2059,5,9,8,92332.61779,49122.26726,33378.1834,48226.77734,7562.595786,0,0,0
2059,5,9,9,96216.91459,49711.9881,33978.77204,49919.21161,7996.980711,0,0,0
2059,5,9,10,102974.7216,52873.3723,36031.6412,52896.33358,8223.570138,0,0,0
2059,5,9,11,108344.3109,53033.36584,36404.25129,54236.9945,8208.12643,0,0,0
2059,5,9,12,111349.7055,53339.0532,37002.79711,54790.68002,8082.533949,0,0,0
2059,5,9,13,110200.2523,52787.24707,37028.78176,54376.06958,8258.379765,0,0,0
2059,5,9,14,106576.8643,50219.58764,35857.59306,52245.32818,8277.173695,0,0,0
2059,5,9,15,110661.1939,53498.96503,37722.52292,55001.98917,8182.713768,0,0,0
2059,5,9,16,110418.0985,52864.62903,37125.52965,54549.70915,7947.299365,0,0,0
2059,5,9,17,110745.4397,52592.77075,36534.25626,53404.25997,7720.464799,0,0,0
2059,5,9,18,106512.4747,52173.6661,35977.30223,52736.09489,8594.219126,0,0,0
2059,5,9,19,103541.808,53463.09314,38797.53573,56395.51823,8761.403392,0,0,0
2059,5,9,20,101143.2123,55755.46234,42706.42807,56673.6684,8749.391619,0,0,0
2059,5,9,21,101404.8564,55790.19026,42983.35254,57283.654,8341.318196,0,0,0
2059,5,9,22,103412.6202,55702.51249,41940.53456,56478.86523,7812.800195,0,0,0
2059,5,9,23,102492.8616,54468.32326,39758.96783,54843.62988,7396.146934,0,0,0
2059,5,9,24,101180.3098,53131.9114,37681.91169,53748.51574,7126.494893,0,0,0
2059,5,10,1,99285.55483,52023.88665,36322.45684,51971.5905,6825.79201,0,0,0
2059,5,10,2,92278.36053,48751.45485,33576.00994,50372.06362,6656.483213,0,0,0
2059,5,10,3,89996.36885,48347.87562,32587.69435,49361.19531,6470.668443,0,0,0
2059,5,10,4,86727.61412,47234.53954,31668.01747,48283.40427,6400.232061,0,0,0
2059,5,10,5,85147.04459,46661.4881,31315.01843,47485.72451,6552.544608,0,0,0
2059,5,10,6,84254.16948,46820.33767,32243.03002,48694.17422,6649.129067,0,0,0
2059,5,10,7,86396.67752,49259.95323,34453.35963,49367.24205,6723.896224,0,0,0
2059,5,10,8,85594.8304,47190.57809,32381.12455,47635.83081,7379.967812,0,0,0
2059,5,10,9,87745.428,47130.51923,32434.56468,46907.19831,7849.734353,0,0,0
2059,5,10,10,92383.85168,49738.8716,34239.76253,50494.71444,8157.055968,0,0,0
2059,5,10,11,96880.01348,50274.98888,34939.79557,51354.90445,8193.254712,0,0,0
2059,5,10,12,98465.15892,50269.18728,35398.20404,52628.31579,8044.537525,0,0,0
2059,5,10,13,99125.31614,49232.00747,35360.94303,51859.56233,8134.176401,0,0,0
2059,5,10,14,95059.37192,47750.39207,34264.84834,49988.01374,8127.88452,0,0,0
2059,5,10,15,95579.88207,49609.11176,35036.70688,51618.8366,8042.249568,0,0,0
2059,5,10,16,96203.35028,48888.89568,34225.78965,50324.34338,7822.769149,0,0,0
2059,5,10,17,94328.86003,48085.4143,33578.13447,48618.50822,7673.398261,0,0,0
2059,5,10,18,92180.38696,47652.25507,33337.98073,48652.41901,8533.097997,0,0,0
2059,5,10,19,90730.55782,49223.67277,36790.91598,53518.6578,8536.856783,0,0,0
2059,5,10,20,95261.85609,52300.07571,39779.968,53714.19639,8430.139944,0,0,0
2059,5,10,21,95114.85487,52156.343,39526.49508,54064.00863,8277.500546,0,0,0
2059,5,10,22,93397.90678,52092.8522,38850.48559,53361.5242,7839.847112,0,0,0
2059,5,10,23,93588.13404,50313.96586,37239.84577,51194.09378,7421.314458,0,0,0
2059,5,10,24,91970.46693,48826.222,35335.53037,50523.23219,7225.285595,0,0,0
2059,5,11,1,92055.20304,48578.06041,34505.65578,49791.98488,5477.041526,0,0,0
2059,5,11,2,70534.76389,37100.1987,26095.94402,38403.27176,5258.296522,0,0,0
2059,5,11,3,68632.81815,36098.07366,25177.81968,37327.03326,5070.35722,0,0,0
2059,5,11,4,67308.17293,34756.75903,24524.68975,36273.26577,5003.597912,0,0,0
2059,5,11,5,65596.53617,34150.53221,24087.6083,36089.08526,5071.419486,0,0,0
2059,5,11,6,64188.13538,35236.9848,24887.98459,36840.02533,5067.006998,0,0,0
2059,5,11,7,65689.1167,35724.31958,26197.51296,36838.14594,5253.393757,0,0,0
2059,5,11,8,63918.81019,34530.82331,24177.08375,34330.0551,5680.097685,0,0,0
2059,5,11,9,62009.67374,33757.49394,23768.60177,34294.83691,6133.521678,0,0,0
2059,5,11,10,64156.02228,33807.09357,24321.0616,34801.61933,6239.176251,0,0,0
2059,5,11,11,67414.64463,33959.24269,24523.54577,34642.19777,6294.495776,0,0,0
2059,5,11,12,69047.83716,34171.77753,24751.60603,34830.13707,6198.238168,0,0,0
2059,5,11,13,67515.72329,34387.66259,24733.62922,35099.95254,6287.550193,0,0,0
2059,5,11,14,68733.32482,33097.50014,24483.9968,34910.70583,6344.095409,0,0,0
2059,5,11,15,68517.43976,33595.45757,24808.31467,35801.04785,6245.71327,0,0,0
2059,5,11,16,68454.52096,34020.77238,24400.89495,34727.75101,6128.618914,0,0,0
2059,5,11,17,68471.35378,32742.04972,24354.72725,34477.62831,6032.116168,0,0,0
2059,5,11,18,67529.69617,33423.04369,24749.4815,35256.841,6784.608789,0,0,0
2059,5,11,19,68331.05301,35582.54798,27837.97792,40053.05198,6919.925087,0,0,0
2059,5,11,20,72188.05775,38554.35862,31056.88788,41201.85139,6814.270514,0,0,0
2059,5,11,21,71757.18647,38357.18577,30801.699,40993.32048,6628.94602,0,0,0
2059,5,11,22,71665.74992,38103.22258,30076.66186,40725.46611,6267.77571,0,0,0
2059,5,11,23,71977.89258,37126.18335,28939.54737,39421.57592,5868.527263,0,0,0
2059,5,11,24,70845.76257,36550.35367,27076.4969,38379.73849,5352.511311,0,0,0
2059,5,12,1,66720.41319,33641.29842,24960.46379,35985.96378,4551.808173,0,0,0
2059,5,12,2,64045.38323,33918.2229,22765.25103,33841.73977,4395.001425,0,0,0
2059,5,12,3,62575.94303,33187.30244,22020.43941,33011.37491,4257.887448,0,0,0
2059,5,12,4,61795.09608,32048.39027,21436.27503,32526.08295,4246.529377,0,0,0
2059,5,12,5,59259.87662,31511.86442,21153.71238,32281.27158,4352.837652,0,0,0
2059,5,12,6,58969.71468,31957.28056,21920.83158,33143.17756,4431.935584,0,0,0
2059,5,12,7,59901.97533,33395.83335,23674.87725,33779.0661,4542.738059,0,0,0
2059,5,12,8,61297.05693,32612.53503,22136.79835,31989.14853,5030.39969,0,0,0
2059,5,12,9,63976.25425,33037.6047,22556.80183,33162.54348,5342.460644,0,0,0
2059,5,12,10,68724.58156,35340.18799,24017.58048,35299.49505,5507.847229,0,0,0
2059,5,12,11,72491.78401,35461.20456,24288.04965,36273.83776,5496.652584,0,0,0
2059,5,12,12,74586.81694,35686.48659,24720.06491,36669.00057,5404.480613,0,0,0
2059,5,12,13,73768.30043,35279.14858,24738.45028,36371.23935,5533.178179,0,0,0
2059,5,12,14,71183.39962,33404.08634,23892.55999,34825.07088,5546.905919,0,0,0
2059,5,12,15,74106.34603,35798.8416,25234.11976,36816.65549,5478.022079,0,0,0
2059,5,12,16,73933.44187,35331.85329,24808.39638,36490.70337,5306.425326,0,0,0
2059,5,12,17,74167.87573,35128.96056,24382.0193,35666.14011,5142.264431,0,0,0
2059,5,12,18,71193.94056,34815.02022,23977.70467,35182.23727,5770.30855,0,0,0
2059,5,12,19,69109.28514,35749.07854,25986.44895,37779.06814,5886.177215,0,0,0
2059,5,12,20,67444.55149,37369.76903,28649.38543,37928.68417,5877.924228,0,0,0
2059,5,12,21,67651.03958,37398.4502,28835.03678,38348.85108,5593.237042,0,0,0
2059,5,12,22,69078.72457,37344.19294,28130.99981,37803.50025,5208.615176,0,0,0
2059,5,12,23,68438.91382,36459.81596,26644.8085,36673.82162,4913.632185,0,0,0
2059,5,12,24,67547.91811,35511.53961,25196.61361,35917.16165,4728.797968,0,0,0
2059,5,13,1,66223.59973,34724.07394,24228.15422,34637.54014,4289.020002,0,0,0
2059,5,13,2,60341.42644,31955.80974,21449.26736,31884.63794,4141.365081,0,0,0
2059,5,13,3,58957.7029,31267.29819,20747.92691,31102.89216,4012.258952,0,0,0
2059,5,13,4,58222.69681,30194.9819,20197.83675,30645.79109,4001.554583,0,0,0
2059,5,13,5,55835.05055,29689.67032,19931.78007,30415.44288,4101.652689,0,0,0
2059,5,13,6,55561.80315,30109.10181,20653.95726,31226.9321,4176.174708,0,0,0
2059,5,13,7,56439.72483,31463.81733,22305.86201,31825.64134,4280.440164,0,0,0
2059,5,13,8,57753.33883,30726.19643,20857.58541,30140.31608,4739.665762,0,0,0
2059,5,13,9,60276.46481,31126.50714,21252.82993,31245.15404,5033.504775,0,0,0
2059,5,13,10,64752.035,33294.8364,22628.54562,33257.41197,5189.249257,0,0,0
2059,5,13,11,68302.20841,33408.66225,22883.16252,34174.88261,5178.708313,0,0,0
2059,5,13,12,70278.34931,33620.78852,23289.84682,34547.08414,5091.929384,0,0,0
2059,5,13,13,69506.57248,33237.39235,23307.25164,34266.80944,5213.109377,0,0,0
2059,5,13,14,67069.57173,31471.58004,22510.71585,32810.68842,5226.101702,0,0,0
2059,5,13,15,69824.68018,33726.52481,23774.07652,34686.32265,5161.221787,0,0,0
2059,5,13,16,69661.33641,33286.82855,23373.27553,34379.24617,4999.593987,0,0,0
2059,5,13,17,69883.10479,33095.86588,22971.65741,33602.64829,4844.993484,0,0,0
2059,5,13,18,67078.72355,32800.22919,22590.95776,33147.09977,5436.430295,0,0,0
2059,5,13,19,65114.59443,33679.70341,24482.36255,35592.35351,5545.516802,0,0,0
2059,5,13,20,63543.34015,35208.30363,26991.43394,35734.28854,5537.835805,0,0,0
2059,5,13,21,63736.50907,35235.35055,27167.11633,36130.59533,5269.654593,0,0,0
2059,5,13,22,65080.84707,35182.56412,26502.95518,35616.13192,4907.50373,0,0,0
2059,5,13,23,64478.37903,34349.01246,25102.31711,34551.66005,4629.762127,0,0,0
2059,5,13,24,63639.8429,33456.05564,23738.6949,33839.12496,4455.632278,0,0,0
2059,5,14,1,62392.74306,32714.59424,22826.86244,32634.10719,4249.062472,0,0,0
2059,5,14,2,59778.0171,31657.14967,21248.98943,31586.795,4102.796668,0,0,0
2059,5,14,3,58407.20418,30975.25686,20554.26772,30812.40337,3974.91623,0,0,0
2059,5,14,4,57678.98024,29912.90953,20009.32546,30359.71479,3964.293574,0,0,0
2059,5,14,5,55313.8867,29412.50071,19745.80187,30131.40939,4063.411127,0,0,0
2059,5,14,6,55043.2541,29828.00999,20461.19691,30935.21761,4137.279444,0,0,0
2059,5,14,7,55912.75937,31169.81489,22097.49452,31528.53382,4240.564347,0,0,0
2059,5,14,8,57214.03475,30439.13957,20662.86395,29858.97912,4695.45917,0,0,0
2059,5,14,9,59713.38232,30835.77321,21054.34969,30953.27613,4986.519949,0,0,0
2059,5,14,10,64147.03387,32983.42915,22417.23647,32946.65842,5140.793602,0,0,0
2059,5,14,11,67664.35876,33096.35616,22669.40199,33855.46751,5130.334371,0,0,0
2059,5,14,12,69622.19601,33306.52133,23072.2458,34224.31882,5044.372569,0,0,0
2059,5,14,13,68857.69161,32926.55708,23089.40547,33946.4955,5164.408584,0,0,0
2059,5,14,14,66443.24358,31177.5776,22300.46897,32504.18393,5177.237484,0,0,0
2059,5,14,15,69172.5308,33411.11363,23551.89958,34361.92307,5113.01127,0,0,0
2059,5,14,16,69010.903,32975.66644,23154.85738,34058.03339,4952.936013,0,0,0
2059,5,14,17,69230.30171,32786.41974,22757.16147,33288.78966,4799.806339,0,0,0
2059,5,14,18,66452.31369,32493.64299,22379.89375,32837.40849,5385.604971,0,0,0
2059,5,14,19,64506.4065,33364.86422,24253.48516,35259.61923,5493.710925,0,0,0
2059,5,14,20,62949.53367,34879.083,26739.02329,35400.16515,5486.029928,0,0,0
2059,5,14,21,63140.65977,34905.96649,26913.07142,35792.79486,5220.463523,0,0,0
2059,5,14,22,64472.49572,34853.4252,26254.95701,35283.07079,4861.744595,0,0,0
2059,5,14,23,63875.66587,34027.79968,24867.63812,34228.56788,4586.536088,0,0,0
2059,5,14,24,63045.38272,33143.25927,23516.92653,33522.89666,4414.122206,0,0,0
2059,5,15,1,61809.64095,32408.66174,22613.51048,32329.31867,4294.739894,0,0,0
2059,5,15,2,60422.15863,31998.46379,21477.94853,31927.12856,4146.921547,0,0,0
2059,5,15,3,59036.5557,31309.21682,20775.54582,31144.40223,4017.57028,0,0,0
2059,5,15,4,58300.40563,30235.26629,20224.72024,30686.72917,4006.865911,0,0,0
2059,5,15,5,55909.49086,29729.38271,19958.33671,30455.9724,4107.127443,0,0,0
2059,5,15,6,55635.83489,30149.3862,20681.57617,31268.60559,4181.731174,0,0,0
2059,5,15,7,56514.98226,31505.81768,22335.68716,31868.21368,4286.160056,0,0,0
2059,5,15,8,57830.39395,30767.21622,20885.36774,30180.51875,4746.039356,0,0,0
2059,5,15,9,60356.87015,31168.01721,21281.18425,31286.82753,5040.286932,0,0,0
2059,5,15,10,64838.32365,33339.36985,22658.77933,33301.8637,5196.19484,0,0,0
2059,5,15,11,68393.2364,33453.35912,22913.72308,34220.47832,5185.653896,0,0,0
2059,5,15,12,70372.07382,33665.73053,23320.97938,34593.17013,5098.793254,0,0,0
2059,5,15,13,69599.39815,33281.76236,23338.30248,34312.48687,5220.136672,0,0,0
2059,5,15,14,67159.04718,31513.58039,22540.78614,32854.48645,5233.047285,0,0,0
2059,5,15,15,69917.75099,33771.63024,23805.69935,34732.65377,5168.085657,0,0,0
2059,5,15,16,69754.2438,33331.362,23404.40808,34425.33216,5006.294432,0,0,0
2059,5,15,17,69976.33902,33140.07247,23002.29969,33647.5903,4851.44879,0,0,0
2059,5,15,18,67168.199,32844.02722,22621.10976,33191.30636,5443.621016,0,0,0
2059,5,15,19,65201.61849,33724.64541,24515.12936,35639.91032,5552.952662,0,0,0
2059,5,15,20,63628.23969,35255.20674,27027.55097,35781.92707,5545.189951,0,0,0
2059,5,15,21,63821.49032,35282.41709,27203.39679,36178.80584,5276.681888,0,0,0
2059,5,15,22,65167.78942,35229.46723,26538.3368,35663.60702,4914.040749,0,0,0
2059,5,15,23,64564.42255,34395.01673,25135.81933,34597.74604,4635.972295,0,0,0
2059,5,15,24,63724.98757,33500.75251,23770.39945,33884.2304,4461.597308,0,0,0
2059,5,16,1,62475.92663,32758.22884,22857.34129,32677.66008,4391.814629,0,0,0
2059,5,16,2,61790.92873,32723.74606,21964.22105,32650.36802,4240.64606,0,0,0
2059,5,16,3,60373.70297,32018.72855,21245.88435,31849.66489,4108.353134,0,0,0
2059,5,16,4,59620.80179,30920.18247,20682.3933,31381.61431,4097.403627,0,0,0
2059,5,16,5,57175.13949,30402.7774,20409.96302,31145.54621,4199.953115,0,0,0
2059,5,16,6,56895.27335,30832.34128,21149.70845,31976.80991,4276.272814,0,0,0
2059,5,16,7,57794.68548,32219.8236,22841.65245,32589.98231,4383.071365,0,0,0
2059,5,16,8,59139.92231,31464.38932,21358.15765,30863.96411,4853.491609,0,0,0
2059,5,16,9,61724.49628,31874.34213,21763.04428,31995.3587,5154.439629,0,0,0
2059,5,16,10,66307.11015,34095.13098,23172.09877,34056.39914,5313.942898,0,0,0
2059,5,16,11,69941.85625,34211.81677,23432.92583,34996.17736,5303.156816,0,0,0
2059,5,16,12,71965.22711,34429.09095,23849.49738,35377.53072,5214.253355,0,0,0
2059,5,16,13,71175.39177,34036.37952,23867.14733,35090.31044,5338.375007,0,0,0
2059,5,16,14,68680.21154,32227.91316,23051.49076,33598.88951,5351.612471,0,0,0
2059,5,16,15,71501.01703,34537.44204,24345.412,35519.87431,5285.180013,0,0,0
2059,5,16,16,71333.83277,34087.12313,23934.80548,35205.5254,5119.711715,0,0,0
2059,5,16,17,71560.99419,33891.42112,23523.54526,34410.2153,4961.352425,0,0,0
2059,5,16,18,68689.36337,33588.67542,23133.61207,33943.55384,5567.007253,0,0,0
2059,5,16,19,66677.75914,34489.55837,25070.93941,36448.13103,5678.871994,0,0,0
2059,5,16,20,65070.22441,36054.60248,27640.64166,36593.17115,5670.945858,0,0,0
2059,5,16,21,65268.29609,36082.46652,27820.32797,36998.95661,5396.309339,0,0,0
2059,5,16,22,66645.15576,36028.61783,27140.39626,36472.318,5025.333501,0,0,0
2059,5,16,23,66028.14286,35175.04655,25705.8474,35382.18834,4740.891453,0,0,0
2059,5,16,24,65169.34196,34260.27242,24309.21325,34652.24844,4562.512542,0,0,0
2059,5,17,1,63891.68156,33500.83422,23375.07321,33418.14093,4781.175834,0,0,0
2059,5,17,2,64763.63821,34207.64942,23538.41698,35398.6126,4659.750702,0,0,0
2059,5,17,3,63095.88119,33913.72869,22815.91293,34651.10446,4527.294351,0,0,0
2059,5,17,4,60732.83047,33098.48069,22154.36659,33854.97723,4477.204442,0,0,0
2059,5,17,5,59589.26067,32677.57837,21903.75362,33265.17468,4585.637247,0,0,0
2059,5,17,6,58956.15036,32784.70377,22570.20272,34145.87459,4654.439374,0,0,0
2059,5,17,7,60502.1554,34555.1737,24203.39526,34683.87127,4707.961219,0,0,0
2059,5,17,8,59911.53572,33056.15349,22672.0168,33371.64638,5180.342568,0,0,0
2059,5,17,9,61436.21373,33036.78757,22707.56184,32834.9571,5532.60619,0,0,0
2059,5,17,10,64794.3622,34966.02536,24035.31215,35484.41098,5769.082859,0,0,0
2059,5,17,11,68096.2923,35372.9548,24560.3165,36127.89881,5797.110328,0,0,0
2059,5,17,12,69257.43034,35360.45275,24906.04311,37101.91467,5681.895365,0,0,0
2059,5,17,13,69737.32926,34575.35675,24876.70823,36515.46233,5751.351194,0,0,0
2059,5,17,14,66721.06689,33480.73289,24054.51464,35089.73845,5746.44843,0,0,0
2059,5,17,15,67119.00794,34851.30067,24633.12255,36331.03668,5680.097685,0,0,0
2059,5,17,16,67583.05458,34317.96162,24027.22259,35347.05186,5511.769441,0,0,0
2059,5,17,17,66192.05861,33720.39635,23549.36649,34074.53937,5398.270445,0,0,0
2059,5,17,18,64621.29462,33407.92684,23367.9642,34104.20109,6052.46264,0,0,0
2059,5,17,19,63570.14193,34551.74177,25960.13745,37760.76449,6055.240874,0,0,0
2059,5,17,20,66934.90913,36849.74915,28166.62656,37906.04974,5976.551505,0,0,0
2059,5,17,21,66837.42583,36742.13347,27978.60555,38166.14139,5861.990244,0,0,0
2059,5,17,22,65561.56311,36694.33152,27485.30574,37654.04765,5525.006905,0,0,0
2059,5,17,23,65702.27245,35342.63938,26297.77449,36045.36894,5210.739707,0,0,0
2059,5,17,24,64502.64772,34241.80535,24856.77032,35521.83541,5067.987551,0,0,0
2059,5,18,1,64587.38383,34063.67157,24229.29819,34962.92027,6107.210176,0,0,0
2059,5,18,2,78651.20862,41372.22245,29096.84439,42822.29673,5863.624499,0,0,0
2059,5,18,3,76536.48292,40256.59841,28076.4157,41625.94051,5653.867895,0,0,0
2059,5,18,4,75059.93371,38761.25527,27348.60032,40451.56501,5579.345877,0,0,0
2059,5,18,5,73151.28753,38085.08235,26861.26554,40246.30261,5655.011874,0,0,0
2059,5,18,6,71579.29784,39296.80057,27754.38579,41083.61305,5650.109109,0,0,0
2059,5,18,7,73254.32729,39824.91001,29213.6119,41077.4846,5858.068032,0,0,0
2059,5,18,8,71279.57551,38502.71616,26961.60879,38283.48088,6331.920211,0,0,0
2059,5,18,9,69148.83411,37646.0398,26505.56999,38244.09534,6827.26284,0,0,0
2059,5,18,10,71543.83451,37702.01303,27122.17432,38809.87435,6942.968079,0,0,0
2059,5,18,11,75170.65447,37871.73039,27347.94662,38631.98572,7003.680645,0,0,0
2059,5,18,12,76982.22591,38108.86076,27602.31838,38841.74232,6898.271211,0,0,0
2059,5,18,13,75275.90048,38349.58649,27582.21705,39142.77206,6995.999647,0,0,0
2059,5,18,14,76626.61207,36909.80801,27303.49489,38931.62634,7057.937904,0,0,0
2059,5,18,15,76390.1354,37465.61807,27665.40062,39925.08983,6950.077088,0,0,0
2059,5,18,16,76320.18929,37940.36909,27211.1595,38727.34449,6821.788086,0,0,0
2059,5,18,17,76338.8198,36513.09266,27159.51704,38448.21377,6717.032354,0,0,0
2059,5,18,18,75293.87728,37272.28573,27599.78529,39317.88246,7538.980804,0,0,0
2059,5,18,19,76185.5267,39669.6558,31021.26113,44635.01215,7683.939204,0,0,0
2059,5,18,20,80460.24697,42981.30972,34491.27434,45848.2012,7571.012198,0,0,0
2059,5,18,21,79984.92396,42762.15615,34220.39661,45623.16431,7370.815985,0,0,0
2059,5,18,22,79882.86475,42478.36781,33449.02834,45348.36437,6974.345771,0,0,0
2059,5,18,23,80224.34229,41386.84903,32225.6252,43945.02978,6538.326592,0,0,0
2059,5,18,24,78985.57715,40756.35353,30187.13748,42798.43661,5968.707082,0,0,0
2059,5,19,1,74403.45355,37516.85196,27836.01682,40131.57792,6114.891174,0,0,0
2059,5,19,2,85971.44442,45536.87566,30584.83339,45445.27568,5904.23573,0,0,0
2059,5,19,3,84030.03144,44568.57969,29588.91851,44342.15369,5719.564938,0,0,0
2059,5,19,4,82990.56367,43055.83174,28804.23107,43694.08995,5704.284656,0,0,0
2059,5,19,5,79614.68354,42340.27328,28424.6754,43369.93551,5847.445376,0,0,0
2059,5,19,6,79228.01885,42938.65567,29454.58277,44522.82056,5953.998789,0,0,0
2059,5,19,7,80479.36775,44835.94378,31785.92895,45346.40326,6102.797688,0,0,0
2059,5,19,8,82342.82678,43803.83016,29744.663,42982.37199,6748.573471,0,0,0
2059,5,19,9,85889.07798,44375.24735,30306.60151,44547.82466,7157.13717,0,0,0
2059,5,19,10,92088.9504,47398.04674,32238.86267,47350.65335,7371.387974,0,0,0
2059,5,19,11,96931.81936,47550.76785,32589.00176,48610.82722,7357.006532,0,0,0
2059,5,19,12,99618.69767,47837.41614,33144.81181,49112.05317,7237.869357,0,0,0
2059,5,19,13,98583.64239,47315.92543,33168.18166,48733.8049,7403.909645,0,0,0
2059,5,19,14,95260.30355,44858.4965,32068.81845,46734.29415,7421.232746,0,0,0
2059,5,19,15,99011.4903,47987.03217,33800.8834,49298.43993,7333.146412,0,0,0
2059,5,19,16,98788.41452,47384.80927,33258.31081,48879.82556,7110.152345,0,0,0
2059,5,19,17,99092.79447,47124.96276,32709.44633,47823.52497,6895.329552,0,0,0
2059,5,19,18,95277.87179,46713.4574,32186.56651,47206.59379,7702.814847,0,0,0
2059,5,19,19,92584.61988,47922.31568,34747.77063,50493.97902,7845.321865,0,0,0
2059,5,19,20,90400.02978,49995.85816,38060.32339,50623.00344,7835.352911,0,0,0
2059,5,19,21,90659.14088,50030.50436,38302.27481,51163.12465,7479.82078,0,0,0
2059,5,19,22,92486.97316,49950.83444,37417.81612,50480.08786,6982.271907,0,0,0
2059,5,19,23,91676.21935,48818.54101,35562.1198,49075.28244,6595.280371,0,0,0
2059,5,19,24,90539.92199,47598.48809,33752.59117,48155.2787,6351.204417,0,0,0
2059,5,20,1,88821.0128,46584.67812,32511.94664,46497.49063,6109.579846,0,0,0
2059,5,20,2,85897.49439,45497.65355,30558.27675,45406.38042,5899.087828,0,0,0
2059,5,20,3,83957.47052,44530.17471,29562.93386,44303.66699,5714.580461,0,0,0
2059,5,20,4,82918.9016,43018.16217,28778.98184,43656.01182,5699.218466,0,0,0
2059,5,20,5,79545.06428,42303.33912,28399.6713,43332.18423,5842.379186,0,0,0
2059,5,20,6,79158.48131,42901.14953,29428.84326,44484.08872,5948.769174,0,0,0
2059,5,20,7,80409.09479,44797.13023,31758.71861,45307.508,6097.48636,0,0,0
2059,5,20,8,82270.91957,43765.83374,29718.59663,42944.78413,6742.853579,0,0,0
2059,5,20,9,85815.20966,44336.59723,30280.12658,44509.17453,7151.008715,0,0,0
2059,5,20,10,92010.17932,47358.00749,32211.32547,47310.36897,7365.259519,0,0,0
2059,5,20,11,96850.0249,47510.56518,32561.62799,48570.05256,7350.878077,0,0,0
2059,5,20,12,99535.43239,47797.54032,33116.70263,49070.95166,7231.659189,0,0,0
2059,5,20,13,98500.05026,47275.88619,33140.15419,48692.29482,7397.617764,0,0,0
2059,5,20,14,95178.59081,44819.35609,32041.28126,46694.50005,7415.186003,0,0,0
2059,5,20,15,98928.38844,47947.23806,33772.85593,49256.84814,7326.936244,0,0,0
2059,5,20,16,98705.47609,47345.17859,33230.28334,48838.96919,7104.187315,0,0,0
2059,5,20,17,99010.01947,47085.08694,32681.664,47782.91374,6889.446235,0,0,0
2059,5,20,18,95197.46645,46673.25473,32159.02932,47165.98256,7696.604679,0,0,0
2059,5,20,19,92506.33908,47881.78616,34719.08946,50451.81525,7839.029984,0,0,0
2059,5,20,20,90323.54666,49954.51152,38028.86399,50580.4311,7828.979317,0,0,0
2059,5,20,21,90582.49433,49989.40286,38270.07999,51120.38889,7473.774037,0,0,0
2059,5,20,22,92408.85578,49909.97807,37387.01041,50437.92408,6976.225164,0,0,0
2059,5,20,23,91598.83739,48778.01149,35533.11177,49034.34435,6589.723905,0,0,0
2059,5,20,24,90463.68401,47558.85741,33724.48199,48114.66747,6345.647951,0,0,0
2059,5,21,1,88745.42851,46545.04745,32484.24602,46458.02338,6108.190729,0,0,0
2059,5,21,2,85878.04676,45487.19432,30551.24945,45395.92119,5897.698711,0,0,0
2059,5,21,3,83938.1046,44519.96061,29556.1517,44293.4529,5713.191345,0,0,0
2059,5,21,4,82899.78082,43008.27493,28772.28139,43645.96115,5697.911062,0,0,0
2059,5,21,5,79526.5972,42293.45188,28392.97085,43322.05185,5840.99007,0,0,0
2059,5,21,6,79140.09594,42891.26228,29421.89767,44473.87463,5947.380057,0,0,0
2059,5,21,7,80390.38258,44786.91614,31751.52789,45297.13048,6096.015531,0,0,0
2059,5,21,8,82251.8805,43755.78307,29711.65105,42934.81517,6741.301037,0,0,0
2059,5,21,9,85795.27175,44326.38313,30273.09928,44498.79701,7149.37446,0,0,0
2059,5,21,10,91989.506,47347.38484,32204.13475,47299.6646,7363.543551,0,0,0
2059,5,21,11,96828.53445,47499.86081,32554.35555,48559.26648,7349.243822,0,0,0
2059,5,21,12,99513.36995,47786.91767,33109.34848,49059.92044,7230.024934,0,0,0
2059,5,21,13,98478.39638,47265.26353,33132.63661,48681.67217,7395.901796,0,0,0
2059,5,21,14,95156.93693,44809.06029,32034.00883,46684.04082,7413.551748,0,0,0
2059,5,21,15,98906.48943,47936.45198,33765.50178,49246.06206,7325.301989,0,0,0
2059,5,21,16,98683.41365,47334.47423,33223.09262,48828.01968,7102.55306,0,0,0
2059,5,21,17,98987.7936,47074.46429,32674.39157,47772.04595,6887.893693,0,0,0
2059,5,21,18,95176.05771,46662.71379,32151.67517,47155.11476,7694.888711,0,0,0
2059,5,21,19,92485.50233,47871.1635,34711.49017,50440.94746,7837.39573,0,0,0
2059,5,21,20,90303.20019,49943.56201,38020.611,50569.23646,7827.345063,0,0,0
2059,5,21,21,90562.14786,49978.37164,38261.66358,51109.03082,7472.05807,0,0,0
2059,5,21,22,92388.18246,49899.02857,37378.83914,50426.81115,6974.672622,0,0,0
2059,5,21,23,91578.57263,48767.47054,35525.51249,49023.39485,6588.171363,0,0,0
2059,5,21,24,90443.50096,47548.23475,33717.04613,48103.71796,6344.177122,0,0,0
2059,5,22,1,88725.32718,46534.66993,32476.89188,46447.31901,6143.40892,0,0,0
2059,5,22,2,86363.09358,45743.77232,30726.35985,45653.56145,5931.854636,0,0,0
2059,5,22,3,84415.63385,44773.35182,29726.60448,44546.84411,5746.285004,0,0,0
2059,5,22,4,83371.7536,43255.45596,28938.81195,43896.49241,5730.923009,0,0,0
2059,5,22,5,79984.18855,42536.87413,28557.4586,43571.19399,5874.819144,0,0,0
2059,5,22,6,79596.21646,43137.78962,29591.86017,44728.40981,5981.78112,0,0,0
2059,5,22,7,80852.87668,45042.75872,31930.72392,45552.64622,6131.152009,0,0,0
2059,5,22,8,82724.5887,44006.15091,29883.08438,43182.15964,6779.052323,0,0,0
2059,5,22,9,86283.83223,44579.61091,30447.06571,44753.3322,7189.658841,0,0,0
2059,5,22,10,92503.47913,47611.15356,32384.71991,47564.90415,7404.399921,0,0,0
2059,5,22,11,97364.81516,47763.3844,32736.08469,48827.03913,7389.936766,0,0,0
2059,5,22,12,100061.6624,48048.31672,33292.95701,49330.06276,7270.554453,0,0,0
2059,5,22,13,99023.17522,47528.54198,33316.16343,48950.34366,7436.676453,0,0,0
2059,5,22,14,95691.82853,45064.65774,32215.16597,46946.99241,7454.081267,0,0,0
2059,5,22,15,99451.84025,48198.66816,33950.00915,49516.61294,7366.076646,0,0,0
2059,5,22,16,99227.94734,47597.75267,33406.86457,49098.08029,7142.51059,0,0,0
2059,5,22,17,99533.79813,47336.59876,32856.52927,48038.83804,6926.788957,0,0,0
2059,5,22,18,95705.1477,46925.01169,32332.17862,47419.86404,7735.990219,0,0,0
2059,5,22,19,93001.43657,48137.13847,34900.16489,50716.07425,7878.497238,0,0,0
2059,5,22,20,90808.83862,50214.27632,38230.20418,50848.12204,7868.528283,0,0,0
2059,5,22,21,91066.39718,50249.00423,38473.29958,51390.04093,7512.669301,0,0,0
2059,5,22,22,92899.78592,50166.47436,37581.8953,50705.53331,7014.058163,0,0,0
2059,5,22,23,92085.51847,49033.85408,35715.00433,49292.22976,6625.595798,0,0,0
2059,5,22,24,90945.38061,47809.38867,33901.5535,48368.8758,6380.375865,0,0,0
2059,5,23,1,89221.2418,46793.86274,32659.193,46709.04491,6127.393223,0,0,0
2059,5,23,2,86142.38747,45627.33166,30646.68993,45536.05853,5916.247503,0,0,0
2059,5,23,3,84198.52311,44657.72829,29649.05909,44431.46572,5731.24986,0,0,0
2059,5,23,4,83157.09424,43143.01923,28862.90082,43782.50314,5715.887865,0,0,0
2059,5,23,5,79775.98449,42425.98994,28482.60973,43457.85842,5859.375436,0,0,0
2059,5,23,6,79388.6661,43025.51632,29514.55992,44612.37772,5966.173987,0,0,0
2059,5,23,7,80642.22124,44926.15464,31849.01118,45436.77756,6115.136312,0,0,0
2059,5,23,8,82509.52077,43892.07992,29805.13042,43069.47777,6761.810935,0,0,0
2059,5,23,9,86061.32844,44464.39595,30367.80435,44637.54525,7171.4369,0,0,0
2059,5,23,10,92270.10755,47490.7907,32302.68032,47443.9693,7385.687704,0,0,0
2059,5,23,11,97119.59523,47643.59352,32653.14626,48704.79687,7371.387974,0,0,0
2059,5,23,12,99812.11172,47929.34297,33209.20145,49207.00337,7252.332512,0,0,0
2059,5,23,13,98775.66733,47408.75111,33232.5713,48828.1014,7418.209374,0,0,0
2059,5,23,14,95448.65141,44948.62565,32132.71782,46827.36496,7435.695901,0,0,0
2059,5,23,15,99203.51524,48079.20414,33866.17188,49393.88041,7347.609567,0,0,0
2059,5,23,16,98980.68459,47477.88008,33322.94559,48975.10262,7124.206936,0,0,0
2059,5,23,17,99285.47311,47217.37987,32773.59084,47917.65805,6909.057292,0,0,0
2059,5,23,18,95463.76827,46806.03794,32250.30245,47299.58289,7717.196289,0,0,0
2059,5,23,19,92767.00272,48015.63162,34814.12138,50590.97205,7859.78502,0,0,0
2059,5,23,20,90577.75499,50091.46207,38134.27342,50721.14044,7849.897779,0,0,0
2059,5,23,21,90836.53924,50125.53628,38376.46998,51262.89591,7493.957084,0,0,0
2059,5,23,22,92666.33262,50045.21266,37489.72333,50578.47,6996.163073,0,0,0
2059,5,23,23,91854.59826,48912.02038,35628.71568,49170.31435,6608.517835,0,0,0
2059,5,23,24,90717.07521,47690.33321,33817.30766,48248.18608,6363.951605,0,0,0
2059,5,24,1,88995.14265,46676.03297,32576.41799,46589.82603,6091.194479,0,0,0
2059,5,24,2,82494.48563,43580.34582,29990.29149,45079.20261,5936.593975,0,0,0
2059,5,24,3,80384.25412,43206.10147,29072.16715,44135.09361,5767.530317,0,0,0
2059,5,24,4,77378.94126,42170.80106,28229.46366,43127.00354,5703.630954,0,0,0
2059,5,24,5,75924.04593,41636.97173,27909.80342,42382.7639,5842.052335,0,0,0
2059,5,24,6,75117.6229,41774.98454,28758.79879,43505.08839,5929.811818,0,0,0
2059,5,24,7,77085.75595,43996.75394,30824.8237,44173.66202,5997.960243,0,0,0
2059,5,24,8,76335.46958,42103.96004,28888.31348,42521.02186,6593.646116,0,0,0
2059,5,24,9,78273.45063,42084.26726,28934.15433,41838.14849,7031.381264,0,0,0
2059,5,24,10,82530.1941,44507.37685,30614.24997,45193.02845,7323.340883,0,0,0
2059,5,24,11,86674.2557,45009.9102,31271.38383,45998.3075,7357.415096,0,0,0
2059,5,24,12,88113.05362,45002.06578,31702.17339,47207.9829,7215.88863,0,0,0
2059,5,24,13,88706.94181,44025.27169,31667.11863,46480.90294,7301.523582,0,0,0
2059,5,24,14,84927.15561,42644.81666,30636.14899,44698.33953,7295.476839,0,0,0
2059,5,24,15,85440.39333,44375.41078,31362.16668,46255.62092,7213.764099,0,0,0
2059,5,24,16,86021.94289,43704.22233,30599.29654,45022.7391,7005.723463,0,0,0
2059,5,24,17,84277.86618,42951.40286,29996.50166,43415.20437,6864.932413,0,0,0
2059,5,24,18,82300.33616,42551.419,29771.13792,43453.77278,7664.164721,0,0,0
2059,5,24,19,80970.3796,43986.37642,33005.08303,47970.03592,7667.514943,0,0,0
2059,5,24,20,85190.51577,46867.48592,35636.47839,48076.50762,7573.381867,0,0,0
2059,5,24,21,85066.72097,46732.57818,35412.74891,48394.61531,7435.941039,0,0,0
2059,5,24,22,83473.32254,46675.54269,34829.48337,47796.39634,7022.066011,0,0,0
2059,5,24,23,83653.3357,44987.76605,33415.68955,45863.31806,6631.724253,0,0,0
2059,5,24,24,82161.01594,43610.9881,31647.42586,45237.64361,6453.345342,0,0,0
2059,5,25,1,82268.71333,43394.04077,30862.003,44539.24482,6496.489669,0,0,0
2059,5,25,2,83672.21135,44021.83975,30951.64188,45549.296,6240.565368,0,0,0
2059,5,25,3,81445.6209,42845.58486,29876.46564,44292.55406,6018.306715,0,0,0
2059,5,25,4,79879.59624,41259.70401,29107.30362,43053.70721,5939.12707,0,0,0
2059,5,25,5,77864.31494,40541.2856,28591.4511,42836.51475,6019.532406,0,0,0
2059,5,25,6,76195.49565,41824.0939,29539.72744,43720.15632,6014.384504,0,0,0
2059,5,25,7,77970.05122,42383.90788,31081.89198,43697.52189,6234.763763,0,0,0
2059,5,25,8,75874.69144,40976.1608,28700.45589,40750.79706,6732.230923,0,0,0
2059,5,25,9,73609.28744,40070.12994,28215.65421,40710.43097,7256.254724,0,0,0
2059,5,25,10,76152.51475,40132.96704,28870.25497,41312.49044,7377.189579,0,0,0
2059,5,25,11,79996.93573,40314.20589,29109.59158,41124.306,7440.108388,0,0,0
2059,5,25,12,81906.88932,40566.04456,29377.69108,41347.62692,7330.449892,0,0,0
2059,5,25,13,80099.64865,40821.5603,29356.36406,41667.69572,7432.263965,0,0,0
2059,5,25,14,81523.49314,39291.89781,29059.41996,41443.31253,7495.91819,0,0,0
2059,5,25,15,81277.45608,39883.41633,29443.8784,42499.12284,7384.707151,0,0,0
2059,5,25,16,81199.66555,40387.50222,28962.8355,41225.71151,7250.534832,0,0,0
2059,5,25,17,81222.38169,38869.68808,28907.92454,40929.01255,7139.323793,0,0,0
2059,5,25,18,80120.24026,39672.35232,29374.25915,41853.75563,7989.544851,0,0,0
2059,5,25,19,81069.66058,42213.78196,32962.34726,47421.74343,8138.34375,0,0,0
2059,5,25,20,85556.18028,45721.30132,36565.38882,48660.01829,8022.475085,0,0,0
2059,5,25,21,85060.26566,45491.36167,36281.11019,48425.993,7816.640694,0,0,0
2059,5,25,22,84952.73169,45192.12961,35471.74551,48148.57825,7409.956387,0,0,0
2059,5,25,23,85309.57123,44039.08114,34212.22533,46713.21226,6950.077088,0,0,0
2059,5,25,24,84017.85624,43368.79154,32097.49963,45532.95345,6351.204417,0,0,0
2059,5,26,1,79186.18193,39937.1016,29627.48693,42718.03128,6504.57923,0,0,0
2059,5,26,2,91284.24334,48343.62656,32517.82996,48284.62996,6283.382843,0,0,0
2059,5,26,3,89273.61966,47348.69224,31479.26104,47138.28194,6088.089395,0,0,0
2059,5,26,4,88182.50945,45785.3641,30653.5538,46463.00785,6071.82856,0,0,0
2059,5,26,5,84674.25468,45040.87933,30252.6711,46127.41363,6223.569118,0,0,0
2059,5,26,6,84277.70275,45669.33201,31338.38827,47324.42356,6335.760709,0,0,0
2059,5,26,7,85597.3635,47659.44579,33754.062,48155.52384,6491.913755,0,0,0
2059,5,26,8,87563.8623,46580.10221,31642.93165,45721.30132,7172.907729,0,0,0
2059,5,26,9,91284.07992,47173.90869,32229.54741,47359.15147,7598.059115,0,0,0
2059,5,26,10,97760.05969,50268.94214,34221.37716,50254.88755,7817.212683,0,0,0
2059,5,26,11,102851.4171,50420.51927,34582.79261,51547.99166,7802.667815,0,0,0
2059,5,26,12,105693.0593,50711.41663,35159.27599,52066.70413,7681.324397,0,0,0
2059,5,26,13,104609.1398,50184.6963,35183.29953,51679.05889,7849.979492,0,0,0
2059,5,26,14,101155.6326,47674.48094,34050.84267,49623.90177,7867.629443,0,0,0
2059,5,26,15,105046.1396,50865.77199,35837.65515,52258.23879,7778.07228,0,0,0
2059,5,26,16,104816.8536,50256.93037,35276.37034,51833.0874,7549.60346,0,0,0
2059,5,26,17,105129.7317,49995.53131,34709.61078,50748.51421,7327.508233,0,0,0
2059,5,26,18,101123.1926,49577.81579,34167.69189,50106.17036,8158.036521,0,0,0
2059,5,26,19,98296.91239,50824.18021,36822.37538,53530.01587,8308.959951,0,0,0
2059,5,26,20,95985.74925,52968.40421,40432.85279,53735.68684,8298.092157,0,0,0
2059,5,26,21,96234.07427,53007.29948,40694.33356,54310.20911,7927.933445,0,0,0
2059,5,26,22,98151.46371,52917.49718,39721.78853,53564.41694,7418.045949,0,0,0
2059,5,26,23,97293.39823,51745.08278,37706.9975,52052.97639,7010.544515,0,0,0
2059,5,26,24,96067.13514,50471.67145,35784.13331,51063.02654,6752.250544,0,0,0
2059,5,27,1,94256.8711,49422.64329,34502.46899,49362.66614,6499.022764,0,0,0
2059,5,27,2,91208.82248,48303.91417,32490.21105,48244.10045,6277.90809,0,0,0
2059,5,27,3,89198.93422,47309.22499,31452.05069,47098.24269,6082.778067,0,0,0
2059,5,27,4,88108.39599,45746.2237,30626.83373,46423.21375,6066.517232,0,0,0
2059,5,27,5,84601.61205,45002.06578,30226.19617,46087.61953,6218.176077,0,0,0
2059,5,27,6,84205.38698,45630.19161,31311.25964,47284.46603,6330.204243,0,0,0
2059,5,27,7,85524.06717,47619.0797,33725.78939,48115.64802,6486.275576,0,0,0
2059,5,27,8,87488.68657,46540.38982,31615.47617,45681.99749,7166.860986,0,0,0
2059,5,27,9,91206.77966,47134.1963,32202.09193,47318.78538,7591.685521,0,0,0
2059,5,27,10,97679.08236,50229.14803,34192.94113,50213.45919,7811.002515,0,0,0
2059,5,27,11,102767.0895,50380.3166,34554.27486,51505.99131,7796.375934,0,0,0
2059,5,27,12,105606.0353,50669.82484,35130.5131,52025.52091,7674.950803,0,0,0
2059,5,27,13,104522.5243,50144.57535,35154.37322,51636.24141,7843.687611,0,0,0
2059,5,27,14,101070.6513,47634.52341,34022.57006,49582.55512,7861.337562,0,0,0
2059,5,27,15,104960.096,50825.4059,35809.0557,52216.64701,7771.7804,0,0,0
2059,5,27,16,104730.4832,50216.23742,35247.52575,51790.92363,7543.229866,0,0,0
2059,5,27,17,105042.9528,49954.4298,34680.8479,50706.51386,7321.216352,0,0,0
2059,5,27,18,101039.4371,49536.95942,34139.501,50064.49686,8151.581214,0,0,0
2059,5,27,19,98214.21909,50783.24212,36791.89653,53486.5447,8302.177794,0,0,0
2059,5,27,20,95905.75248,52925.50502,40398.45173,53691.07168,8291.555138,0,0,0
2059,5,27,21,96153.66893,52965.62598,40659.03366,54264.28655,7921.396426,0,0,0
2059,5,27,22,98071.38523,52874.6797,39688.20459,53519.88349,7411.917493,0,0,0
2059,5,27,23,97212.33919,51703.00072,37675.61981,52009.50521,7004.497772,0,0,0
2059,5,27,24,95987.62865,50430.48823,35754.88015,51021.76161,6746.530653,0,0,0
2059,5,28,1,94178.18174,49382.2772,34474.11466,49321.89148,6497.470222,0,0,0
2059,5,28,2,91188.72115,48293.37323,32482.93862,48233.31436,6276.43726,0,0,0
2059,5,28,3,89178.99631,47298.76576,31444.77826,47087.53833,6081.307238,0,0,0
2059,5,28,4,88089.03007,45735.84618,30619.80644,46412.75452,6065.046402,0,0,0
2059,5,28,5,84582.49127,44991.68826,30219.16888,46077.07858,6216.705248,0,0,0
2059,5,28,6,84186.18448,45619.81409,31304.15064,47273.92509,6328.815127,0,0,0
2059,5,28,7,85504.53783,47607.96677,33718.19011,48104.86194,6484.804747,0,0,0
2059,5,28,8,87468.83038,46529.84888,31608.28545,45671.61997,7165.226732,0,0,0
2059,5,28,9,91186.18805,47123.57364,32194.8195,47307.9993,7590.051266,0,0,0
2059,5,28,10,97657.34677,50218.44367,34185.50527,50202.59139,7809.36826,0,0,0
2059,5,28,11,102744.5368,50369.3671,34546.75729,51494.63324,7794.659967,0,0,0
2059,5,28,12,105583.1557,50658.87533,35122.75039,52014.40797,7673.234835,0,0,0
2059,5,28,13,104499.8899,50133.62584,35146.93736,51625.29191,7842.053356,0,0,0
2059,5,28,14,101048.1803,47623.73732,34015.21592,49571.5239,7859.703308,0,0,0
2059,5,28,15,104937.5433,50814.45639,35801.45641,52205.61579,7770.064432,0,0,0
2059,5,28,16,104707.6037,50205.61477,35239.68132,51779.56556,7541.513899,0,0,0
2059,5,28,17,105020.4,49943.31687,34673.1669,50695.2375,7319.582097,0,0,0
2059,5,28,18,101017.5381,49526.09162,34132.31027,50053.46564,8149.94696,0,0,0
2059,5,28,19,98192.07494,50772.37433,36784.05211,53474.69635,8300.298401,0,0,0
2059,5,28,20,95884.42546,52914.22867,40389.38161,53679.05991,8289.675745,0,0,0
2059,5,28,21,96132.2602,52954.26791,40649.63669,54251.94793,7919.680459,0,0,0
2059,5,28,22,98049.81306,52863.32163,39679.37962,53508.11686,7410.283238,0,0,0
2059,5,28,23,97190.76703,51692.05122,37667.36683,51998.22885,7002.94523,0,0,0
2059,5,28,24,95966.21991,50419.70214,35747.36258,51010.73039,6744.978111,0,0,0
2059,5,29,1,94157.67184,49371.49112,34466.84223,49310.94198,6534.322667,0,0,0
2059,5,29,2,91685.53461,48557.30538,32664.25919,48499.04419,6312.390866,0,0,0
2059,5,29,3,89670.00817,47557.71343,31623.72916,47350.48992,6116.362003,0,0,0
2059,5,29,4,88575.62944,45993.07789,30795.40712,46672.68275,6100.101168,0,0,0
2059,5,29,5,85059.8571,45247.04057,30392.89016,46337.74222,6252.332002,0,0,0
2059,5,29,6,84662.32462,45877.12751,31482.2027,47536.79497,6365.01387,0,0,0
2059,5,29,7,85985.49901,47873.36974,33903.5146,48368.79409,6521.57548,0,0,0
2059,5,29,8,87960.41422,46791.65649,31787.5632,45929.83223,7205.347687,0,0,0
2059,5,29,9,91692.80704,47385.21784,32375.0778,47572.74857,7631.561338,0,0,0
2059,5,29,10,98189.46013,50483.43808,34371.15661,50474.69482,7850.388055,0,0,0
2059,5,29,11,103302.0628,50634.19809,34734.20632,51770.33202,7835.9249,0,0,0
2059,5,29,12,106156.1254,50929.42621,35312.32395,52287.98223,7714.581482,0,0,0
2059,5,29,13,105066.7312,50397.6397,35336.59263,51901.80782,7883.318289,0,0,0
2059,5,29,14,101604.7258,47886.68892,34200.70384,49842.07479,7901.213379,0,0,0
2059,5,29,15,105505.7737,51083.53644,35992.09223,52482.62197,7811.901355,0,0,0
2059,5,29,16,105274.3632,50471.83487,35430.23543,52054.61064,7583.02397,0,0,0
2059,5,29,17,105587.7316,50209.78212,34861.43305,50969.62888,7360.356754,0,0,0
2059,5,29,18,101564.6049,49791.57631,34318.28847,50324.83365,8193.009573,0,0,0
2059,5,29,19,98732.68643,51041.53609,36980.97981,53762.24348,8344.913557,0,0,0
2059,5,29,20,96413.43373,53191.88856,40617.11502,53976.00401,8334.045762,0,0,0
2059,5,29,21,96659.87936,53230.29354,40881.45573,54553.54965,7962.252796,0,0,0
2059,5,29,22,98582.25327,53145.80257,39902.21026,53802.1193,7450.89447,0,0,0
2059,5,29,23,97721.32785,51966.36088,37871.73039,52281.85377,7042.249058,0,0,0
2059,5,29,24,96488.20089,50689.92617,35938.24354,51284.95835,6782.892822,0,0,0
2059,5,30,1,94670.17414,49636.15868,34653.47413,49578.95976,6517.489843,0,0,0
2059,5,30,2,91459.35374,48437.26936,32581.89275,48378.43619,6296.048318,0,0,0
2059,5,30,3,89446.85067,47440.1288,31542.42498,47230.86247,6100.428019,0,0,0
2059,5,30,4,88354.35134,45876.06524,30715.49206,46554.52612,6084.167183,0,0,0
2059,5,30,5,84842.99148,45131.00848,30313.87394,46219.01361,6236.071167,0,0,0
2059,5,30,6,84445.459,45760.11487,31401.14366,47417.08581,6348.507897,0,0,0
2059,5,30,7,85766.83572,47752.59832,33819.18705,48248.75807,6504.824368,0,0,0
2059,5,30,8,87737.74701,46672.60103,31706.01389,45812.32931,7187.125746,0,0,0
2059,5,30,9,91462.37711,47266.08066,32293.20164,47452.46742,7612.685695,0,0,0
2059,5,30,10,97947.67214,50362.50323,34286.4205,50351.22687,7831.594125,0,0,0
2059,5,30,11,103049.407,50513.42666,34648.89822,51645.22982,7817.212683,0,0,0
2059,5,30,12,105894.8898,50806.85711,35226.28043,52163.3703,7696.03269,0,0,0
2059,5,30,13,104809.6629,50277.93054,35250.30398,51776.70561,7864.442646,0,0,0
2059,5,30,14,101352.2334,47767.30661,34116.29458,49719.0154,7882.256024,0,0,0
2059,5,30,15,105246.2541,50961.13076,35905.06816,52355.8038,7792.943999,0,0,0
2059,5,30,16,105016.8047,50350.73659,35344.02849,51930.73413,7564.311753,0,0,0
2059,5,30,17,105330.0096,50089.33754,34775.96153,50844.77182,7341.971388,0,0,0
2059,5,30,18,101315.5444,49671.21345,34233.47065,50201.28399,8173.23509,0,0,0
2059,5,30,19,98486.81279,50918.64013,36890.93237,53631.42138,8324.403659,0,0,0
2059,5,30,20,96172.46286,53065.88751,40513.42155,53840.11572,8313.862716,0,0,0
2059,5,30,21,96419.48048,53104.9462,40775.96459,54416.51739,7943.132015,0,0,0
2059,5,30,22,98339.48472,53016.61473,39800.72304,53668.02869,7432.427391,0,0,0
2059,5,30,23,97480.11184,51841.66724,37779.55842,52152.66593,7024.353968,0,0,0
2059,5,30,24,96251.15223,50567.11193,35850.81091,51159.36586,6765.488008,0,0,0
2059,5,31,1,94437.86482,49515.22383,34568.73802,49456.79922,6479.738557,0,0,0
2059,5,31,2,87703.42766,46337.5788,31899.26452,47903.76688,6317.375343,0,0,0
2059,5,31,3,85498.40937,45945.0308,30935.21761,46918.88323,6138.914719,0,0,0
2059,5,31,4,82335.39092,44860.4576,30045.12074,45867.24027,6071.174858,0,0,0
2059,5,31,5,80802.45992,44302.19616,29706.50315,45089.33499,6217.849226,0,0,0
2059,5,31,6,79946.76411,44447.80826,30603.30047,46271.30977,6310.348047,0,0,0
2059,5,31,7,82020.87859,46792.63705,32755.77746,46941.84451,6382.01012,0,0,0
2059,5,31,8,81233.00435,44790.02122,30738.69848,45237.39847,7008.746835,0,0,0
2059,5,31,9,83288.24318,44758.56181,30787.64441,44521.02288,7468.78956,0,0,0
2059,5,31,10,87769.53326,47288.38824,32545.20373,48026.58113,7768.021613,0,0,0
2059,5,31,11,92105.37466,47808.48983,33228.24052,48861.68533,7802.994666,0,0,0
2059,5,31,12,93612.48444,47803.50535,33672.34926,50104.20926,7658.935106,0,0,0
2059,5,31,13,94239.71143,46795.82384,33637.45792,49358.49879,7745.877461,0,0,0
2059,5,31,14,90295.02891,45354.65625,32568.737,47519.79872,7739.912431,0,0,0
2059,5,31,15,90824.52747,47161.81521,33322.3736,49125.53577,7656.647149,0,0,0
2059,5,31,16,91426.3418,46461.78216,32529.67831,47854.65753,7442.23292,0,0,0
2059,5,31,17,89611.09328,45677.01301,31899.10109,46182.48802,7295.313413,0,0,0
2059,5,31,18,87533.38344,45253.25074,31663.68669,46220.97472,8118.160704,0,0,0
2059,5,31,19,86132.09167,46767.55124,35013.25532,50887.50758,8121.674352,0,0,0
2059,5,31,20,90536.65348,49771.6384,37786.09544,51036.63333,8024.926468,0,0,0
2059,5,31,21,90401.25547,49633.0536,37550.02733,51366.91622,7882.501162,0,0,0
2059,5,31,22,88741.34288,49573.56672,36928.11167,50716.07425,7459.065744,0,0,0
2059,5,31,23,88932.6324,47828.91801,35437.34444,48692.62167,7048.622652,0,0,0
2059,5,31,24,87370.8568,46380.31456,33614.16979,48051.50352,6860.274787,0,0,0
2059,6,1,1,87465.07159,46148.00524,32804.39654,47342.07351,6231.740392,0,0,0
2059,6,1,2,80254.65772,42217.54074,29689.01662,43694.25338,5983.742226,0,0,0
2059,6,1,3,78101.93559,41080.83482,28650.4477,42476.81527,5769.736561,0,0,0
2059,6,1,4,76596.37835,39556.15681,27908.74116,41280.54076,5693.662,0,0,0
2059,6,1,5,74651.20658,38866.25614,27411.84599,41071.111,5770.962252,0,0,0
2059,6,1,6,73047.51235,40101.58935,28323.10646,41924.43715,5765.977775,0,0,0
2059,6,1,7,74755.79889,40639.01404,29810.19661,41914.87676,5978.104047,0,0,0
2059,6,1,8,72741.253,39289.77327,27514.64061,39068.33175,6459.800649,0,0,0
2059,6,1,9,70567.04042,38417.48978,27049.20485,39028.45593,6964.131679,0,0,0
2059,6,1,10,73010.08791,38475.26068,27678.39294,39605.83815,7081.716312,0,0,0
2059,6,1,11,76707.83453,38648.73683,27908.82287,39424.35416,7143.572856,0,0,0
2059,6,1,12,78552.33621,38890.52483,28168.01568,39638.44154,7035.957177,0,0,0
2059,6,1,13,76812.26341,39136.31675,28147.42407,39945.68144,7135.810145,0,0,0
2059,6,1,14,78188.14253,37667.12169,27862.57346,39730.20494,7198.728955,0,0,0
2059,6,1,15,77948.15221,38234.45324,28232.16018,40743.93319,7089.152171,0,0,0
2059,6,1,16,77875.99986,38718.76465,27768.93066,39521.75574,6958.4935,0,0,0
2059,6,1,17,77895.5292,37262.07164,27716.22594,39236.90513,6851.286385,0,0,0
2059,6,1,18,76831.79276,38035.97299,28165.15573,40124.22377,7684.838044,0,0,0
2059,6,1,19,77741.74583,40479.18392,31642.44138,45529.4398,7829.224456,0,0,0
2059,6,1,20,82088.61845,43856.20803,35150.20587,46747.20476,7716.542587,0,0,0
2059,6,1,21,81605.61444,43633.54081,34877.1219,46520.53362,7513.81328,0,0,0
2059,6,1,22,81502.0844,43344.11429,34099.95203,46247.85821,7113.665993,0,0,0
2059,6,1,23,81848.38299,42231.10506,32862.16745,44832.34842,6669.638964,0,0,0
2059,6,1,24,80592.21304,41588.6795,30799.41104,43672.19094,6090.704203,0,0,0
2059,6,2,1,75926.17046,38286.58597,28406.37174,40954.42521,6239.584815,0,0,0
2059,6,2,2,87680.05781,46441.43569,31204.70623,46357.92527,6025.170585,0,0,0
2059,6,2,3,85716.0104,45464.96845,30192.77566,45238.13388,5836.82272,0,0,0
2059,6,2,4,84657.34014,43930.15806,29394.03363,44580.01948,5821.215587,0,0,0
2059,6,2,5,81233.49463,43202.58782,29006.71524,44251.7794,5967.236253,0,0,0
2059,6,2,6,80841.76375,43811.59287,30055.98853,45422.55954,6075.832484,0,0,0
2059,6,2,7,82115.66537,45740.17696,32418.46727,46247.53136,6227.246191,0,0,0
2059,6,2,8,84013.52546,44689.67797,30350.88981,43857.43372,6883.889768,0,0,0
2059,6,2,9,87615.91331,45270.24699,30922.307,45449.11618,7299.317338,0,0,0
2059,6,2,10,93900.76698,48323.68865,32876.30375,48285.28367,7514.303556,0,0,0
2059,6,2,11,98831.15028,48473.63153,33229.87478,49555.58992,7500.003827,0,0,0
2059,6,2,12,101551.776,48760.60667,33791.15959,50060.9015,7380.866652,0,0,0
2059,6,2,13,100505.6895,48239.03426,33814.93799,49682.57152,7547.152078,0,0,0
2059,6,2,14,97148.11298,45761.50398,32706.09611,47662.7143,7565.047168,0,0,0
2059,6,2,15,100934.3545,48912.42894,34454.42189,50250.22992,7476.307132,0,0,0
2059,6,2,16,100707.3565,48309.38892,33905.72085,49830.635,7251.842236,0,0,0
2059,6,2,17,101011.7365,48051.50352,33352.44388,48765.01916,7033.097231,0,0,0
2059,6,2,18,97152.19861,47636.81136,32823.27218,48138.85444,7848.263524,0,0,0
2059,6,2,19,94415.23039,48857.43627,35412.58548,51459.82361,7993.058499,0,0,0
2059,6,2,20,92187.00569,50945.03335,38804.97159,51613.035,7983.007832,0,0,0
2059,6,2,21,92439.41634,50982.5395,39056.07484,52159.69323,7624.45233,0,0,0
2059,6,2,22,94297.2372,50903.85013,38142.60812,51462.02985,7121.755554,0,0,0
2059,6,2,23,93469.07858,49759.54492,36239.19156,50024.70276,6727.573297,0,0,0
2059,6,2,24,92310.80049,48517.34785,34404.4137,49089.41874,6479.248281,0,0,0
2059,6,3,1,90567.78604,47496.91915,33152.24767,47419.78233,6234.191774,0,0,0
2059,6,3,2,87605.78093,46402.05015,31177.90445,46318.21288,6019.859257,0,0,0
2059,6,3,3,85642.71407,45425.74634,30166.46416,45198.99348,5831.75653,0,0,0
2059,6,3,4,84584.86094,43892.16163,29368.13069,44541.28764,5816.149397,0,0,0
2059,6,3,5,81162.81311,43164.83654,28981.22087,44213.2927,5962.006637,0,0,0
2059,6,3,6,80771.24566,43773.51474,30029.75874,45383.41914,6070.521156,0,0,0
2059,6,3,7,82044.08501,45701.03656,32391.01179,46208.30924,6221.85315,0,0,0
2059,6,3,8,83940.55599,44650.94614,30324.41488,43819.35558,6877.924738,0,0,0
2059,6,3,9,87540.65588,45231.10659,30895.42351,45409.81235,7293.025457,0,0,0
2059,6,3,10,93821.50563,48283.48599,32848.52142,48244.75415,7508.093388,0,0,0
2059,6,3,11,98748.21185,48433.10201,33202.09244,49514.65184,7493.711946,0,0,0
2059,6,3,12,101466.6313,48719.91373,33763.21383,50019.88171,7374.656484,0,0,0
2059,6,3,13,100421.5253,48198.66816,33786.91052,49641.55172,7540.778484,0,0,0
2059,6,3,14,97065.33797,45722.36358,32678.55892,47622.34821,7558.673574,0,0,0
2059,6,3,15,100850.5989,48872.06285,34425.98586,50208.14786,7470.015251,0,0,0
2059,6,3,16,100623.6009,48269.59482,33877.61166,49789.04322,7245.550355,0,0,0
2059,6,3,17,100927.8992,48011.13742,33324.49813,48723.99937,7027.050489,0,0,0
2059,6,3,18,97070.24074,47596.77212,32795.40814,48098.40663,7841.971643,0,0,0
2059,6,3,19,94335.64218,48816.74333,35383.49575,51418.15011,7986.603193,0,0,0
2059,6,3,20,92108.97002,50904.01355,38772.36821,51569.80896,7976.3891,0,0,0
2059,6,3,21,92361.05383,50941.11114,39022.89947,52116.22205,7618.078736,0,0,0
2059,6,3,22,94218.46612,50861.68635,38110.00474,51419.04895,7115.627099,0,0,0
2059,6,3,23,93390.71606,49718.93369,36209.44812,49982.94755,6721.853405,0,0,0
2059,6,3,24,92233.50024,48477.55374,34375.81424,49048.88922,6473.691814,0,0,0
2059,6,4,1,90491.54805,47457.04334,33124.62877,47379.66137,6232.720945,0,0,0
2059,6,4,2,87586.08816,46391.50921,31170.46859,46307.59022,6018.470141,0,0,0
2059,6,4,3,85623.42986,45415.2871,30159.35515,45188.61596,5830.367414,0,0,0
2059,6,4,4,84565.74016,43881.94754,29361.34853,44531.15526,5814.76028,0,0,0
2059,6,4,5,81144.1826,43154.86758,28974.52042,44203.07861,5960.617521,0,0,0
2059,6,4,6,80752.61515,43763.38236,30022.64974,45373.04162,6069.050327,0,0,0
2059,6,4,7,82025.20936,45690.65904,32383.82107,46197.93173,6220.464034,0,0,0
2059,6,4,8,83921.35349,44640.65033,30317.38759,43809.2232,6876.453909,0,0,0
2059,6,4,9,87520.63626,45220.72907,30888.23279,45399.27141,7291.472915,0,0,0
2059,6,4,10,93800.91402,48272.94504,32841.08556,48233.88635,7506.37742,0,0,0
2059,6,4,11,98725.90427,48422.56107,33194.57487,49503.62062,7492.077691,0,0,0
2059,6,4,12,101444.5688,48709.20936,33755.69626,50008.9322,7373.022229,0,0,0
2059,6,4,13,100399.136,48187.96379,33779.39295,49630.68393,7539.062516,0,0,0
2059,6,4,14,97043.84752,45711.65921,32671.12306,47611.88898,7556.957606,0,0,0
2059,6,4,15,100828.2096,48861.52191,34418.30486,50197.19835,7468.299284,0,0,0
2059,6,4,16,100601.2934,48259.05388,33870.1758,49778.17542,7243.9161,0,0,0
2059,6,4,17,100905.755,48000.35134,33316.98056,48713.13157,7025.497946,0,0,0
2059,6,4,18,97048.75029,47586.06775,32788.05399,48087.53884,7840.255676,0,0,0
2059,6,4,19,94314.39687,48805.95724,35375.73304,51406.87375,7984.968938,0,0,0
2059,6,4,20,92087.96985,50893.55432,38763.78837,51558.36917,7974.673133,0,0,0
2059,6,4,21,92340.54393,50930.16163,39014.07449,52104.78226,7616.444481,0,0,0
2059,6,4,22,94197.71108,50850.57342,38101.50661,51407.60917,7113.992844,0,0,0
2059,6,4,23,93369.87931,49708.06589,36201.76712,49971.99804,6720.300863,0,0,0
2059,6,4,24,92212.99034,48467.09451,34368.29667,49038.02143,6472.139272,0,0,0
2059,6,5,1,90471.28329,47446.5841,33117.19291,47369.03871,6268.429412,0,0,0
2059,6,5,2,88074.40349,46650.53859,31348.1938,46568.82585,6053.198055,0,0,0
2059,6,5,3,86105.12646,45671.29312,30332.8313,45445.35739,5864.114775,0,0,0
2059,6,5,4,85043.26941,44132.39709,29530.82075,44785.28188,5848.425929,0,0,0
2059,6,5,5,81609.04638,43403.02917,29142.11325,44456.22468,5995.100297,0,0,0
2059,6,5,6,81216.25324,44014.32218,30195.47218,45630.51846,6104.105092,0,0,0
2059,6,5,7,82495.22104,45949.19815,32564.97821,46456.14398,6256.009075,0,0,0
2059,6,5,8,84400.27186,44895.18552,30491.19059,44060.48988,6915.185748,0,0,0
2059,6,5,9,88015.89717,45477.55221,31064.89573,45657.81052,7332.329285,0,0,0
2059,6,5,10,94322.07787,48536.06006,33023.71353,48500.67845,7547.642354,0,0,0
2059,6,5,11,99269.70256,48686.00294,33377.85655,49772.70067,7532.934061,0,0,0
2059,6,5,12,101999.3983,48975.83803,33940.20362,50280.13678,7413.878599,0,0,0
2059,6,5,13,100950.6153,48450.50683,33963.90032,49900.25426,7580.572588,0,0,0
2059,6,5,14,97584.21387,45970.77031,32853.17904,47877.12853,7598.22254,0,0,0
2059,6,5,15,101378.8718,49125.94433,34605.01847,50471.18117,7508.910515,0,0,0
2059,6,5,16,101149.9127,48521.59691,34054.27461,50049.78857,7284.445619,0,0,0
2059,6,5,17,101457.2343,48263.87493,33500.99765,48983.02875,7065.046913,0,0,0
2059,6,5,18,97586.82868,47848.6925,32970.68196,48354.00408,7881.520609,0,0,0
2059,6,5,19,94838.99266,49072.91277,35566.614,51684.45193,8027.704701,0,0,0
2059,6,5,20,92602.18812,51163.69664,38979.34658,51842.15752,8017.24547,0,0,0
2059,6,5,21,92851.24855,51203.73588,39230.9401,52393.06481,7658.199691,0,0,0
2059,6,5,22,94715.85156,51126.27221,38311.75349,51689.68155,7154.113799,0,0,0
2059,6,5,23,93885.07814,49976.2471,36396.32516,50243.28434,6757.970436,0,0,0
2059,6,5,24,92719.11905,48729.22898,34556.15426,49304.6501,6508.828292,0,0,0
2059,6,6,1,90969.81272,47706.75747,33299.82088,47632.07202,6252.168577,0,0,0
2059,6,6,2,87851.73628,46532.62711,31267.29819,46449.77039,6037.345784,0,0,0
2059,6,6,3,85885.56433,45555.01589,30253.73336,45328.34475,5848.75278,0,0,0
2059,6,6,4,84825.58667,44018.48953,29453.60222,44669.24979,5833.063934,0,0,0
2059,6,6,5,81397.00182,43289.93874,29065.63013,44340.928,5979.411451,0,0,0
2059,6,6,6,81004.94409,43899.92434,30116.78281,45513.17897,6088.171108,0,0,0
2059,6,6,7,82281.05195,45831.20495,32482.36663,46338.64106,6239.829953,0,0,0
2059,6,6,8,84181.36343,44778.99,30411.92923,43946.01033,6897.535796,0,0,0
2059,6,6,9,87790.37001,45360.45786,30984.4904,45540.06246,7313.69878,0,0,0
2059,6,6,10,94084.2938,48416.51433,32940.36654,48379.08989,7528.684998,0,0,0
2059,6,6,11,99021.45925,48565.72179,33294.42784,49650.78526,7514.385269,0,0,0
2059,6,6,12,101745.4351,48854.08605,33855.95779,50155.68828,7395.248094,0,0,0
2059,6,6,13,100698.4498,48330.96109,33880.22647,49777.84857,7561.860371,0,0,0
2059,6,6,14,97337.68653,45852.61369,32770.07719,47756.19368,7579.510323,0,0,0
2059,6,6,15,101128.0137,49005.41804,34519.71037,50346.16068,7490.361723,0,0,0
2059,6,6,16,100899.79,48402.13288,33970.51905,49925.34007,7265.896827,0,0,0
2059,6,6,17,101205.0688,48144.57433,33417.40551,48860.13279,7046.988397,0,0,0
2059,6,6,18,97340.30134,47728.98333,32887.58011,48232.66066,7862.644966,0,0,0
2059,6,6,19,94599.73776,48951.32421,35479.4265,51557.63376,8008.093643,0,0,0
2059,6,6,20,92367.59085,51039.57499,38880.55587,51712.88796,7997.797838,0,0,0
2059,6,6,21,92618.36724,51078.71539,39132.23111,52261.26216,7639.324048,0,0,0
2059,6,6,22,94479.12976,51001.41514,38215.98616,51561.39254,7135.891858,0,0,0
2059,6,6,23,93650.0723,49852.94258,36307.09484,50119.48954,6740.810761,0,0,0
2059,6,6,24,92488.44399,48609.43811,34470.35588,49183.38839,6492.158894,0,0,0
2059,6,7,1,90742.73301,47588.43742,33216.47389,47511.9543,6215.479556,0,0,0
2059,6,7,2,84164.36718,44463.98739,30600.9308,45985.56032,6058.019107,0,0,0
2059,6,7,3,82021.12373,44083.28773,29666.54562,45026.98816,5885.768651,0,0,0
2059,6,7,4,78960.16449,43030.01052,28807.58129,44003.37267,5820.561885,0,0,0
2059,6,7,5,77478.05882,42487.60135,28481.54746,43246.79441,5961.679786,0,0,0
2059,6,7,6,76655.0481,42627.24842,29346.96709,44390.03736,6051.155237,0,0,0
2059,6,7,7,78660.36045,44889.79247,31445.0234,45062.12464,6120.529353,0,0,0
2059,6,7,8,77895.85606,42959.90098,29478.68803,43388.32088,6725.939042,0,0,0
2059,6,7,9,79871.83353,42938.24711,29525.18258,42693.27231,7172.008889,0,0,0
2059,6,7,10,84204.81499,45396.57489,31232.81541,46103.39009,7466.419891,0,0,0
2059,6,7,11,88416.20788,45904.82813,31899.59137,46918.47467,7500.41239,0,0,0
2059,6,7,12,89876.90482,45899.35338,32336.18254,48141.71438,7358.967638,0,0,0
2059,6,7,13,90475.28722,44913.97945,32300.39236,47407.77055,7444.766015,0,0,0
2059,6,7,14,86641.89745,43510.56314,31255.12299,45602.16414,7438.800985,0,0,0
2059,6,7,15,87162.81617,45270.24699,31990.61936,47179.38345,7356.761394,0,0,0
2059,6,7,16,87752.53701,44586.5565,31217.37171,45930.64935,7145.615674,0,0,0
2059,6,7,17,85982.55735,43821.56183,30603.79074,44299.66307,7002.128103,0,0,0
2059,6,7,18,83969.40058,43413.4884,30375.32192,44337.82292,7809.940249,0,0,0
2059,6,7,19,82616.23761,44875.08418,33651.26737,48903.1954,7813.208759,0,0,0
2059,6,7,20,86900.59999,47801.95281,36314.93927,49014.81501,7718.912257,0,0,0
2059,6,7,21,86774.51723,47665.65596,36088.67669,49341.99282,7579.755461,0,0,0
2059,6,7,22,85157.34039,47606.9045,35496.34104,48724.89821,7162.366786,0,0,0
2059,6,7,23,85341.84776,45895.83973,34064.08014,46772.78085,6764.017179,0,0,0
2059,6,7,24,83826.64843,44495.28337,32279.22876,46143.67447,6583.02346,0,0,0
2059,6,8,1,83932.62985,44274.57726,31484.40894,45439.55579,6439.127325,0,0,0
2059,6,8,2,82929.60597,43629.45518,30677.16878,45147.10589,6184.673853,0,0,0
2059,6,8,3,80718.37752,42461.20813,29609.59184,43898.04495,5964.131169,0,0,0
2059,6,8,4,79165.34518,40888.40132,28846.47656,42667.69623,5885.523513,0,0,0
2059,6,8,5,77164.60875,40176.02965,28334.30111,42452.05631,5965.35686,0,0,0
2059,6,8,6,75509.10864,41448.869,29274.73303,43329.48771,5960.208957,0,0,0
2059,6,8,7,77269.85476,42003.12651,30805.70292,43310.93892,6178.872249,0,0,0
2059,6,8,8,75191.49122,40608.29004,28441.9985,40384.07029,6672.989187,0,0,0
2059,6,8,9,72945.69828,39710.18532,27961.20074,40343.86762,7192.600499,0,0,0
2059,6,8,10,75467.68028,39771.6333,28610.49017,40940.45233,7313.290216,0,0,0
2059,6,8,11,79280.39672,39951.31962,28848.11081,40753.41187,7376.209026,0,0,0
2059,6,8,12,81176.70427,40200.87032,29114.24921,40974.77168,7266.550529,0,0,0
2059,6,8,13,79384.33532,40454.26153,29093.33075,41292.14396,7368.364603,0,0,0
2059,6,8,14,80797.47545,38937.59137,28798.83803,41069.72189,7432.345678,0,0,0
2059,6,8,15,80552.50065,39523.88027,29180.19139,42116.38037,7320.889501,0,0,0
2059,6,8,16,80476.50781,40023.7171,28703.0707,40854.16368,7187.044033,0,0,0
2059,6,8,17,80498.57024,38518.89529,28648.48659,40559.83439,7076.404983,0,0,0
2059,6,8,18,79404.60008,39315.5945,29110.9807,41476.65133,7922.867255,0,0,0
2059,6,8,19,80345.19543,41835.86054,32676.27096,47011.87233,8071.911293,0,0,0
2059,6,8,20,84803.68766,45315.27071,36256.1061,48245.40785,7955.879202,0,0,0
2059,6,8,21,84309.57072,45087.53731,35973.46173,48013.58881,7751.270502,0,0,0
2059,6,8,22,84202.93559,44790.67492,35173.98428,47737.15461,7346.057025,0,0,0
2059,6,8,23,84557.24203,43645.96115,33919.28516,46307.09995,6889.119384,0,0,0
2059,6,8,24,83273.04461,42981.30972,31815.91752,45128.5571,6294.577489,0,0,0
2059,6,9,1,78476.26165,39577.23869,29361.59367,42333.73626,6447.135174,0,0,0
2059,6,9,2,90506.09292,47935.06286,32234.04161,47867.24129,6227.327904,0,0,0
2059,6,9,3,88504.37593,46941.51766,31199.88518,46727.18514,6033.341859,0,0,0
2059,6,9,4,87421.02843,45384.39969,30379.48927,46054.93443,6017.24445,0,0,0
2059,6,9,5,83928.87106,44641.63088,29981.46652,45720.23905,6167.759316,0,0,0
2059,6,9,6,83532.56428,45265.50765,31059.99297,46912.75478,6279.297206,0,0,0
2059,6,9,7,84842.99148,47244.09994,33464.71719,47744.10019,6434.551412,0,0,0
2059,6,9,8,86795.43569,46168.67857,31362.33011,45317.1501,7109.988919,0,0,0
2059,6,9,9,90489.99551,46763.13875,31946.33106,46945.19473,7533.015774,0,0,0
2059,6,9,10,96925.36405,49850.89976,33929.33583,49828.75561,7751.842491,0,0,0
2059,6,9,11,101976.5188,50003.1306,34289.44387,51116.46668,7737.379336,0,0,0
2059,6,9,12,104793.6472,50292.96568,34861.92333,51633.62661,7615.954205,0,0,0
2059,6,9,13,103721.0041,49766.00022,34886.84571,51248.1059,7785.017863,0,0,0
2059,6,9,14,100281.1428,47262.07674,33760.35388,49198.99552,7802.994666,0,0,0
2059,6,9,15,104157.9221,50445.6868,35539.24023,51825.48812,7713.110652,0,0,0
2059,6,9,16,103927.9007,49840.44053,34979.83481,51401.23557,7485.295534,0,0,0
2059,6,9,17,104238.0006,49574.54728,34414.87293,50316.98923,7263.527158,0,0,0
2059,6,9,18,100266.598,49160.26368,33876.30426,49681.91782,8091.032074,0,0,0
2059,6,9,19,97453.80034,50396.74086,36514.97206,53077.81757,8239.013846,0,0,0
2059,6,9,20,95160.20544,52535.81697,40075.11442,53273.19273,8228.963179,0,0,0
2059,6,9,21,95412.37096,52568.7472,40332.59126,53839.21688,7862.236403,0,0,0
2059,6,9,22,97312.92757,52478.20949,39374.34596,53106.09018,7354.146586,0,0,0
2059,6,9,23,96464.42248,51313.14924,37385.78472,51609.43964,6948.769684,0,0,0
2059,6,9,24,95251.07001,50050.93255,35484.65612,50634.9335,6693.008808,0,0,0
2059,6,10,1,93456.08625,49003.53865,34210.01909,48943.88835,6441.578708,0,0,0
2059,6,10,2,90431.32576,47895.75904,32206.66785,47827.12033,6221.934863,0,0,0
2059,6,10,3,88430.58933,46902.45897,31172.91997,46687.55446,6028.030531,0,0,0
2059,6,10,4,87347.65039,45345.58614,30353.09606,46015.46718,6011.933121,0,0,0
2059,6,10,5,83857.20899,44603.14418,29955.23673,45681.18036,6162.366276,0,0,0
2059,6,10,6,83460.82049,45226.77581,31033.02776,46873.04238,6273.822453,0,0,0
2059,6,10,7,84770.51228,47204.14241,33436.93486,47704.71465,6429.076658,0,0,0
2059,6,10,8,86721.48566,46129.1296,31335.28319,45278.17313,7104.023889,0,0,0
2059,6,10,9,90413.83924,46723.58978,31919.28414,46905.31892,7526.723893,0,0,0
2059,6,10,10,96845.36728,49810.20682,33901.63521,49787.57239,7745.55061,0,0,0
2059,6,10,11,101893.4986,49963.17307,34261.33469,51075.52859,7731.332593,0,0,0
2059,6,10,12,104708.1757,50253.25329,34833.81415,51592.60681,7609.662324,0,0,0
2059,6,10,13,103636.0228,49726.20612,34858.40968,51206.67754,7778.64427,0,0,0
2059,6,10,14,100198.1227,47222.20092,33732.48984,49158.54772,7796.702785,0,0,0
2059,6,10,15,104073.0225,50405.81098,35510.31392,51784.3049,7706.982197,0,0,0
2059,6,10,16,103842.5109,49799.74759,34951.39878,51360.13407,7479.167078,0,0,0
2059,6,10,17,104153.5096,49534.67146,34387.0906,50275.88772,7257.480415,0,0,0
2059,6,10,18,100184.395,49120.06102,33848.19508,49641.30658,8084.495055,0,0,0
2059,6,10,19,97373.14986,50356.21134,36485.71889,53034.83667,8232.640252,0,0,0
2059,6,10,20,95081.10751,52494.14347,40041.53048,53228.49586,8222.344447,0,0,0
2059,6,10,21,95333.27303,52527.0737,40298.51705,53794.02974,7856.026234,0,0,0
2059,6,10,22,97233.25765,52437.10798,39341.49744,53062.21044,7348.018131,0,0,0
2059,6,10,23,96385.56969,51272.29287,37355.22416,51567.521,6942.886367,0,0,0
2059,6,10,24,95173.44291,50010.2396,35456.22008,50594.24056,6687.207204,0,0,0
2059,6,11,1,93379.27628,48962.92742,34182.23676,48903.76739,6440.107878,0,0,0
2059,6,11,2,90411.38785,47885.46323,32199.3137,47816.41596,6220.464034,0,0,0
2059,6,11,3,88410.89656,46891.99974,31165.72925,46676.76838,6026.641415,0,0,0
2059,6,11,4,87327.71248,45335.12691,30346.06876,46005.00795,6010.544005,0,0,0
2059,6,11,5,83837.92478,44592.93009,29948.29114,45670.63942,6160.895446,0,0,0
2059,6,11,6,83441.69971,45216.31658,31025.91876,46862.58315,6272.351623,0,0,0
2059,6,11,7,84750.98294,47193.43804,33429.58071,47694.25542,6427.524116,0,0,0
2059,6,11,8,86701.54775,46118.50694,31328.09247,45267.79561,7102.389635,0,0,0
2059,6,11,9,90393.7379,46712.96713,31911.84828,46894.69626,7525.171351,0,0,0
2059,6,11,10,96824.28539,49799.42074,33894.28106,49776.86802,7743.916355,0,0,0
2059,6,11,11,101871.5996,49952.38698,34253.89883,51064.6608,7729.698338,0,0,0
2059,6,11,12,104685.623,50242.87577,34826.29657,51581.82073,7608.028069,0,0,0
2059,6,11,13,103613.6335,49715.50175,34850.8104,51195.56461,7777.010015,0,0,0
2059,6,11,14,100175.8968,47211.57826,33725.05398,49147.67992,7794.986818,0,0,0
2059,6,11,15,104050.6333,50395.0249,35502.71463,51773.27368,7705.347942,0,0,0
2059,6,11,16,103820.1216,49788.79808,34943.88121,51349.10285,7477.532823,0,0,0
2059,6,11,17,104131.0386,49523.80366,34379.65474,50265.01993,7255.84616,0,0,0
2059,6,11,18,100162.4142,49109.43836,33840.84093,49630.60222,8082.942513,0,0,0
2059,6,11,19,97352.06798,50345.75211,36478.0379,53023.64202,8230.924285,0,0,0
2059,6,11,20,95060.18905,52483.11225,40032.54208,53216.72923,8220.628479,0,0,0
2059,6,11,21,95312.27285,52516.1242,40289.36522,53782.50824,7854.310267,0,0,0
2059,6,11,22,97212.25748,52425.58648,39332.83589,53050.52552,7346.383876,0,0,0
2059,6,11,23,96364.81465,51261.17994,37347.05288,51556.24464,6941.333824,0,0,0
2059,6,11,24,95152.27931,49999.2901,35448.53909,50583.29105,6685.736374,0,0,0
2059,6,12,1,93358.92981,48952.46819,34174.63747,48893.06303,6476.715186,0,0,0
2059,6,12,2,90906.56706,48144.57433,32379.65372,48081.49209,6256.090788,0,0,0
2059,6,12,3,88900.02902,47151.35598,31343.45446,46938.16744,6061.451042,0,0,0
2059,6,12,4,87813.16786,45590.80607,30520.28032,46264.60932,6045.271919,0,0,0
2059,6,12,5,84312.0221,44846.48472,30120.86845,45929.42366,6196.440488,0,0,0
2059,6,12,6,83915.6336,45473.22144,31203.15369,47124.47248,6308.305229,0,0,0
2059,6,12,7,85231.29042,47457.20676,33612.61725,47955.1642,6463.967998,0,0,0
2059,6,12,8,87190.02651,46380.15114,31506.22624,45525.10903,7142.347164,0,0,0
2059,6,12,9,90897.57866,46974.85646,32092.02487,47157.89299,7566.681422,0,0,0
2059,6,12,10,97355.17306,50066.45797,34079.60556,50047.25548,7785.589853,0,0,0
2059,6,12,11,102424.1412,50218.11681,34439.79531,51337.41792,7770.881559,0,0,0
2059,6,12,12,105256.0596,50505.82737,35014.88958,51857.02924,7649.701566,0,0,0
2059,6,12,13,104175.7355,49981.39501,35038.50456,51469.13886,7818.601799,0,0,0
2059,6,12,14,100730.9715,47473.87616,33909.39792,49417.74053,7836.333464,0,0,0
2059,6,12,15,104614.3694,50661.40843,35692.45162,52048.80904,7746.367737,0,0,0
2059,6,12,16,104385.1652,50054.36448,35131.49366,51622.84053,7518.144055,0,0,0
2059,6,12,17,104694.6931,49790.75919,34566.45006,50538.43075,7296.375679,0,0,0
2059,6,12,18,100706.5394,49374.84134,34026.6557,49900.09083,8125.51485,0,0,0
2059,6,12,19,97885.57045,50616.13957,36672.59593,53310.37203,8274.885739,0,0,0
2059,6,12,20,95584.04942,52757.58534,40258.55952,53511.38537,8264.344795,0,0,0
2059,6,12,21,95834.58068,52795.1732,40517.5889,54080.75974,7895.820339,0,0,0
2059,6,12,22,97744.1257,52703.24637,39553.13344,53340.76917,7386.995108,0,0,0
2059,6,12,23,96889.65558,51534.91762,37551.00788,51837.41818,6980.474227,0,0,0
2059,6,12,24,95670.17465,50266.73589,35639.01148,50855.06762,6723.651086,0,0,0
2059,6,13,1,93866.03907,49219.42371,34360.77909,49159.36484,6460.045787,0,0,0
2059,6,13,2,90681.28503,48026.49942,32297.53241,47960.80238,6239.829953,0,0,0
2059,6,13,3,88677.44351,47033.44449,31262.47714,46819.52054,6045.59877,0,0,0
2059,6,13,4,87591.88977,45474.36542,30440.93725,46146.28928,6029.419648,0,0,0
2059,6,13,5,84096.13704,44730.8612,30042.17908,45811.51218,6180.261366,0,0,0
2059,6,13,6,83699.42169,45356.04537,31122.4215,47004.84503,6291.962681,0,0,0
2059,6,13,7,85012.13686,47337.17075,33529.5971,47836.10874,6447.298599,0,0,0
2059,6,13,8,86967.52272,46261.09567,31425.00378,45407.93296,7124.043511,0,0,0
2059,6,13,9,90667.80243,46855.31072,32009.90357,47037.61184,7547.80578,0,0,0
2059,6,13,10,97112.24108,49945.19626,33994.70602,49924.19609,7766.550784,0,0,0
2059,6,13,11,102172.2208,50097.50881,34354.97749,51213.13285,7751.842491,0,0,0
2059,6,13,12,104995.1508,50385.46451,34928.76435,51731.02819,7630.662498,0,0,0
2059,6,13,13,103919.2392,49859.64302,34952.95132,51345.34406,7799.807869,0,0,0
2059,6,13,14,100477.4986,47354.90241,33825.31551,49294.35429,7817.621247,0,0,0
2059,6,13,15,104357.628,50539.24788,35605.83611,51922.39943,7727.982371,0,0,0
2059,6,13,16,104127.9335,49934.41018,35045.77699,51497.5749,7499.676976,0,0,0
2059,6,13,17,104436.3174,49668.76206,34480.7334,50413.24684,7277.826887,0,0,0
2059,6,13,18,100457.7241,49253.41621,33941.91959,49777.11316,8105.985505,0,0,0
2059,6,13,19,97642.22992,50492.91676,36583.44733,53179.14137,8254.866117,0,0,0
2059,6,13,20,95344.71281,52632.80999,40155.02948,53377.29476,8243.91661,0,0,0
2059,6,13,21,95595.89777,52667.5379,40412.91488,53943.97261,7876.862983,0,0,0
2059,6,13,22,97500.62174,52575.20251,39452.13649,53208.47624,7368.528028,0,0,0
2059,6,13,23,96649.2567,51409.40685,37457.4468,51708.96575,6962.579137,0,0,0
2059,6,13,24,95433.86141,50145.39248,35551.74228,50730.78254,6706.409697,0,0,0
2059,6,14,1,93635.03715,49097.42659,34275.71613,49038.02143,6422.539639,0,0,0
2059,6,14,2,86935.81818,45934.40814,31617.84584,47488.99302,6260.993552,0,0,0
2059,6,14,3,84744.36421,45542.51384,30659.27369,46509.58412,6083.840333,0,0,0
2059,6,14,4,81601.52881,44463.82396,29775.71384,45462.92563,6016.509035,0,0,0
2059,6,14,5,80079.05704,43908.09562,29439.46591,44689.59626,6162.039425,0,0,0
2059,6,14,6,79230.14338,44051.58319,30330.13478,45862.66436,6253.966257,0,0,0
2059,6,14,7,81290.85697,46379.33401,32471.82569,46535.1602,6325.219766,0,0,0
2059,6,14,8,80506.90494,44391.67161,30464.9608,44836.02549,6946.972004,0,0,0
2059,6,14,9,82544.73896,44362.58188,30513.17131,44123.4904,7405.135336,0,0,0
2059,6,14,10,86995.46848,46877.53658,32261.00682,47611.48041,7703.305124,0,0,0
2059,6,14,11,91306.46921,47396.33077,32940.52996,48442.49898,7737.7879,0,0,0
2059,6,14,12,92799.85124,47393.47082,33384.96556,49680.03842,7593.646627,0,0,0
2059,6,14,13,93421.7669,46386.85158,33349.17538,48938.00503,7681.324397,0,0,0
2059,6,14,14,89502.90561,44954.59068,32283.64125,47104.20772,7675.114228,0,0,0
2059,6,14,15,90030.44306,46750.96355,33033.7642,48705.45057,7591.440383,0,0,0
2059,6,14,16,90631.11341,46056.56869,32244.74598,47438.73968,7378.333557,0,0,0
2059,6,14,17,88822.89219,45274.8229,31617.43728,45773.10719,7231.659189,0,0,0
2059,6,14,18,86759.07352,44854.41086,31383.90227,45813.22815,8051.646533,0,0,0
2059,6,14,19,85367.34214,46357.27157,34719.25288,50455.81917,8055.078469,0,0,0
2059,6,14,20,89749.84151,49348.03956,37463.57525,50595.1394,7958.167159,0,0,0
2059,6,14,21,89614.68864,49210.68044,37231.6745,50924.44174,7817.866385,0,0,0
2059,6,14,22,87963.19246,49149.55932,36614.74331,50283.97728,7395.248094,0,0,0
2059,6,14,23,88152.35745,47409.64995,35140.07349,48276.05013,6986.929533,0,0,0
2059,6,14,24,86600.46909,45970.77031,33325.31526,47640.40672,6799.317083,0,0,0
2059,6,15,1,86700.5672,45740.83066,32519.05565,46930.895,6585.147991,0,0,0
2059,6,15,2,84813.08462,44624.79806,31373.36133,46167.37116,6326.445457,0,0,0
2059,6,15,3,82563.61461,43436.93996,30286.25503,44899.76143,6101.735423,0,0,0
2059,6,15,4,80979.28629,41832.18346,29509.08517,43647.75883,6021.575225,0,0,0
2059,6,15,5,78942.35111,41104.36809,28987.34932,43427.78813,6103.042826,0,0,0
2059,6,15,6,77253.59392,42402.04811,29947.31059,44320.00954,6097.813211,0,0,0
2059,6,15,7,79047.4337,42969.6248,31506.71652,44291.49179,6320.56214,0,0,0
2059,6,15,8,76927.39666,41543.41064,29098.64207,41315.18696,6823.340628,0,0,0
2059,6,15,9,74632.33094,40625.20458,28607.71193,41275.80142,7353.492884,0,0,0
2059,6,15,10,77207.9165,40689.34908,29270.48397,41885.86873,7474.75459,0,0,0
2059,6,15,11,81098.50518,40873.69302,29512.68053,41695.55976,7537.591687,0,0,0
2059,6,15,12,83029.37722,41128.8002,29782.74113,41922.39433,7427.93319,0,0,0
2059,6,15,13,81201.8718,41387.42102,29761.33239,42246.46705,7529.420413,0,0,0
2059,6,15,14,82640.66972,39838.39261,29459.97581,42019.38735,7594.463754,0,0,0
2059,6,15,15,82392.58984,40437.59213,29849.66387,43088.02656,7482.190449,0,0,0
2059,6,15,16,82311.85765,40948.13333,29363.22793,41798.68124,7347.854705,0,0,0
2059,6,15,17,82337.35203,39410.21785,29307.2547,41498.30521,7235.663113,0,0,0
2059,6,15,18,81220.74744,40221.95221,29778.98235,42434.56978,8091.522351,0,0,0
2059,6,15,19,82183.8955,42796.31208,33401.71667,48051.66694,8241.710366,0,0,0
2059,6,15,20,86714.13151,46345.83179,37042.5095,49302.19871,8124.534297,0,0,0
2059,6,15,21,86214.13126,46113.44075,36754.39038,49063.76094,7916.085098,0,0,0
2059,6,15,22,86105.94359,45811.18533,35931.05282,48781.9337,7507.031122,0,0,0
2059,6,15,23,86467.84932,44645.22624,34658.86717,47336.92561,7044.210164,0,0,0
2059,6,15,24,85162.07973,43965.53967,32529.51488,46152.74458,6438.310198,0,0,0
2059,6,16,1,80279.41668,40492.09453,30036.29576,43309.95836,6593.319265,0,0,0
2059,6,16,2,92481.82526,48977.79914,32952.78687,48922.64304,6369.671496,0,0,0
2059,6,16,3,90451.75395,47969.87249,31908.41635,47768.77744,6172.33523,0,0,0
2059,6,16,4,89351.90047,46401.7233,31075.35496,47087.78346,6155.992682,0,0,0
2059,6,16,5,85819.21359,45653.80659,30669.65121,46751.69896,6309.204069,0,0,0
2059,6,16,6,85421.43597,46286.99861,31765.58248,47954.83735,6422.86649,0,0,0
2059,6,16,7,86752.94507,48297.29544,34198.25245,48789.20613,6580.490365,0,0,0
2059,6,16,8,88742.07829,47209.8623,32072.49553,46341.58272,7269.5739,0,0,0
2059,6,16,9,92501.76316,47803.50535,32662.54322,47994.14117,7697.585232,0,0,0
2059,6,16,10,99039.68119,50909.24317,34667.52872,50906.54665,7916.657087,0,0,0
2059,6,16,11,104200.4127,51065.15108,35033.60179,52208.47573,7901.458518,0,0,0
2059,6,16,12,107074.2498,51363.81114,35613.92567,52729.80301,7780.196812,0,0,0
2059,6,16,13,105980.1162,50823.03623,35638.52121,52338.80755,7950.404449,0,0,0
2059,6,16,14,102492.1262,48304.15931,34497.89307,50271.80208,7968.544677,0,0,0
2059,6,16,15,106420.221,51516.8591,36296.14534,52928.69182,7877.026408,0,0,0
2059,6,16,16,106186.5226,50896.49598,35731.51031,52496.43143,7648.966152,0,0,0
2059,6,16,17,106502.9143,50636.73118,35160.91024,51406.22005,7424.828106,0,0,0
2059,6,16,18,102449.4721,50219.50593,34614.57886,50754.8878,8262.220264,0,0,0
2059,6,16,19,99592.6313,51474.61362,37300.47662,54225.39129,8417.883033,0,0,0
2059,6,16,20,97257.19949,53638.44868,40987.02859,54454.35039,8406.606675,0,0,0
2059,6,16,21,97503.72682,53677.50737,41254.06583,55037.69764,8029.992657,0,0,0
2059,6,16,22,99439.9919,53601.3511,40259.62178,54278.58628,7515.284109,0,0,0
2059,6,16,23,98570.15979,52408.34509,38203.15726,52736.42174,7105.658144,0,0,0
2059,6,16,24,97319.95487,51118.59121,36246.70913,51720.89581,6844.095664,0,0,0
2059,6,17,1,95490.32491,50059.02211,34951.39878,50004.92828,6587.599374,0,0,0
2059,6,17,2,92405.42384,48937.67818,32925.00454,48882.11352,6364.196743,0,0,0
2059,6,17,3,90375.92452,47929.91496,31881.04258,47728.65648,6167.023902,0,0,0
2059,6,17,4,89277.0516,46362.74632,31048.22633,47047.74422,6150.599641,0,0,0
2059,6,17,5,85746.1624,45614.50276,30642.93114,46711.90486,6303.729315,0,0,0
2059,6,17,6,85348.30307,46247.7765,31738.29042,47914.38954,6417.228311,0,0,0
2059,6,17,7,86678.91332,48256.52078,34169.73471,48748.5949,6574.770474,0,0,0
2059,6,17,8,88666.98428,47169.41449,32045.20347,46302.11547,7263.445445,0,0,0
2059,6,17,9,92423.7275,47762.97583,32634.8426,47953.44823,7691.211638,0,0,0
2059,6,17,10,98958.2953,50867.97823,34639.09269,50864.70972,7910.120068,0,0,0
2059,6,17,11,104113.7972,51023.47758,35005.16576,52166.23025,7895.248349,0,0,0
2059,6,17,12,106985.7549,51322.38278,35585.40793,52687.31239,7773.904931,0,0,0
2059,6,17,13,105891.8664,50781.60787,35609.5949,52295.90836,7943.86743,0,0,0
2059,6,17,14,102407.3083,48263.7115,34469.45704,50230.12859,7961.925945,0,0,0
2059,6,17,15,106331.6444,51475.34903,36267.30074,52885.38407,7870.652815,0,0,0
2059,6,17,16,106098.5179,50855.5579,35702.74742,52454.34937,7642.592558,0,0,0
2059,6,17,17,106414.5828,50595.62967,35132.14736,51364.13799,7418.699651,0,0,0
2059,6,17,18,102363.9189,50178.64956,34585.97941,50713.29602,8255.356394,0,0,0
2059,6,17,19,99510.34657,51433.02183,37269.58921,54181.02127,8410.774025,0,0,0
2059,6,17,20,97175.97702,53595.30435,40951.40184,54407.6107,8399.415954,0,0,0
2059,6,17,21,97422.34093,53634.36304,41218.19394,54991.44823,8023.292213,0,0,0
2059,6,17,22,99357.8706,53556.24566,40225.54757,54232.41858,7508.992228,0,0,0
2059,6,17,23,98489.10075,52365.77276,38170.96244,52692.70543,7099.611402,0,0,0
2059,6,17,24,97239.54953,51076.34572,36216.72055,51678.81375,6838.130634,0,0,0
2059,6,18,1,95411.3904,50018.81944,34923.20788,49963.58163,6586.128544,0,0,0
2059,6,18,2,92385.15908,48926.8921,32917.48697,48871.49086,6362.725914,0,0,0
2059,6,18,3,90356.06833,47919.53744,31873.68843,47717.95211,6165.553072,0,0,0
2059,6,18,4,89256.95027,46352.12367,31040.9539,47037.03985,6149.128812,0,0,0
2059,6,18,5,85726.87819,45604.20696,30635.90385,46701.2822,6302.258486,0,0,0
2059,6,18,6,85329.10057,46237.56241,31730.93628,47903.76688,6415.757482,0,0,0
2059,6,18,7,86659.30227,48245.89813,34162.29885,48737.80882,6573.299644,0,0,0
2059,6,18,8,88646.88295,47158.62841,32037.76761,46291.4111,7261.81119,0,0,0
2059,6,18,9,92403.46274,47752.27146,32627.48846,47942.66215,7689.577383,0,0,0
2059,6,18,10,98936.39629,50857.19215,34631.57511,50853.59679,7908.322388,0,0,0
2059,6,18,11,104090.4274,51012.28293,34997.7299,52154.87217,7893.614095,0,0,0
2059,6,18,12,106962.4667,51311.43327,35577.5635,52676.11774,7772.188963,0,0,0
2059,6,18,13,105868.3331,50770.74007,35602.07733,52284.46858,7942.151462,0,0,0
2059,6,18,14,102385.1642,48253.00713,34461.77604,50218.93394,7960.29169,0,0,0
2059,6,18,15,106308.438,51464.31781,36259.45632,52873.78086,7868.936847,0,0,0
2059,6,18,16,106075.1481,50844.28154,35695.14814,52442.9913,7640.794878,0,0,0
2059,6,18,17,106391.0495,50584.43503,35124.22122,51353.10677,7417.065396,0,0,0
2059,6,18,18,102341.2844,50167.86348,34578.38012,50702.67336,8253.477001,0,0,0
2059,6,18,19,99488.28413,51422.48089,37261.41793,54168.92779,8408.812919,0,0,0
2059,6,18,20,97154.32315,53583.86457,40941.92316,54395.51721,8397.618274,0,0,0
2059,6,18,21,97401.01391,53622.67812,41208.79697,54978.94618,8021.657958,0,0,0
2059,6,18,22,99336.13501,53544.72417,40216.55917,54220.40681,7507.357973,0,0,0
2059,6,18,23,98468.10058,52354.4964,38162.70945,52681.10222,7097.977147,0,0,0
2059,6,18,24,97218.63107,51065.3145,36209.12127,51667.70082,6836.578092,0,0,0
2059,6,19,1,95390.47194,50008.44192,34915.6086,49952.79555,6623.471266,0,0,0
2059,6,19,2,92889.16326,49192.62193,33100.4418,49138.20124,6399.088083,0,0,0
2059,6,19,3,90851.90123,48180.44622,32053.61988,47983.68194,6201.098114,0,0,0
2059,6,19,4,89748.77925,46610.8262,31218.5974,47300.3183,6184.592141,0,0,0
2059,6,19,5,86208.81993,45860.53982,30811.58624,46962.59955,6338.293804,0,0,0
2059,6,19,6,85809.73491,46496.26494,31911.03115,48167.86246,6452.119651,0,0,0
2059,6,19,7,87145.73821,48513.58906,34348.76732,49005.66318,6610.478941,0,0,0
2059,6,19,8,89142.87928,47424.60338,32217.9442,46552.07474,7302.422422,0,0,0
2059,6,19,9,92916.37361,48016.93903,32809.38102,48209.53596,7731.005742,0,0,0
2059,6,19,10,99476.10894,51128.72359,34819.75955,51126.27221,7950.894725,0,0,0
2059,6,19,11,104658.1675,51285.2852,35185.58749,52432.85892,7935.859581,0,0,0
2059,6,19,12,107548.1837,51584.76239,35767.70905,52957.04614,7813.862461,0,0,0
2059,6,19,13,106447.8399,51042.1898,35792.71315,52562.2919,7984.642087,0,0,0
2059,6,19,14,102943.3439,48519.30895,34649.79706,50491.93621,8002.782315,0,0,0
2059,6,19,15,106891.1315,51738.54576,36452.05325,53157.65092,7910.937195,0,0,0
2059,6,19,16,106656.6159,51114.669,35884.96683,52721.95859,7682.468375,0,0,0
2059,6,19,17,106971.21,50851.55397,35313.9582,51628.07014,7457.676628,0,0,0
2059,6,19,18,102901.7521,50438.6595,34766.72799,50976.1659,8298.010444,0,0,0
2059,6,19,19,100034.2887,51697.11741,37465.45464,54462.52166,8455.552607,0,0,0
2059,6,19,20,97689.54159,53868.2249,41176.68386,54701.04115,8444.112823,0,0,0
2059,6,19,21,97937.29462,53907.28359,41444.21137,55284.96039,8064.475434,0,0,0
2059,6,19,22,99877.64534,53834.64097,40444.21086,54521.68168,7548.541194,0,0,0
2059,6,19,23,99003.64587,52631.50259,38373.52832,52968.15907,7137.934677,0,0,0
2059,6,19,24,97745.35139,51339.78759,36404.00615,51945.03386,6875.555069,0,0,0
2059,6,20,1,95906.89646,50275.31573,35104.2016,50224.00013,6606.393304,0,0,0
2059,6,20,2,92659.55047,49071.68707,33017.33994,49016.6944,6382.500397,0,0,0
2059,6,20,3,90626.29236,48061.6359,31971.82543,47862.42024,6184.918992,0,0,0
2059,6,20,4,89525.37662,46493.07814,31137.86521,47180.20057,6168.413018,0,0,0
2059,6,20,5,85989.17609,45743.85403,30731.58947,46843.70751,6321.951256,0,0,0
2059,6,20,6,85590.74477,46378.43517,31828.99156,48047.74473,6435.613678,0,0,0
2059,6,20,7,86923.96983,48391.42852,34263.37751,48883.66606,6593.482691,0,0,0
2059,6,20,8,88917.02527,47303.42338,32136.14975,46433.1827,7283.955343,0,0,0
2059,6,20,9,92682.18489,47896.57616,32726.5243,48088.11082,7711.884961,0,0,0
2059,6,20,10,99230.39873,51005.74591,34734.1246,51001.90542,7931.447093,0,0,0
2059,6,20,11,104399.3015,51160.42813,35099.78911,52307.26643,7916.657087,0,0,0
2059,6,20,12,107280.0024,51460.55902,35681.09354,52828.92057,7794.986818,0,0,0
2059,6,20,13,106183.4992,50917.65958,35705.68908,52436.6177,7965.112742,0,0,0
2059,6,20,14,102688.4819,48397.88382,34563.75354,50367.65113,7983.661534,0,0,0
2059,6,20,15,106624.9114,51612.62643,36364.29376,53028.38136,7891.816414,0,0,0
2059,6,20,16,106390.641,50991.36447,35798.51475,52594.73185,7663.511019,0,0,0
2059,6,20,17,106706.1339,50730.29227,35227.50613,51503.13136,7439.209548,0,0,0
2059,6,20,18,102645.1741,50315.19155,34680.8479,50850.65513,8277.582259,0,0,0
2059,6,20,19,99784.90138,51571.19807,37372.1387,54329.08476,8434.307294,0,0,0
2059,6,20,20,97446.20105,53738.05651,41069.47675,54562.29292,8423.030936,0,0,0
2059,6,20,21,97692.31983,53778.01404,41336.92255,55145.47674,8044.946089,0,0,0
2059,6,20,22,99630.54601,53702.1029,40339.37342,54383.34202,7529.583839,0,0,0
2059,6,20,23,98759.16136,52506.31867,38277.43414,52836.76499,7119.631023,0,0,0
2059,6,20,24,97504.70737,51215.09395,36314.61242,51818.54254,6857.823404,0,0,0
2059,6,21,1,95671.89062,50153.07347,35018.07637,50099.87848,6568.151742,0,0,0
2059,6,21,2,88879.76426,46958.84076,32330.1358,48541.37139,6404.154273,0,0,0
2059,6,21,3,86655.0532,46562.12541,31359.55187,47547.98961,6223.895969,0,0,0
2059,6,21,4,83462.20961,45469.70779,30459.89461,46486.70455,6155.257267,0,0,0
2059,6,21,5,81915.63258,44908.34127,30117.3548,45704.79534,6303.402464,0,0,0
2059,6,21,6,81048.98726,45055.17906,31024.20279,46895.18654,6396.963552,0,0,0
2059,6,21,7,83143.03964,47427.05476,33189.67211,47565.8847,6469.279326,0,0,0
2059,6,21,8,82350.0175,45403.52047,31160.41793,45854.08452,7103.860464,0,0,0
2059,6,21,9,84431.48613,45366.83145,31209.36386,45133.29644,7566.926561,0,0,0
2059,6,21,10,88954.93998,47913.81755,32981.30462,48661.48912,7867.057454,0,0,0
2059,6,21,11,93330.73891,48445.11379,33667.93677,49503.29377,7901.867081,0,0,0
2059,6,21,12,94860.23797,48438.00478,34114.41518,50753.33526,7757.644096,0,0,0
2059,6,21,13,95491.06033,47423.29597,34078.78843,50004.11115,7845.15844,0,0,0
2059,6,21,14,91515.81725,45968.64578,33005.90016,48155.36041,7839.111697,0,0,0
2059,6,21,15,92041.88386,47793.61811,33761.25272,49767.55277,7755.437852,0,0,0
2059,6,21,16,92651.95118,47084.67838,32966.4329,48492.09861,7539.716218,0,0,0
2059,6,21,17,90822.23951,46294.43447,32330.21751,46808.9796,7392.796712,0,0,0
2059,6,21,18,88725.32718,45867.15856,32092.67857,46846.73088,8221.52732,0,0,0
2059,6,21,19,87308.34656,47398.53701,35464.39136,51557.30691,8224.959255,0,0,0
2059,6,21,20,91746.49231,50424.68662,38291.73387,51717.46388,8126.822254,0,0,0
2059,6,21,21,91609.62347,50284.14071,38048.80189,52052.07755,7983.824959,0,0,0
2059,6,21,22,89933.12319,50220.89505,37409.56313,51385.87358,7556.957606,0,0,0
2059,6,21,23,90126.86409,48471.507,35893.38324,49331.86044,7144.389983,0,0,0
2059,6,21,24,88553.24015,47009.0941,34057.29798,48684.94068,6953.100459,0,0,0
2059,6,22,1,88642.7156,46772.53571,33242.29511,47971.67017,6512.995642,0,0,0
2059,6,22,2,83885.80845,44134.52162,31030.49467,45665.08295,6256.581065,0,0,0
2059,6,22,3,81654.64209,42956.22391,29953.11219,44406.29819,6033.913848,0,0,0
2059,6,22,4,80085.26721,41366.7477,29182.39763,43164.5914,5954.489065,0,0,0
2059,6,22,5,78065.90027,40646.53161,28665.48284,42947.07208,6035.13954,0,0,0
2059,6,22,6,76393.15877,41932.36328,29615.88372,43832.34791,6029.909924,0,0,0
2059,6,22,7,78171.39141,42493.40295,31161.48019,43808.40608,6250.77946,0,0,0
2059,6,22,8,76071.45571,41082.14222,28774.8962,40856.28821,6749.14546,0,0,0
2059,6,22,9,73800.41353,40173.90512,28288.86882,40816.08554,7274.313239,0,0,0
2059,6,22,10,76349.85102,40236.98736,28945.10384,41419.61584,7395.493233,0,0,0
2059,6,22,11,80202.77013,40418.7982,29185.01244,41230.94112,7458.330329,0,0,0
2059,6,22,12,82116.89106,40671.29057,29453.43879,41455.07917,7348.835258,0,0,0
2059,6,22,13,80305.31962,40927.29658,29432.03005,41775.88338,7450.485906,0,0,0
2059,6,22,14,81731.86063,39394.03873,29134.26883,41551.00992,7514.303556,0,0,0
2059,6,22,15,81485.66014,39986.94637,29519.70782,42609.02648,7403.17423,0,0,0
2059,6,22,16,81407.37934,40492.25795,29037.60266,41332.83691,7268.593348,0,0,0
2059,6,22,17,81430.91261,38970.60331,28982.60998,41035.32082,7157.300596,0,0,0
2059,6,22,18,80325.58437,39775.14695,29449.84343,41962.27014,8008.665632,0,0,0
2059,6,22,19,81278.43663,42322.78675,33044.63199,47539.08293,8157.70967,0,0,0
2059,6,22,20,85773.29103,45838.39567,36654.70084,48779.72746,8041.759292,0,0,0
2059,6,22,21,85275.4153,45607.63889,36369.27824,48544.80333,7835.189486,0,0,0
2059,6,22,22,85168.12648,45307.508,35558.2793,48266.57145,7428.178328,0,0,0
2059,6,22,23,85526.43684,44152.49842,34295.00034,46830.1432,6967.808752,0,0,0
2059,6,22,24,84231.2082,43480.57456,32177.90496,45648.98554,6367.465253,0,0,0
2059,6,23,1,79390.95406,40040.71335,29703.97005,42828.67032,6521.085203,0,0,0
2059,6,23,2,91507.72768,48462.68202,32599.37927,48404.1757,6299.561966,0,0,0
2059,6,23,3,89494.32577,47465.29632,31559.74809,47256.35685,6103.859954,0,0,0
2059,6,23,4,88401.74473,45900.98763,30732.48831,46579.85707,6087.517406,0,0,0
2059,6,23,5,84889.15918,45155.84916,30330.62505,46244.18114,6239.584815,0,0,0
2059,6,23,6,84491.6267,45784.95554,31418.38505,47442.25333,6352.021545,0,0,0
2059,6,23,7,85813.4937,47778.41954,33837.24557,48274.25245,6508.338016,0,0,0
2059,6,23,8,87785.22211,46697.93198,31723.50042,45837.49683,7191.047957,0,0,0
2059,6,23,9,91511.40476,47291.49332,32310.60645,47478.04351,7616.607907,0,0,0
2059,6,23,10,97998.90602,50388.56959,34304.23388,50378.02865,7835.679762,0,0,0
2059,6,23,11,103103.8277,50538.83932,34667.20187,51672.03159,7821.29832,0,0,0
2059,6,23,12,105950.5362,50832.84176,35244.91094,52189.92694,7699.954901,0,0,0
2059,6,23,13,104864.0019,50302.85293,35268.68935,51803.75253,7868.446571,0,0,0
2059,6,23,14,101406.5724,47792.71927,34134.35309,49745.16348,7886.178235,0,0,0
2059,6,23,15,105302.0639,50986.95198,35923.12668,52382.52387,7796.947923,0,0,0
2059,6,23,16,105071.3888,50376.31268,35362.33215,51957.04563,7568.233965,0,0,0
2059,6,23,17,105385.4109,50114.99534,34794.18347,50871.08332,7345.893599,0,0,0
2059,6,23,18,101368.576,49696.87125,34251.61087,50227.59549,8177.320727,0,0,0
2059,6,23,19,98538.86381,50944.78821,36910.29829,53659.7757,8328.89786,0,0,0
2059,6,23,20,96224.10532,53093.17957,40535.81084,53868.87861,8318.030065,0,0,0
2059,6,23,21,96470.55094,53131.17599,40798.43559,54445.60712,7947.299365,0,0,0
2059,6,23,22,98391.12718,53044.07021,39822.2952,53696.87329,7436.349602,0,0,0
2059,6,23,23,97531.67258,51868.3056,37799.3329,52180.12141,7028.112754,0,0,0
2059,6,23,24,96301.97756,50593.58685,35869.03285,51186.49449,6769.165082,0,0,0
2059,6,24,1,94487.30103,49540.55478,34587.12338,49482.78387,6515.447024,0,0,0
2059,6,24,2,91431.57141,48422.64278,32571.84208,48363.80961,6294.087212,0,0,0
2059,6,24,3,89419.31348,47425.66564,31532.45603,47216.3176,6098.466913,0,0,0
2059,6,24,4,88327.38614,45861.84723,30705.68653,46539.98126,6082.206078,0,0,0
2059,6,24,5,84816.27142,45116.79047,30304.23184,46204.63217,6234.110061,0,0,0
2059,6,24,6,84419.06579,45745.81514,31391.25642,47402.45922,6346.465078,0,0,0
2059,6,24,7,85740.27908,47737.97173,33808.89125,48234.04978,6502.78155,0,0,0
2059,6,24,8,87710.37324,46658.05616,31696.04494,45798.11129,7184.919502,0,0,0
2059,6,24,9,91434.51307,47251.45408,32283.15097,47437.84084,7610.397738,0,0,0
2059,6,24,10,97917.9287,50348.04007,34276.04298,50336.19172,7829.306168,0,0,0
2059,6,24,11,103018.4379,50498.80008,34638.27556,51630.19467,7814.924726,0,0,0
2059,6,24,12,105863.1852,50791.90367,35215.90292,52148.17173,7693.66302,0,0,0
2059,6,24,13,104777.7132,50263.30396,35239.68132,51761.50704,7862.072977,0,0,0
2059,6,24,14,101321.2643,47752.59832,34106.1622,49704.30711,7879.886354,0,0,0
2059,6,24,15,105214.6312,50945.76876,35894.69065,52340.52352,7790.57433,0,0,0
2059,6,24,16,104985.5904,50335.86487,35333.32412,51915.53556,7561.942084,0,0,0
2059,6,24,17,105298.5502,50074.22068,34765.50229,50829.49153,7339.683431,0,0,0
2059,6,24,18,101285.5558,49656.58687,34223.25655,50186.49398,8170.701995,0,0,0
2059,6,24,19,98457.15107,50903.76841,36880.14629,53615.16055,8321.870564,0,0,0
2059,6,24,20,96143.37313,53050.52552,40500.67437,53823.60975,8311.493046,0,0,0
2059,6,24,21,96390.47245,53089.66592,40762.97226,54399.9297,7940.844058,0,0,0
2059,6,24,22,98310.14985,53001.08931,39788.3027,53651.93128,7430.139434,0,0,0
2059,6,24,23,97450.85868,51826.6321,37768.11863,52137.22222,7022.147724,0,0,0
2059,6,24,24,96222.38935,50552.32192,35840.26996,51144.1673,6763.363477,0,0,0
2059,6,25,1,94409.42879,49500.51553,34558.11536,49441.9275,6513.976195,0,0,0
2059,6,25,2,91411.6335,48411.8567,32564.56965,48352.8601,6292.616383,0,0,0
2059,6,25,3,89399.70242,47415.04299,31525.26531,47205.69495,6097.077796,0,0,0
2059,6,25,4,88307.85679,45851.30628,30698.57752,46529.60374,6080.816961,0,0,0
2059,6,25,5,84796.98721,45106.41295,30297.20454,46194.17294,6232.720945,0,0,0
2059,6,25,6,84399.78158,45735.35591,31384.06569,47391.67314,6345.075962,0,0,0
2059,6,25,7,85720.74974,47727.5125,33801.45539,48223.42712,6501.31072,0,0,0
2059,6,25,8,87690.35362,46647.18837,31688.85421,45787.57035,7183.285247,0,0,0
2059,6,25,9,91414.1666,47240.91314,32275.87854,47427.13647,7608.763484,0,0,0
2059,6,25,10,97896.27482,50337.17228,34268.60712,50325.07879,7827.671914,0,0,0
2059,6,25,11,102995.5584,50488.17742,34630.8397,51618.75489,7813.290471,0,0,0
2059,6,25,12,105840.224,50780.87245,35208.14021,52136.97708,7691.947053,0,0,0
2059,6,25,13,104754.6702,50252.59959,35232.08204,51750.39411,7860.438722,0,0,0
2059,6,25,14,101299.0384,47741.73052,34098.56291,49693.3576,7878.170387,0,0,0
2059,6,25,15,105191.7517,50934.81926,35887.00965,52329.16545,7788.940075,0,0,0
2059,6,25,16,104962.7926,50325.32393,35325.56141,51904.17749,7560.226116,0,0,0
2059,6,25,17,105275.5072,50063.51631,34757.98472,50818.70545,7337.967464,0,0,0
2059,6,25,18,101263.7385,49645.8825,34215.49384,50175.21763,8169.067741,0,0,0
2059,6,25,19,98435.66062,50892.90062,36872.38358,53603.47563,8320.154597,0,0,0
2059,6,25,20,96121.80097,53039.90286,40491.44083,53811.84311,8309.613653,0,0,0
2059,6,25,21,96369.14543,53078.30785,40753.65701,54387.7545,7939.046378,0,0,0
2059,6,25,22,98288.25084,52989.73124,39779.3143,53639.75608,7428.505179,0,0,0
2059,6,25,23,97429.36823,51815.43745,37759.70222,52125.78244,7020.595182,0,0,0
2059,6,25,24,96201.22575,50541.12728,35832.8341,51132.97265,6761.892648,0,0,0
2059,6,26,1,94388.59204,49489.97459,34550.43436,49431.14142,6551.073779,0,0,0
2059,6,26,2,91910.57149,48676.60598,32745.72679,48618.9985,6328.651701,0,0,0
2059,6,26,3,89890.55085,47674.72607,31704.05278,47468.56483,6132.214274,0,0,0
2059,6,26,4,88795.27329,46108.86484,30874.42334,46789.85881,6115.871727,0,0,0
2059,6,26,5,85274.59818,45362.25554,30470.92583,46455.00001,6268.429412,0,0,0
2059,6,26,6,84876.90227,45993.40474,31562.19947,47655.19673,6381.274706,0,0,0
2059,6,26,7,86202.44634,47993.07891,33987.27016,48487.35927,6538.163166,0,0,0
2059,6,26,8,88181.44718,46909.64969,31868.13197,46046.10946,7223.487915,0,0,0
2059,6,26,9,91921.27586,47503.37446,32456.54541,47692.13089,7650.436981,0,0,0
2059,6,26,10,98430.26758,50602.82039,34454.50361,50596.69194,7868.855134,0,0,0
2059,6,26,11,103554.8003,50755.29637,34819.10585,51892.7377,7854.391979,0,0,0
2059,6,26,12,106416.2171,51051.58676,35397.55034,52412.59416,7733.293699,0,0,0
2059,6,26,13,105322.8189,50517.02202,35422.22759,52024.45864,7902.030507,0,0,0
2059,6,26,14,101856.1559,48004.11013,34284.70453,49963.25478,7920.089022,0,0,0
2059,6,26,15,105763.8226,51207.0861,36077.8089,52608.78644,7830.123296,0,0,0
2059,6,26,16,105530.8595,50591.46232,35515.38011,52178.65058,7601.49105,0,0,0
2059,6,26,17,105844.9633,50329.16443,34946.08745,51093.42368,7378.660408,0,0,0
2059,6,26,18,101813.747,49912.42945,34401.96232,50447.40276,8212.538918,0,0,0
2059,6,26,19,98974.47443,51164.1052,37071.51753,53893.47414,8365.260029,0,0,0
2059,6,26,20,96651.70808,53316.66391,40720.8902,54110.74832,8354.473947,0,0,0
2059,6,26,21,96898.56227,53355.55917,40986.37489,54690.41849,7981.618715,0,0,0
2059,6,26,22,98823.87785,53272.70246,40003.45234,53936.2099,7469.116411,0,0,0
2059,6,26,23,97961.5633,52090.07397,37964.8012,52410.79648,7060.062435,0,0,0
2059,6,26,24,96722.71645,50810.61589,36025.67617,51408.34458,6800.052497,0,0,0
2059,6,27,1,94902.15661,49755.70442,34737.88339,49699.1592,6534.159242,0,0,0
2059,6,27,2,91682.9198,48555.99797,32663.19692,48497.73679,6312.22744,0,0,0
2059,6,27,3,89667.55678,47556.32431,31622.6669,47349.18252,6116.198577,0,0,0
2059,6,27,4,88573.25977,45991.68877,30794.42656,46671.29363,6099.937742,0,0,0
2059,6,27,5,85057.40571,45245.65146,30391.90961,46336.2714,6252.086864,0,0,0
2059,6,27,6,84659.6281,45875.73839,31481.14043,47535.32414,6364.768732,0,0,0
2059,6,27,7,85983.04763,47871.98063,33902.53405,48367.15983,6521.330342,0,0,0
2059,6,27,8,87957.88113,46790.26738,31786.58265,45928.44311,7205.184261,0,0,0
2059,6,27,9,91690.02881,47383.82872,32374.09725,47571.27775,7631.3162,0,0,0
2059,6,27,10,98186.51848,50482.04896,34370.25777,50473.22399,7850.22463,0,0,0
2059,6,27,11,103299.2029,50632.89068,34733.30748,51768.77948,7835.679762,0,0,0
2059,6,27,12,106153.1838,50928.11881,35311.42511,52286.67482,7714.336343,0,0,0
2059,6,27,13,105063.7895,50396.25059,35335.61208,51900.4187,7883.073151,0,0,0
2059,6,27,14,101602.0293,47885.2998,34199.72328,49840.60396,7900.968241,0,0,0
2059,6,27,15,105502.9138,51082.06561,35991.11168,52481.15114,7811.656217,0,0,0
2059,6,27,16,105271.5033,50470.36404,35429.25488,52052.97639,7582.778832,0,0,0
2059,6,27,17,105584.8717,50208.31129,34860.53421,50968.23977,7360.111616,0,0,0
2059,6,27,18,101561.9083,49790.10548,34317.38963,50323.44454,8192.764435,0,0,0
2059,6,27,19,98729.74477,51040.06526,36980.16268,53760.77265,8344.668419,0,0,0
2059,6,27,20,96410.98235,53190.49944,40616.05276,53974.45147,8333.800624,0,0,0
2059,6,27,21,96657.26455,53228.90443,40880.31176,54551.99711,7962.007658,0,0,0
2059,6,27,22,98579.63847,53144.16832,39901.14799,53800.73018,7450.649332,0,0,0
2059,6,27,23,97718.63133,51964.89005,37870.83155,52280.46466,7042.00392,0,0,0
2059,6,27,24,96485.34094,50688.53706,35937.26298,51283.56923,6782.647684,0,0,0
2059,6,28,1,94667.55933,49634.76956,34652.49358,49577.48893,6496.244531,0,0,0
2059,6,28,2,87924.21548,46453.52918,31980.16013,48023.31262,6333.636178,0,0,0
2059,6,28,3,85714.94813,46060.4909,31014.6424,47036.46786,6154.848703,0,0,0
2059,6,28,4,82546.37322,44974.28345,30122.82956,45983.59921,6086.863704,0,0,0
2059,6,28,5,81010.82741,44416.02201,29783.47655,45204.46824,6233.78321,0,0,0
2059,6,28,6,80153.00707,44561.63411,30682.23497,46388.32241,6326.52717,0,0,0
2059,6,28,7,82230.7169,46911.77422,32836.67307,47058.12174,6398.434381,0,0,0
2059,6,28,8,81442.10725,44904.50077,30817.71469,45352.85857,7026.396787,0,0,0
2059,6,28,9,83502.00371,44872.6328,30866.33377,44635.66585,7486.929788,0,0,0
2059,6,28,10,87991.95534,47404.91061,32626.58962,48146.12687,7786.897256,0,0,0
2059,6,28,11,92334.98746,47927.30015,33310.28011,48981.63964,7821.706884,0,0,0
2059,6,28,12,93846.26459,47922.23396,33755.53283,50226.28809,7677.647323,0,0,0
2059,6,28,13,94473.57329,46913.65362,33720.0695,49479.92392,7764.589678,0,0,0
2059,6,28,14,90522.68061,45469.70779,32650.44974,47638.93589,7758.297797,0,0,0
2059,6,28,15,91051.19861,47280.29868,33404.82175,49245.81692,7675.359366,0,0,0
2059,6,28,16,91655.79117,46577.97768,32611.47276,47974.4484,7460.454861,0,0,0
2059,6,28,17,89837.84613,45792.63654,31979.91499,46300.07265,7313.69878,0,0,0
2059,6,28,18,87756.45922,45368.22057,31744.17374,46338.39593,8137.363198,0,0,0
2059,6,28,19,86351.89894,46884.72731,35097.25602,51012.60978,8140.795133,0,0,0
2059,6,28,20,90763.89661,49893.22696,37880.71879,51163.86007,8044.210674,0,0,0
2059,6,28,21,90626.78264,49754.23359,37642.60786,51494.14296,7901.295092,0,0,0
2059,6,28,22,88965.07236,49694.665,37018.81281,50841.25817,7477.451111,0,0,0
2059,6,28,23,89157.0973,47949.85287,35521.7537,48812.24913,7066.517742,0,0,0
2059,6,28,24,87592.54347,46497.98091,33697.43507,48170.55898,6877.6796,0,0,0
2059,6,29,1,87686.02284,46265.0996,32886.59955,47460.72041,6654.195257,0,0,0
2059,6,29,2,85699.58614,45093.9109,31701.92825,46646.61638,6393.286478,0,0,0
2059,6,29,3,83433.77357,43897.47296,30606.65069,45371.81593,6166.860476,0,0,0
2059,6,29,4,81834.49183,42278.98872,29822.12667,44110.74321,6085.883151,0,0,0
2059,6,29,5,79783.09349,41543.8192,29295.56978,43889.05655,6168.16788,0,0,0
2059,6,29,6,78078.64745,42852.53044,30264.92801,44787.07956,6162.856552,0,0,0
2059,6,29,7,79886.3784,43426.3173,31836.50914,44753.57734,6387.321448,0,0,0
2059,6,29,8,77748.52799,41985.7217,29409.47734,41754.96492,6895.084414,0,0,0
2059,6,29,9,75430.66441,41058.11868,28913.39929,41716.47822,7428.668605,0,0,0
2059,6,29,10,78030.92721,41123.48887,29582.38149,42332.91913,7550.093736,0,0,0
2059,6,29,11,81955.59011,41309.79392,29826.62087,42141.30276,7613.993099,0,0,0
2059,6,29,12,83904.1121,41567.59761,30098.31573,42370.75213,7502.863773,0,0,0
2059,6,29,13,82060.67269,41828.66981,30076.907,42697.6848,7605.98525,0,0,0
2059,6,29,14,83510.33841,40264.8514,29772.2819,42468.88913,7671.192017,0,0,0
2059,6,29,15,83261.76826,40870.17938,30165.89217,43547.17045,7557.774734,0,0,0
2059,6,29,16,83178.42126,41385.21478,29675.37059,42246.05849,7422.867,0,0,0
2059,6,29,17,83205.71332,39832.01902,29618.66195,41942.57737,7310.593696,0,0,0
2059,6,29,18,82078.32264,40650.61724,30094.39352,42887.91206,8170.375144,0,0,0
2059,6,29,19,83052.3385,43250.5532,33742.45879,48540.22741,8323.668244,0,0,0
2059,6,29,20,87615.25961,46831.85916,37413.81219,49804.48693,8203.959081,0,0,0
2059,6,29,21,87111.50057,46598.48758,37124.30396,49563.02578,7994.202477,0,0,0
2059,6,29,22,87004.29345,46292.96364,36291.07915,49276.4592,7583.269109,0,0,0
2059,6,29,23,87368.8957,45115.97334,35005.57432,47822.05414,7117.996768,0,0,0
2059,6,29,24,86053.48401,44430.40345,32864.53712,46633.13378,6505.804921,0,0,0
2059,6,30,1,81130.7,40925.25376,30355.05716,43771.06335,6662.529956,0,0,0
2059,6,30,2,93415.39331,49469.05613,33290.75077,49415.28915,6437.002794,0,0,0
2059,6,30,3,91368.97945,48455.00103,32241.06891,48259.2173,6238.113985,0,0,0
2059,6,30,4,90263.56951,46880.80509,31403.18648,47574.30112,6221.526299,0,0,0
2059,6,30,5,86710.2093,46127.33192,30994.86791,47235.43838,6375.881665,0,0,0
2059,6,30,6,86309.9803,46765.34499,32097.90819,48442.0087,6490.197788,0,0,0
2059,6,30,7,87653.09261,48793.21006,34541.52768,49282.17909,6649.455918,0,0,0
2059,6,30,8,89659.87579,47700.38387,32406.04693,46822.95247,7344.994759,0,0,0
2059,6,30,9,93451.83719,48290.92185,32998.95457,48486.37872,7773.741505,0,0,0
2059,6,30,10,100037.8023,51413.5742,35015.78842,51410.14226,7994.856179,0,0,0
2059,6,30,11,105251.8922,51569.89067,35383.90431,52723.26599,7980.066173,0,0,0
2059,6,30,12,108156.3716,51870.59355,35965.78073,53250.31316,7856.598223,0,0,0
2059,6,30,13,107052.5142,51327.85753,35990.53969,52852.2087,8029.012105,0,0,0
2059,6,30,14,103526.446,48793.61862,34844.4368,50775.88798,8047.315758,0,0,0
2059,6,30,15,107498.5023,52024.37693,36653.63857,53451.48993,7955.062075,0,0,0
2059,6,30,16,107264.2319,51399.92817,36084.50934,53015.1439,7725.449276,0,0,0
2059,6,30,17,107580.8688,51132.56409,35511.21276,51913.2476,7499.922114,0,0,0
2059,6,30,18,103484.936,50721.38558,34961.20431,51260.11767,8344.259855,0,0,0
2059,6,30,19,100602.3556,51983.68398,37678.56147,54771.06897,8504.253399,0,0,0
2059,6,30,20,98245.35165,54166.4764,41423.04777,55018.08658,8492.813616,0,0,0
2059,6,30,21,98495.96462,54206.8425,41690.08501,55604.29377,8108.436888,0,0,0
2059,6,30,22,100446.2843,54132.64733,40683.79262,54837.17457,7591.440383,0,0,0
2059,6,30,23,99565.25754,52922.89022,38594.88814,53270.65964,7179.608174,0,0,0
2059,6,30,24,98296.66725,51625.70047,36605.83662,52234.70552,6915.676024,0,0,0
2059,7,1,1,96448.40679,50554.03789,35300.63903,50505.82737,6656.728352,0,0,0
2059,7,1,2,93338.25648,49428.85346,33263.13186,49374.75963,6431.528041,0,0,0
2059,7,1,3,91292.90489,48414.22637,32213.36829,48219.01463,6232.639232,0,0,0
2059,7,1,4,90187.8218,46841.17441,31376.05785,47534.26187,6216.133258,0,0,0
2059,7,1,5,86636.66784,46088.19152,30967.98442,47195.31743,6370.406911,0,0,0
2059,7,1,6,86236.60226,46725.71431,32070.371,48401.96946,6484.559609,0,0,0
2059,7,1,7,87578.40716,48752.02684,34513.25507,49241.56786,6643.817739,0,0,0
2059,7,1,8,89584.12808,47659.60922,32378.42803,46783.3218,7338.702878,0,0,0
2059,7,1,9,93373.80152,48250.63746,32971.33567,48445.76749,7767.367912,0,0,0
2059,7,1,10,99956.00786,51371.247,34986.94382,51368.55048,7988.400873,0,0,0
2059,7,1,11,105165.1133,51528.54402,35355.05971,52680.3668,7973.529154,0,0,0
2059,7,1,12,108066.8961,51829.24691,35937.09956,53207.33226,7850.306343,0,0,0
2059,7,1,13,106964.3461,51285.77547,35961.44996,52809.39122,8022.31166,0,0,0
2059,7,1,14,103441.1379,48753.41595,34815.83734,50734.13277,8040.860452,0,0,0
2059,7,1,15,107409.844,51983.112,36624.14028,53408.10047,7948.688481,0,0,0
2059,7,1,16,107175.9821,51358.09125,36055.33789,52971.59101,7718.830544,0,0,0
2059,7,1,17,107490.903,51090.80888,35482.53159,51871.57411,7493.630233,0,0,0
2059,7,1,18,103399.7096,50680.20236,34932.278,51219.34302,8337.395985,0,0,0
2059,7,1,19,100518.6001,51942.41905,37647.26549,54725.80011,8497.062678,0,0,0
2059,7,1,20,98163.88405,54122.92351,41387.33931,54971.75546,8485.541182,0,0,0
2059,7,1,21,98413.92503,54161.9822,41654.04969,55557.55409,8101.818156,0,0,0
2059,7,1,22,100363.019,54088.93101,40648.81956,54790.84345,7585.230214,0,0,0
2059,7,1,23,99483.13623,52879.99103,38562.52989,53226.20791,7173.479718,0,0,0
2059,7,1,24,98216.01677,51583.45498,36576.58346,52192.54175,6909.792707,0,0,0
2059,7,2,1,96368.982,50513.26323,35272.12128,50464.3173,6655.17581,0,0,0
2059,7,2,2,93317.8283,49417.98567,33255.696,49364.13697,6430.057211,0,0,0
2059,7,2,3,91272.55842,48403.35858,32206.09586,48208.14684,6231.250115,0,0,0
2059,7,2,4,90167.72046,46830.71518,31368.86713,47523.72093,6214.744142,0,0,0
2059,7,2,5,86617.05678,46077.814,30960.7937,47184.61306,6368.936082,0,0,0
2059,7,2,6,86217.07292,46715.17337,32063.26199,48391.18338,6483.088779,0,0,0
2059,7,2,7,87558.30583,48741.32247,34505.65578,49230.86349,6642.346909,0,0,0
2059,7,2,8,89564.10845,47649.06827,32371.07388,46772.69914,7337.068624,0,0,0
2059,7,2,9,93352.96478,48239.85138,32963.89981,48435.06312,7765.733657,0,0,0
2059,7,2,10,99934.27227,51360.05235,34979.34454,51357.43755,7986.603193,0,0,0
2059,7,2,11,105142.724,51517.83965,35347.37872,52669.17216,7971.731474,0,0,0
2059,7,2,12,108043.5263,51818.2974,35929.33685,53195.72905,7848.7538,0,0,0
2059,7,2,13,106940.8129,51274.74425,35953.85067,52798.36,8020.677405,0,0,0
2059,7,2,14,103417.9315,48742.62987,34808.15635,50722.93812,8039.062772,0,0,0
2059,7,2,15,107385.9839,51972.16249,36616.54099,53396.66068,7946.890801,0,0,0
2059,7,2,16,107152.3671,51346.73318,36047.24833,52959.9878,7717.196289,0,0,0
2059,7,2,17,107467.288,51080.10451,35474.52374,51860.46117,7491.995978,0,0,0
2059,7,2,18,103377.0751,50669.33456,34924.84214,51208.3118,8335.680017,0,0,0
2059,7,2,19,100496.6193,51931.63297,37638.84908,54713.87005,8495.101573,0,0,0
2059,7,2,20,98142.47531,54110.91174,41377.6972,54959.33512,8483.743502,0,0,0
2059,7,2,21,98392.35287,54150.54242,41644.4893,55545.37889,8100.183901,0,0,0
2059,7,2,22,100340.7114,54077.24609,40639.4226,54778.58654,7583.59596,0,0,0
2059,7,2,23,99461.48236,52868.46953,38553.70491,53214.6047,7171.927176,0,0,0
2059,7,2,24,98194.68975,51572.17863,36568.57561,52181.26539,6908.240165,0,0,0
2059,7,3,1,96347.73669,50502.39544,35264.35857,50453.53122,6692.845383,0,0,0
2059,7,3,2,93824.61071,49685.10461,33438.65083,49630.84735,6466.501093,0,0,0
2059,7,3,3,91772.96724,48668.4347,32387.00786,48473.95838,6266.87687,0,0,0
2059,7,3,4,90662.98138,47090.07142,31547.32775,47787.89822,6250.289184,0,0,0
2059,7,3,5,87099.81565,46336.02626,31137.94692,47448.05493,6405.379964,0,0,0
2059,7,3,6,86701.46604,46975.42845,32243.68372,48655.03381,6519.859512,0,0,0
2059,7,3,7,88048.25542,49010.23909,34693.18652,49498.06415,6679.853057,0,0,0
2059,7,3,8,90062.96473,47915.53352,32552.39445,47034.42504,7377.679855,0,0,0
2059,7,3,9,93869.06244,48506.48005,33146.36435,48701.44665,7807.407154,0,0,0
2059,7,3,10,100479.7048,51633.38147,35168.26439,51633.13633,8029.502381,0,0,0
2059,7,3,11,105716.184,51792.31275,35537.03398,52948.87487,8014.222099,0,0,0
2059,7,3,12,108634.146,52091.13624,36119.97267,53481.47851,7890.100447,0,0,0
2059,7,3,13,107524.3235,51549.21735,36146.12075,53079.37011,8063.413168,0,0,0
2059,7,3,14,103981.014,49008.68655,34996.66764,50999.45403,8081.798534,0,0,0
2059,7,3,15,107973.5802,52246.88072,36812.07958,53683.14555,7989.218,0,0,0
2059,7,3,16,107736.7767,51622.84053,36239.68183,53244.103,7758.37951,0,0,0
2059,7,3,17,108053.0867,51353.59705,35665.15956,52134.28056,7532.770635,0,0,0
2059,7,3,18,103938.8502,50940.45743,35114.82426,51482.94831,8381.030588,0,0,0
2059,7,3,19,101044.3398,52203.40954,37845.5006,55012.4484,8542.7401,0,0,0
2059,7,3,20,98678.75602,54403.36164,41615.07271,55266.32988,8531.136891,0,0,0
2059,7,3,21,98932.31065,54442.9106,41882.35508,55854.74332,8142.837951,0,0,0
2059,7,3,22,100890.2296,54363.48582,40871.48678,55081.00539,7624.942606,0,0,0
2059,7,3,23,100002.5841,53151.68589,38767.38373,53505.33863,7211.966419,0,0,0
2059,7,3,24,98726.80311,51850.57393,36766.15702,52461.37666,6947.217142,0,0,0
2059,7,4,1,96868.49198,50770.74007,35453.68699,50727.9226,6675.685707,0,0,0
2059,7,4,2,93594.2625,49563.67948,33355.63068,49509.09537,6449.831694,0,0,0
2059,7,4,3,91544.98869,48548.15355,32304.80485,48353.10524,6250.616035,0,0,0
2059,7,4,4,90438.51648,46972.48679,31466.10529,47667.78049,6234.110061,0,0,0
2059,7,4,5,86880.33523,46218.44162,31057.37816,47328.26406,6388.710565,0,0,0
2059,7,4,6,86481.33192,46857.27182,32161.39899,48535.73321,6503.108401,0,0,0
2059,7,4,7,87825.50649,48887.66998,34607.79671,49375.98532,6662.775094,0,0,0
2059,7,4,8,89836.04845,47794.59866,32469.94629,46915.12444,7359.212776,0,0,0
2059,7,4,9,93633.97489,48384.8915,33063.50764,48580.26666,7788.613224,0,0,0
2059,7,4,10,100231.2164,51509.75009,35082.05745,51507.8707,8009.809611,0,0,0
2059,7,4,11,105455.6838,51667.21054,35451.31732,52821.97498,7994.856179,0,0,0
2059,7,4,12,108364.7391,51967.50486,36033.43888,53351.71867,7870.979666,0,0,0
2059,7,4,13,107259.3291,51423.70658,36058.44298,52951.81653,8043.965536,0,0,0
2059,7,4,14,103724.8446,48887.01628,34910.13384,50873.69813,8062.26919,0,0,0
2059,7,4,15,107705.1538,52121.45166,36722.52241,53553.14058,7969.933794,0,0,0
2059,7,4,16,107469.8211,51497.65661,36152.41263,53114.75173,7739.749005,0,0,0
2059,7,4,17,107787.03,51229.31197,35578.29892,52009.58692,7514.303556,0,0,0
2059,7,4,18,103683.9065,50816.82606,35027.8819,51356.86556,8360.193839,0,0,0
2059,7,4,19,100795.688,52079.94159,37751.61266,54876.4784,8520.841086,0,0,0
2059,7,4,20,98434.35322,54269.43446,41506.88505,55126.84624,8509.564728,0,0,0
2059,7,4,21,98686.11017,54309.80055,41774.16742,55713.87056,8123.635457,0,0,0
2059,7,4,22,100640.1069,54233.72599,40765.99563,54942.99257,7606.148676,0,0,0
2059,7,4,23,99756.46535,53023.64202,38669.737,53372.71885,7193.744478,0,0,0
2059,7,4,24,98485.01511,51724.40946,36675.45588,52334.06821,6929.56719,0,0,0
2059,7,5,1,96632.09703,50648.4161,35367.48005,50602.41183,6637.117294,0,0,0
2059,7,5,2,89790.69788,47441.19106,32665.64831,49033.44551,6471.48557,0,0,0
2059,7,5,3,87553.32135,47043.33173,31689.99819,48036.14152,6289.919862,0,0,0
2059,7,5,4,84337.6799,45942.25256,30783.06849,46969.3817,6220.872597,0,0,0
2059,7,5,5,82782.03276,45378.0261,30437.4236,46182.9783,6369.998347,0,0,0
2059,7,5,6,81906.88932,45528.54096,31351.13546,47379.49795,6464.294849,0,0,0
2059,7,5,7,84016.38541,47920.76313,33528.61655,48050.27783,6537.1009,0,0,0
2059,7,5,8,83219.68619,45881.94856,31488.24944,46331.77719,7177.810494,0,0,0
2059,7,5,9,85320.9293,45838.64081,31537.52222,45609.27315,7643.491398,0,0,0
2059,7,5,10,89876.57797,48404.58427,33319.51365,49153.89009,7944.847983,0,0,0
2059,7,5,11,94280.97636,48940.12956,34008.76061,50000.92435,7980.474737,0,0,0
2059,7,5,12,95826.65455,48930.40575,34458.75267,51256.76745,7834.454071,0,0,0
2059,7,5,13,96463.85049,47909.24164,34422.47221,50503.4577,7921.968415,0,0,0
2059,7,5,14,92465.07414,46447.15558,33344.76289,48646.6174,7916.085098,0,0,0
2059,7,5,15,92990.16021,48282.17858,34103.79253,50264.52965,7832.166114,0,0,0
2059,7,5,16,93605.53885,47570.54233,33304.39679,48985.64356,7616.199343,0,0,0
2059,7,5,17,91760.38348,46773.18942,32665.97516,47295.57896,7467.972433,0,0,0
2059,7,5,18,89652.84849,46344.85123,32426.88368,47331.69599,8302.831496,0,0,0
2059,7,5,19,88224.83665,47889.38544,35816.32813,52078.55248,8306.345144,0,0,0
2059,7,5,20,92686.02539,50931.38732,38686.65154,52248.76011,8206.492175,0,0,0
2059,7,5,21,92551.77136,50791.16826,38441.75846,52588.27655,8062.596041,0,0,0
2059,7,5,22,90860.31765,50725.71635,37790.50792,51910.71451,7633.359018,0,0,0
2059,7,5,23,91054.79397,48966.27764,36249.48736,49824.8334,7218.585151,0,0,0
2059,7,5,24,89469.07654,47497.89971,34400.24635,49178.89419,7025.90651,0,0,0
2059,7,6,1,89557.65315,47258.48138,33581.81155,48458.26954,6502.536411,0,0,0
2059,7,6,2,83749.92016,44062.94126,30980.40476,45591.13292,6246.366972,0,0,0
2059,7,6,3,81521.61375,42885.78753,29904.32969,44333.90071,6023.944894,0,0,0
2059,7,6,4,79954.44511,41298.68098,29134.67739,43093.99159,5944.683537,0,0,0
2059,7,6,5,77937.61127,40579.60887,28618.49801,42876.6357,6025.252298,0,0,0
2059,7,6,6,76267.40286,41863.39773,29567.42806,43761.01269,6020.022683,0,0,0
2059,7,6,7,78043.26584,42423.70199,31110.81829,43737.88798,6240.565368,0,0,0
2059,7,6,8,75946.2718,41014.6475,28727.50281,40789.20205,6738.441091,0,0,0
2059,7,6,9,73678.90669,40107.88123,28242.37427,40748.99938,7262.71003,0,0,0
2059,7,6,10,76224.34025,40170.71832,28897.3836,41351.46741,7383.808311,0,0,0
2059,7,6,11,80071.94803,40352.28403,29137.04706,41163.03784,7446.808833,0,0,0
2059,7,6,12,81983.04559,40604.36783,29405.22827,41386.76732,7337.232049,0,0,0
2059,7,6,13,80174.41581,40860.047,29383.81954,41707.08126,7438.96441,0,0,0
2059,7,6,14,81598.83229,39329.0771,29086.54859,41482.45294,7502.618634,0,0,0
2059,7,6,15,81352.95865,39921.00419,29471.41559,42539.08037,7391.407596,0,0,0
2059,7,6,16,81274.75956,40425.58036,28990.04584,41264.60677,7257.153564,0,0,0
2059,7,6,17,81298.45626,38906.29539,28935.05317,40967.66267,7145.7791,0,0,0
2059,7,6,18,80195.00742,39709.77676,29401.63291,41893.05945,7996.490434,0,0,0
2059,7,6,19,81145.49001,42253.33092,32992.0907,47464.47919,8145.452759,0,0,0
2059,7,6,20,85635.1965,45763.87365,36597.66535,48703.65289,8029.584094,0,0,0
2059,7,6,21,85138.54646,45533.52544,36312.81474,48469.13733,7823.341138,0,0,0
2059,7,6,22,85030.76736,45233.96653,35503.61347,48191.72258,7416.575119,0,0,0
2059,7,6,23,85388.2606,44080.42779,34242.1322,46755.70289,6956.450681,0,0,0
2059,7,6,24,84095.48334,43409.32105,32126.75279,45575.11722,6357.087735,0,0,0
2059,7,7,1,79260.62224,39974.85289,29655.43268,42758.15223,6510.54426,0,0,0
2059,7,7,2,91365.13895,48387.26117,32547.65511,48328.10114,6289.26616,0,0,0
2059,7,7,3,89354.025,47391.18287,31508.5142,47181.0177,6093.809287,0,0,0
2059,7,7,4,88262.26108,45827.28274,30682.23497,46505.33505,6077.548452,0,0,0
2059,7,7,5,84752.53548,45082.55283,30281.02542,46169.98597,6229.370722,0,0,0
2059,7,7,6,84355.57499,45711.49579,31367.47801,47367.6496,6341.644027,0,0,0
2059,7,7,7,85676.05287,47702.99868,33784.13229,48198.50474,6497.878785,0,0,0
2059,7,7,8,87644.43106,46622.91969,31672.1031,45763.5468,7179.526461,0,0,0
2059,7,7,9,91366.93663,47216.64445,32259.04571,47402.62265,7604.841272,0,0,0
2059,7,7,10,97847.24718,50312.16818,34251.61087,50299.74784,7823.99484,0,0,0
2059,7,7,11,102942.9353,50463.74531,34613.27146,51593.09709,7809.531685,0,0,0
2059,7,7,12,105786.2936,50755.86836,35190.40854,52111.401,7688.106554,0,0,0
2059,7,7,13,104702.1289,50228.08577,35214.59551,51724.73631,7856.679936,0,0,0
2059,7,7,14,101247.2326,47717.38012,34081.23981,49668.27179,7874.493314,0,0,0
2059,7,7,15,105139.2104,50909.73344,35868.95113,52303.67107,7784.936151,0,0,0
2059,7,7,16,104909.8427,50300.56497,35307.66632,51878.35626,7556.385617,0,0,0
2059,7,7,17,105222.4757,50039.49277,34740.41648,50793.29279,7334.208678,0,0,0
2059,7,7,18,101212.9132,49621.04182,34198.08903,50149.88668,8165.145529,0,0,0
2059,7,7,19,98385.40728,50867.81481,36854.32506,53576.26528,8316.06896,0,0,0
2059,7,7,20,96072.28304,53013.91821,40470.1138,53784.06078,8305.446303,0,0,0
2059,7,7,21,96320.36292,53052.24148,40732.16656,54359.56361,7935.042454,0,0,0
2059,7,7,22,98238.48778,52963.74659,39758.64098,53612.05546,7424.664681,0,0,0
2059,7,7,23,97380.09545,51789.69794,37740.49973,52099.2258,7016.918109,0,0,0
2059,7,7,24,96152.93352,50515.95975,35815.18415,51107.6417,6758.379,0,0,0
2059,7,8,1,94341.03523,49465.70591,34532.86612,49406.46417,6504.987794,0,0,0
2059,7,8,2,91289.71809,48346.64993,32519.79107,48287.57162,6283.791407,0,0,0
2059,7,8,3,89278.93099,47351.55219,31481.30386,47141.14188,6088.497959,0,0,0
2059,7,8,4,88187.9842,45788.22405,30655.59662,46465.8678,6072.237123,0,0,0
2059,7,8,5,84679.64772,45043.65756,30254.6322,46130.27358,6223.977681,0,0,0
2059,7,8,6,84283.09579,45672.19196,31340.34938,47327.44693,6336.169273,0,0,0
2059,7,8,7,85602.67483,47662.46916,33756.02311,48158.46549,6492.322319,0,0,0
2059,7,8,8,87569.33705,46582.96216,31644.89276,45724.16126,7173.398006,0,0,0
2059,7,8,9,91289.47296,47176.85035,32231.59023,47362.17484,7598.467678,0,0,0
2059,7,8,10,97765.69787,50271.72037,34223.50169,50257.91092,7817.621247,0,0,0
2059,7,8,11,102857.5455,50423.21579,34584.83543,51551.09674,7803.076379,0,0,0
2059,7,8,12,105699.0244,50714.44,35161.31881,52069.97264,7681.814673,0,0,0
2059,7,8,13,104615.2683,50187.55625,35185.34235,51682.16397,7850.388055,0,0,0
2059,7,8,14,101161.5976,47677.25917,34052.80378,49626.92514,7868.11972,0,0,0
2059,7,8,15,105052.268,50868.55022,35839.8614,52260.93531,7778.562557,0,0,0
2059,7,8,16,104822.9004,50259.79031,35278.57659,51836.11078,7550.012024,0,0,0
2059,7,8,17,105135.8601,49998.6364,34711.73531,50751.53758,7327.916797,0,0,0
2059,7,8,18,101128.9942,49580.75744,34169.73471,50109.11202,8158.526797,0,0,0
2059,7,8,19,98302.95913,50827.04015,36824.33649,53532.95753,8309.450228,0,0,0
2059,7,8,20,95991.22401,52971.42758,40435.30417,53738.87364,8298.582433,0,0,0
2059,7,8,21,96239.95759,53010.48627,40696.78494,54313.39591,7928.423722,0,0,0
2059,7,8,22,98157.42874,52920.60226,39724.1582,53567.3586,7418.536225,0,0,0
2059,7,8,23,97299.28155,51747.94273,37709.28546,52055.99976,7010.953079,0,0,0
2059,7,8,24,96073.01846,50474.69482,35786.25784,51065.9682,6752.659108,0,0,0
2059,7,9,1,94262.42757,49425.50324,34504.5118,49365.52609,6503.516964,0,0,0
2059,7,9,2,91269.8619,48335.78214,32512.43692,48276.86725,6282.320578,0,0,0
2059,7,9,3,89259.56507,47341.09296,31474.03142,47130.60094,6087.027129,0,0,0
2059,7,9,4,88168.29143,45777.92824,30648.4059,46455.24514,6070.766294,0,0,0
2059,7,9,5,84660.36351,45033.44347,30247.60491,46119.73263,6222.506852,0,0,0
2059,7,9,6,84263.81158,45661.81444,31333.24037,47316.82427,6334.698444,0,0,0
2059,7,9,7,85583.14548,47651.92822,33748.50553,48147.5977,6490.769777,0,0,0
2059,7,9,8,87549.48085,46572.50293,31637.70204,45713.70203,7171.763751,0,0,0
2059,7,9,9,91269.28991,47166.22769,32224.23609,47351.47048,7596.833424,0,0,0
2059,7,9,10,97744.53427,50261.26114,34215.82069,50246.8797,7816.068705,0,0,0
2059,7,9,11,102835.4014,50412.67485,34577.23614,51540.22895,7801.442124,0,0,0
2059,7,9,12,105676.7168,50703.32706,35153.80123,52058.77799,7680.098705,0,0,0
2059,7,9,13,104592.6339,50177.01531,35177.66135,51670.96933,7848.835513,0,0,0
2059,7,9,14,101139.3718,47666.71823,34045.44963,49616.05735,7866.403752,0,0,0
2059,7,9,15,105029.7153,50858.09099,35832.1804,52250.06752,7776.928302,0,0,0
2059,7,9,16,104800.4294,50249.16766,35270.81388,51824.99784,7548.377769,0,0,0
2059,7,9,17,105112.9806,49987.85031,34704.05431,50740.26122,7326.282542,0,0,0
2059,7,9,18,101107.4221,49570.05307,34162.29885,50098.24423,8156.81083,0,0,0
2059,7,9,19,98281.30525,50816.25407,36816.65549,53521.92631,8307.570835,0,0,0
2059,7,9,20,95970.79582,52960.23294,40426.39749,53727.02529,8296.784753,0,0,0
2059,7,9,21,96218.63056,52999.20992,40687.71483,54301.38414,7926.707754,0,0,0
2059,7,9,22,98136.02,52909.16248,39715.25151,53556.00052,7416.90197,0,0,0
2059,7,9,23,97278.4448,51736.91151,37701.1959,52044.64169,7009.400537,0,0,0
2059,7,9,24,96052.26342,50463.90874,35778.49513,51055.34555,6751.188279,0,0,0
2059,7,10,1,94241.91767,49414.88058,34497.15766,49354.98514,6540.36941,0,0,0
2059,7,10,2,91767.49248,48600.4497,32693.75749,48542.51537,6318.355896,0,0,0
2059,7,10,3,89750.49521,47600.28577,31652.90061,47393.38911,6122.163607,0,0,0
2059,7,10,4,88655.87135,46035.24166,30824.17,46715.25508,6105.82106,0,0,0
2059,7,10,5,85138.1379,45288.95921,30421.32619,46380.39627,6258.133607,0,0,0
2059,7,10,6,84740.19686,45919.53642,31511.21072,47579.85758,6370.897188,0,0,0
2059,7,10,7,86064.35181,47917.00435,33933.91174,48411.77499,6527.54051,0,0,0
2059,7,10,8,88040.73785,46834.6374,31816.73465,45972.15943,7211.884706,0,0,0
2059,7,10,9,91775.82718,47428.19874,32404.5761,47616.38318,7638.425208,0,0,0
2059,7,10,10,98277.54647,50526.90926,34401.63546,50519.06484,7857.170213,0,0,0
2059,7,10,11,103393.0908,50678.40468,34764.60345,51815.1106,7842.78877,0,0,0
2059,7,10,12,106250.0134,50973.63281,35343.29308,52332.92423,7721.363639,0,0,0
2059,7,10,13,105159.5568,50441.11088,35367.64347,51946.25955,7890.18216,0,0,0
2059,7,10,14,101696.0807,47929.58811,34231.10098,49886.19967,7908.240675,0,0,0
2059,7,10,15,105599.8251,51127.82475,36023.38821,52528.13597,7818.520087,0,0,0
2059,7,10,16,105367.5975,50515.14262,35461.20456,52100.12464,7589.724415,0,0,0
2059,7,10,17,105681.5378,50253.66186,34892.07533,51014.57089,7367.057199,0,0,0
2059,7,10,18,101654.9791,49835.86462,34348.76732,50369.77566,8200.036869,0,0,0
2059,7,10,19,98820.69105,51085.74269,37013.82833,53809.88201,8352.431129,0,0,0
2059,7,10,20,96500.13095,53237.32084,40654.70288,54024.78651,8341.236484,0,0,0
2059,7,10,21,96747.23028,53275.5624,40919.53387,54602.65901,7969.280092,0,0,0
2059,7,10,22,98670.50303,53191.72513,39938.81757,53850.65666,7457.513202,0,0,0
2059,7,10,23,97808.9239,52010.64919,37905.72289,52328.51175,7048.704365,0,0,0
2059,7,10,24,96573.50899,50733.80592,35970.02979,51330.2272,6789.10299,0,0,0
2059,7,11,1,94754.5834,49679.62986,34683.95298,49622.67608,6523.536586,0,0,0
2059,7,11,2,91541.06648,48480.25026,32611.63619,48421.82565,6301.931635,0,0,0
2059,7,11,3,89526.92916,47482.86456,31571.67815,47274.0068,6106.14791,0,0,0
2059,7,11,4,88434.2664,45918.39244,30744.25494,46597.26189,6089.887075,0,0,0
2059,7,11,5,84920.94544,45172.76369,30342.22826,46261.74938,6241.954484,0,0,0
2059,7,11,6,84523.49467,45802.27864,31430.31511,47459.98499,6354.391214,0,0,0
2059,7,11,7,85845.44338,47795.90607,33849.58419,48291.9024,6510.789398,0,0,0
2059,7,11,8,87817.9072,46715.58193,31735.43048,45854.73822,7193.662765,0,0,0
2059,7,11,9,91545.07041,47308.97985,32322.78165,47495.53004,7619.304427,0,0,0
2059,7,11,10,98034.61449,50406.62811,34316.73593,50396.16887,7838.457995,0,0,0
2059,7,11,11,103141.1705,50556.73441,34679.78563,51690.17182,7823.99484,0,0,0
2059,7,11,12,105989.268,50851.0637,35257.24956,52208.14888,7702.651422,0,0,0
2059,7,11,13,104901.9166,50320.58459,35281.43653,51822.21961,7871.061378,0,0,0
2059,7,11,14,101443.5883,47810.28751,34146.85514,49763.3037,7889.119894,0,0,0
2059,7,11,15,105340.3054,51004.92879,35936.11901,52401.64465,7799.726157,0,0,0
2059,7,11,16,105109.4669,50394.28948,35374.75248,51975.18586,7571.012198,0,0,0
2059,7,11,17,105423.489,50133.05385,34806.84894,50889.46869,7348.508407,0,0,0
2059,7,11,18,101405.1016,49714.5212,34264.19464,50245.65401,8180.344099,0,0,0
2059,7,11,19,98574.89913,50962.19302,36923.29062,53678.73306,8331.839518,0,0,0
2059,7,11,20,96258.83323,53111.89178,40550.9277,53888.7348,8320.890011,0,0,0
2059,7,11,21,96506.01427,53149.72478,40814.28786,54465.62674,7950.159311,0,0,0
2059,7,11,22,98426.83564,53063.19099,39837.57548,53716.48435,7439.046123,0,0,0
2059,7,11,23,97566.97248,51886.9361,37812.73379,52199.07877,7030.727562,0,0,0
2059,7,11,24,96336.62376,50611.8088,35881.94346,51205.04329,6771.698177,0,0,0
2059,7,12,1,94521.21182,49557.95959,34599.46201,49500.76067,6485.703587,0,0,0
2059,7,12,2,87783.75128,46379.74257,31928.68111,47947.31977,6323.340373,0,0,0
2059,7,12,3,85577.5073,45987.11286,30964.14392,46961.45557,6144.716324,0,0,0
2059,7,12,4,82412.11919,44901.80425,30073.22992,45909.56747,6076.89475,0,0,0
2059,7,12,5,80878.20763,44343.4611,29734.4489,45131.0902,6223.65083,0,0,0
2059,7,12,6,80021.85812,44489.31834,30631.98164,46313.96382,6316.231365,0,0,0
2059,7,12,7,82097.11657,46836.10823,32785.43918,46984.09,6387.97515,0,0,0
2059,7,12,8,81308.9972,44831.69472,30767.37965,45279.31711,7015.120429,0,0,0
2059,7,12,9,83365.78857,44799.99017,30816.16215,44562.69638,7475.571718,0,0,0
2059,7,12,10,87850.67401,47330.79715,32574.94717,48070.05231,7774.885484,0,0,0
2059,7,12,11,92188.88508,47852.04272,33258.06567,48905.31994,7809.940249,0,0,0
2059,7,12,12,93697.79254,47846.8131,33702.50126,50148.41585,7665.717263,0,0,0
2059,7,12,13,94324.61097,46838.88646,33667.4465,49402.62367,7752.577906,0,0,0
2059,7,12,14,90378.21248,45396.57489,32598.39872,47563.2699,7746.531163,0,0,0
2059,7,12,15,90907.05733,47204.71439,33352.28046,49169.41551,7663.511019,0,0,0
2059,7,12,16,91509.93393,46504.27279,32559.34003,47898.37384,7448.851652,0,0,0
2059,7,12,17,89693.54143,45718.93165,31928.51768,46225.22378,7301.932145,0,0,0
2059,7,12,18,87614.52419,45295.00595,31693.10328,46263.46534,8125.269712,0,0,0
2059,7,12,19,86211.92501,46810.287,35043.57075,50933.02158,8128.619934,0,0,0
2059,7,12,20,90619.18335,49816.33527,37820.16965,51083.04617,8032.035476,0,0,0
2059,7,12,21,90483.21335,49677.3419,37583.2027,51412.75707,7889.365032,0,0,0
2059,7,12,22,88822.48363,49617.44646,36961.0419,50761.99681,7465.766189,0,0,0
2059,7,12,23,89014.1,47872.87947,35467.65987,48735.84771,7055.159671,0,0,0
2059,7,12,24,87451.6707,46423.13204,33644.48522,48094.81127,6866.566667,0,0,0
2059,7,13,1,87545.55864,46190.33244,32834.38511,47385.21784,6744.242696,0,0,0
2059,7,13,2,86853.8603,45704.5502,32130.675,47271.55542,6480.473972,0,0,0
2059,7,13,3,84567.86469,44498.55188,31024.12108,45986.37744,6251.760013,0,0,0
2059,7,13,4,82950.60614,42862.58111,30230.60866,44714.35522,6170.047273,0,0,0
2059,7,13,5,80879.76018,42118.58662,29698.82215,44490.87088,6253.067417,0,0,0
2059,7,13,6,79157.25562,43441.76101,30679.29331,45396.16632,6247.756089,0,0,0
2059,7,13,7,80981.98281,44023.14716,32266.645,45354.08426,6474.508942,0,0,0
2059,7,13,8,78821.41626,42564.32961,29815.50794,42329.97747,6988.400363,0,0,0
2059,7,13,9,76474.95322,41624.30625,29313.46487,42292.79818,7525.74334,0,0,0
2059,7,13,10,79106.67543,41690.82042,29989.80121,42917.08351,7649.21129,0,0,0
2059,7,13,11,83076.93404,41879.98542,30236.24684,42723.91459,7713.110652,0,0,0
2059,7,13,12,85044.90366,42141.30276,30510.63822,42956.95933,7601.327624,0,0,0
2059,7,13,13,83182.83375,42404.74463,30488.7392,43287.48736,7705.266229,0,0,0
2059,7,13,14,84644.2661,40822.62256,30180.02847,43056.32202,7769.982719,0,0,0
2059,7,13,15,84393.57142,41435.46811,30578.05123,44146.53339,7656.810575,0,0,0
2059,7,13,16,84307.20105,41956.38683,30082.30004,42830.79486,7520.105161,0,0,0
2059,7,13,17,84337.76161,40383.74344,30025.18283,42523.80009,7408.076994,0,0,0
2059,7,13,18,83196.80663,41211.33007,30505.57203,43480.08429,8274.640601,0,0,0
2059,7,13,19,84187.16503,43843.8694,34188.12008,49174.23656,8433.326741,0,0,0
2059,7,13,20,88790.94251,47463.49864,37904.57891,50464.48073,8309.123377,0,0,0
2059,7,13,21,88282.60756,47230.29048,37608.61537,50218.93394,8096.098264,0,0,0
2059,7,13,22,88172.78563,46920.92605,36764.19591,49918.96647,7682.468375,0,0,0
2059,7,13,23,88541.88208,45732.82281,35454.91268,48451.16053,7213.845812,0,0,0
2059,7,13,24,87212.74265,45037.93767,33300.5563,47258.31795,6594.299818,0,0,0
2059,7,14,1,82243.70923,41491.60476,30771.22015,44373.85824,6752.495683,0,0,0
2059,7,14,2,94631.4423,50107.64119,33728.81276,50056.32559,6524.435426,0,0,0
2059,7,14,3,92565.74424,49088.27476,32673.24759,48894.69728,6323.748937,0,0,0
2059,7,14,4,91451.83617,47499.53396,31830.13554,48206.34916,6306.997825,0,0,0
2059,7,14,5,87865.21888,46744.67167,31419.20217,47866.26074,6462.987445,0,0,0
2059,7,14,6,87466.62414,47387.99607,32529.35146,49073.40304,6578.52926,0,0,0
2059,7,14,7,88821.33965,49435.30877,34991.11117,49924.68637,6739.503357,0,0,0
2059,7,14,8,90851.41096,48336.68098,32839.69644,47448.79035,7442.069494,0,0,0
2059,7,14,9,94687.41553,48927.95437,33435.62745,49124.31008,7872.450495,0,0,0
2059,7,14,10,101347.9027,52068.50181,35468.06843,52073.48629,8096.670253,0,0,0
2059,7,14,11,106625.9737,52223.75601,35838.39057,53395.59842,8081.880247,0,0,0
2059,7,14,12,109569.9203,52522.41608,36424.92462,53932.77797,7956.941468,0,0,0
2059,7,14,13,108451.7631,51980.90575,36451.07269,53527.6462,8130.499327,0,0,0
2059,7,14,14,104882.1421,49430.48772,35295.08256,51432.85841,8149.129832,0,0,0
2059,7,14,15,108901.6735,52678.48741,37125.12108,54136.89639,8056.876149,0,0,0
2059,7,14,16,108666.6676,52057.38888,36545.28748,53697.20014,7824.239978,0,0,0
2059,7,14,17,108986.7364,51787.40998,35966.59786,52572.5877,7598.22254,0,0,0
2059,7,14,18,104828.2934,51367.32479,35415.282,51919.13092,8454.735479,0,0,0
2059,7,14,19,101909.8412,52642.04353,38172.92355,55489.81423,8617.752395,0,0,0
2059,7,14,20,99532.981,54870.34994,41991.93187,55752.43897,8606.394324,0,0,0
2059,7,14,21,99791.19326,54904.34244,42262.48275,56348.20656,8211.313227,0,0,0
2059,7,14,22,101762.0228,54825.48965,41242.46262,55564.00939,7690.803074,0,0,0
2059,7,14,23,100865.1438,53605.51844,39109.35155,53969.22185,7276.11092,0,0,0
2059,7,14,24,99574.81793,52295.90836,37081.07792,52904.09629,7009.400537,0,0,0
2059,7,15,1,97702.86077,51203.73588,35755.45214,51159.85614,6746.775791,0,0,0
2059,7,15,2,94553.48835,50066.29454,33701.03043,50014.89723,6518.797247,0,0,0
2059,7,15,3,92488.68913,49048.07209,32645.46526,48854.33119,6318.19247,0,0,0
2059,7,15,4,91375.92503,47459.90328,31802.84349,48165.5745,6301.523071,0,0,0
2059,7,15,5,87791.43228,46705.20442,31391.91012,47826.13978,6457.430979,0,0,0
2059,7,15,6,87393.16438,47347.95683,32501.48741,49032.54667,6572.89108,0,0,0
2059,7,15,7,88746.73592,49394.61582,34962.59342,49883.66657,6733.701753,0,0,0
2059,7,15,8,90775.49982,48296.06975,32812.07754,47408.66939,7435.859326,0,0,0
2059,7,15,9,94607.99075,48887.26142,33407.76341,49083.53542,7866.240327,0,0,0
2059,7,15,10,101263.9837,52026.66489,35439.30555,52031.32251,8090.133234,0,0,0
2059,7,15,11,106538.4593,52182.40937,35809.7094,53352.45409,8075.424941,0,0,0
2059,7,15,12,109478.5654,52480.74258,36395.42632,53889.30679,7950.567874,0,0,0
2059,7,15,13,108361.3071,51938.98712,36421.0024,53484.6653,8124.125734,0,0,0
2059,7,15,14,104794.7095,49389.63135,35265.99283,51390.36778,8142.429387,0,0,0
2059,7,15,15,108811.7078,52637.54933,37094.88737,54093.01665,8050.33913,0,0,0
2059,7,15,16,108576.4568,52015.55195,36515.8709,53652.74841,7817.948098,0,0,0
2059,7,15,17,108897.0159,51745.73649,35937.91669,52529.68851,7591.848946,0,0,0
2059,7,15,18,104742.8219,51326.38671,35386.11055,51876.55858,8447.381333,0,0,0
2059,7,15,19,101826.3308,52599.30777,38141.30072,55443.15625,8610.479961,0,0,0
2059,7,15,20,99449.71572,54824.99937,41955.48799,55705.04558,8599.12189,0,0,0
2059,7,15,21,99708.90853,54859.40044,42225.54859,56300.24118,8204.612782,0,0,0
2059,7,15,22,101677.6136,54780.46593,41206.83586,55517.59656,7684.429481,0,0,0
2059,7,15,23,100781.1431,53562.04727,39076.17617,53924.11642,7269.900751,0,0,0
2059,7,15,24,99493.02347,52253.41774,37050.51735,52860.87025,7003.353794,0,0,0
2059,7,16,1,97622.29201,51162.06239,35726.3624,51118.59121,6745.223249,0,0,0
2059,7,16,2,94533.22359,50055.42675,33693.59457,50004.11115,6517.326417,0,0,0
2059,7,16,3,92468.50608,49037.36772,32638.19283,48843.46339,6316.803354,0,0,0
2059,7,16,4,91355.25171,47449.7709,31795.65277,48154.95185,6300.052242,0,0,0
2059,7,16,5,87771.90293,46694.66347,31384.7194,47815.3537,6455.96015,0,0,0
2059,7,16,6,87373.63504,47337.4976,32494.13327,49021.92402,6571.338538,0,0,0
2059,7,16,7,88727.12486,49383.91145,34955.23928,49872.9622,6732.230923,0,0,0
2059,7,16,8,90755.72534,48285.44709,32804.64168,47398.29188,7434.306784,0,0,0
2059,7,16,9,94587.23571,48876.55705,33400.32755,49072.66763,7864.524359,0,0,0
2059,7,16,10,101241.6761,52016.04223,35431.70626,52020.29129,8088.417266,0,0,0
2059,7,16,11,106515.498,52171.29644,35802.11011,53341.09602,8073.708973,0,0,0
2059,7,16,12,109455.1956,52469.38451,36387.82703,53877.70358,7948.851907,0,0,0
2059,7,16,13,108338.019,51928.20103,36413.32141,53473.22552,8122.409766,0,0,0
2059,7,16,14,104772.075,49378.92698,35258.39354,51379.25485,8140.631707,0,0,0
2059,7,16,15,108788.0928,52626.84496,37086.96123,54081.90372,8048.623162,0,0,0
2059,7,16,16,108552.6784,52004.27559,36508.35332,53641.39034,7816.313843,0,0,0
2059,7,16,17,108873.4826,51735.11383,35930.23569,52518.57558,7590.214692,0,0,0
2059,7,16,18,104720.3509,51315.84576,35378.59298,51865.69079,8445.50194,0,0,0
2059,7,16,19,101804.7586,52588.27655,38133.12944,55431.14448,8608.600568,0,0,0
2059,7,16,20,99428.14356,54813.15103,41945.9276,55692.46182,8597.160785,0,0,0
2059,7,16,21,99687.00952,54847.38867,42215.90649,56287.98427,8202.815102,0,0,0
2059,7,16,22,101655.2243,54768.78101,41197.68404,55505.17622,7682.795226,0,0,0
2059,7,16,23,100759.7344,53550.11721,39067.59634,53912.34978,7268.266497,0,0,0
2059,7,16,24,99471.61474,52241.97796,37042.59122,52849.75731,7001.801252,0,0,0
2059,7,17,1,97600.96498,51151.2763,35718.84483,51107.55999,6783.13796,0,0,0
2059,7,17,2,95047.52357,50322.46398,33876.95796,50273.92662,6554.424001,0,0,0
2059,7,17,3,92969.65031,49301.21816,32819.67682,49109.11151,6352.920385,0,0,0
2059,7,17,4,91855.90567,47707.90145,31975.42079,48420.8451,6336.08756,0,0,0
2059,7,17,5,88256.94976,46952.95744,31563.18002,48079.53099,6492.567457,0,0,0
2059,7,17,6,87857.45617,47599.71378,32676.10754,49287.57213,6608.517835,0,0,0
2059,7,17,7,89216.50246,49651.11211,35142.93344,50142.94109,6769.900496,0,0,0
2059,7,17,8,91255.80731,48551.09521,32986.86109,47661.57032,7474.999728,0,0,0
2059,7,17,9,95104.64078,49143.10401,33583.28237,49340.52199,7906.197857,0,0,0
2059,7,17,10,101791.6846,52287.57366,35622.01523,52297.86947,8130.989604,0,0,0
2059,7,17,11,107093.534,52444.62555,35993.39964,53622.75983,8116.036172,0,0,0
2059,7,17,12,110050.6363,52742.63191,36582.46678,54165.33243,7991.260819,0,0,0
2059,7,17,13,108924.7165,52200.63131,36607.22574,53756.44188,8165.308955,0,0,0
2059,7,17,14,105344.4728,49647.10819,35447.88539,51654.79021,8183.857747,0,0,0
2059,7,17,15,109379.2027,52898.94838,37285.93176,54370.59483,8091.032074,0,0,0
2059,7,17,16,109140.765,52277.03272,36702.50279,53928.20205,7857.497064,0,0,0
2059,7,17,17,109463.612,52006.2367,36121.28007,52799.17713,7631.806476,0,0,0
2059,7,17,18,105285.0676,51584.35382,35568.73853,52143.02383,8492.568478,0,0,0
2059,7,17,19,102351.3351,52865.60959,38341.17008,55736.17814,8656.07567,0,0,0
2059,7,17,20,99971.77842,55108.95115,42186.08134,56003.13366,8644.472461,0,0,0
2059,7,17,21,100231.1347,55143.02536,42457.7762,56601.02577,8246.122854,0,0,0
2059,7,17,22,102209.0732,55061.55776,41432.44474,55810.94529,7724.305298,0,0,0
2059,7,17,23,101306.7194,53837.09235,39284.7888,54207.4962,7309.041154,0,0,0
2059,7,17,24,100010.3468,52522.08923,37244.17655,53131.9114,7041.186793,0,0,0
2059,7,18,1,98130.54525,51425.99453,35910.29778,51381.95137,6765.733147,0,0,0
2059,7,18,2,94812.59945,50201.61084,33793.36583,50150.86723,6537.509464,0,0,0
2059,7,18,3,92742.16205,49180.03817,32736.98353,48987.60467,6336.414411,0,0,0
2059,7,18,4,91628.49911,47590.39853,31893.54463,48299.5834,6319.6633,0,0,0
2059,7,18,5,88035.18138,46835.53624,31481.87584,47959.08641,6475.898058,0,0,0
2059,7,18,6,87637.07691,47479.9229,32593.33253,49167.20927,6591.603298,0,0,0
2059,7,18,7,88993.99867,49529.44184,35057.3802,50019.88171,6752.740821,0,0,0
2059,7,18,8,91027.17506,48430.32378,32903.75923,47541.53431,7456.287511,0,0,0
2059,7,18,9,94868.98124,49021.59716,33500.01709,49218.93343,7887.077075,0,0,0
2059,7,18,10,101542.0521,52163.28859,35535.15459,52170.23417,8111.460259,0,0,0
2059,7,18,11,106829.6835,52319.60506,35906.13043,53494.79768,8096.670253,0,0,0
2059,7,18,12,109778.3695,52618.91882,36492.99133,54034.42862,7971.894899,0,0,0
2059,7,18,13,108657.0255,52076.99993,36518.73084,53627.33575,8145.697897,0,0,0
2059,7,18,14,105083.7274,49524.62079,35361.67844,51530.75027,8164.246689,0,0,0
2059,7,18,15,109109.9593,52773.92789,37195.23061,54239.11903,8071.993006,0,0,0
2059,7,18,16,108872.9923,52153.15621,36613.43591,53797.54338,7838.784846,0,0,0
2059,7,18,17,109193.9599,51883.66759,36034.09258,52670.80641,7612.849121,0,0,0
2059,7,18,18,105027.1822,51461.37615,35482.20474,52017.34963,8471.078027,0,0,0
2059,7,18,19,102101.4576,52739.3634,38246.13816,55597.18477,8634.421794,0,0,0
2059,7,18,20,99725.00594,54974.28855,42076.42284,55861.28034,8622.900298,0,0,0
2059,7,18,21,99982.72792,55007.70906,42347.30057,56457.78334,8226.675222,0,0,0
2059,7,18,22,101956.0906,54928.4477,41325.23762,55671.70678,7705.347942,0,0,0
2059,7,18,23,101057.1687,53705.69826,39185.67124,54072.8336,7290.492362,0,0,0
2059,7,18,24,99763.98292,52394.04536,37152.24971,53003.70412,7023.291703,0,0,0
2059,7,19,1,97888.75725,51299.83006,35822.86515,51256.76745,6727.001308,0,0,0
2059,7,19,2,90978.39256,48068.66319,33100.76865,49672.68428,6559.571904,0,0,0
2059,7,19,3,88720.42442,47667.78049,32118.00952,48668.4347,6376.04509,0,0,0
2059,7,19,4,85477.81776,46561.14486,31204.95137,47596.44527,6306.26241,0,0,0
2059,7,19,5,83911.38454,45989.80938,30855.71112,46804.48539,6457.104128,0,0,0
2059,7,19,6,83027.08927,46145.22701,31777.2674,48008.4409,6552.217757,0,0,0
2059,7,19,7,85153.41818,48563.18869,33970.35562,48678.07681,6626.167787,0,0,0
2059,7,19,8,84353.12361,46505.98876,31914.05453,46954.75512,7274.313239,0,0,0
2059,7,19,9,86477.00114,46452.87548,31965.77869,46228.16544,7742.200388,0,0,0
2059,7,19,10,91072.85248,49045.539,33758.39278,49795.74366,8046.498631,0,0,0
2059,7,19,11,95520.47691,49575.3644,34453.03278,50649.31494,8082.207098,0,0,0
2059,7,19,12,97083.4782,49567.27484,34907.19219,51907.446,7934.061901,0,0,0
2059,7,19,13,97734.97388,48540.30913,34870.17631,51150.45918,8023.537351,0,0,0
2059,7,19,14,93703.26729,47070.0518,33783.07002,49287.49042,8017.24547,0,0,0
2059,7,19,15,94226.55568,48912.7558,34549.78066,50910.30543,7931.692231,0,0,0
2059,7,19,16,94845.28454,48202.7538,33742.78564,49625.69945,7715.235184,0,0,0
2059,7,19,17,92985.25745,47398.94558,33101.99434,47926.64645,7565.864295,0,0,0
2059,7,19,18,90861.13477,46969.62684,32862.4943,47963.90746,8411.264302,0,0,0
2059,7,19,19,89421.3563,48527.15338,36279.2308,52762.65153,8415.023088,0,0,0
2059,7,19,20,93915.31185,51587.70405,39205.36401,52944.54409,8311.656472,0,0,0
2059,7,19,21,93774.19395,51446.34101,38956.54872,53289.78042,8164.491827,0,0,0
2059,7,19,22,92070.48332,51382.11479,38293.61326,52600.04318,7732.639997,0,0,0
2059,7,19,23,92262.26312,49609.68375,36718.76363,50473.55084,7315.741598,0,0,0
2059,7,19,24,90663.55337,48134.93222,34847.95045,49819.60378,7120.938427,0,0,0
2059,7,20,1,90749.02489,47890.52942,34023.06034,49094.73007,6710.577047,0,0,0
2059,7,20,2,86420.21079,45475.50939,31969.61919,47037.3667,6447.707163,0,0,0
2059,7,20,3,84141.56933,44272.45273,30867.47775,45756.11094,6219.973757,0,0,0
2059,7,20,4,82530.8478,42643.26412,30076.907,44487.76579,6138.424443,0,0,0
2059,7,20,5,80467.68283,41902.45642,29547.32673,44264.6083,6221.281161,0,0,0
2059,7,20,6,78751.79701,43220.23777,30523.71226,45167.28894,6215.969833,0,0,0
2059,7,20,7,80570.39574,43798.68226,32105.09891,45128.80224,6441.823846,0,0,0
2059,7,20,8,78418.16389,42346.56516,29662.95026,42113.92899,6953.100459,0,0,0
2059,7,20,9,76082.07837,41411.36285,29163.03171,42076.25942,7489.217745,0,0,0
2059,7,20,10,78702.27908,41477.63188,29836.75325,42697.52138,7611.868568,0,0,0
2059,7,20,11,82655.45973,41665.48947,30082.21832,42504.84274,7676.176494,0,0,0
2059,7,20,12,84616.64719,41925.66284,30355.62915,42736.58007,7564.475179,0,0,0
2059,7,20,13,82761.03259,42188.12416,30333.97527,43065.8007,7668.086933,0,0,0
2059,7,20,14,84218.54273,40612.78425,30026.98051,42835.37077,7733.130274,0,0,0
2059,7,20,15,83968.50174,41222.85156,30423.20559,43921.33308,7619.38614,0,0,0
2059,7,20,16,83883.76563,41741.48232,29929.49721,42610.82416,7483.661279,0,0,0
2059,7,20,17,83912.77365,40176.43821,29872.54343,42305.21851,7371.469687,0,0,0
2059,7,20,18,82776.14944,41000.67462,30351.38009,43257.49878,8235.173347,0,0,0
2059,7,20,19,83760.95138,43620.95705,34020.77238,48935.71708,8391.734957,0,0,0
2059,7,20,20,88349.93885,47226.85855,37719.90812,50216.15571,8269.329272,0,0,0
2059,7,20,21,87841.84904,46993.24182,37424.92513,49972.07975,8058.10184,0,0,0
2059,7,20,22,87733.49794,46684.69452,36585.65358,49676.76991,7645.370791,0,0,0
2059,7,20,23,88101.28699,45501.00377,35286.09416,48215.41927,7177.973919,0,0,0
2059,7,20,24,86777.70403,44809.71399,33137.37595,47023.8841,6561.042733,0,0,0
2059,7,21,1,81825.34,41278.66136,30614.90367,44147.35052,5832.328519,0,0,0
2059,7,21,2,82054.21739,43458.43041,29175.61547,43363.88877,5630.906616,0,0,0
2059,7,21,3,80180.05398,42525.59777,28221.04725,42302.52199,5454.815661,0,0,0
2059,7,21,4,79182.42314,41071.27443,27471.00601,41681.01489,5440.189081,0,0,0
2059,7,21,5,75939.08107,40384.88741,27108.28316,41368.95394,5576.731069,0,0,0
2059,7,21,6,75567.77838,40957.12173,28092.75825,42474.52731,5678.381717,0,0,0
2059,7,21,7,76764.13461,42778.58042,30334.46555,43279.72465,5820.643597,0,0,0
2059,7,21,8,78546.69803,41792.22593,28370.00957,40997.16097,6442.722686,0,0,0
2059,7,21,9,81956.48895,42337.65847,28908.16968,42498.38743,6833.554721,0,0,0
2059,7,21,10,87939.98604,45256.92781,30772.44584,45209.45271,7040.042814,0,0,0
2059,7,21,11,92601.69785,45407.36097,31114.98564,46433.42784,7026.233361,0,0,0
2059,7,21,12,95180.96048,45689.26992,31658.45708,46922.15174,6911.263536,0,0,0
2059,7,21,13,94170.9093,45177.74817,31680.60123,46550.93076,7071.747357,0,0,0
2059,7,21,14,90958.86321,42802.44054,30611.55345,44610.17148,7088.988745,0,0,0
2059,7,21,15,94592.38361,45834.39175,32300.31065,47102.16491,7003.108656,0,0,0
2059,7,21,16,94376.90712,45245.40632,31768.44242,46693.02922,6788.285863,0,0,0
2059,7,21,17,94675.24033,44990.05401,31232.7337,45665.98179,6583.268598,0,0,0
2059,7,21,18,90999.63787,44592.03125,30722.11079,45065.39315,7365.422944,0,0,0
2059,7,21,19,88411.30512,45764.69078,33227.50511,48282.83228,7505.396868,0,0,0
2059,7,21,20,86317.90644,47784.38457,36403.51588,48383.0121,7495.509626,0,0,0
2059,7,21,21,86577.91638,47821.23702,36623.65,48899.84518,7146.514514,0,0,0
2059,7,21,22,88357.86499,47749.73837,35788.5458,48250.63746,6666.53388,0,0,0
2059,7,21,23,87567.13081,46650.86544,34021.09923,46903.19438,6294.986052,0,0,0
2059,7,21,24,86474.87661,45470.11635,32253.32582,45997.08181,6059.244798,0,0,0
2059,7,22,1,84811.20523,44479.92137,31038.99279,44380.31354,6879.885844,0,0,0
2059,7,22,2,96354.11028,50997.90149,34342.72058,50954.51203,6647.821663,0,0,0
2059,7,22,3,94239.38458,49965.78787,33277.26816,49778.42056,6443.948377,0,0,0
2059,7,22,4,93119.0212,48361.76679,32426.96539,49085.16968,6427.03384,0,0,0
2059,7,22,5,89481.49687,47602.08345,32012.10981,48743.77385,6585.147991,0,0,0
2059,7,22,6,89074.89428,48255.54023,33131.49264,49956.14577,6702.650911,0,0,0
2059,7,22,7,90444.56323,50329.32785,35616.62219,50828.42927,6866.484955,0,0,0
2059,7,22,8,92513.77494,49219.01514,33444.12558,48322.78981,7577.467504,0,0,0
2059,7,22,9,96405.67102,49807.83715,34046.18505,50016.6132,8012.506131,0,0,0
2059,7,22,10,103173.2019,52974.20582,36100.60675,52997.73909,8238.85042,0,0,0
2059,7,22,11,108557.7446,53133.70909,36474.03397,54342.89421,8223.978702,0,0,0
2059,7,22,12,111570.9018,53440.29528,37074.5409,54897.23344,8097.732519,0,0,0
2059,7,22,13,110416.6277,52885.22064,37099.62671,54480.90703,8274.150324,0,0,0
2059,7,22,14,106784.1695,50316.33553,35927.04889,52345.26286,8293.597956,0,0,0
2059,7,22,15,110878.9584,53600.61568,37797.20837,55109.52313,8198.320902,0,0,0
2059,7,22,16,110636.3532,52964.31858,37196.94658,54654.95516,7962.416222,0,0,0
2059,7,22,17,110964.3482,52692.62372,36604.77436,53506.4826,7735.41823,0,0,0
2059,7,22,18,106721.4959,52273.6825,36046.02264,52835.70272,8611.215376,0,0,0
2059,7,22,19,103743.3116,53563.76323,38875.48968,56506.64756,8779.298482,0,0,0
2059,7,22,20,101339.568,55866.42824,42795.1681,56787.08568,8767.286709,0,0,0
2059,7,22,21,101603.6635,55900.01218,43072.66457,57399.60438,8357.660744,0,0,0
2059,7,22,22,103617.2289,55812.82469,42027.06835,56593.99848,7827.671914,0,0,0
2059,7,22,23,102693.0578,54575.28524,39839.86344,54951.98097,7411.018653,0,0,0
2059,7,22,24,101378.8718,53234.54261,37755.86172,53853.18976,7141.121473,0,0,0
2059,7,23,1,99481.91054,52123.82133,36393.05665,52071.0349,6878.333302,0,0,0
2059,7,23,2,96333.19182,50987.19712,34335.12129,50943.23567,6646.350834,0,0,0
2059,7,23,3,94218.79297,49954.75665,33269.99573,49767.47105,6442.477548,0,0,0
2059,7,23,4,93098.59302,48351.06242,32419.77467,49074.46531,6425.563011,0,0,0
2059,7,23,5,89461.8041,47591.86936,32004.67395,48732.98777,6583.677162,0,0,0
2059,7,23,6,89055.1198,48244.67243,33124.2202,49945.27798,6701.098369,0,0,0
2059,7,23,7,90424.70703,50318.0515,35609.02291,50817.39805,6864.932413,0,0,0
2059,7,23,8,92493.59189,49208.4742,33436.93486,48312.24887,7575.833249,0,0,0
2059,7,23,9,96384.42571,49797.21449,34038.66747,50005.66369,8010.708451,0,0,0
2059,7,23,10,103151.1394,52963.1746,36092.92575,52986.62615,8237.134453,0,0,0
2059,7,23,11,108534.2113,53123.08643,36466.10784,54331.20929,8222.262734,0,0,0
2059,7,23,12,111546.3063,53429.10064,37066.61476,54885.30338,8096.098264,0,0,0
2059,7,23,13,110392.7676,52874.76141,37091.864,54469.05868,8272.352644,0,0,0
2059,7,23,14,106761.0448,50305.95801,35919.20447,52333.9865,8291.718563,0,0,0
2059,7,23,15,110855.0982,53589.33932,37788.87367,55097.91993,8196.523221,0,0,0
2059,7,23,16,110612.4931,52953.12393,37188.85702,54643.27024,7960.86368,0,0,0
2059,7,23,17,110940.1612,52681.42907,36597.09336,53495.20625,7733.865688,0,0,0
2059,7,23,18,106698.126,52262.56957,36038.34164,52824.50808,8609.417696,0,0,0
2059,7,23,19,103721.0041,53552.48688,38866.90985,56494.22722,8777.337376,0,0,0
2059,7,23,20,101317.669,55854.17133,42785.36257,56774.58363,8765.325603,0,0,0
2059,7,23,21,101581.2743,55887.75527,43062.69561,57386.61206,8356.026489,0,0,0
2059,7,23,22,103594.3493,55800.7312,42017.58967,56581.41472,7825.955946,0,0,0
2059,7,23,23,102670.8319,54563.60032,39831.20189,54940.05091,7409.384398,0,0,0
2059,7,23,24,101356.8094,53223.18454,37747.52702,53841.74998,7139.487219,0,0,0
2059,7,24,1,99460.42009,52112.54498,36385.45736,52060.16711,6917.146853,0,0,0
2059,7,24,2,96858.93159,51261.5885,34521.26292,51218.19904,6683.856981,0,0,0
2059,7,24,3,94734.15522,50222.20245,33453.03227,50037.7768,6479.084855,0,0,0
2059,7,24,4,93605.37543,48615.72999,32600.52325,49341.74768,6462.006893,0,0,0
2059,7,24,5,89953.79651,47851.55244,32185.34082,48998.0639,6620.938172,0,0,0
2059,7,24,6,89547.03049,48508.52287,33307.09331,50214.27632,6738.849655,0,0,0
2059,7,24,7,90920.78507,50590.07321,35799.98558,51094.8128,6903.745964,0,0,0
2059,7,24,8,92998.24977,49477.63597,33619.56283,48577.07986,7617.179896,0,0,0
2059,7,24,9,96912.45344,50064.66029,34224.15539,50276.05115,8053.771065,0,0,0
2059,7,24,10,103709.1557,53242.30532,36284.29699,53266.81914,8281.422758,0,0,0
2059,7,24,11,109127.2824,53403.44284,36659.44018,54624.72145,8266.060763,0,0,0
2059,7,24,12,112165.2803,53714.60495,37265.74871,55185.51598,8138.670601,0,0,0
2059,7,24,13,110997.1967,53152.50302,37290.67109,54761.75371,8316.886087,0,0,0
2059,7,24,14,107338.0185,50572.42325,36110.73913,52612.3818,8336.170294,0,0,0
2059,7,24,15,111464.2667,53877.86701,37995.85204,55400.5022,8239.667548,0,0,0
2059,7,24,16,111220.0273,53228.00559,37388.39953,54939.07036,8003.272591,0,0,0
2059,7,24,17,111550.9639,52958.35355,36793.77592,53780.05686,7775.212335,0,0,0
2059,7,24,18,107278.695,52537.9415,36229.87631,53102.24968,8656.811085,0,0,0
2059,7,24,19,104285.5574,53837.90948,39084.18402,56806.20646,8827.917562,0,0,0
2059,7,24,20,101868.9031,56158.06101,43031.8082,57092.03763,8815.578938,0,0,0
2059,7,24,21,102134.7146,56197.28313,43312.65488,57711.01163,8401.867336,0,0,0
2059,7,24,22,104166.9922,56113.85442,42257.49827,56897.4796,7867.139167,0,0,0
2059,7,24,23,103230.5642,54861.19812,40054.60452,55240.50866,7449.99563,0,0,0
2059,7,24,24,101909.4326,53510.3231,37954.09683,54134.93529,7179.689887,0,0,0
2059,7,25,1,100004.1367,52393.14652,36579.60683,52337.66357,6899.496902,0,0,0
2059,7,25,2,96619.59498,51135.99602,34437.01708,51093.34197,6666.779019,0,0,0
2059,7,25,3,94499.23109,50101.2676,33369.68527,49914.88084,6462.333743,0,0,0
2059,7,25,4,93375.35407,48495.04027,32518.40195,49219.75056,6445.337494,0,0,0
2059,7,25,5,89729.2499,47732.57869,32103.05609,48877.5376,6603.941922,0,0,0
2059,7,25,6,89322.23874,48388.48686,33223.74632,50092.11577,6721.68998,0,0,0
2059,7,25,7,90694.93106,50467.01382,35713.61522,50967.8312,6886.096012,0,0,0
2059,7,25,8,92767.90156,49355.06686,33536.37926,48455.98158,7598.304253,0,0,0
2059,7,25,9,96671.56428,49943.39858,34139.90956,50152.25635,8034.160007,0,0,0
2059,7,25,10,103455.2742,53116.54941,36196.70093,53138.9387,8261.484849,0,0,0
2059,7,25,11,108855.9961,53275.15384,36571.35385,54490.63084,8245.632578,0,0,0
2059,7,25,12,111882.6359,53583.37429,37174.639,55047.99344,8119.222969,0,0,0
2059,7,25,13,110720.4356,53024.1323,37199.88824,54628.56195,8296.784753,0,0,0
2059,7,25,14,107074.6583,50449.85414,36023.3065,52485.64535,8315.823821,0,0,0
2059,7,25,15,111185.7897,53745.98264,37901.22869,55262.24425,8220.465054,0,0,0
2059,7,25,16,110941.9589,53102.82167,37297.53496,54804.32605,7984.15181,0,0,0
2059,7,25,17,111271.5064,52831.78051,36703.56506,53650.1336,7756.173266,0,0,0
2059,7,25,18,107013.7823,52412.51244,36142.11682,52975.10466,8635.157209,0,0,0
2059,7,25,19,104028.9794,53707.49594,38985.22989,56664.59829,8804.792857,0,0,0
2059,7,25,20,101616.8193,56018.74079,42918.88119,56947.16094,8792.535946,0,0,0
2059,7,25,21,101881.9771,56056.0018,43198.5839,57563.19329,8380.78545,0,0,0
2059,7,25,22,103905.1029,55970.53027,42148.24834,56752.43948,7848.590375,0,0,0
2059,7,25,23,102974.4765,54726.12696,39952.05503,55103.14954,7431.528551,0,0,0
2059,7,25,24,101657.9208,53380.23642,37859.96375,54000.92639,7161.386233,0,0,0
2059,7,26,1,99756.38363,52265.59294,36491.35707,52210.8454,6859.539372,0,0,0
2059,7,26,2,92717.89336,48982.0482,33736.7389,50607.72316,6689.004884,0,0,0
2059,7,26,3,90425.52416,48575.03704,32745.72679,49594.40347,6502.536411,0,0,0
2059,7,26,4,87148.18959,47460.06671,31823.4351,48514.16105,6431.854892,0,0,0
2059,7,26,5,85562.55387,46887.09697,31469.3738,47714.43847,6584.821141,0,0,0
2059,7,26,6,84666.24683,47045.53798,32399.4282,48924.03215,6681.650737,0,0,0
2059,7,26,7,86814.06619,49493.2431,34615.31428,49599.38795,6756.417894,0,0,0
2059,7,26,8,86011.64709,47420.02746,32537.84958,47864.78991,7415.349428,0,0,0
2059,7,26,9,88170.49768,47358.49777,32591.37143,47134.85,7885.442821,0,0,0
2059,7,26,10,92823.3028,49971.50777,34400.98176,50729.63857,8194.562115,0,0,0
2059,7,26,11,97337.11454,50512.20097,35103.13934,51591.62626,8230.842572,0,0,0
2059,7,26,12,98931.41181,50503.4577,35564.48947,52870.59406,8081.635109,0,0,0
2059,7,26,13,99591.24219,49464.72535,35526.00276,52099.8795,8171.273985,0,0,0
2059,7,26,14,95517.2084,47978.04376,34426.47614,50220.48648,8165.145529,0,0,0
2059,7,26,15,96034.36833,49843.95418,35200.3775,51854.82299,8079.347152,0,0,0
2059,7,26,16,96658.65367,49120.30615,34387.25402,50558.20524,7858.395904,0,0,0
2059,7,26,17,94780.8949,48314.20998,33737.55603,48849.9187,7709.270154,0,0,0
2059,7,26,18,92624.82255,47881.29588,33497.15715,48882.76722,8574.608069,0,0,0
2059,7,26,19,91169.27352,49457.86148,36964.31041,53773.60155,8578.285142,0,0,0
2059,7,26,20,95715.03495,52544.64194,39974.9346,53974.45147,8470.506038,0,0,0
2059,7,26,21,95567.46174,52399.4384,39719.50057,54327.36879,8316.06896,0,0,0
2059,7,26,22,93841.1984,52334.47678,39038.91516,53617.69364,7875.637292,0,0,0
2059,7,26,23,94033.05991,50549.78883,37416.67214,51435.06465,7456.532649,0,0,0
2059,7,26,24,92407.95694,49058.12276,35500.42668,50761.58825,7260.503786,0,0,0
2059,7,27,1,92493.75532,48808.73548,34667.28358,50026.66387,6868.691199,0,0,0
2059,7,27,2,88438.18861,46542.02407,32719.41529,48126.76095,6600.264848,0,0,0
2059,7,27,3,86122.20443,45323.11513,31596.84567,46827.85524,6368.445805,0,0,0
2059,7,27,4,84484.35427,43664.9185,30793.20087,45541.94185,6285.507374,0,0,0
2059,7,27,5,82385.80768,42909.15737,30252.18082,45315.43414,6369.753209,0,0,0
2059,7,27,6,80638.54417,44250.96227,31248.83111,46228.65572,6364.278456,0,0,0
2059,7,27,7,82482.96413,44844.36019,32854.32302,46177.34012,6594.218106,0,0,0
2059,7,27,8,80295.51409,43360.53855,30373.36082,43118.83226,7116.934502,0,0,0
2059,7,27,9,77911.46319,42402.21154,29863.55503,43083.94092,7660.079084,0,0,0
2059,7,27,10,80584.28691,42470.44167,30549.12492,43720.0746,7783.220183,0,0,0
2059,7,27,11,84613.86896,42663.28374,30799.08419,43524.69944,7847.201258,0,0,0
2059,7,27,12,86608.88551,42929.42213,31076.09038,43762.89208,7735.581656,0,0,0
2059,7,27,13,84721.8932,43196.62279,31053.86451,44097.91431,7839.19341,0,0,0
2059,7,27,14,86208.41137,41590.06861,30740.33273,43864.21588,7904.155038,0,0,0
2059,7,27,15,85949.21856,42213.12826,31144.48394,44970.36124,7791.064606,0,0,0
2059,7,27,16,85859.98824,42741.64626,30641.29689,43634.60308,7654.27748,0,0,0
2059,7,27,17,85894.38931,41143.01821,30582.70885,43323.44096,7539.797931,0,0,0
2059,7,27,18,84731.78045,41982.37148,31070.4522,44293.94318,8421.560107,0,0,0
2059,7,27,19,85743.46588,44660.17968,34793.7749,50047.17376,8586.456416,0,0,0
2059,7,27,20,90398.96752,48331.77822,38586.88029,51378.928,8457.513712,0,0,0
2059,7,27,21,89888.50803,48095.13812,38283.80773,51127.25276,8235.336773,0,0,0
2059,7,27,22,89778.93125,47780.46236,37414.62932,50813.72098,7816.558981,0,0,0
2059,7,27,23,90151.62305,46578.05939,36077.56376,49310.77855,7345.730174,0,0,0
2059,7,27,24,88804.3434,45871.65276,33899.26554,48112.54293,6716.133513,0,0,0
2059,7,28,1,83770.83862,42271.63458,31340.83966,45200.95459,6877.271036,0,0,0
2059,7,28,2,96318.07497,50979.43441,34329.80997,50935.55467,6645.288568,0,0,0
2059,7,28,3,94204.16639,49947.23908,33264.60269,49759.87177,6441.415282,0,0,0
2059,7,28,4,93084.12986,48343.54485,32414.54506,49067.02945,6424.582458,0,0,0
2059,7,28,5,89447.6678,47584.18836,31999.44434,48725.22506,6582.614897,0,0,0
2059,7,28,6,89041.14692,48237.31829,33118.90887,49937.59698,6699.954391,0,0,0
2059,7,28,7,90410.4073,50310.45221,35603.62987,50809.71705,6863.870147,0,0,0
2059,7,28,8,92479.37387,49200.62978,33431.62353,48304.64959,7574.689271,0,0,0
2059,7,28,9,96369.55399,49789.77863,34033.35615,49997.90098,8009.48276,0,0,0
2059,7,28,10,103135.614,52955.16675,36087.61443,52978.78173,8235.908762,0,0,0
2059,7,28,11,108517.7053,53115.24201,36460.55137,54322.87459,8221.037043,0,0,0
2059,7,28,12,111529.3101,53420.84765,37060.97658,54876.72354,8094.872573,0,0,0
2059,7,28,13,110375.9347,52866.9987,37086.22582,54461.13254,8271.126953,0,0,0
2059,7,28,14,106744.784,50298.35873,35913.81143,52325.97865,8290.411159,0,0,0
2059,7,28,15,110838.2654,53581.57661,37782.99035,55089.34009,8195.379243,0,0,0
2059,7,28,16,110595.4151,52945.27951,37183.30055,54635.01725,7959.637988,0,0,0
2059,7,28,17,110923.0015,52673.74807,36591.45518,53487.03497,7732.72171,0,0,0
2059,7,28,18,106681.8652,52254.56172,36032.70346,52816.58194,8608.110292,0,0,0
2059,7,28,19,103705.0701,53544.23389,38860.78139,56485.48396,8775.866547,0,0,0
2059,7,28,20,101302.307,55845.5915,42778.33528,56765.84037,8763.936487,0,0,0
2059,7,28,21,101565.5037,55879.09372,43055.75003,57377.46023,8354.719086,0,0,0
2059,7,28,22,103578.497,55792.15136,42010.80751,56572.42632,7824.811968,0,0,0
2059,7,28,23,102655.3065,54555.02048,39824.99172,54931.47107,7408.24042,0,0,0
2059,7,28,24,101341.2839,53215.17669,37741.64371,53833.5787,7138.34324,0,0,0
2059,7,29,1,99445.13981,52104.61884,36379.81918,52052.56782,6871.306006,0,0,0
2059,7,29,2,96236.68908,50938.00605,34301.45565,50893.30918,6639.568676,0,0,0
2059,7,29,3,94125.72216,49906.38271,33236.33008,49718.68855,6435.858816,0,0,0
2059,7,29,4,93006.25762,48303.01533,32387.00786,49026.3365,6418.944279,0,0,0
2059,7,29,5,89372.57379,47544.47597,31971.98886,48685.02239,6576.895005,0,0,0
2059,7,29,6,88966.29805,48197.27905,33090.96312,49896.57718,6694.152786,0,0,0
2059,7,29,7,90335.72186,50268.86043,35574.54013,50767.30814,6857.905117,0,0,0
2059,7,29,8,92402.72732,49159.6917,33403.75949,48264.12007,7568.315677,0,0,0
2059,7,29,9,96289.63893,49749.08569,34004.75669,49956.79947,8002.864028,0,0,0
2059,7,29,10,103051.2047,52912.59441,36058.6064,52935.31055,8229.535168,0,0,0
2059,7,29,11,108426.8407,53072.75138,36431.46163,54277.93258,8214.254886,0,0,0
2059,7,29,12,111435.749,53378.60217,37030.74287,54831.86324,8088.335554,0,0,0
2059,7,29,13,110283.681,52825.73377,37055.99211,54416.10882,8264.508221,0,0,0
2059,7,29,14,106656.5342,50257.1755,35884.39484,52284.06002,8283.465576,0,0,0
2059,7,29,15,110745.7666,53538.10543,37751.44923,55043.41753,8188.678798,0,0,0
2059,7,29,16,110502.998,52902.78888,37152.98513,54590.15696,7953.264395,0,0,0
2059,7,29,17,110830.0941,52631.17573,36561.22147,53443.97236,7726.511542,0,0,0
2059,7,29,18,106593.6971,52212.72479,36003.61373,52774.82673,8600.837858,0,0,0
2059,7,29,19,103619.762,53501.49813,38827.60602,56438.74427,8768.267262,0,0,0
2059,7,29,20,101219.3685,55798.27982,42740.74742,56717.71157,8756.255489,0,0,0
2059,7,29,21,101481.4213,55833.08945,43017.99874,57328.35087,8347.69179,0,0,0
2059,7,29,22,103492.045,55744.9214,41973.87335,56523.5621,7818.520087,0,0,0
2059,7,29,23,102570.3253,54509.50649,39790.50894,54885.63023,7401.948539,0,0,0
2059,7,29,24,101256.6295,53171.6238,37710.42944,53789.37211,7132.133072,0,0,0
2059,7,30,1,99361.46596,52062.20993,36349.83061,52010.32234,6869.753464,0,0,0
2059,7,30,2,96215.60719,50927.54682,34293.93807,50882.19625,6638.016134,0,0,0
2059,7,30,3,94104.72198,49895.51492,33228.97593,49707.73904,6434.387986,0,0,0
2059,7,30,4,92985.99286,48292.39267,32379.65372,49015.63213,6417.473449,0,0,0
2059,7,30,5,89352.39075,47533.68989,31964.79814,48674.23631,6575.424175,0,0,0
2059,7,30,6,88946.68699,48186.98324,33083.52726,49885.87281,6692.600244,0,0,0
2059,7,30,7,90315.62052,50257.74749,35566.85913,50756.03178,6856.352575,0,0,0
2059,7,30,8,92382.21743,49148.90561,33396.32363,48253.49741,7566.681422,0,0,0
2059,7,30,9,96268.55705,49738.54474,33997.23911,49945.68654,8001.14806,0,0,0
2059,7,30,10,103028.9789,52901.15463,36050.68027,52924.11591,8227.819201,0,0,0
2059,7,30,11,108402.7355,53061.14817,36423.61721,54265.75738,8212.538918,0,0,0
2059,7,30,12,111411.0717,53367.2441,37022.81673,54819.76976,8086.619586,0,0,0
2059,7,30,13,110259.0038,52814.45741,37047.98426,54404.4239,8262.710541,0,0,0
2059,7,30,14,106633.4912,50246.47114,35876.71384,52272.45681,8281.586183,0,0,0
2059,7,30,15,110721.2528,53526.91079,37743.03282,55031.32404,8186.962831,0,0,0
2059,7,30,16,110478.3208,52891.26739,37145.1407,54578.30861,7951.548427,0,0,0
2059,7,30,17,110805.09,52619.98109,36553.45876,53432.45086,7724.795574,0,0,0
2059,7,30,18,106570.409,52201.36672,35995.76931,52763.63209,8598.958465,0,0,0
2059,7,30,19,103597.3727,53490.22177,38818.69933,56426.0788,8766.306156,0,0,0
2059,7,30,20,101197.3878,55786.26805,42730.69675,56704.80095,8754.294383,0,0,0
2059,7,30,21,101459.2771,55820.5874,43008.02979,57315.60368,8345.89411,0,0,0
2059,7,30,22,103468.8385,55732.82791,41964.31296,56510.65148,7816.885832,0,0,0
2059,7,30,23,102548.0177,54497.49471,39781.35712,54873.70017,7400.314284,0,0,0
2059,7,30,24,101234.7305,53160.26573,37701.93131,53777.52376,7130.498817,0,0,0
2059,7,31,1,99339.56695,52051.01528,36341.98618,51998.96427,6908.567016,0,0,0
2059,7,31,2,96742.32751,51200.87594,34480.56997,51157.15962,6675.522282,0,0,0
2059,7,31,3,94619.92081,50162.63386,33412.50275,49977.96307,6470.913581,0,0,0
2059,7,31,4,93493.67411,48557.4688,32560.64744,49282.01567,6453.917331,0,0,0
2059,7,31,5,89844.13801,47793.78154,32145.13815,48939.47586,6612.603472,0,0,0
2059,7,31,6,89437.37199,48449.93484,33266.40037,50154.38088,6730.514956,0,0,0
2059,7,31,7,90810.6363,50530.01434,35757.74009,51032.95626,6895.084414,0,0,0
2059,7,31,8,92885.5679,49417.74053,33578.9516,48518.16497,7608.028069,0,0,0
2059,7,31,9,96795.44079,50005.7454,34182.97217,50215.66543,8044.128961,0,0,0
2059,7,31,10,103585.4426,53180.93905,36241.56123,53204.79917,8271.617229,0,0,0
2059,7,31,11,108995.1529,53341.42287,36616.6227,54558.94269,8256.091809,0,0,0
2059,7,31,12,112027.3492,53651.19587,37221.37869,55118.51154,8129.110211,0,0,0
2059,7,31,13,110862.8609,53089.91106,37246.4645,54696.79209,8307.162271,0,0,0
2059,7,31,14,107210.0563,50512.85467,36068.57536,52550.7704,8326.037914,0,0,0
2059,7,31,15,111328.9504,53814.2945,37950.01119,55333.66118,8230.352296,0,0,0
2059,7,31,16,111084.3025,53166.72103,37344.02951,54873.45503,7993.957339,0,0,0
2059,7,31,17,111414.8305,52896.66043,36749.81447,53717.21976,7765.978795,0,0,0
2059,7,31,18,107149.2621,52476.65694,36187.05883,53040.22971,8646.188429,0,0,0
2059,7,31,19,104160.4552,53774.25525,39035.72837,56737.32262,8816.559491,0,0,0
2059,7,31,20,101746.0888,56089.9943,42976.89723,57022.00981,8804.384293,0,0,0
2059,7,31,21,102011.4918,56128.72614,43257.25365,57638.77757,8391.734957,0,0,0
2059,7,31,22,104039.602,56043.8266,42204.22157,56827.28835,7858.069053,0,0,0
2059,7,31,23,103106.1157,54795.0108,40004.67804,55174.0762,7441.007229,0,0,0
2059,7,31,24,101787.2721,53447.40429,37908.17427,54069.64681,7170.864911,0,0,0
2059,8,1,1,99883.03838,52331.45341,36536.13565,52275.23504,6890.835351,0,0,0
2059,8,1,2,96502.58233,51074.22119,34395.4253,51032.22084,6658.444319,0,0,0
2059,8,1,3,94385.40524,50041.78072,33329.23747,49854.74026,6454.244182,0,0,0
2059,8,1,4,93262.83562,48436.2071,32478.19928,49160.50882,6437.329645,0,0,0
2059,8,1,5,89620.24511,47675.21635,32063.09856,48818.37758,6595.607222,0,0,0
2059,8,1,6,89212.9071,48329.65368,33182.97166,50032.38376,6713.35528,0,0,0
2059,8,1,7,90584.70058,50406.05612,35670.96117,50906.8735,6877.516175,0,0,0
2059,8,1,8,92656.52709,49295.25313,33495.93146,48397.7204,7589.070713,0,0,0
2059,8,1,9,96553.81622,49883.83,34098.72634,50092.52433,8024.517904,0,0,0
2059,8,1,10,103330.5806,53053.95745,36154.29202,53077.08216,8251.434182,0,0,0
2059,8,1,11,108723.6214,53212.56188,36528.53637,54424.85209,8235.908762,0,0,0
2059,8,1,12,111744.2963,53519.47493,37130.43241,54981.15242,8109.662579,0,0,0
2059,8,1,13,110585.8548,52961.94891,37155.84507,54563.92717,8286.897512,0,0,0
2059,8,1,14,106946.5328,50391.34782,35981.14273,52423.54366,8306.018293,0,0,0
2059,8,1,15,111050.0648,53680.85759,37855.38784,55194.5861,8210.741238,0,0,0
2059,8,1,16,110806.5609,53042.1091,37253.00152,54738.13873,7974.673133,0,0,0
2059,8,1,17,111136.0266,52770.57767,36660.01217,53586.6428,7746.939727,0,0,0
2059,8,1,18,106885.2482,52350.90104,36099.70791,52913.65668,8624.616265,0,0,0
2059,8,1,19,103902.4063,53643.67829,38936.77424,56594.40704,8793.516499,0,0,0
2059,8,1,20,101494.3319,55952.22662,42863.88852,56876.56113,8781.3413,0,0,0
2059,8,1,21,101758.5092,55986.05569,43143.01923,57490.46895,8370.489644,0,0,0
2059,8,1,22,103777.7944,55901.07445,42094.56307,56682.73851,7839.356835,0,0,0
2059,8,1,23,102850.3548,54658.95909,39902.4554,55036.55366,7422.376724,0,0,0
2059,8,1,24,101535.1883,53315.76507,37813.87777,53935.71963,7152.397831,0,0,0
2059,8,2,1,99634.87679,52202.83755,36448.62131,52149.15228,6850.877821,0,0,0
2059,8,2,2,92605.12978,48922.88818,33695.80082,50547.25573,6680.751897,0,0,0
2059,8,2,3,90315.4571,48516.69415,32705.19727,49534.50803,6494.283425,0,0,0
2059,8,2,4,87040.16535,47401.96895,31783.55928,48454.91931,6423.847043,0,0,0
2059,8,2,5,85456.00046,46829.65292,31429.74312,47655.85043,6576.568154,0,0,0
2059,8,2,6,84560.59226,46987.60364,32359.38896,48865.11727,6673.316038,0,0,0
2059,8,2,7,86706.61394,49433.67451,34574.21277,49540.14621,6748.083195,0,0,0
2059,8,2,8,85904.52169,47361.03087,32497.48349,47805.95673,7406.44274,0,0,0
2059,8,2,9,88061.65631,47300.07316,32551.33218,47076.26197,7876.290994,0,0,0
2059,8,2,10,92711.27463,49911.61233,34359.47169,50670.15169,8184.920012,0,0,0
2059,8,2,11,97220.34704,50451.57011,35061.13899,51531.07712,8221.445607,0,0,0
2059,8,2,12,98812.0295,50444.05254,35521.99884,52809.30951,8072.238144,0,0,0
2059,8,2,13,99471.20617,49404.7482,35483.67557,52038.02296,8161.87702,0,0,0
2059,8,2,14,95399.29692,47919.37402,34385.2112,50161.16303,8155.421713,0,0,0
2059,8,2,15,95918.49967,49783.40504,35158.62229,51794.68242,8069.868474,0,0,0
2059,8,2,16,96541.88616,49061.14613,34346.15251,50498.71836,7849.32579,0,0,0
2059,8,2,17,94665.4348,48255.78537,33697.02651,48791.00381,7700.200039,0,0,0
2059,8,2,18,92510.75157,47822.29928,33456.4642,48823.77062,8564.067125,0,0,0
2059,8,2,19,91056.9185,49398.21118,36919.77697,53708.72164,8567.825911,0,0,0
2059,8,2,20,95598.59429,52481.96827,39924.76298,53907.77387,8460.12852,0,0,0
2059,8,2,21,95451.51136,52336.43788,39670.3095,54260.1192,8306.345144,0,0,0
2059,8,2,22,93727.78111,52272.94708,38990.54122,53551.26119,7866.403752,0,0,0
2059,8,2,23,93918.8255,50489.48482,37370.74958,51374.02523,7447.544248,0,0,0
2059,8,2,24,92296.17391,48998.79931,35458.58975,50700.79397,7251.597098,0,0,0
2059,8,3,1,92381.80886,48749.73888,34625.77351,49966.93185,6677.810238,0,0,0
2059,8,3,2,86002.41355,45254.14958,31814.20156,46811.02241,6416.329471,0,0,0
2059,8,3,3,83730.47253,44054.8517,30716.14576,45533.11688,6189.086341,0,0,0
2059,8,3,4,82126.7783,42431.62812,29929.17036,44269.02079,6107.945591,0,0,0
2059,8,3,5,80070.39549,41694.25236,29401.38778,44046.76214,6190.393745,0,0,0
2059,8,3,6,78361.1284,43006.88581,30373.36082,44946.58283,6185.082417,0,0,0
2059,8,3,7,80173.59868,43582.55206,31949.10929,44911.69149,6410.282728,0,0,0
2059,8,3,8,78029.5381,42137.46226,29515.78561,41905.64322,6919.516523,0,0,0
2059,8,3,9,75704.07523,41206.34559,29018.15503,41867.48337,7454.16298,0,0,0
2059,8,3,10,78312.83617,41272.04263,29689.26176,42485.88538,7576.1601,0,0,0
2059,8,3,11,82249.51083,41459.1648,29933.9097,42293.86044,7640.222888,0,0,0
2059,8,3,12,84203.75272,41717.94905,30206.5034,42524.29037,7528.43986,0,0,0
2059,8,3,13,82354.59342,41979.83838,30184.76781,42852.04017,7632.051614,0,0,0
2059,8,3,14,83807.36422,40410.79035,29879.32559,42622.75422,7697.421806,0,0,0
2059,8,3,15,83558.63064,41018.24286,30274.07984,43704.30404,7583.677672,0,0,0
2059,8,3,16,83474.3848,41534.74909,29782.16914,42399.10645,7448.524801,0,0,0
2059,8,3,17,83502.49399,39976.48714,29725.29708,42094.64478,7336.333209,0,0,0
2059,8,3,18,82371.1811,40797.45504,30202.41776,43043.00284,8197.6672,0,0,0
2059,8,3,19,83349.85459,43406.05254,33858.65431,48706.67627,8352.104278,0,0,0
2059,8,3,20,87924.05205,46998.2263,37541.93777,49977.22766,8231.169423,0,0,0
2059,8,3,21,87417.84163,46764.20101,37249.97815,49734.21397,8021.085969,0,0,0
2059,8,3,22,87310.71623,46457.36968,36414.71052,49444.13374,7609.25376,0,0,0
2059,8,3,23,87676.54416,45277.68285,35123.64923,47987.2773,7143.164292,0,0,0
2059,8,3,24,86357.4554,44589.74329,32979.09838,46797.37639,6528.929626,0,0,0
2059,8,4,1,81422.57791,41073.48067,30464.06196,43929.09579,6686.063225,0,0,0
2059,8,4,2,93733.25587,49637.79294,33405.88402,49582.88197,6459.882361,0,0,0
2059,8,4,3,91682.67466,48620.9596,32354.40448,48426.31986,6260.421563,0,0,0
2059,8,4,4,90573.99621,47043.65858,31515.45978,47740.3414,6243.91559,0,0,0
2059,8,4,5,87013.11843,46289.77685,31106.07895,47400.90668,6398.842945,0,0,0
2059,8,4,6,86614.36026,46928.52533,32211.24376,48607.72214,6513.159068,0,0,0
2059,8,4,7,87959.92395,48961.29316,34659.43916,49450.09877,6673.0709,0,0,0
2059,8,4,8,89972.91729,47867.56814,32519.79107,46987.35851,7370.407421,0,0,0
2059,8,4,9,93775.90992,48458.43296,33113.59755,48653.56298,7799.971295,0,0,0
2059,8,4,10,100381.7312,51584.59896,35134.19018,51583.45498,8021.657958,0,0,0
2059,8,4,11,105613.7163,51742.95825,35502.79635,52898.21297,8006.622814,0,0,0
2059,8,4,12,108527.4291,52042.35373,36085.48989,53429.99948,7882.501162,0,0,0
2059,8,4,13,107419.1592,51499.61771,36111.63797,53028.87164,8055.895596,0,0,0
2059,8,4,14,103879.3633,48960.8846,34962.67514,50950.09954,8074.280962,0,0,0
2059,8,4,15,107867.1902,52197.77136,36776.37111,53631.66652,7981.782141,0,0,0
2059,8,4,16,107630.7952,51573.40432,36205.11735,53193.11425,7751.025364,0,0,0
2059,8,4,17,107948.0858,51304.40598,35630.59507,52085.08949,7525.498202,0,0,0
2059,8,4,18,103837.6899,50891.42979,35080.58662,51433.02183,8372.695888,0,0,0
2059,8,4,19,100946.1211,52154.3819,37808.15788,54958.51799,8534.160262,0,0,0
2059,8,4,20,98582.49841,54350.65692,41572.41866,55211.41892,8522.47534,0,0,0
2059,8,4,21,98834.74564,54389.6339,41839.37418,55798.93352,8135.320379,0,0,0
2059,8,4,22,100791.1121,54312.33364,40829.64986,55026.66642,7617.506747,0,0,0
2059,8,4,23,99905.42767,53100.61543,38728.7336,53452.96076,7204.85741,0,0,0
2059,8,4,24,98630.87235,51800.48402,36729.87656,52410.87819,6940.353272,0,0,0
2059,8,5,1,96775.42117,50722.28442,35419.61278,50677.9144,6680.343333,0,0,0
2059,8,5,2,93656.5276,49596.69143,33377.77483,49541.86218,6454.325895,0,0,0
2059,8,5,3,91606.92695,48580.43008,32326.949,48385.5452,6255.028522,0,0,0
2059,8,5,4,90498.73877,47004.19133,31488.08601,47700.05702,6238.440836,0,0,0
2059,8,5,5,86939.65868,46250.22788,31079.03204,47360.6223,6393.204766,0,0,0
2059,8,5,6,86540.90051,46889.05808,32183.62485,48567.84632,6507.602601,0,0,0
2059,8,5,7,87885.56535,48920.92707,34630.67627,49408.99726,6667.351008,0,0,0
2059,8,5,8,89897.00616,47827.20205,32492.25387,46947.5644,7364.278966,0,0,0
2059,8,5,9,93697.30226,48417.90344,33085.65179,48612.87004,7793.679414,0,0,0
2059,8,5,10,100298.0574,51543.33403,35105.50901,51541.2095,8015.120939,0,0,0
2059,8,5,11,105525.5482,51701.03962,35474.03346,52856.0492,8000.004082,0,0,0
2059,8,5,12,108437.1366,52000.68023,36056.56358,53386.36488,7876.209281,0,0,0
2059,8,5,13,107330.4192,51457.45394,36081.97625,52986.78958,8049.276864,0,0,0
2059,8,5,14,103794.0552,48919.8648,34933.42198,50907.93576,8067.66223,0,0,0
2059,8,5,15,107776.9793,52155.19903,36746.54596,53588.27706,7975.245122,0,0,0
2059,8,5,16,107541.0746,51531.64911,36175.9459,53149.64307,7744.733483,0,0,0
2059,8,5,17,107859.2641,51262.65077,35601.66876,52043.33428,7519.288033,0,0,0
2059,8,5,18,103752.3,50850.08314,35051.33346,51390.69463,8365.832018,0,0,0
2059,8,5,19,100863.0193,52113.03525,37776.8619,54913.004,8526.724403,0,0,0
2059,8,5,20,98499.80512,54305.46977,41535.97478,55164.76095,8515.202907,0,0,0
2059,8,5,21,98751.80721,54345.26388,41803.09373,55751.62184,8128.701647,0,0,0
2059,8,5,22,100707.1114,54268.94418,40794.18653,54980.66214,7611.214866,0,0,0
2059,8,5,23,99823.63322,53057.63452,38695.96679,53408.26389,7198.647242,0,0,0
2059,8,5,24,98549.89503,51758.07511,36699.64285,52368.30585,6934.388242,0,0,0
2059,8,6,1,96695.91468,50681.42805,35390.76818,50636.32262,6678.790791,0,0,0
2059,8,6,2,93636.01771,49586.15048,33370.42069,49530.99439,6452.855066,0,0,0
2059,8,6,3,91586.33534,48569.72571,32319.59485,48374.84083,6253.557693,0,0,0
2059,8,6,4,90479.046,46993.89553,31480.89529,47689.27094,6237.05172,0,0,0
2059,8,6,5,86920.12933,46239.93208,31071.92303,47349.99965,6391.733936,0,0,0
2059,8,6,6,86521.28945,46878.68056,32176.27071,48557.38709,6506.131772,0,0,0
2059,8,6,7,87865.62744,48909.89585,34623.1587,49398.04776,6665.880178,0,0,0
2059,8,6,8,89876.82311,47816.49768,32484.89973,46936.86003,7362.562998,0,0,0
2059,8,6,9,93676.54723,48407.03565,33078.37936,48602.16567,7791.963446,0,0,0
2059,8,6,10,100276.4852,51532.2211,35097.7463,51530.42342,8013.404971,0,0,0
2059,8,6,11,105502.9138,51689.84497,35466.5976,52844.5277,7998.369827,0,0,0
2059,8,6,12,108413.5216,51989.64901,36049.20944,53374.67995,7874.575026,0,0,0
2059,8,6,13,107306.9676,51446.17758,36074.45867,52975.43151,8047.560896,0,0,0
2059,8,6,14,103771.1757,48909.07872,34925.49584,50896.49598,8065.946263,0,0,0
2059,8,6,15,107753.4461,52143.92267,36738.86496,53577.0007,7973.529154,0,0,0
2059,8,6,16,107517.378,51520.45446,36168.01976,53138.20329,7743.180941,0,0,0
2059,8,6,17,107835.2405,51251.9464,35593.90605,52032.30306,7517.653779,0,0,0
2059,8,6,18,103729.5839,50839.05192,35043.65246,51379.5817,8363.952625,0,0,0
2059,8,6,19,100840.7934,52102.08574,37768.60891,54900.99222,8524.763297,0,0,0
2059,8,6,20,98478.4781,54293.62143,41526.57782,55152.17718,8513.323514,0,0,0
2059,8,6,21,98730.31676,54333.49724,41793.53334,55739.36493,8126.98568,0,0,0
2059,8,6,22,100684.9672,54257.34097,40785.0347,54968.32352,7609.580611,0,0,0
2059,8,6,23,99801.7342,53046.27645,38687.46867,53396.33383,7197.0947,0,0,0
2059,8,6,24,98528.32287,51746.79875,36691.88014,52357.19292,6932.753987,0,0,0
2059,8,7,1,96675.24135,50670.64197,35383.1689,50625.12797,6716.705503,0,0,0
2059,8,7,2,94145.66006,49851.63518,33554.02921,49800.31958,6489.462373,0,0,0
2059,8,7,3,92088.21499,48836.19096,32500.50686,48641.55121,6289.511299,0,0,0
2059,8,7,4,90976.02289,47252.92491,31659.84619,47954.75563,6272.760187,0,0,0
2059,8,7,5,87404.68588,46498.71632,31249.64824,47614.66721,6428.341244,0,0,0
2059,8,7,6,87006.41798,47139.42592,32357.34614,48821.64609,6543.06593,0,0,0
2059,8,7,7,88355.65874,49179.71132,34811.75171,49667.61809,6703.549752,0,0,0
2059,8,7,8,90377.15022,48083.12635,32666.71057,47199.32135,7403.419368,0,0,0
2059,8,7,9,94195.58655,48674.1546,33261.33418,48869.36633,7833.310093,0,0,0
2059,8,7,10,100825.5948,51807.18447,35287.97355,51808.73701,8056.30416,0,0,0
2059,8,7,11,106079.3154,51965.46204,35657.39685,53125.78295,8041.269016,0,0,0
2059,8,7,12,109007.5732,52261.67073,36241.72465,53661.98195,7916.657087,0,0,0
2059,8,7,13,107894.0737,51720.8141,36267.62759,53257.50389,8089.969808,0,0,0
2059,8,7,14,104338.1804,49177.09651,35115.23282,51171.21421,8108.273462,0,0,0
2059,8,7,15,108341.2058,52420.76543,36937.18178,53863.40385,8016.019779,0,0,0
2059,8,7,16,108107.2622,51796.56181,36361.51553,53424.19788,7784.772725,0,0,0
2059,8,7,17,108425.2065,51525.76579,35785.60414,52308.08356,7559.000425,0,0,0
2059,8,7,18,104294.0555,51112.21761,35234.28828,51657.65015,8410.283749,0,0,0
2059,8,7,19,101389.4127,52377.86624,37976.24098,55201.69511,8572.892101,0,0,0
2059,8,7,20,99017.61875,54589.42155,41765.26073,55460.1525,8561.288892,0,0,0
2059,8,7,21,99275.0956,54626.51913,42033.68708,56051.67102,8169.884868,0,0,0
2059,8,7,22,101237.7539,54546.44064,41019.38684,55273.35718,7651.254108,0,0,0
2059,8,7,23,100346.3496,53332.43447,38902.70003,53689.84599,7237.542506,0,0,0
2059,8,7,24,99065.17557,52028.29914,36891.66779,52637.71275,6971.894389,0,0,0
2059,8,8,1,97199.91885,50943.07224,35574.29499,50900.82676,6699.464115,0,0,0
2059,8,8,2,93912.20677,49730.94546,33470.43708,49677.01505,6472.792974,0,0,0
2059,8,8,3,91859.58274,48714.43898,32417.97699,48520.04437,6273.087038,0,0,0
2059,8,8,4,90748.94318,47134.68658,31578.29688,47833.90249,6256.499352,0,0,0
2059,8,8,5,87183.40778,46380.47799,31168.75263,47493.97749,6411.671845,0,0,0
2059,8,8,6,86785.54845,47020.77902,32275.06141,48701.36494,6526.233106,0,0,0
2059,8,8,7,88133.31838,49056.97878,34725.70819,49544.5587,6686.308363,0,0,0
2059,8,8,8,90149.58024,47961.86464,32583.85385,47080.10247,7384.707151,0,0,0
2059,8,8,9,93958.6196,48552.23919,33177.74205,48747.61435,7814.597875,0,0,0
2059,8,8,10,100574.083,51681.51027,35201.27634,51681.34685,8036.774815,0,0,0
2059,8,8,11,105815.6284,51839.62442,35570.20936,52997.41223,8021.657958,0,0,0
2059,8,8,12,108737.1857,52137.38565,36153.47489,53531.40499,7897.209455,0,0,0
2059,8,8,13,107625.9742,51596.03875,36179.29612,53128.6429,8070.93074,0,0,0
2059,8,8,14,104079.3144,49055.09939,35029.43444,51047.25599,8088.907543,0,0,0
2059,8,8,15,108074.8223,52295.00952,36846.80749,53733.39888,7996.572147,0,0,0
2059,8,8,16,107838.3456,51670.8059,36273.18406,53294.02948,7765.81537,0,0,0
2059,8,8,17,108155.3093,51401.23557,35698.25322,52182.0008,7540.043069,0,0,0
2059,8,8,18,104036.1701,50988.25939,35147.59107,51530.25999,8389.201862,0,0,0
2059,8,8,19,101139.0449,52250.80293,37881.86277,55064.58113,8550.911374,0,0,0
2059,8,8,20,98771.99026,54453.7784,41656.17422,55319.6883,8539.389878,0,0,0
2059,8,8,21,99026.19859,54493.65421,41923.86516,55909.32743,8150.518949,0,0,0
2059,8,8,22,100985.9969,54414.55628,40911.77116,55133.71011,7632.133327,0,0,0
2059,8,8,23,100096.6355,53201.44895,38804.48131,53556.24566,7218.912002,0,0,0
2059,8,8,24,98820.03735,51899.765,36801.04836,52510.15917,6953.917586,0,0,0
2059,8,9,1,96959.6834,50817.80661,35487.02579,50775.64284,6660.650563,0,0,0
2059,8,9,2,90101.94171,47605.92395,32779.55587,49201.20177,6494.528563,0,0,0
2059,8,9,3,87859.00871,47208.55489,31802.51664,48202.59037,6312.472579,0,0,0
2059,8,9,4,84636.17654,46104.28893,30893.54412,47134.03287,6243.180175,0,0,0
2059,8,9,5,83078.48658,45538.59163,30546.91867,46346.32206,6392.877915,0,0,0
2059,8,9,6,82200.81004,45689.84191,31462.83678,47544.55768,6487.337842,0,0,0
2059,8,9,7,84314.71862,48089.17309,33644.56693,48215.5827,6560.552457,0,0,0
2059,8,9,8,83516.712,46045.53747,31600.11418,46495.28439,7203.05973,0,0,0
2059,8,9,9,85624.08356,45999.77833,31650.36751,45771.8815,7669.476049,0,0,0
2059,8,9,10,90190.35489,48571.93196,33435.21889,49322.70861,7971.404623,0,0,0
2059,8,9,11,94606.51992,49107.06869,34125.93668,50171.45884,8007.031378,0,0,0
2059,8,9,12,96156.28374,49099.63283,34576.74587,51425.83111,7860.275297,0,0,0
2059,8,9,13,96797.48361,48075.28192,34539.64828,50673.33849,7948.851907,0,0,0
2059,8,9,14,92789.964,46610.98963,33459.97785,48815.19078,7942.641739,0,0,0
2059,8,9,15,93315.21349,48447.89202,34221.13202,50435.06414,7858.069053,0,0,0
2059,8,9,16,93930.42871,47737.07289,33419.20319,49154.46208,7642.429132,0,0,0
2059,8,9,17,92081.75968,46937.02346,32780.37299,47461.21068,7493.385095,0,0,0
2059,8,9,18,89969.32193,46507.70472,32541.11809,47497.98142,8330.777253,0,0,0
2059,8,9,19,88538.36843,48057.55026,35938.16182,52256.84967,8334.290901,0,0,0
2059,8,9,20,93009.3627,51103.88291,38822.70325,52430.40753,8233.45738,0,0,0
2059,8,9,21,92873.22928,50963.50043,38575.84907,52771.14966,8089.152681,0,0,0
2059,8,9,22,91176.54595,50897.31311,37922.63742,52090.97281,7659.67052,0,0,0
2059,8,9,23,91371.43083,49135.09616,36371.48448,49995.36789,7244.161238,0,0,0
2059,8,9,24,89782.60832,47665.32911,34518.07612,49346.65044,7050.583758,0,0,0
2059,8,10,1,89870.93979,47424.52166,33696.9448,48624.8001,6754.538501,0,0,0
2059,8,10,2,86987.37892,45775.15001,32180.02949,47343.54434,6490.524639,0,0,0
2059,8,10,3,84698.7685,44567.92599,31072.24988,46056.97725,6261.565542,0,0,0
2059,8,10,4,83080.20255,42930.15755,30277.92034,44783.97448,6179.771089,0,0,0
2059,8,10,5,81006.41492,42184.93736,29745.48012,44560.40842,6262.872946,0,0,0
2059,8,10,6,79282.03097,43509.82772,30726.93184,45466.43928,6257.561617,0,0,0
2059,8,10,7,81108.55585,44092.27613,32316.24463,45423.6218,6484.559609,0,0,0
2059,8,10,8,78945.4562,42631.17063,29862.32934,42396.65507,6999.186444,0,0,0
2059,8,10,9,76595.72465,41689.67644,29359.79599,42359.39406,7537.101411,0,0,0
2059,8,10,10,79231.04222,41756.35404,30036.78604,42984.65995,7660.569361,0,0,0
2059,8,10,11,83205.87674,41945.76417,30283.80365,42791.3276,7724.713861,0,0,0
2059,8,10,12,85177.19659,42207.40836,30558.03161,43024.7809,7612.767408,0,0,0
2059,8,10,13,83312.67529,42471.50394,30536.37773,43355.7175,7716.379162,0,0,0
2059,8,10,14,84775.66019,40887.09391,30227.25844,43124.2253,7781.422503,0,0,0
2059,8,10,15,84524.55694,41500.92002,30625.52633,44215.90751,7668.168645,0,0,0
2059,8,10,16,84437.69629,42022.41072,30129.36657,42898.53472,7531.136381,0,0,0
2059,8,10,17,84467.8483,40447.47937,30072.00423,42591.04968,7419.108214,0,0,0
2059,8,10,18,83326.07618,41276.20998,30552.8837,43548.72299,8286.897512,0,0,0
2059,8,10,19,84317.82371,43912.42639,34239.35396,49248.02317,8445.910503,0,0,0
2059,8,10,20,88926.09538,47536.38641,37961.6144,50541.20899,8321.053437,0,0,0
2059,8,10,21,88418.2507,47303.01482,37665.16058,50294.84508,8107.701473,0,0,0
2059,8,10,22,88307.9385,46992.99669,36818.86173,49993.57021,7693.908158,0,0,0
2059,8,10,23,88677.19838,45804.23975,35507.04541,48523.80315,7225.040457,0,0,0
2059,8,10,24,87346.58812,45108.37405,33350.97306,47330.55201,6604.513911,0,0,0
2059,8,11,1,82372.32508,41557.22009,30819.26724,44443.39578,6762.791488,0,0,0
2059,8,11,2,94772.06993,50181.34608,33779.31124,50129.86706,6534.567806,0,0,0
2059,8,11,3,92703.34849,49159.93683,32722.84722,48966.93134,6333.636178,0,0,0
2059,8,11,4,91589.35871,47570.29719,31879.49004,48278.91007,6316.885067,0,0,0
2059,8,11,5,87997.83866,46815.4349,31467.90297,47938.57651,6473.038112,0,0,0
2059,8,11,6,87599.08049,47459.49472,32579.27794,49146.45423,6588.743352,0,0,0
2059,8,11,7,88955.51197,49508.68681,35042.67191,49998.96325,6749.799162,0,0,0
2059,8,11,8,90988.19808,48409.73217,32889.70464,47520.86098,7453.100714,0,0,0
2059,8,11,9,94829.10542,49000.84213,33485.47223,49198.01497,7883.890279,0,0,0
2059,8,11,10,101499.0712,52142.61526,35520.4463,52149.07057,8108.273462,0,0,0
2059,8,11,11,106784.905,52298.19632,35891.09529,53472.89867,8093.401744,0,0,0
2059,8,11,12,109732.2018,52597.75522,36478.11961,54011.71247,7968.544677,0,0,0
2059,8,11,13,108611.7567,52056.08147,36503.6957,53605.35502,8142.265962,0,0,0
2059,8,11,14,105038.9488,49503.78404,35347.05186,51508.85125,8160.814754,0,0,0
2059,8,11,15,109064.2818,52752.846,37179.86862,54216.89316,8068.642783,0,0,0
2059,8,11,16,108827.3966,52132.15603,36598.07391,53775.56266,7835.516337,0,0,0
2059,8,11,17,109148.2825,51862.34057,36019.05744,52649.07082,7609.662324,0,0,0
2059,8,11,18,104983.139,51440.37598,35467.49644,51995.85918,8467.400954,0,0,0
2059,8,11,19,102059.2121,52717.5461,38230.12246,55573.48807,8630.744721,0,0,0
2059,8,11,20,99682.59703,54951.40898,42057.62891,55837.33851,8619.223224,0,0,0
2059,8,11,21,99940.97271,54985.07463,42328.75178,56433.59637,8223.325,0,0,0
2059,8,11,22,101913.7634,54905.9767,41307.0974,55648.0918,7702.079432,0,0,0
2059,8,11,23,101014.2696,53683.63582,39168.67499,54050.03575,7287.305565,0,0,0
2059,8,11,24,99722.22771,52372.39149,37136.31573,52981.55996,7020.268331,0,0,0
2059,8,12,1,97847.65574,51279.15674,35808.15686,51235.60385,6757.071596,0,0,0
2059,8,12,2,94693.54399,50140.16286,33751.20206,50088.60212,6528.929626,0,0,0
2059,8,12,3,92626.86537,49119.89759,32695.47346,48926.97381,6328.079712,0,0,0
2059,8,12,4,91513.20244,47531.15679,31852.03456,48238.46227,6311.410313,0,0,0
2059,8,12,5,87924.05205,46776.04936,31440.77434,47898.45556,6467.481646,0,0,0
2059,8,12,6,87525.53902,47419.86404,32551.49561,49105.67957,6583.105173,0,0,0
2059,8,12,7,88880.98995,49467.5853,35014.07245,49957.69831,6744.07927,0,0,0
2059,8,12,8,90911.9601,48369.20265,32862.16745,47480.90346,7446.972259,0,0,0
2059,8,12,9,94749.84406,48960.39432,33457.68989,49156.99517,7877.434972,0,0,0
2059,8,12,10,101414.8254,52101.51376,35491.27485,52107.47879,8101.736443,0,0,0
2059,8,12,11,106696.2466,52256.52282,35861.51527,53430.24462,8086.864724,0,0,0
2059,8,12,12,109641.5006,52555.9183,36448.37617,53967.5876,7962.007658,0,0,0
2059,8,12,13,108522.3629,52014.08112,36474.60596,53562.04727,8135.810656,0,0,0
2059,8,12,14,104951.7613,49463.17281,35318.28898,51466.52405,8154.277735,0,0,0
2059,8,12,15,108973.5807,52711.17251,37149.22634,54172.03287,8061.942339,0,0,0
2059,8,12,16,108737.5943,52090.80939,36568.90246,53731.6012,7829.142743,0,0,0
2059,8,12,17,109058.3985,51820.50364,35989.9677,52605.9265,7603.28873,0,0,0
2059,8,12,18,104896.8504,51399.84646,35438.16157,51953.12342,8460.373658,0,0,0
2059,8,12,19,101975.9468,52675.30061,38198.49963,55527.07524,8623.472287,0,0,0
2059,8,12,20,99599.41346,54906.6304,42020.93989,55790.02683,8612.032503,0,0,0
2059,8,12,21,99857.29887,54939.72406,42291.6542,56386.12127,8216.624555,0,0,0
2059,8,12,22,101829.3541,54861.19812,41270.89865,55601.18869,7695.950977,0,0,0
2059,8,12,23,100931.0043,53640.4915,39135.25448,54004.76689,7281.095397,0,0,0
2059,8,12,24,99639.94298,52330.22771,37105.3466,52938.08879,7014.139876,0,0,0
2059,8,13,1,97767.00527,51237.64667,35778.74027,51193.44008,6755.519054,0,0,0
2059,8,13,2,94672.78895,50129.37678,33743.84791,50077.81604,6527.458797,0,0,0
2059,8,13,3,92606.5189,49109.35665,32687.95588,48916.26944,6326.608883,0,0,0
2059,8,13,4,91492.93768,47520.77927,31844.76212,48227.7579,6309.939484,0,0,0
2059,8,13,5,87904.35928,46765.59013,31433.58362,47887.66947,6466.010817,0,0,0
2059,8,13,6,87506.00968,47409.07796,32544.05975,49094.97521,6581.552631,0,0,0
2059,8,13,7,88860.97033,49457.12607,35006.39145,49946.58538,6742.526728,0,0,0
2059,8,13,8,90891.85876,48358.41657,32854.56816,47470.11737,7445.419717,0,0,0
2059,8,13,9,94729.00731,48949.52653,33450.41746,49146.12738,7875.88243,0,0,0
2059,8,13,10,101392.4361,52090.72767,35483.59385,52096.36585,8100.102188,0,0,0
2059,8,13,11,106672.5499,52245.4916,35853.83428,53418.5597,8085.067044,0,0,0
2059,8,13,12,109617.5588,52544.56023,36440.61346,53956.31124,7960.29169,0,0,0
2059,8,13,13,108498.748,52002.88648,36466.67983,53550.52577,8134.094688,0,0,0
2059,8,13,14,104928.5549,49452.30502,35310.44456,51455.16598,8152.480054,0,0,0
2059,8,13,15,108949.5571,52700.46814,37141.21849,54160.51137,8060.226371,0,0,0
2059,8,13,16,108714.1427,52079.85988,36560.8129,53719.83457,7827.508488,0,0,0
2059,8,13,17,109034.0481,51809.39071,35982.36842,52594.65014,7601.572762,0,0,0
2059,8,13,18,104874.2977,51388.97866,35430.56228,51941.84706,8458.494265,0,0,0
2059,8,13,19,101953.9661,52664.18768,38190.08322,55514.6549,8621.511181,0,0,0
2059,8,13,20,99576.94246,54894.78205,42011.29779,55777.27964,8610.15311,0,0,0
2059,8,13,21,99835.31814,54927.794,42281.93038,56373.45579,8214.826875,0,0,0
2059,8,13,22,101806.638,54849.59491,41261.41997,55588.76835,7694.153297,0,0,0
2059,8,13,23,100908.8601,53628.56144,39126.83807,53992.91854,7279.461142,0,0,0
2059,8,13,24,99618.20739,52318.78793,37097.25704,52927.05757,7012.587334,0,0,0
2059,8,14,1,97745.59653,51226.2886,35770.81413,51182.32714,6793.597191,0,0,0
2059,8,14,2,95189.21347,50394.86147,33928.11014,50347.95836,6564.638094,0,0,0
2059,8,14,3,93107.74484,49373.69736,32869.68502,49182.08099,6362.889339,0,0,0
2059,8,14,4,91994.0002,47778.74639,32025.10214,48493.40601,6345.974802,0,0,0
2059,8,14,5,88390.71351,47023.63896,31612.28938,48152.0919,6502.699837,0,0,0
2059,8,14,6,87989.83081,47672.11127,32725.78888,49360.62332,6618.81364,0,0,0
2059,8,14,7,89350.91992,49724.57187,35194.73932,50217.70825,6780.359727,0,0,0
2059,8,14,8,91393.32985,48624.1464,33037.19613,47733.47753,7485.867523,0,0,0
2059,8,14,9,95247.31122,49215.82835,33633.94427,49414.22688,7917.964491,0,0,0
2059,8,14,10,101943.3434,52362.25911,35674.80166,52374.67944,8142.756238,0,0,0
2059,8,14,11,107253.2824,52519.71956,36046.26778,53700.30522,8127.802807,0,0,0
2059,8,14,12,110214.7972,52817.72592,36635.8252,54245.3292,8002.782315,0,0,0
2059,8,14,13,109087.2431,52275.6436,36660.42073,53836.1118,8176.993876,0,0,0
2059,8,14,14,105502.0149,49720.24109,35500.5901,51729.96593,8195.706094,0,0,0
2059,8,14,15,109540.3403,52975.10466,37341.65984,54450.5916,8102.55357,0,0,0
2059,8,14,16,109303.7819,52352.78043,36756.92348,54006.89142,7868.691709,0,0,0
2059,8,14,17,109627.5277,52080.84043,36174.14822,52875.90539,7643.327972,0,0,0
2059,8,14,18,105441.3024,51659.52955,35620.70783,52219.42524,8505.397378,0,0,0
2059,8,14,19,102502.1768,52942.09271,38399.26784,55819.44342,8669.149709,0,0,0
2059,8,14,20,100121.0676,55191.31759,42252.35037,56088.11491,8657.464787,0,0,0
2059,8,14,21,100381.0775,55224.49296,42524.04523,56687.151,8258.543191,0,0,0
2059,8,14,22,102361.9578,55141.3911,41497.07952,55896.33511,7735.336518,0,0,0
2059,8,14,23,101458.6234,53916.68056,39344.68424,54288.55524,7320.235799,0,0,0
2059,8,14,24,100158.9823,52599.71633,37300.23149,53210.51906,7051.972874,0,0,0
2059,8,15,1,98277.46476,51502.47766,35962.75736,51457.69908,6776.192377,0,0,0
2059,8,15,2,94953.3905,50274.49861,33843.70088,50224.32698,6547.723557,0,0,0
2059,8,15,3,92879.19431,49252.84422,32786.8283,49060.81928,6346.383366,0,0,0
2059,8,15,4,91765.12281,47661.24347,31942.57227,48372.7163,6329.550541,0,0,0
2059,8,15,5,88168.86342,46906.05433,31530.82178,48031.64732,6485.948725,0,0,0
2059,8,15,6,87769.53326,47552.32039,32643.09559,49239.85189,6601.81739,0,0,0
2059,8,15,7,89127.51729,49602.81988,35109.18608,50093.5866,6763.036626,0,0,0
2059,8,15,8,91164.6976,48503.12983,32953.76743,47614.17693,7467.563869,0,0,0
2059,8,15,9,95010.83455,49094.73007,33550.18872,49292.55661,7898.598572,0,0,0
2059,8,15,10,101691.8316,52238.21917,35587.45075,52247.12586,8123.472032,0,0,0
2059,8,15,11,106987.5525,52394.37221,35958.5083,53572.01622,8108.273462,0,0,0
2059,8,15,12,109941.3864,52693.1957,36547.3303,54112.546,7983.661534,0,0,0
2059,8,15,13,108817.9179,52151.68538,36572.17097,53704.39086,8157.382819,0,0,0
2059,8,15,14,105240.6159,49598.24397,35413.48432,51605.02715,8175.931611,0,0,0
2059,8,15,15,109271.5871,52848.94019,37249.56959,54317.89011,8083.432789,0,0,0
2059,8,15,16,109033.8847,52227.84165,36666.6309,53876.39618,7850.061204,0,0,0
2059,8,15,17,109355.8329,51957.78105,36086.71559,52747.61639,7624.207191,0,0,0
2059,8,15,18,105182.6815,51535.08104,35534.17404,52092.93392,8483.906927,0,0,0
2059,8,15,19,102251.9724,52814.53912,38303.33708,55680.69519,8647.41412,0,0,0
2059,8,15,20,99872.906,55055.34759,42142.03817,55946.67015,8635.892623,0,0,0
2059,8,15,21,100131.8537,55088.68639,42413.81474,56543.82686,8238.196719,0,0,0
2059,8,15,22,102108.158,55008.19934,41389.79069,55755.54406,7716.542587,0,0,0
2059,8,15,23,101206.6213,53784.14249,39245.40326,54153.6475,7301.605294,0,0,0
2059,8,15,24,99911.47441,52471.10048,37207.24239,53080.02381,7034.077784,0,0,0
2059,8,16,1,98034.12422,51375.65949,35875.56987,51331.69803,6737.378826,0,0,0
2059,8,16,2,91114.11742,48140.40698,33151.02198,49746.30745,6569.785996,0,0,0
2059,8,16,3,88855.41386,47739.36085,32167.52744,48742.30302,6386.095757,0,0,0
2059,8,16,4,85609.29356,46631.9898,31253.81559,47669.00618,6316.149652,0,0,0
2059,8,16,5,84041.30779,46059.91891,30904.08506,46876.22918,6467.073082,0,0,0
2059,8,16,6,83156.1954,46216.48052,31826.29504,48080.75668,6562.43185,0,0,0
2059,8,16,7,85284.56713,48637.71071,34021.42609,48750.14744,6636.545305,0,0,0
2059,8,16,8,84484.10913,46578.30453,31963.32731,47026.66233,7285.426172,0,0,0
2059,8,16,9,86610.60147,46523.72042,32015.46004,46299.66409,7753.476746,0,0,0
2059,8,16,10,91211.11044,49119.65245,33809.13639,49870.10226,8058.183553,0,0,0
2059,8,16,11,95663.63763,49648.82416,34504.43009,50723.34669,8093.810307,0,0,0
2059,8,16,12,97229.0903,49641.22487,34958.09922,51982.94857,7945.828535,0,0,0
2059,8,16,13,97881.23968,48612.78833,34921.24678,51224.32749,8035.385698,0,0,0
2059,8,16,14,93846.10116,47141.79558,33833.73192,49361.27702,8029.257243,0,0,0
2059,8,16,15,94369.38955,48986.21555,34601.17798,50984.82745,7943.458866,0,0,0
2059,8,16,16,94988.77211,48274.90615,33793.69268,49699.48605,7726.838393,0,0,0
2059,8,16,17,93126.0485,47471.17964,33152.08425,47999.69764,7577.140653,0,0,0
2059,8,16,18,91000.37328,47041.28891,32912.58421,48036.6318,8424.093202,0,0,0
2059,8,16,19,89559.2874,48600.4497,36332.18066,52842.23974,8427.9337,0,0,0
2059,8,16,20,94057.65544,51662.30778,39265.91315,53025.19457,8323.586532,0,0,0
2059,8,16,21,93915.23014,51521.18988,39015.70875,53370.59432,8176.258462,0,0,0
2059,8,16,22,92210.1304,51456.80024,38351.95616,52679.63139,7743.671217,0,0,0
2059,8,16,23,92401.25649,49684.20577,36774.08315,50548.48142,7326.936244,0,0,0
2059,8,16,24,90801.72961,48208.06513,34899.34776,49893.55381,7131.969647,0,0,0
2059,8,17,1,90886.13887,47962.92691,34073.80395,49168.18982,6745.468387,0,0,0
2059,8,17,2,86869.71257,45713.04833,32136.55832,47280.13525,6481.699663,0,0,0
2059,8,17,3,84583.47182,44506.80486,31029.84097,45994.87557,6252.985704,0,0,0
2059,8,17,4,82966.29499,42870.8341,30236.24684,44722.60821,6171.191251,0,0,0
2059,8,17,5,80894.63189,42126.67618,29704.46033,44499.12387,6254.293108,0,0,0
2059,8,17,6,79172.20905,43450.014,30685.09492,45404.58274,6248.900067,0,0,0
2059,8,17,7,80997.09967,44031.56357,32272.69174,45362.25554,6475.734633,0,0,0
2059,8,17,8,78836.12455,42572.33746,29821.06441,42337.90361,6989.707766,0,0,0
2059,8,17,9,76489.33466,41632.15068,29319.02133,42300.72431,7527.050744,0,0,0
2059,8,17,10,79121.46544,41698.58313,29995.27597,42925.25478,7650.600406,0,0,0
2059,8,17,11,83092.37775,41887.74813,30241.96673,42732.00415,7714.418056,0,0,0
2059,8,17,12,85060.75594,42149.22889,30516.35811,42965.1306,7602.635028,0,0,0
2059,8,17,13,83198.35917,42412.67077,30494.37738,43295.65863,7706.573633,0,0,0
2059,8,17,14,84660.11837,40830.30356,30185.74836,43064.41158,7771.290123,0,0,0
2059,8,17,15,84409.42369,41443.31253,30583.77112,44154.86809,7658.199691,0,0,0
2059,8,17,16,84322.72647,41964.31296,30087.93822,42838.8027,7521.412565,0,0,0
2059,8,17,17,84353.36875,40391.42443,30030.90272,42531.80794,7409.384398,0,0,0
2059,8,17,18,83212.08691,41219.01106,30511.21021,43488.25556,8276.11143,0,0,0
2059,8,17,19,84202.85388,43851.95897,34194.24853,49183.06154,8434.797571,0,0,0
2059,8,17,20,88806.95821,47472.16019,37911.44278,50473.55084,8310.594206,0,0,0
2059,8,17,21,88298.78668,47238.95203,37615.39752,50227.75892,8097.405668,0,0,0
2059,8,17,22,88188.96476,46929.50589,36770.48779,49927.62802,7683.857491,0,0,0
2059,8,17,23,88557.89778,45741.23922,35461.12285,48459.90379,7215.153216,0,0,0
2059,8,17,24,87228.67664,45046.4358,33306.52133,47267.06122,6595.525509,0,0,0
2059,8,18,1,82258.98951,41499.5309,30777.02175,44382.19293,6753.721374,0,0,0
2059,8,18,2,94648.27513,50116.38445,33734.77779,50064.82371,6525.661117,0,0,0
2059,8,18,3,92582.25021,49096.8546,32679.13091,48903.27712,6324.892915,0,0,0
2059,8,18,4,91468.34214,47507.95037,31836.10057,48215.01071,6308.141803,0,0,0
2059,8,18,5,87880.98944,46752.84294,31425.00378,47874.84057,6464.213136,0,0,0
2059,8,18,6,87482.55812,47396.41248,32535.31649,49081.81945,6579.754951,0,0,0
2059,8,18,7,88837.19192,49443.97032,34997.23963,49933.42963,6740.729048,0,0,0
2059,8,18,8,90867.42665,48345.26082,32845.74319,47457.4519,7443.376898,0,0,0
2059,8,18,9,94704.08493,48936.61592,33441.6742,49132.97163,7873.921324,0,0,0
2059,8,18,10,101365.7978,52077.4085,35474.36031,52082.5564,8098.05937,0,0,0
2059,8,18,11,106644.359,52232.58099,35844.51902,53404.34168,8083.105938,0,0,0
2059,8,18,12,109589.041,52531.15934,36431.13478,53942.01151,7958.330585,0,0,0
2059,8,18,13,108470.3119,51989.81244,36457.36457,53536.87974,8131.888444,0,0,0
2059,8,18,14,104900.6092,49439.23098,35301.37444,51441.76509,8150.518949,0,0,0
2059,8,18,15,108920.7125,52686.98554,37131.33125,54146.29336,8058.183553,0,0,0
2059,8,18,16,108685.8701,52066.29556,36551.33422,53706.18854,7825.547382,0,0,0
2059,8,18,17,109005.6121,51796.15325,35972.97145,52581.49439,7599.529944,0,0,0
2059,8,18,18,104846.7605,51375.98634,35421.32874,51928.11932,8456.206308,0,0,0
2059,8,18,19,101927.246,52650.86851,38179.54228,55499.61975,8619.223224,0,0,0
2059,8,18,20,99550.63095,54880.07376,41999.61287,55762.32621,8607.946866,0,0,0
2059,8,18,21,99808.67979,54913.98455,42270.16375,56358.25722,8212.702344,0,0,0
2059,8,18,22,101779.8362,54835.29518,41249.89848,55573.97835,7692.110478,0,0,0
2059,8,18,23,100882.3852,53614.67027,39116.29713,53978.5371,7277.500036,0,0,0
2059,8,18,24,99592.14103,52304.89676,37087.61494,52913.24811,7010.707941,0,0,0
2059,8,19,1,97720.10216,51212.88771,35761.66231,51168.84454,5583.104663,0,0,0
2059,8,19,2,78565.32853,41610.74194,27929.74133,41516.854,5390.344309,0,0,0
2059,8,19,3,76764.54317,40714.59832,27014.55864,40498.38641,5221.85264,0,0,0
2059,8,19,4,75807.19671,39318.61787,26296.63051,39902.70054,5207.879761,0,0,0
2059,8,19,5,72696.31099,38660.66689,25949.35137,39602.97821,5338.538432,0,0,0
2059,8,19,6,72340.12516,39208.14225,26891.98953,40662.13874,5435.776593,0,0,0
2059,8,19,7,73485.98291,40959.81825,29044.46653,41440.37087,5571.910017,0,0,0
2059,8,19,8,75196.31227,40012.44075,27157.63765,39245.07641,6170.374124,0,0,0
2059,8,19,9,78470.05148,40534.42173,27673.49018,40685.50858,6548.050408,0,0,0
2059,8,19,10,84247.2239,43346.64738,29465.45056,43298.27344,6746.285514,0,0,0
2059,8,19,11,88752.53752,43492.58634,29796.22373,44483.43502,6733.048051,0,0,0
2059,8,19,12,91237.42194,43765.26175,30323.18919,44957.53234,6622.735852,0,0,0
2059,8,19,13,90256.05194,43270.65453,30345.33335,44597.58772,6776.355803,0,0,0
2059,8,19,14,87146.14677,40981.88069,29312.15746,42719.66553,6792.780063,0,0,0
2059,8,19,15,90668.04757,43904.33683,30947.22939,45132.23417,6710.903898,0,0,0
2059,8,19,16,90460.66064,43335.53445,30430.64145,44736.98965,6504.824368,0,0,0
2059,8,19,17,90745.34782,43088.68026,29911.11185,43742.13704,6306.507549,0,0,0
2059,8,19,18,87198.36121,42705.12066,29416.9132,43157.89095,7059.817297,0,0,0
2059,8,19,19,84701.21988,43839.13007,31855.13964,46294.18933,7197.911828,0,0,0
2059,8,19,20,82686.18372,45786.18123,34957.2821,46404.41982,7188.269724,0,0,0
2059,8,19,21,82939.98349,45822.78854,35167.0387,46897.96477,6848.508152,0,0,0
2059,8,19,22,84664.61257,45759.0526,34361.02423,46270.65607,6386.994597,0,0,0
2059,8,19,23,83898.14707,44698.66638,32634.59747,44953.28327,6027.540255,0,0,0
2059,8,19,24,82838.33284,43555.17829,30901.22511,44057.62993,5800.542263,0,0,0
2059,8,20,1,81227.61131,42595.13531,29722.84569,42494.46522,6746.44894,0,0,0
2059,8,20,2,94549.72956,50064.25173,33699.64132,50013.01784,6518.552108,0,0,0
2059,8,20,3,92485.25719,49046.11099,32644.15786,48852.28837,6317.947332,0,0,0
2059,8,20,4,91371.92111,47458.02389,31801.53608,48163.6134,6301.277933,0,0,0
2059,8,20,5,87787.91863,46703.24331,31390.521,47824.09696,6457.185841,0,0,0
2059,8,20,6,87389.65073,47345.99572,32500.0983,49030.66728,6572.56423,0,0,0
2059,8,20,7,88743.05884,49392.573,34961.36773,49881.70546,6733.456614,0,0,0
2059,8,20,8,90771.98617,48294.19035,32810.60671,47406.70829,7435.614188,0,0,0
2059,8,20,9,94604.31367,48885.46374,33406.45601,49081.4926,7865.913476,0,0,0
2059,8,20,10,101259.898,52024.78549,35437.99814,52029.36141,8089.806383,0,0,0
2059,8,20,11,106534.2103,52180.44826,35808.32028,53350.49298,8075.09809,0,0,0
2059,8,20,12,109474.3164,52478.53634,36394.0372,53887.18226,7950.241023,0,0,0
2059,8,20,13,108357.2215,51937.10772,36419.61329,53482.54077,8123.880596,0,0,0
2059,8,20,14,104790.4604,49387.58853,35264.44028,51388.32496,8142.102536,0,0,0
2059,8,20,15,108807.377,52635.66994,37093.41654,54091.05555,8050.012279,0,0,0
2059,8,20,16,108572.126,52013.59085,36514.31835,53650.7873,7817.621247,0,0,0
2059,8,20,17,108892.6034,51743.61195,35936.44586,52527.64569,7591.603808,0,0,0
2059,8,20,18,104738.7362,51324.18046,35384.72144,51874.59748,8447.054482,0,0,0
2059,8,20,19,101822.572,52597.34666,38139.9116,55441.03172,8610.15311,0,0,0
2059,8,20,20,99445.79351,54822.79313,41953.77202,55702.83934,8598.795039,0,0,0
2059,8,20,21,99704.74118,54857.11248,42223.83262,56297.7898,8204.285932,0,0,0
2059,8,20,22,101673.7731,54778.42311,41205.20161,55515.39031,7684.184342,0,0,0
2059,8,20,23,100777.3843,53559.84102,39074.54192,53922.15531,7269.655613,0,0,0
2059,8,20,24,99489.01955,52251.37492,37049.12824,52858.90914,7003.108656,0,0,0
2059,8,21,1,97618.28808,51160.10128,35725.13671,51116.54839,6784.363651,0,0,0
2059,8,21,2,95064.02955,50330.96211,33883.0047,50282.66988,6555.649692,0,0,0
2059,8,21,3,92986.07457,49309.798,32825.64185,49117.85477,6354.064363,0,0,0
2059,8,21,4,91872.00308,47716.07272,31981.30411,48429.42494,6337.313252,0,0,0
2059,8,21,5,88272.72031,46961.29214,31569.06334,48088.27425,6493.793148,0,0,0
2059,8,21,6,87873.22673,47608.29362,32681.99085,49296.15197,6609.743526,0,0,0
2059,8,21,7,89232.02788,49659.69195,35148.98018,50151.68436,6771.126187,0,0,0
2059,8,21,8,91272.14986,48559.59333,32992.7444,47669.98674,7476.307132,0,0,0
2059,8,21,9,95121.55532,49151.68385,33589.32912,49349.34696,7907.668686,0,0,0
2059,8,21,10,101809.5796,52296.23521,35628.2254,52306.77616,8132.460433,0,0,0
2059,8,21,11,107111.9193,52453.61395,35999.6098,53631.5031,8117.425289,0,0,0
2059,8,21,12,110070.0022,52751.45689,36588.51352,54174.8111,7992.568223,0,0,0
2059,8,21,13,108943.919,52209.29286,36613.43591,53765.51199,8166.616358,0,0,0
2059,8,21,14,105363.0216,49655.76974,35454.09555,51663.77861,8185.246863,0,0,0
2059,8,21,15,109398.4052,52907.60993,37292.38706,54379.74665,8092.421191,0,0,0
2059,8,21,16,109160.0492,52285.77598,36709.03981,53937.10874,7858.722755,0,0,0
2059,8,21,17,109482.4876,52015.06168,36127.49024,52808.0021,7633.195593,0,0,0
2059,8,21,18,105303.2078,51593.09709,35574.70356,52152.01223,8494.039307,0,0,0
2059,8,21,19,102369.1485,52874.6797,38347.95224,55745.65681,8657.464787,0,0,0
2059,8,21,20,99989.0198,55118.51154,42193.76234,56013.0209,8646.025003,0,0,0
2059,8,21,21,100248.4578,55152.9126,42465.70233,56610.91302,8247.593684,0,0,0
2059,8,21,22,102227.3769,55070.7913,41440.04402,55820.91425,7725.612702,0,0,0
2059,8,21,23,101324.3694,53846.32589,39291.73438,54217.22002,7310.348558,0,0,0
2059,8,21,24,100027.5065,52531.32277,37250.87699,53141.22666,7042.412484,0,0,0
2059,8,22,1,98147.78664,51435.06465,35916.42624,51390.69463,6766.958838,0,0,0
2059,8,22,2,94829.67741,50210.3541,33799.41257,50159.44707,6538.653442,0,0,0
2059,8,22,3,92758.50459,49188.86314,32742.78513,48996.51135,6337.640102,0,0,0
2059,8,22,4,91644.59652,47598.89665,31899.34623,48308.08152,6320.888991,0,0,0
2059,8,22,5,88051.27879,46844.03436,31487.75916,47967.74796,6477.123749,0,0,0
2059,8,22,6,87652.92918,47488.50274,32599.29756,49175.95253,6592.828989,0,0,0
2059,8,22,7,89009.68751,49538.43024,35063.59037,50028.54326,6753.966512,0,0,0
2059,8,22,8,91043.59932,48439.06704,32909.88769,47550.27757,7457.676628,0,0,0
2059,8,22,9,94886.22263,49030.25872,33505.98212,49227.84012,7888.547905,0,0,0
2059,8,22,10,101559.9472,52172.27699,35541.11962,52179.22257,8113.012801,0,0,0
2059,8,22,11,106848.4775,52328.92031,35912.3406,53503.78608,8098.05937,0,0,0
2059,8,22,12,109798.0622,52627.82551,36499.52835,54043.90729,7973.365729,0,0,0
2059,8,22,13,108676.228,52085.82491,36524.94101,53636.56929,8147.168726,0,0,0
2059,8,22,14,105102.6031,49533.52748,35367.72519,51539.49353,8165.554093,0,0,0
2059,8,22,15,109129.2435,52782.75287,37201.76763,54248.84285,8073.463835,0,0,0
2059,8,22,16,108892.0314,52162.30803,36620.05464,53807.10377,7840.09225,0,0,0
2059,8,22,17,109212.8356,51892.81942,36040.38446,52679.87653,7614.238237,0,0,0
2059,8,22,18,105045.731,51470.20113,35488.49662,52026.58317,8472.630569,0,0,0
2059,8,22,19,102119.5978,52748.43352,38252.83861,55607.07201,8635.892623,0,0,0
2059,8,22,20,99742.73761,54984.09408,42084.02213,55871.57615,8624.45284,0,0,0
2059,8,22,21,100000.2962,55017.43288,42355.22671,56468.07915,8228.064339,0,0,0
2059,8,22,22,101974.476,54937.92638,41332.91862,55681.75745,7706.655346,0,0,0
2059,8,22,23,101075.2273,53715.01352,39192.61683,54082.63913,7291.799766,0,0,0
2059,8,22,24,99781.63287,52403.19719,37158.86845,53013.10108,7024.517394,0,0,0
2059,8,23,1,97906.32549,51308.81847,35829.15703,51265.67414,6728.308712,0,0,0
2059,8,23,2,90994.57168,48077.16132,33106.65196,49681.34583,6560.797595,0,0,0
2059,8,23,3,88736.44011,47676.36033,32123.89284,48677.17797,6377.189069,0,0,0
2059,8,23,4,85493.58832,46569.72469,31210.75297,47605.10682,6307.488101,0,0,0
2059,8,23,5,83926.90996,45998.22579,30861.51272,46812.82009,6458.248106,0,0,0
2059,8,23,6,83042.53297,46153.80685,31783.069,48017.02074,6553.443448,0,0,0
2059,8,23,7,85169.02532,48572.01367,33976.48408,48686.57493,6627.393478,0,0,0
2059,8,23,8,84368.81245,46514.65031,31920.01956,46963.33496,7275.620643,0,0,0
2059,8,23,9,86492.68999,46461.45531,31971.66201,46236.66357,7743.589504,0,0,0
2059,8,23,10,91089.11332,49054.44569,33764.52123,49804.73206,8047.96946,0,0,0
2059,8,23,11,95537.47316,49584.18938,34458.99781,50658.05821,8083.514502,0,0,0
2059,8,23,12,97100.96473,49576.09982,34913.23893,51916.27097,7935.451017,0,0,0
2059,8,23,13,97752.13355,48549.1341,34876.14134,51158.9573,8025.00818,0,0,0
2059,8,23,14,93719.85498,47078.54992,33789.11677,49296.3154,8018.716299,0,0,0
2059,8,23,15,94243.55193,48921.66248,34555.99083,50919.29384,7933.081348,0,0,0
2059,8,23,16,94862.36251,48211.57877,33748.9141,49634.52443,7716.542587,0,0,0
2059,8,23,17,93001.92685,47407.4437,33108.04108,47935.47143,7567.253412,0,0,0
2059,8,23,18,90877.72246,46978.12497,32868.54104,47972.65072,8412.816844,0,0,0
2059,8,23,19,89437.94398,48535.56979,36285.44097,52771.88507,8416.493917,0,0,0
2059,8,23,20,93932.14468,51596.44731,39212.39131,52954.10448,8313.045588,0,0,0
2059,8,23,21,93790.86335,51455.41112,38963.57602,53299.34081,8165.880944,0,0,0
2059,8,23,22,92087.23444,51391.1032,38300.55885,52609.60357,7733.865688,0,0,0
2059,8,23,23,92278.60567,49618.59044,36725.13722,50482.45753,7317.049002,0,0,0
2059,8,23,24,90680.14106,48143.59378,34854.0789,49828.42876,7122.24583,0,0,0
2059,8,24,1,90765.20402,47899.02754,34029.02537,49103.47333,6876.372196,0,0,0
2059,8,24,2,88535.5902,46593.42139,32755.53232,48179.22053,6607.700708,0,0,0
2059,8,24,3,86217.80833,45373.77703,31632.309,46879.41598,6375.554814,0,0,0
2059,8,24,4,84578.73248,43714.273,30827.60194,45593.01231,6292.616383,0,0,0
2059,8,24,5,82478.30651,42957.69474,30286.41846,45366.25946,6376.862218,0,0,0
2059,8,24,6,80729.8173,44300.39848,31283.80416,46279.72618,6371.469177,0,0,0
2059,8,24,7,82575.1361,44894.77695,32890.35834,46227.59345,6601.572252,0,0,0
2059,8,24,8,80385.97009,43409.64791,30407.68017,43167.45134,7124.860638,0,0,0
2059,8,24,9,78000.0398,42450.0952,29897.22068,43132.72343,7668.250358,0,0,0
2059,8,24,10,80675.15148,42518.16191,30583.28084,43769.59252,7791.554883,0,0,0
2059,8,24,11,84708.57403,42711.49426,30833.8121,43574.05394,7855.29082,0,0,0
2059,8,24,12,86705.7151,42977.87779,31110.90001,43812.41,7743.75293,0,0,0
2059,8,24,13,84816.02628,43245.4053,31088.75585,44147.8408,7847.364684,0,0,0
2059,8,24,14,86304.34212,41637.21687,30774.89722,43913.97894,7912.734876,0,0,0
2059,8,24,15,86045.14931,42261.09363,31179.21186,45021.10485,7799.317593,0,0,0
2059,8,24,16,85955.10187,42789.93849,30675.77967,43684.121,7662.530466,0,0,0
2059,8,24,17,85990.64692,41189.92133,30617.10992,43372.79546,7548.050918,0,0,0
2059,8,24,18,84825.99523,42029.84658,31105.26183,44344.1148,8430.793646,0,0,0
2059,8,24,19,85839.31492,44710.51472,34830.54564,50101.18588,8595.689955,0,0,0
2059,8,24,20,90497.75822,48385.30006,38629.12577,51435.3915,8466.665539,0,0,0
2059,8,24,21,89986.80846,48148.49654,38326.05322,51183.47112,8243.91661,0,0,0
2059,8,24,22,89877.55852,47833.41221,37454.66856,50869.28564,7824.730255,0,0,0
2059,8,24,23,90250.00519,46629.70184,36115.80532,49363.64669,7353.65631,0,0,0
2059,8,24,24,88901.90841,45922.72322,33936.1997,48164.75737,6723.569373,0,0,0
2059,8,25,1,83864.80828,42319.59996,31375.89442,45251.86162,6884.870321,0,0,0
2059,8,25,2,96420.86959,51032.22084,34366.5807,50989.48508,6652.642715,0,0,0
2059,8,25,3,94305.08162,49999.78037,33300.80143,49812.82162,6448.52429,0,0,0
2059,8,25,4,93183.49255,48395.43244,32450.17181,49119.24389,6431.691466,0,0,0
2059,8,25,5,89544.08883,47635.01368,32035.07109,48777.27607,6589.88733,0,0,0
2059,8,25,6,89136.99596,48289.04245,33154.86248,49990.3017,6707.471963,0,0,0
2059,8,25,7,90507.72717,50363.81063,35641.13602,50863.81088,6871.469432,0,0,0
2059,8,25,8,92578.00115,49253.41621,33467.57714,48356.12861,7582.778832,0,0,0
2059,8,25,9,96472.43033,49842.23821,34069.88174,50050.93255,8017.899172,0,0,0
2059,8,25,10,103244.2102,53010.15942,36124.6303,53033.69269,8244.4886,0,0,0
2059,8,25,11,108632.3483,53169.0907,36498.79293,54379.50152,8229.453455,0,0,0
2059,8,25,12,111648.9375,53475.35005,37099.87185,54934.65787,8103.043847,0,0,0
2059,8,25,13,110493.1925,52919.29486,37124.79423,54518.24975,8279.788503,0,0,0
2059,8,25,14,106857.2207,50350.49145,35951.39929,52380.23591,8299.07271,0,0,0
2059,8,25,15,110956.0952,53637.14128,37823.19302,55147.51956,8203.959081,0,0,0
2059,8,25,16,110713.3266,52999.29163,37222.19582,54692.54302,7968.054401,0,0,0
2059,8,25,17,111041.2399,52728.08704,36630.10531,53542.43621,7740.647846,0,0,0
2059,8,25,18,106794.9556,52308.49213,36070.20961,52870.92091,8617.343831,0,0,0
2059,8,25,19,103814.892,53599.22656,38902.94516,56546.0331,8785.672076,0,0,0
2059,8,25,20,101409.1055,55905.32351,42825.9738,56827.04321,8773.660303,0,0,0
2059,8,25,21,101673.1194,55938.58059,43104.20568,57440.29733,8363.544061,0,0,0
2059,8,25,22,103689.6264,55852.53708,42057.30206,56634.20115,7832.901529,0,0,0
2059,8,25,23,102763.9027,54612.8731,39867.97262,54990.30425,7416.248268,0,0,0
2059,8,25,24,101449.4716,53270.90478,37781.84637,53890.69591,7146.187663,0,0,0
2059,8,26,1,99550.79438,52159.5298,36417.89732,52106.08967,6878.987004,0,0,0
2059,8,26,2,96341.44481,50991.5279,34338.06295,50947.72987,6646.922823,0,0,0
2059,8,26,3,94226.88253,49959.25085,33272.85568,49771.88354,6443.049537,0,0,0
2059,8,26,4,93106.68258,48355.47491,32422.79804,49078.71437,6426.216712,0,0,0
2059,8,26,5,89469.73024,47595.79157,32007.5339,48737.23683,6584.249151,0,0,0
2059,8,26,6,89063.04593,48249.08492,33127.08015,49949.60875,6701.670358,0,0,0
2059,8,26,7,90432.71488,50322.46398,35612.12799,50822.05567,6865.586115,0,0,0
2059,8,26,8,92501.84488,49212.72326,33439.87652,48316.33451,7576.486951,0,0,0
2059,8,26,9,96392.84212,49801.30013,34041.52742,50010.15789,8011.362153,0,0,0
2059,8,26,10,103160.0461,52967.58708,36095.94913,52991.12035,8237.788155,0,0,0
2059,8,26,11,108543.69,53127.33549,36469.21292,54335.7852,8222.916436,0,0,0
2059,8,26,12,111556.357,53433.59484,37069.63813,54889.961,8096.751966,0,0,0
2059,8,26,13,110402.5731,52878.68362,37094.88737,54473.71631,8273.088058,0,0,0
2059,8,26,14,106770.3601,50310.04365,35922.30955,52338.56241,8292.453978,0,0,0
2059,8,26,15,110864.6586,53593.91524,37792.22389,55102.57755,8197.176923,0,0,0
2059,8,26,16,110622.1352,52957.61813,37192.12553,54647.92787,7961.517381,0,0,0
2059,8,26,17,110949.6399,52685.92327,36600.11673,53499.70045,7734.437677,0,0,0
2059,8,26,18,106707.3596,52267.06377,36041.36501,52828.83885,8610.15311,0,0,0
2059,8,26,19,103729.9925,53556.89936,38870.26007,56499.04828,8778.072791,0,0,0
2059,8,26,20,101326.4939,55859.31924,42789.28478,56779.56811,8766.142731,0,0,0
2059,8,26,21,101590.3444,55892.82146,43066.78125,57391.67825,8356.680191,0,0,0
2059,8,26,22,103603.5011,55805.55225,42021.34846,56586.39919,7826.609648,0,0,0
2059,8,26,23,102679.6569,54568.25795,39834.63382,54944.79025,7410.0381,0,0,0
2059,8,26,24,101366.0429,53227.76045,37750.71382,53846.32589,7140.140921,0,0,0
2059,8,27,1,99469.08164,52117.03918,36388.48073,52064.49788,6877.434462,0,0,0
2059,8,27,2,96320.44464,50980.74182,34330.62709,50936.61694,6645.451993,0,0,0
2059,8,27,3,94206.45434,49948.38306,33265.41982,49760.93404,6441.578708,0,0,0
2059,8,27,4,93086.58124,48344.85225,32415.52561,49068.25514,6424.745883,0,0,0
2059,8,27,5,89450.03747,47585.41405,32000.34318,48726.53246,6582.778322,0,0,0
2059,8,27,6,89043.27145,48238.62569,33119.80771,49938.74096,6700.199529,0,0,0
2059,8,27,7,90412.77697,50311.75961,35604.44699,50810.86103,6864.033573,0,0,0
2059,8,27,8,92481.74354,49201.93718,33432.35894,48305.87528,7574.934409,0,0,0
2059,8,27,9,96371.84195,49790.8409,34034.09156,49999.12667,8009.646185,0,0,0
2059,8,27,10,103138.0654,52956.47415,36088.51327,52980.00742,8236.072187,0,0,0
2059,8,27,11,108520.1567,53116.54941,36461.3685,54324.10028,8221.200469,0,0,0
2059,8,27,12,111532.0066,53422.07334,37061.87542,54877.94923,8095.035998,0,0,0
2059,8,27,13,110378.6312,52868.22439,37087.04295,54462.1131,8271.290378,0,0,0
2059,8,27,14,106747.1537,50299.58442,35914.54684,52327.28606,8290.656298,0,0,0
2059,8,27,15,110840.6351,53582.8023,37783.9709,55090.7292,8195.542668,0,0,0
2059,8,27,16,110597.9482,52946.5052,37184.03597,54636.24295,7959.883127,0,0,0
2059,8,27,17,110925.5346,52674.89205,36592.43573,53488.34238,7732.885135,0,0,0
2059,8,27,18,106684.3983,52255.86912,36033.68402,52817.97106,8608.273717,0,0,0
2059,8,27,19,103707.6849,53545.45958,38861.68023,56486.79136,8776.111685,0,0,0
2059,8,27,20,101304.5949,55846.98061,42779.47926,56767.14778,8764.181625,0,0,0
2059,8,27,21,101568.2002,55880.56455,43056.81229,57378.93106,8354.964224,0,0,0
2059,8,27,22,103580.785,55793.54048,42011.86978,56573.81543,7824.975393,0,0,0
2059,8,27,23,102657.7579,54556.32789,39825.97227,54932.9419,7408.403845,0,0,0
2059,8,27,24,101343.5719,53216.32066,37742.54255,53834.96782,7138.506666,0,0,0
2059,8,28,1,99447.42776,52105.76282,36380.79974,52053.63009,6916.166301,0,0,0
2059,8,28,2,96846.1844,51254.96977,34516.93214,51211.58031,6682.958141,0,0,0
2059,8,28,3,94721.73488,50215.50201,33448.70149,50031.23978,6478.186015,0,0,0
2059,8,28,4,93593.36366,48609.60153,32596.11076,49335.21066,6461.108052,0,0,0
2059,8,28,5,89941.78474,47845.17885,32180.84662,48991.77201,6620.039331,0,0,0
2059,8,28,6,89535.42728,48502.14928,33302.76254,50207.90272,6737.950815,0,0,0
2059,8,28,7,90908.85501,50583.45447,35795.49138,51088.11236,6902.847124,0,0,0
2059,8,28,8,92986.238,49471.09895,33615.23206,48570.78798,7616.199343,0,0,0
2059,8,28,9,96899.62454,50058.12327,34219.66119,50269.51413,8052.708799,0,0,0
2059,8,28,10,103695.9182,53235.60487,36279.72108,53260.03698,8280.27878,0,0,0
2059,8,28,11,109113.3095,53397.06925,36654.78255,54617.28559,8264.916784,0,0,0
2059,8,28,12,112150.6537,53707.65937,37260.76423,55178.32526,8137.608336,0,0,0
2059,8,28,13,110982.6518,53145.63915,37285.93176,54754.64471,8315.823821,0,0,0
2059,8,28,14,107324.209,50566.04966,36106.24493,52605.59965,8335.108028,0,0,0
2059,8,28,15,111449.8853,53871.16656,37990.86756,55393.14805,8238.686995,0,0,0
2059,8,28,16,111205.319,53221.38685,37383.74191,54932.12478,8002.292039,0,0,0
2059,8,28,17,111536.4191,52951.89824,36788.95487,53773.11127,7774.231782,0,0,0
2059,8,28,18,107264.477,52531.24105,36225.30039,53095.63095,8655.667106,0,0,0
2059,8,28,19,104271.7479,53831.04561,39078.87269,56798.60718,8826.691871,0,0,0
2059,8,28,20,101855.5022,56150.78858,43025.84317,57084.27492,8814.353247,0,0,0
2059,8,28,21,102121.3138,56190.09241,43306.77157,57703.00378,8400.805071,0,0,0
2059,8,28,22,104153.4279,56106.33685,42251.77838,56889.88031,7866.240327,0,0,0
2059,8,28,23,103217.1633,54853.76226,40049.45662,55233.39965,7448.933364,0,0,0
2059,8,28,24,101895.95,53503.62266,37949.03064,54127.82628,7178.709334,0,0,0
2059,8,29,1,99990.8992,52386.28265,36574.86749,52331.04484,6898.516349,0,0,0
2059,8,29,2,96606.9295,51129.21386,34432.52288,51086.80495,6665.880178,0,0,0
2059,8,29,3,94486.89247,50094.81229,33365.19107,49908.42553,6461.516616,0,0,0
2059,8,29,4,93363.17887,48488.74839,32513.98946,49213.29525,6444.520366,0,0,0
2059,8,29,5,89717.40155,47726.45024,32098.72532,48871.0823,6602.961369,0,0,0
2059,8,29,6,89310.14526,48382.11326,33219.17041,50085.74218,6720.79114,0,0,0
2059,8,29,7,90682.67415,50460.31338,35708.87588,50961.3759,6885.115459,0,0,0
2059,8,29,8,92756.05321,49348.69326,33531.96677,48449.77141,7597.3237,0,0,0
2059,8,29,9,96658.73538,49936.94328,34135.49707,50145.80104,8033.097742,0,0,0
2059,8,29,10,103441.9551,53109.76725,36192.12502,53132.23826,8260.340871,0,0,0
2059,8,29,11,108842.0232,53268.61682,36566.69622,54483.60355,8244.4886,0,0,0
2059,8,29,12,111868.0094,53576.42871,37169.65453,55040.80272,8118.160704,0,0,0
2059,8,29,13,110706.381,53017.67699,37195.1489,54621.53465,8295.8042,0,0,0
2059,8,29,14,107061.094,50443.56226,36018.73059,52479.02661,8314.761556,0,0,0
2059,8,29,15,111171.4083,53739.03706,37896.57106,55255.05352,8219.402788,0,0,0
2059,8,29,16,110927.5774,53096.6115,37292.71391,54797.54389,7983.171257,0,0,0
2059,8,29,17,111256.9615,52825.40692,36698.90743,53643.10631,7755.192713,0,0,0
2059,8,29,18,107000.0546,52405.812,36137.70434,52968.48593,8634.094943,0,0,0
2059,8,29,19,104015.4151,53700.63207,38979.91857,56657.16243,8803.648878,0,0,0
2059,8,29,20,101604.1538,56011.63178,42912.99787,56939.88851,8791.310255,0,0,0
2059,8,29,21,101868.5762,56048.64765,43192.53716,57555.34886,8379.723184,0,0,0
2059,8,29,22,103891.13,55963.09441,42142.44674,56745.00362,7847.528109,0,0,0
2059,8,29,23,102960.8304,54718.93624,39946.7437,55096.04053,7430.547998,0,0,0
2059,8,29,24,101644.7651,53373.29084,37854.81585,53993.81738,7160.40568,0,0,0
2059,8,30,1,99743.55473,52258.9742,36486.61773,52204.47181,6858.640532,0,0,0
2059,8,30,2,92705.9633,48975.75632,33732.2447,50601.18614,6688.106044,0,0,0
2059,8,30,3,90413.75752,48568.58174,32741.3143,49588.11159,6501.555859,0,0,0
2059,8,30,4,87136.34124,47453.52969,31819.18603,48507.70574,6431.037764,0,0,0
2059,8,30,5,85550.95066,46880.88681,31465.12473,47708.06487,6583.9223,0,0,0
2059,8,30,6,84654.64362,47039.2461,32395.09742,48917.49513,6680.751897,0,0,0
2059,8,30,7,86802.21785,49486.86951,34610.9835,49592.93264,6755.519054,0,0,0
2059,8,30,8,86000.12559,47413.57216,32533.43709,47858.41631,7414.368875,0,0,0
2059,8,30,9,88158.56762,47351.96075,32586.87723,47128.55812,7884.462268,0,0,0
2059,8,30,10,92811.37274,49964.97075,34396.40585,50723.51011,8193.418137,0,0,0
2059,8,30,11,97324.69421,50505.58223,35098.56342,51585.08924,8229.862019,0,0,0
2059,8,30,12,98918.66462,50497.16582,35559.99526,52864.54732,8080.654556,0,0,0
2059,8,30,13,99578.00472,49458.35176,35521.50856,52093.42419,8170.293432,0,0,0
2059,8,30,14,95504.29779,47971.75188,34421.98194,50214.03118,8164.083264,0,0,0
2059,8,30,15,96022.11142,49837.41716,35195.71987,51848.61283,8078.203174,0,0,0
2059,8,30,16,96646.0699,49114.09599,34382.75982,50551.74993,7857.415351,0,0,0
2059,8,30,17,94768.22943,48307.99981,33733.30697,48843.5451,7708.371313,0,0,0
2059,8,30,18,92612.48393,47875.004,33492.66295,48876.39363,8573.46409,0,0,0
2059,8,30,19,91156.93489,49451.32446,36959.57107,53766.65597,8577.222876,0,0,0
2059,8,30,20,95702.45118,52537.85979,39969.70498,53966.93389,8469.36206,0,0,0
2059,8,30,21,95554.95969,52392.73796,39714.18925,54320.09635,8315.088407,0,0,0
2059,8,30,22,93828.94149,52328.10318,39033.76726,53610.50292,7874.575026,0,0,0
2059,8,30,23,94020.72129,50543.25181,37411.68766,51428.77277,7455.470384,0,0,0
2059,8,30,24,92395.94517,49051.66745,35495.85076,50755.05123,7259.604946,0,0,0
2059,8,31,1,92481.66183,48802.36188,34662.70767,50020.20856,6719.892299,0,0,0
2059,8,31,2,86540.98222,45538.83677,32014.5612,47102.49176,6456.85899,0,0,0
2059,8,31,3,84260.0528,44335.20811,30910.86722,45820.17373,6228.798733,0,0,0
2059,8,31,4,82647.45188,42703.97668,30119.56105,44550.60289,6147.167706,0,0,0
2059,8,31,5,80582.16238,41962.51528,29589.40879,44327.28197,6230.106137,0,0,0
2059,8,31,6,78864.31545,43281.68575,30566.77487,45230.77974,6224.794809,0,0,0
2059,8,31,7,80684.38502,43860.86565,32150.12263,45191.55762,6450.89396,0,0,0
2059,8,31,8,78530.11034,42407.19601,29705.27745,42173.98785,6962.987701,0,0,0
2059,8,31,9,76191.08316,41470.44116,29204.78692,42136.31828,7499.51355,0,0,0
2059,8,31,10,78814.55239,41536.7102,29879.08045,42758.39737,7622.08266,0,0,0
2059,8,31,11,82772.39066,41725.05806,30124.87237,42565.5553,7686.554012,0,0,0
2059,8,31,12,84735.37581,41985.47656,30398.77348,42797.7012,7574.770984,0,0,0
2059,8,31,13,82878.12694,42248.26473,30377.03789,43127.33039,7678.464451,0,0,0
2059,8,31,14,84336.61764,40670.882,30069.30771,42896.73704,7743.262653,0,0,0
2059,8,31,15,84086.74008,41281.92987,30466.18649,43983.92504,7629.84537,0,0,0
2059,8,31,16,84001.35026,41801.21433,29971.90612,42671.94529,7493.630233,0,0,0
2059,8,31,17,84030.68514,40234.0457,29914.87063,42365.84937,7381.520354,0,0,0
2059,8,31,18,82892.91695,41059.09923,30394.11585,43319.27361,8245.959429,0,0,0
2059,8,31,19,83879.02629,43682.81359,34067.34865,49001.49583,8403.093028,0,0,0
2059,8,31,20,88472.50796,47292.71902,37770.89687,50284.95784,8280.115354,0,0,0
2059,8,31,21,87964.41815,47059.34743,37475.91388,50040.80017,8068.806209,0,0,0
2059,8,31,22,87855.57678,46750.47327,36635.49835,49744.0195,7655.584883,0,0,0
2059,8,31,23,88223.77438,45565.31169,35332.507,48281.11632,7188.024586,0,0,0
2059,8,31,24,86898.31203,44872.95965,33182.64481,47089.00915,6570.357986,0,0,0
2059,9,1,1,81941.37209,41337.73967,30658.37485,44210.26933,6728.226999,0,0,0
2059,9,1,2,94301.40455,49933.51134,33610.411,49882.44088,6500.738731,0,0,0
2059,9,1,3,92241.5898,48917.25,32556.15324,48722.9371,6300.460806,0,0,0
2059,9,1,4,91129.23427,47332.02284,31714.59373,48034.91583,6283.791407,0,0,0
2059,9,1,5,87552.74936,46577.65083,31304.06892,47695.72625,6439.454176,0,0,0
2059,9,1,6,87154.64489,47219.17755,32412.58395,48902.37828,6554.424001,0,0,0
2059,9,1,7,88505.84676,49262.3229,34869.52261,49750.71994,6715.234673,0,0,0
2059,9,1,8,90530.03475,48164.51224,32722.52037,47279.39984,7415.839705,0,0,0
2059,9,1,9,94353.29214,48755.94905,33317.47083,48951.40592,7845.893855,0,0,0
2059,9,1,10,100992.9425,51891.18516,35346.23474,51893.9634,8069.459911,0,0,0
2059,9,1,11,106255.5698,52048.89075,35715.49461,53212.97044,8054.506479,0,0,0
2059,9,1,12,109188.5669,52345.42628,36300.96639,53749.08773,7929.322562,0,0,0
2059,9,1,13,108073.3514,51805.05994,36326.46076,53345.01823,8102.798709,0,0,0
2059,9,1,14,104513.3725,49258.40069,35173.16715,51255.05148,8121.429213,0,0,0
2059,9,1,15,108521.7909,52504.84784,36997.97606,53950.75477,8029.257243,0,0,0
2059,9,1,16,108287.7657,51880.56251,36420.51213,53512.69277,7797.601625,0,0,0
2059,9,1,17,108607.0173,51610.74704,35843.21162,52392.73796,7571.6659,0,0,0
2059,9,1,18,104466.7962,51194.58406,35292.1409,51742.05941,8424.583478,0,0,0
2059,9,1,19,101557.0056,52462.11208,38040.22206,55293.78536,8587.355256,0,0,0
2059,9,1,20,99182.84191,54680.12269,41838.39363,55553.46845,8575.915472,0,0,0
2059,9,1,21,99441.38102,54715.09574,42107.14683,56146.78465,8183.285757,0,0,0
2059,9,1,22,101406.1639,54635.18068,41091.37576,55367.32683,7663.919583,0,0,0
2059,9,1,23,100512.7168,53420.27566,38969.62276,53780.38371,7250.126268,0,0,0
2059,9,1,24,99229.09132,52114.75122,36952.62549,52723.26599,6983.906162,0,0,0
2059,9,2,1,97361.62837,51027.4815,35632.7196,50984.25546,6722.507107,0,0,0
2059,9,2,2,94223.61402,49893.06354,33582.22011,49841.82965,6495.100552,0,0,0
2059,9,2,3,92165.18839,48876.8839,32528.3709,48682.40758,6294.986052,0,0,0
2059,9,2,4,91052.75115,47292.47388,31687.30167,47994.9583,6278.234941,0,0,0
2059,9,2,5,87479.04447,46538.18358,31276.77687,47655.44187,6433.89771,0,0,0
2059,9,2,6,87080.69486,47179.30173,32385.04676,48862.17561,6548.785822,0,0,0
2059,9,2,7,88430.99789,49221.13968,34840.75973,49709.3733,6709.433069,0,0,0
2059,9,2,8,90454.12362,48123.73758,32694.65633,47239.60573,7409.629537,0,0,0
2059,9,2,9,94274.60277,48715.01097,33289.52508,48910.38613,7839.601974,0,0,0
2059,9,2,10,100909.187,51849.18481,35317.06329,51851.30935,8062.759466,0,0,0
2059,9,2,11,106167.8103,52007.13554,35686.81344,53169.25413,8047.806035,0,0,0
2059,9,2,12,109098.6829,52303.58936,36271.38638,53705.86169,7922.867255,0,0,0
2059,9,2,13,107984.2845,51763.1413,36296.88075,53300.89335,8096.58854,0,0,0
2059,9,2,14,104425.9399,49217.95288,35144.48598,51213.62312,8114.810481,0,0,0
2059,9,2,15,108431.4167,52463.01092,36968.23262,53906.7116,8022.556798,0,0,0
2059,9,2,16,108197.3914,51838.72558,36391.01383,53468.73132,7791.228032,0,0,0
2059,9,2,17,108516.4796,51568.33813,35814.61216,52350.24734,7565.374019,0,0,0
2059,9,2,18,104380.099,51153.89111,35263.37802,51699.81393,8417.47447,0,0,0
2059,9,2,19,101473.4951,52420.602,38008.27238,55247.94452,8580.001109,0,0,0
2059,9,2,20,99100.72061,54634.60869,41801.70461,55506.89219,8568.643038,0,0,0
2059,9,2,21,99358.03403,54671.13429,42070.62124,56099.39126,8176.5036,0,0,0
2059,9,2,22,101322.8169,54590.56552,41055.17702,55320.17858,7657.627702,0,0,0
2059,9,2,23,100429.3698,53376.55935,38936.44739,53734.86971,7243.834387,0,0,0
2059,9,2,24,99147.21516,52071.36175,36922.22835,52680.3668,6977.941132,0,0,0
2059,9,3,1,97281.14132,50985.23602,35603.54815,50942.8271,6720.954565,0,0,0
2059,9,3,2,94202.85898,49882.35917,33574.53911,49830.96185,6493.629723,0,0,0
2059,9,3,3,92144.67849,48866.26125,32521.09847,48671.70321,6293.596936,0,0,0
2059,9,3,4,91032.81324,47282.17807,31680.11095,47984.41736,6276.845824,0,0,0
2059,9,3,5,87459.43341,46527.80606,31269.58615,47644.65579,6432.426881,0,0,0
2059,9,3,6,87061.32895,47168.8425,32377.77432,48851.55295,6547.23328,0,0,0
2059,9,3,7,88411.22341,49210.02674,34833.16044,49698.34208,6707.880527,0,0,0
2059,9,3,8,90433.94057,48113.03321,32687.22047,47228.90137,7408.076994,0,0,0
2059,9,3,9,94253.76602,48704.3066,33282.17093,48899.51833,7837.967719,0,0,0
2059,9,3,10,100886.8794,51838.39873,35309.38229,51840.35984,8061.043499,0,0,0
2059,9,3,11,106144.7673,51996.26775,35679.21415,53158.14119,8046.008354,0,0,0
2059,9,3,12,109074.5776,52292.47643,36263.54195,53694.34019,7921.151288,0,0,0
2059,9,3,13,107960.6696,51751.94665,36289.36318,53289.29014,8094.872573,0,0,0
2059,9,3,14,104402.8152,49207.33022,35136.72327,51202.67362,8113.012801,0,0,0
2059,9,3,15,108408.1285,52452.22483,36960.30649,53895.51696,8020.922543,0,0,0
2059,9,3,16,108173.613,51827.44923,36383.33283,53457.37325,7789.593777,0,0,0
2059,9,3,17,108492.2109,51557.14348,35806.68603,52339.21612,7563.739764,0,0,0
2059,9,3,18,104357.1377,51142.9416,35255.77873,51689.19127,8415.595077,0,0,0
2059,9,3,19,101451.351,52409.16222,38000.18281,55235.85103,8578.121716,0,0,0
2059,9,3,20,99078.33132,54623.00548,41792.06251,55494.55356,8566.763645,0,0,0
2059,9,3,21,99336.38015,54658.95909,42061.06085,56087.13435,8174.869345,0,0,0
2059,9,3,22,101300.2641,54579.20745,41046.02519,55307.75824,7655.911734,0,0,0
2059,9,3,23,100407.6342,53365.03785,38927.5407,53723.02136,7242.200133,0,0,0
2059,9,3,24,99125.88813,52059.92197,36914.05708,52669.17216,6976.306877,0,0,0
2059,9,4,1,97259.73258,50974.2048,35595.94887,50931.79588,6758.542425,0,0,0
2059,9,4,2,94713.64532,50150.86723,33758.5562,50099.30649,6530.400456,0,0,0
2059,9,4,3,92646.88499,49130.35682,32702.58246,48937.26962,6329.550541,0,0,0
2059,9,4,4,91533.05863,47541.4526,31859.22528,48249.00321,6312.79943,0,0,0
2059,9,4,5,87943.09112,46786.18174,31447.80163,47908.91479,6468.870763,0,0,0
2059,9,4,6,87544.74151,47430.32327,32558.60462,49116.1388,6584.49429,0,0,0
2059,9,4,7,88900.51929,49478.45309,35021.4266,49968.48439,6745.5501,0,0,0
2059,9,4,8,90931.81629,48379.82531,32869.19474,47491.19926,7448.606513,0,0,0
2059,9,4,9,94770.51739,48970.60842,33464.96233,49167.86297,7879.069227,0,0,0
2059,9,4,10,101436.8061,52111.89127,35498.79242,52118.34658,8103.370698,0,0,0
2059,9,4,11,106719.0445,52267.3089,35869.03285,53441.35755,8088.498979,0,0,0
2059,9,4,12,109664.8705,52567.03123,36456.30231,53979.02738,7963.641913,0,0,0
2059,9,4,13,108545.8962,52024.86721,36482.20525,53573.56876,8137.363198,0,0,0
2059,9,4,14,104974.4775,49473.71375,35325.72484,51477.63699,8155.91199,0,0,0
2059,9,4,15,108997.0322,52722.20373,37157.15248,54183.63608,8063.658306,0,0,0
2059,9,4,16,108760.8824,52101.59547,36576.42004,53743.04099,7830.776998,0,0,0
2059,9,4,17,109081.7684,51831.53486,35997.48527,52616.87601,7605.004697,0,0,0
2059,9,4,18,104919.0762,51410.30569,35445.67914,51964.23635,8462.253051,0,0,0
2059,9,4,19,101997.6007,52686.16841,38206.67091,55539.0053,8625.269967,0,0,0
2059,9,4,20,99621.06734,54918.1519,42030.50028,55802.36546,8613.911896,0,0,0
2059,9,4,21,99879.36131,54951.57241,42301.13288,56398.45989,8218.422236,0,0,0
2059,9,4,22,101851.1714,54872.80133,41280.2139,55613.20046,7697.585232,0,0,0
2059,9,4,23,100952.9033,53651.35929,39143.83432,54016.45181,7282.729652,0,0,0
2059,9,4,24,99661.51514,52341.09551,37113.19102,52949.36514,7015.77413,0,0,0
2059,9,5,1,97787.92373,51248.51446,35786.25784,51204.22616,6741.464463,0,0,0
2059,9,5,2,94481.41771,50028.46155,33675.45435,49976.81909,6513.567631,0,0,0
2059,9,5,3,92418.25274,49010.8928,32620.0526,48816.66161,6313.126281,0,0,0
2059,9,5,4,91305.24351,47423.78625,31777.9211,48128.31349,6296.456882,0,0,0
2059,9,5,5,87723.12043,46669.00567,31366.90602,47788.87877,6452.283076,0,0,0
2059,9,5,6,87325.34281,47311.26781,32475.99304,48995.28566,6567.579752,0,0,0
2059,9,5,7,88678.0155,49356.78282,34936.28192,49845.67015,6728.472137,0,0,0
2059,9,5,8,90705.472,48258.72703,32786.50145,47372.22551,7430.139434,0,0,0
2059,9,5,9,94535.42983,48850.00041,33382.0239,49045.86585,7860.35701,0,0,0
2059,9,5,10,101186.2749,51988.75017,35412.50377,51992.7541,8084.168204,0,0,0
2059,9,5,11,106457.2369,52143.35068,35782.82591,53312.7417,8069.459911,0,0,0
2059,9,5,12,109395.5453,52441.7656,36368.70625,53849.43097,7944.521132,0,0,0
2059,9,5,13,108278.9407,51900.17356,36394.20063,53444.62606,8117.997278,0,0,0
2059,9,5,14,104714.5493,49351.88006,35239.5179,51352.04451,8136.382645,0,0,0
2059,9,5,15,108728.6059,52599.5529,37067.18675,54052.81398,8044.210674,0,0,0
2059,9,5,16,108494.0903,51977.14697,36488.57884,53612.70917,7812.228206,0,0,0
2059,9,5,17,108814.1591,51707.65835,35910.78806,52489.56756,7586.129055,0,0,0
2059,9,5,18,104664.2142,51289.1257,35359.4722,51838.15359,8440.926026,0,0,0
2059,9,5,19,101750.0928,52560.00394,38112.37441,55400.58391,8603.861229,0,0,0
2059,9,5,20,99373.47773,54783.81615,41922.06748,55661.49269,8592.584871,0,0,0
2059,9,5,21,99631.60828,54817.80865,42191.55609,56256.60658,8198.402614,0,0,0
2059,9,5,22,101599.823,54738.79243,41173.98734,55474.61566,7678.546163,0,0,0
2059,9,5,23,100704.7417,53521.59946,39045.77903,53882.9332,7264.18086,0,0,0
2059,9,5,24,99417.84775,52213.3785,37022.81673,52821.64813,6997.797328,0,0,0
2059,9,6,1,97547.8517,51123.73911,35699.64234,51079.85937,6702.650911,0,0,0
2059,9,6,2,90656.77121,47898.61898,32983.26573,49499.20813,6535.548358,0,0,0
2059,9,6,3,88403.62412,47498.38998,32002.386,48497.49165,6352.675247,0,0,0
2059,9,6,4,85168.45333,46392.81661,31090.30839,47426.48277,6283.055992,0,0,0
2059,9,6,5,83605.04348,45824.34108,30742.29384,46636.32058,6433.570859,0,0,0
2059,9,6,6,82723.2813,45977.71589,31661.72558,47838.56012,6528.194212,0,0,0
2059,9,6,7,84845.52458,48389.05885,33850.72817,48508.0326,6601.899103,0,0,0
2059,9,6,8,84045.88371,46336.67996,31798.51271,46785.69146,7248.246875,0,0,0
2059,9,6,9,86163.46936,46286.2632,31849.91002,46060.24576,7715.562034,0,0,0
2059,9,6,10,90748.20777,48872.63484,33639.41903,49622.67608,8018.798012,0,0,0
2059,9,6,11,95184.63755,49403.11395,34332.34306,50473.79598,8054.915043,0,0,0
2059,9,6,12,96742.2458,49396.16836,34785.52192,51730.4562,7906.688133,0,0,0
2059,9,6,13,97389.49241,48367.97696,34748.66947,50975.67563,7996.000158,0,0,0
2059,9,6,14,93368.73533,46900.743,33664.34141,49113.76914,7989.708277,0,0,0
2059,9,6,15,93892.35057,48740.75048,34428.11039,50734.94989,7904.236751,0,0,0
2059,9,6,16,94508.95491,48032.05589,33624.05703,49452.71358,7688.678543,0,0,0
2059,9,6,17,92652.11461,47229.1465,32984.24628,47755.53997,7538.980804,0,0,0
2059,9,6,18,90533.87525,46800.15462,32744.09254,47792.8827,8381.112301,0,0,0
2059,9,6,19,89097.20186,48354.49436,36153.96517,52576.26477,8384.871087,0,0,0
2059,9,6,20,93581.27017,51410.79597,39063.83755,52755.21567,8282.730162,0,0,0
2059,9,6,21,93444.07448,51270.08663,38816.16623,53098.57261,8136.709496,0,0,0
2059,9,6,22,91742.40667,51204.22616,38156.09072,52412.67587,7705.838218,0,0,0
2059,9,6,23,91934.10476,49434.65506,36590.06606,50297.13303,7289.348383,0,0,0
2059,9,6,24,90339.07208,47962.43663,34727.17902,49645.8825,7095.280626,0,0,0
2059,9,7,1,90425.68758,47719.25952,33903.18775,48921.58077,6943.376643,0,0,0
2059,9,7,2,89386.62838,47043.0866,33071.27035,48637.95585,6672.335485,0,0,0
2059,9,7,3,87052.34054,45816.00638,31941.18315,47332.02284,6438.473623,0,0,0
2059,9,7,4,85403.37745,44145.87969,31129.69394,46037.52962,6354.718065,0,0,0
2059,9,7,5,83287.42606,43383.3364,30585.07852,45809.30594,6439.781027,0,0,0
2059,9,7,6,81527.41535,44735.43711,31589.57324,46725.55089,6434.306274,0,0,0
2059,9,7,7,83382.53968,45335.45376,33205.44267,46672.19247,6666.288742,0,0,0
2059,9,7,8,81179.40079,43838.7215,30707.72935,43591.37704,7194.071329,0,0,0
2059,9,7,9,78774.59486,42869.03642,30193.51108,43558.93708,7739.503867,0,0,0
2059,9,7,10,81470.87014,42938.00197,30884.39229,44201.60778,7862.563253,0,0,0
2059,9,7,11,85532.97386,43133.21371,31136.06753,44005.41549,7927.279743,0,0,0
2059,9,7,12,87551.0334,43402.62061,31415.19825,44246.71321,7815.415003,0,0,0
2059,9,7,13,85644.75689,43672.35436,31392.64553,44584.51368,7919.026757,0,0,0
2059,9,7,14,87147.86274,42050.92847,31075.92695,44348.52729,7985.704352,0,0,0
2059,9,7,15,86887.11738,42680.11656,31483.91866,45463.49762,7870.162538,0,0,0
2059,9,7,16,86792.08547,43212.7202,30975.91056,44117.36194,7733.783975,0,0,0
2059,9,7,17,86831.06244,41599.46558,30917.24081,43803.58502,7619.222714,0,0,0
2059,9,7,18,85650.47678,42445.35586,31409.23322,44782.34022,8511.525833,0,0,0
2059,9,7,19,86675.64481,45150.29269,35156.49776,50569.64502,8677.729546,0,0,0
2059,9,7,20,91361.54359,48848.85643,38998.87592,51930.24385,8548.378279,0,0,0
2059,9,7,21,90847.24361,48612.37976,38693.76055,51675.62696,8320.399735,0,0,0
2059,9,7,22,90736.76798,48296.15146,37809.46528,51352.37136,7895.820339,0,0,0
2059,9,7,23,91119.34703,47081.98186,36454.9949,49824.42483,7423.765841,0,0,0
2059,9,7,24,89756.95052,46369.61019,34257.16734,48619.81562,6788.694426,0,0,0
2059,9,8,1,84686.26645,42740.012,31682.3172,45696.46064,6951.874768,0,0,0
2059,9,8,2,97333.43747,51508.85125,34688.61061,51462.76527,6717.686055,0,0,0
2059,9,8,3,95194.68822,50460.31338,33616.7846,50279.72822,6511.688238,0,0,0
2059,9,8,4,94061.00567,48851.96152,32762.23276,49580.83916,6494.610276,0,0,0
2059,9,8,5,90395.69901,48083.28977,32346.39663,49235.68454,6654.440395,0,0,0
2059,9,8,6,89985.8279,48742.05788,33470.43708,50454.26663,6772.351878,0,0,0
2059,9,8,7,91364.07669,50830.5538,35971.3372,51342.72925,6938.473879,0,0,0
2059,9,8,8,93450.6115,49717.95313,33783.96886,48814.21023,7654.359192,0,0,0
2059,9,8,9,97383.0371,50302.6895,34389.95054,50518.166,8091.358925,0,0,0
2059,9,8,10,104208.6657,53492.50973,36456.46573,53519.22979,8321.053437,0,0,0
2059,9,8,11,109661.7654,53657.56946,36835.36771,54889.87929,8305.609729,0,0,0
2059,9,8,12,112723.1332,53976.49428,37445.76187,55456.06686,8176.993876,0,0,0
2059,9,8,13,111541.4853,53403.03428,37470.11227,55026.09443,8356.843617,0,0,0
2059,9,8,14,107856.9761,50814.78324,36283.23472,52859.3177,8376.454674,0,0,0
2059,9,8,15,112012.9678,54139.5112,38183.70963,55672.36049,8279.298227,0,0,0
2059,9,8,16,111765.9501,53480.41624,37568.65784,55206.84301,8041.595866,0,0,0
2059,9,8,17,112103.4238,53205.45287,36969.3766,54035.40917,7812.391631,0,0,0
2059,9,8,18,107801.4114,52786.10309,36400.57422,53353.02608,8699.873699,0,0,0
2059,9,8,19,104789.8884,54092.6898,39280.37631,57085.25547,8873.104707,0,0,0
2059,9,8,20,102363.592,56435.96604,43253.90342,57377.21509,8861.011222,0,0,0
2059,9,8,21,102630.5475,56477.63954,43537.03807,58002.31755,8443.459121,0,0,0
2059,9,8,22,104678.1871,56396.25365,42472.81134,57181.6765,7904.236751,0,0,0
2059,9,8,23,103731.2999,55126.51938,40256.92526,55512.69379,7486.030948,0,0,0
2059,9,8,24,102407.3901,53769.84276,38139.09447,54396.33434,7215.398354,0,0,0
2059,9,9,1,100493.5143,52642.94237,36754.30867,52587.78627,6945.909738,0,0,0
2059,9,9,2,97252.21501,51466.8509,34660.01115,51421.09177,6711.884451,0,0,0
2059,9,9,3,95115.672,50418.96673,33588.75713,50238.38157,6506.050059,0,0,0
2059,9,9,4,93983.13343,48811.84056,32734.53215,49540.22792,6489.053809,0,0,0
2059,9,9,5,90320.27815,48043.33224,32318.94115,49195.15502,6648.720503,0,0,0
2059,9,9,6,89911.06075,48701.93693,33442.57304,50413.24684,6766.631987,0,0,0
2059,9,9,7,91288.73754,50789.534,35941.8389,51300.56548,6932.508849,0,0,0
2059,9,9,8,93373.39296,49676.6882,33755.85968,48773.68071,7648.149024,0,0,0
2059,9,9,9,97302.79519,50261.99656,34361.4328,50477.06449,8084.821906,0,0,0
2059,9,9,10,104123.2759,53449.3654,36427.21257,53475.18662,8314.434705,0,0,0
2059,9,9,11,109570.9825,53614.58856,36805.46085,54844.20187,8298.745859,0,0,0
2059,9,9,12,112627.8561,53932.45112,37414.95617,55409.73574,8170.375144,0,0,0
2059,9,9,13,111448.6596,53360.54365,37439.38828,54980.49872,8350.061459,0,0,0
2059,9,9,14,107768.3178,50773.76345,36253.98156,52816.99051,8369.427379,0,0,0
2059,9,9,15,111919.2432,54094.81433,38151.59652,55625.94765,8272.597782,0,0,0
2059,9,9,16,111672.3073,53436.78164,37537.60699,55161.16559,8035.058847,0,0,0
2059,9,9,17,112009.1273,53163.61595,36939.2246,53991.77457,7805.936325,0,0,0
2059,9,9,18,107711.936,52743.61246,36370.91249,53310.12689,8692.437839,0,0,0
2059,9,9,19,104703.1912,54049.54547,39246.79237,57037.45352,8865.341997,0,0,0
2059,9,9,20,102279.0193,56387.83724,43216.15214,57328.59601,8853.248511,0,0,0
2059,9,9,21,102545.4029,56430.08272,43498.87822,57952.71792,8436.350113,0,0,0
2059,9,9,22,104591.0813,56347.63457,42436.04061,57133.13914,7897.863157,0,0,0
2059,9,9,23,103646.3186,55081.33224,40222.60591,55466.60781,7479.984206,0,0,0
2059,9,9,24,102323.0625,53725.88131,38107.30822,54352.12775,7209.269898,0,0,0
2059,9,10,1,100410.0038,52599.79804,36724.56523,52544.56023,6944.357196,0,0,0
2059,9,10,2,97231.29655,51456.06482,34652.49358,51410.06055,6710.413622,0,0,0
2059,9,10,3,95095.32553,50408.18065,33581.40298,50227.67721,6504.660943,0,0,0
2059,9,10,4,93962.29668,48801.05448,32727.42314,49529.60527,6487.58298,0,0,0
2059,9,10,5,90300.25853,48032.87301,32311.66872,49184.61408,6647.249674,0,0,0
2059,9,10,6,89891.28626,48691.55941,33435.38232,50402.54247,6765.079445,0,0,0
2059,9,10,7,91268.79963,50778.50278,35934.23961,51289.45255,6930.956306,0,0,0
2059,9,10,8,93353.29163,49666.06554,33748.42382,48763.13977,7646.351344,0,0,0
2059,9,10,9,97281.79502,50251.45561,34353.91522,50466.19669,8083.269364,0,0,0
2059,9,10,10,104101.05,53438.17075,36419.61329,53464.40054,8312.718737,0,0,0
2059,9,10,11,109547.531,53603.23049,36797.61642,54832.59866,8296.948179,0,0,0
2059,9,10,12,112603.424,53921.01133,37407.03004,55397.72397,8168.74089,0,0,0
2059,9,10,13,111424.7177,53349.43072,37431.38043,54969.05893,8348.182066,0,0,0
2059,9,10,14,107745.5199,50762.65051,36246.30057,52805.87757,8367.629698,0,0,0
2059,9,10,15,111895.0563,54083.12941,38143.50696,55614.18102,8270.800102,0,0,0
2059,9,10,16,111648.1204,53425.42357,37529.59915,55149.56238,8033.261167,0,0,0
2059,9,10,17,111984.6952,53152.58473,36931.5436,53980.66163,7804.220357,0,0,0
2059,9,10,18,107689.3833,52732.49953,36363.39492,53299.01396,8690.558446,0,0,0
2059,9,10,19,104680.8019,54038.10569,39238.37596,57025.52346,8863.380891,0,0,0
2059,9,10,20,102257.5289,56375.74375,43206.2649,57316.17567,8851.205693,0,0,0
2059,9,10,21,102523.5856,56417.58067,43489.07269,57939.88902,8434.552432,0,0,0
2059,9,10,22,104568.692,56335.21423,42426.64364,57120.55537,7896.14719,0,0,0
2059,9,10,23,103624.5013,55069.40218,40213.78094,55454.3509,7478.431663,0,0,0
2059,9,10,24,102300.8366,53714.44153,38099.46379,54340.60625,7207.635644,0,0,0
2059,9,11,1,100388.5134,52589.01196,36716.80252,52533.61072,6983.661024,0,0,0
2059,9,11,2,97764.39046,51735.76753,34840.26945,51686.90331,6748.001482,0,0,0
2059,9,11,3,95616.08082,50680.61092,33765.01151,50499.86234,6541.513388,0,0,0
2059,9,11,4,94476.67837,49066.37575,32909.07056,49798.27676,6524.353713,0,0,0
2059,9,11,5,90797.8074,48294.35378,32492.09045,49451.97817,6684.755821,0,0,0
2059,9,11,6,90384.58608,48954.02073,33618.66399,50673.17506,6803.321007,0,0,0
2059,9,11,7,91768.30961,51051.25991,36126.67312,51567.27586,6970.014996,0,0,0
2059,9,11,8,93860.89117,49934.81875,33933.33975,49029.03302,7687.943128,0,0,0
2059,9,11,9,97813.00954,50521.67964,34540.46541,50737.64641,8125.841701,0,0,0
2059,9,11,10,104667.3193,53723.59335,36613.19077,53749.82314,8357.333893,0,0,0
2059,9,11,11,110147.4659,53892.65701,36996.91379,55132.64784,8341.399909,0,0,0
2059,9,11,12,113235.8806,54216.89316,37609.18735,55704.31017,8212.212067,0,0,0
2059,9,11,13,112040.4232,53632.97393,37635.66228,55268.53613,8394.022913,0,0,0
2059,9,11,14,108330.6649,51031.73057,36439.38777,53087.86824,8414.124247,0,0,0
2059,9,11,15,112516.8902,54379.17467,38353.5087,55924.03573,8315.333545,0,0,0
2059,9,11,16,112267.1761,53711.33644,37736.16895,55452.06294,8076.078643,0,0,0
2059,9,11,17,112610.3696,53431.47031,37128.55302,54268.69904,7845.567004,0,0,0
2059,9,11,18,108273.7111,53011.79368,36557.87124,53581.57661,8740.158079,0,0,0
2059,9,11,19,105247.1529,54328.75791,39459.57235,57341.3432,8914.614779,0,0,0
2059,9,11,20,102817.5063,56691.80863,43456.71444,57640.41183,8902.194443,0,0,0
2059,9,11,21,103086.5046,56733.48213,43741.40163,58266.49484,8481.210407,0,0,0
2059,9,11,22,105144.3583,56655.93674,42670.31103,57440.7876,7938.637814,0,0,0
2059,9,11,23,104192.4866,55370.75876,40440.12523,55761.42737,7519.042895,0,0,0
2059,9,11,24,102862.2032,54008.19883,38308.15813,54635.75267,7248.410301,0,0,0
2059,9,12,1,100937.3779,52873.04544,36912.74967,52814.94769,6965.765934,0,0,0
2059,9,12,2,97521.94876,51607.56024,34754.96135,51560.33028,6730.923519,0,0,0
2059,9,12,3,95378.54188,50556.57098,33681.50109,50376.23097,6524.680564,0,0,0
2059,9,12,4,94242.65309,48944.95062,32826.29555,49675.78936,6507.602601,0,0,0
2059,9,12,5,90571.3814,48175.21661,32410.05086,49330.14447,6667.677859,0,0,0
2059,9,12,6,90159.38576,48834.22985,33535.23528,50549.54369,6785.916193,0,0,0
2059,9,12,7,91540.49449,50926.89312,36039.40391,51439.96741,6952.038193,0,0,0
2059,9,12,8,93629.88925,49812.82162,33849.42077,48908.01646,7668.90406,0,0,0
2059,9,12,9,97570.40442,50397.6397,34456.13786,50613.68819,8106.312356,0,0,0
2059,9,12,10,104407.0642,53594.40551,36524.20559,53619.73646,8336.905708,0,0,0
2059,9,12,11,109874.3002,53759.30182,36905.96752,54995.779,8321.053437,0,0,0
2059,9,12,12,112946.1272,54081.00488,37516.60682,55563.92768,8192.437584,0,0,0
2059,9,12,13,111758.3509,53501.66155,37541.93777,55132.56613,8372.859314,0,0,0
2059,9,12,14,108063.3008,50909.65173,36351.46486,52959.17067,8392.878935,0,0,0
2059,9,12,15,112232.5299,54243.53152,38258.47679,55782.01898,8295.313924,0,0,0
2059,9,12,16,111982.6523,53581.08634,37641.79074,55314.13184,8056.712723,0,0,0
2059,9,12,17,112324.0482,53302.69103,37038.09702,54136.65125,7826.773073,0,0,0
2059,9,12,18,108007.491,52884.40352,36468.64093,53452.22534,8717.441938,0,0,0
2059,9,12,19,104989.9212,54193.93188,39358.73883,57196.3848,8891.163223,0,0,0
2059,9,12,20,102561.0917,56547.66736,43342.23489,57491.93978,8878.742886,0,0,0
2059,9,12,21,102827.6387,56588.60544,43625.85981,58117.36909,8460.046807,0,0,0
2059,9,12,22,104880.753,56508.93552,42559.01828,57294.27666,7919.108469,0,0,0
2059,9,12,23,103931.8229,55232.66423,40337.24889,55620.63632,7500.494103,0,0,0
2059,9,12,24,102605.38,53873.78137,38212.47251,54500.84494,7229.861509,0,0,0
2059,9,13,1,100687.2552,52742.05992,36823.92792,52686.65869,6925.481553,0,0,0
2059,9,13,2,93580.94332,49432.69396,34050.67925,51073.48578,6753.149385,0,0,0
2059,9,13,3,91270.18875,49026.17308,33055.49979,50055.50846,6565.373508,0,0,0
2059,9,13,4,87975.12252,47903.60346,32127.97848,48965.70565,6493.956574,0,0,0
2059,9,13,5,86379.51784,47329.98002,31773.26347,48163.04141,6648.393652,0,0,0
2059,9,13,6,85477.32748,47492.26153,32707.24009,49375.57675,6745.795238,0,0,0
2059,9,13,7,87634.21696,49953.20411,34934.64767,50059.51239,6821.461235,0,0,0
2059,9,13,8,86834.33095,47870.83665,32845.90661,48311.84031,7484.396693,0,0,0
2059,9,13,9,89008.62525,47805.79331,32900.89928,47583.20781,7957.431744,0,0,0
2059,9,13,10,93689.45784,50434.819,34717.70034,51188.21046,8268.838996,0,0,0
2059,9,13,11,98235.13756,50984.90917,35424.67897,52056.81689,8306.018293,0,0,0
2059,9,13,12,99844.38825,50967.42264,35890.35987,53348.28674,8153.869171,0,0,0
2059,9,13,13,100507.814,49921.49957,35851.87317,52572.75113,8244.897163,0,0,0
2059,9,13,14,96415.8034,48430.24207,34744.66555,50678.40468,8238.441857,0,0,0
2059,9,13,15,96929.61311,50303.42491,35522.81597,52324.75296,8151.581214,0,0,0
2059,9,13,16,97559.70005,49578.38777,34705.19829,51018.90167,7929.404275,0,0,0
2059,9,13,17,95668.37697,48763.79347,34053.94776,49303.34269,7779.54311,0,0,0
2059,9,13,18,93498.65859,48331.12451,33809.8718,49338.07061,8655.013405,0,0,0
2059,9,13,19,92033.54917,49919.86531,37308.81132,54277.4423,8658.608765,0,0,0
2059,9,13,20,96605.29525,53021.84434,40360.4553,54488.83316,8550.911374,0,0,0
2059,9,13,21,96460.25513,52876.39567,40100.69051,54844.77386,8393.124073,0,0,0
2059,9,13,22,94715.60643,52808.16553,39412.58752,54122.43324,7947.299365,0,0,0
2059,9,13,23,94909.7559,51010.24011,37764.27813,51913.65617,7525.661627,0,0,0
2059,9,13,24,93268.88237,49512.44559,35823.51885,51228.33142,7329.632764,0,0,0
2059,9,14,1,93357.86754,49262.9766,34985.5547,50487.03344,6942.314377,0,0,0
2059,9,14,2,89372.73722,47035.89587,33066.12244,48630.43828,6671.273219,0,0,0
2059,9,14,3,87038.85794,45808.89737,31936.11697,47324.6687,6437.411358,0,0,0
2059,9,14,4,85389.89485,44138.8524,31124.70946,46030.25718,6353.737512,0,0,0
2059,9,14,5,83274.18859,43376.55425,30580.25747,45802.0335,6438.718762,0,0,0
2059,9,14,6,81514.42303,44728.40981,31584.67047,46718.27845,6433.325721,0,0,0
2059,9,14,7,83369.38393,45328.34475,33200.37648,46665.08346,6665.226477,0,0,0
2059,9,14,8,81166.57189,43831.77592,30702.99001,43584.51317,7192.92735,0,0,0
2059,9,14,9,78761.84767,42862.17255,30188.69002,43551.9915,7738.278176,0,0,0
2059,9,14,10,81457.95952,42931.30153,30879.57124,44194.58048,7861.419275,0,0,0
2059,9,14,11,85519.49126,43126.34984,31131.08305,43998.3882,7926.054052,0,0,0
2059,9,14,12,87537.55079,43395.75674,31410.21377,44239.44078,7814.271024,0,0,0
2059,9,14,13,85631.27429,43665.32707,31387.57934,44577.32296,7917.964491,0,0,0
2059,9,14,14,87134.21671,42044.30973,31071.02419,44341.49999,7984.642087,0,0,0
2059,9,14,15,86873.30793,42673.33441,31478.93419,45456.22519,7868.936847,0,0,0
2059,9,14,16,86778.68458,43205.77462,30971.08951,44110.41636,7732.72171,0,0,0
2059,9,14,17,86817.41642,41592.76513,30912.25633,43796.55773,7618.160449,0,0,0
2059,9,14,18,85636.99418,42438.5737,31404.33045,44775.06779,8510.136717,0,0,0
2059,9,14,19,86661.99879,45143.18368,35151.51328,50562.53601,8676.34043,0,0,0
2059,9,14,20,91347.40729,48841.33886,38992.9926,51922.31772,8547.070875,0,0,0
2059,9,14,21,90833.59758,48605.02562,38687.79552,51667.94596,8319.255756,0,0,0
2059,9,14,22,90722.95853,48288.96074,37803.90881,51344.85378,7894.839786,0,0,0
2059,9,14,23,91105.61929,47074.546,36449.35672,49816.90726,7422.621862,0,0,0
2059,9,14,24,89743.30449,46362.41947,34251.85601,48612.78833,6787.632161,0,0,0
2059,9,15,1,84672.94727,42733.14813,31677.49614,45689.1065,6950.812502,0,0,0
2059,9,15,2,97318.8926,51501.33368,34683.21757,51455.16598,6716.62379,0,0,0
2059,9,15,3,95180.38849,50452.71409,33611.71841,50272.12894,6510.625973,0,0,0
2059,9,15,4,94046.86936,48844.60737,32757.08486,49573.64844,6493.629723,0,0,0
2059,9,15,5,90382.05298,48076.18076,32341.41215,49228.41211,6653.378129,0,0,0
2059,9,15,6,89972.3453,48734.70374,33465.37089,50446.9942,6771.371326,0,0,0
2059,9,15,7,91350.26723,50823.11794,35965.94416,51335.04826,6937.411613,0,0,0
2059,9,15,8,93436.4752,49710.51727,33778.82096,48806.85608,7653.215214,0,0,0
2059,9,15,9,97368.32881,50295.49878,34384.63921,50510.64842,8090.133234,0,0,0
2059,9,15,10,104193.1403,53484.82873,36451.15441,53511.46708,8319.827746,0,0,0
2059,9,15,11,109645.668,53649.88846,36830.05638,54881.70802,8304.384038,0,0,0
2059,9,15,12,112706.2186,53968.2413,37440.36883,55447.81388,8175.849898,0,0,0
2059,9,15,13,111524.9793,53395.59842,37464.5558,55017.75973,8355.781351,0,0,0
2059,9,15,14,107840.8787,50807.34738,36277.9234,52851.71842,8375.228983,0,0,0
2059,9,15,15,111996.3801,54131.58506,38177.82631,55664.1075,8278.072536,0,0,0
2059,9,15,16,111749.1173,53472.65353,37563.01966,55198.50831,8040.451888,0,0,0
2059,9,15,17,112086.8361,53198.01701,36963.73842,54027.56475,7811.247653,0,0,0
2059,9,15,18,107785.1506,52778.5038,36395.01775,53345.26337,8698.566295,0,0,0
2059,9,15,19,104774.5264,54084.84538,39274.41128,57076.92077,8871.715591,0,0,0
2059,9,15,20,102348.1483,56427.22278,43247.03955,57368.39011,8859.622105,0,0,0
2059,9,15,21,102615.1038,56469.14141,43530.1742,57993.32915,8442.151717,0,0,0
2059,9,15,22,104662.0897,56387.5921,42466.35604,57173.01495,7903.092772,0,0,0
2059,9,15,23,103716.183,55118.42982,40250.7151,55504.60423,7485.050395,0,0,0
2059,9,15,24,102392.5183,53761.83492,38133.45629,54388.16307,7214.336088,0,0,0
2059,9,16,1,100478.7243,52635.09795,36748.91563,52580.10527,6944.847472,0,0,0
2059,9,16,2,97237.83357,51459.16991,34654.78153,51413.41077,6710.822185,0,0,0
2059,9,16,3,95101.5357,50411.44916,33583.69094,50230.864,6505.069506,0,0,0
2059,9,16,4,93968.8337,48804.32299,32729.71109,49532.87378,6487.991544,0,0,0
2059,9,16,5,90306.38698,48036.30495,32313.87496,49187.9643,6647.73995,0,0,0
2059,9,16,6,89897.33301,48694.66449,33437.58856,50405.72927,6765.569721,0,0,0
2059,9,16,7,91274.92809,50781.85301,35936.691,51292.80277,6931.446583,0,0,0
2059,9,16,8,93359.50179,49669.25234,33750.63007,48766.32657,7646.923333,0,0,0
2059,9,16,9,97288.25033,50254.5607,34356.20318,50469.4652,8083.75964,0,0,0
2059,9,16,10,104108.159,53441.52098,36422.06467,53467.58734,8313.209014,0,0,0
2059,9,16,11,109554.8851,53606.74414,36799.90438,54836.11231,8297.520168,0,0,0
2059,9,16,12,112610.6965,53924.52498,37409.56313,55401.31933,8169.149453,0,0,0
2059,9,16,13,111431.8268,53353.02608,37433.83181,54972.49087,8348.754056,0,0,0
2059,9,16,14,107752.3838,50766.08245,36248.67024,52809.30951,8368.201688,0,0,0
2059,9,16,15,111902.4921,54086.72477,38145.95834,55617.77638,8271.372091,0,0,0
2059,9,16,16,111655.3928,53428.8555,37531.8871,55152.99431,8033.833156,0,0,0
2059,9,16,17,111992.2127,53156.01666,36933.99499,53984.09357,7804.792346,0,0,0
2059,9,16,18,107696.4923,52735.76804,36365.60117,53302.28247,8691.130436,0,0,0
2059,9,16,19,104687.6658,54041.70105,39240.90906,57029.28224,8864.034593,0,0,0
2059,9,16,20,102263.9842,56379.42082,43209.28827,57319.85275,8851.859395,0,0,0
2059,9,16,21,102530.2043,56421.42117,43492.01435,57943.89294,8435.042709,0,0,0
2059,9,16,22,104575.7193,56338.97302,42429.5853,57124.39587,7896.719179,0,0,0
2059,9,16,23,103631.12,55073.16097,40216.39574,55458.10968,7478.92194,0,0,0
2059,9,16,24,102307.5371,53717.87346,38101.83346,54344.1199,7208.12592,0,0,0
2059,9,17,1,100394.9687,52592.4439,36719.17219,52537.04266,6943.29493,0,0,0
2059,9,17,2,97216.34312,51448.46554,34647.34567,51402.46127,6709.351356,0,0,0
2059,9,17,3,95080.94409,50400.66308,33576.25508,50219.99621,6503.598677,0,0,0
2059,9,17,4,93948.40551,48793.70033,32722.43866,49522.16941,6486.520714,0,0,0
2059,9,17,5,90286.77593,48025.92743,32306.60253,49177.09651,6646.187408,0,0,0
2059,9,17,6,89877.88538,48684.28697,33430.31613,50395.35175,6764.017179,0,0,0
2059,9,17,7,91255.07189,50771.23035,35929.01,51281.85326,6929.812328,0,0,0
2059,9,17,8,93339.48217,49658.7114,33743.27592,48755.70391,7645.207365,0,0,0
2059,9,17,9,97267.25015,50244.26489,34348.68561,50458.84255,8082.207098,0,0,0
2059,9,17,10,104085.5246,53430.73489,36414.38367,53456.47441,8311.493046,0,0,0
2059,9,17,11,109531.4336,53595.54949,36792.22338,54824.26396,8295.8042,0,0,0
2059,9,17,12,112586.4278,53912.59492,37401.47357,55389.55269,8167.515199,0,0,0
2059,9,17,13,111408.3752,53341.5863,37425.98739,54960.88766,8346.956375,0,0,0
2059,9,17,14,107729.5859,50755.29637,36240.82581,52798.19658,8366.322295,0,0,0
2059,9,17,15,111878.3052,54074.79471,38137.70536,55605.68289,8269.656123,0,0,0
2059,9,17,16,111631.5327,53417.57914,37524.12439,55141.30939,8032.117189,0,0,0
2059,9,17,17,111967.6172,53145.06716,36926.31399,53972.89892,7803.158092,0,0,0
2059,9,17,18,107673.6944,52724.90025,36358.16531,53291.25125,8689.251043,0,0,0
2059,9,17,19,104665.2765,54030.34298,39232.49264,57017.27047,8862.073487,0,0,0
2059,9,17,20,102242.2486,56367.16391,43199.48274,57307.26899,8849.898289,0,0,0
2059,9,17,21,102508.3053,56408.83741,43482.29053,57930.98233,8433.326741,0,0,0
2059,9,17,22,104553.33,56326.96125,42420.10663,57111.7304,7895.166637,0,0,0
2059,9,17,23,103609.3027,55061.39433,40207.48906,55445.77106,7477.287685,0,0,0
2059,9,17,24,102285.4746,53706.51539,38093.7439,54332.51669,7206.573378,0,0,0
2059,9,18,1,100373.1514,52581.33096,36711.32777,52526.09315,6982.598758,0,0,0
2059,9,18,2,97750.41758,51727.92311,34835.12155,51679.46745,6746.939216,0,0,0
2059,9,18,3,95601.69938,50673.17506,33759.86361,50492.58991,6540.451123,0,0,0
2059,9,18,4,94462.54207,49059.10331,32903.92266,49791.00432,6523.291447,0,0,0
2059,9,18,5,90784.07966,48287.24477,32487.18768,49444.70573,6683.775268,0,0,0
2059,9,18,6,90371.10347,48946.7483,33613.51609,50665.98434,6802.258741,0,0,0
2059,9,18,7,91754.66358,51043.98748,36121.36179,51559.51315,6968.952731,0,0,0
2059,9,18,8,93847.0,49927.62802,33928.27356,49021.67888,7686.79915,0,0,0
2059,9,18,9,97798.54639,50514.24378,34535.31751,50730.04713,8124.61601,0,0,0
2059,9,18,10,104651.7122,53715.74893,36607.87944,53741.65187,8356.271628,0,0,0
2059,9,18,11,110131.3685,53884.56745,36991.43904,55124.47657,8340.174218,0,0,0
2059,9,18,12,113218.8844,54208.88532,37603.63089,55696.13889,8210.986376,0,0,0
2059,9,18,13,112023.8356,53625.04779,37629.94239,55260.28314,8392.71551,0,0,0
2059,9,18,14,108314.404,51024.21299,36434.23987,53080.02381,8412.816844,0,0,0
2059,9,18,15,112500.0574,54371.00339,38347.87052,55915.78274,8314.189567,0,0,0
2059,9,18,16,112250.425,53703.24688,37730.44906,55443.80995,8074.934664,0,0,0
2059,9,18,17,112593.4551,53423.46246,37123.24169,54260.60948,7844.423025,0,0,0
2059,9,18,18,108257.7771,53004.43953,36552.39649,53573.97733,8738.850676,0,0,0
2059,9,18,19,105231.3823,54320.66834,39453.68903,57332.84507,8913.225662,0,0,0
2059,9,18,20,102802.0626,56682.82023,43449.85057,57631.42342,8900.805326,0,0,0
2059,9,18,21,103070.8158,56724.984,43734.45605,58257.42472,8479.903003,0,0,0
2059,9,18,22,105128.5877,56647.27519,42663.61059,57431.96263,7937.493836,0,0,0
2059,9,18,23,104176.3074,55362.58749,40433.99677,55753.09267,7517.898917,0,0,0
2059,9,18,24,102846.6777,54000.10927,38302.43824,54627.66311,7247.266322,0,0,0
2059,9,19,1,100922.3427,52865.0376,36907.35663,52807.02155,6964.703668,0,0,0
2059,9,19,2,97507.15876,51599.87925,34749.65002,51552.89442,6729.861254,0,0,0
2059,9,19,3,95364.16044,50549.21684,33676.51661,50368.79511,6523.700011,0,0,0
2059,9,19,4,94228.5985,48937.67818,32821.22936,49668.43521,6506.540336,0,0,0
2059,9,19,5,90557.49023,48168.02588,32405.06638,49322.6269,6666.615593,0,0,0
2059,9,19,6,90145.82145,48826.71228,33530.00567,50542.02612,6784.772215,0,0,0
2059,9,19,7,91526.76675,50919.45726,36034.09258,51432.61327,6951.05764,0,0,0
2059,9,19,8,93615.83466,49805.30405,33844.27287,48900.82574,7667.760082,0,0,0
2059,9,19,9,97555.85955,50390.20384,34450.98996,50606.00719,8105.086665,0,0,0
2059,9,19,10,104391.7839,53585.9891,36519.05769,53611.81033,8335.76173,0,0,0
2059,9,19,11,109858.0394,53751.37569,36900.49276,54987.68944,8319.827746,0,0,0
2059,9,19,12,112928.4773,54073.07874,37511.21378,55555.67469,8191.211893,0,0,0
2059,9,19,13,111741.4363,53494.22569,37536.54473,55124.23143,8371.633623,0,0,0
2059,9,19,14,108047.2034,50902.13416,36346.07182,52951.24454,8391.653244,0,0,0
2059,9,19,15,112215.6154,54235.68709,38252.83861,55773.52086,8294.00652,0,0,0
2059,9,19,16,111965.9829,53573.24191,37635.98913,55305.79714,8055.568745,0,0,0
2059,9,19,17,112307.6239,53294.84661,37033.03083,54129.21539,7825.629095,0,0,0
2059,9,19,18,107991.557,52876.64081,36463.08447,53444.54435,8716.134534,0,0,0
2059,9,19,19,104974.7226,54186.16917,39352.69208,57187.80496,8889.774106,0,0,0
2059,9,19,20,102545.8114,56539.08752,43335.45274,57483.1148,8877.35377,0,0,0
2059,9,19,21,102812.2767,56580.0256,43619.07766,58108.4624,8458.657691,0,0,0
2059,9,19,22,104864.5739,56500.35568,42552.39955,57285.45168,7918.127917,0,0,0
2059,9,19,23,103916.2975,55224.65638,40330.95701,55612.46505,7499.431838,0,0,0
2059,9,19,24,102589.9363,53865.93695,38206.75262,54492.59195,7228.71753,0,0,0
2059,9,20,1,100672.3017,52734.29721,36818.6166,52679.0594,6924.419287,0,0,0
2059,9,20,2,93566.88873,49425.58495,34045.36792,51065.80478,6752.168832,0,0,0
2059,9,20,3,91256.3793,49018.90064,33050.51531,50047.90918,6564.311243,0,0,0
2059,9,20,4,87961.72163,47896.1676,32122.91229,48958.26979,6492.894308,0,0,0
2059,9,20,5,86366.03524,47322.87102,31768.279,48155.76897,6647.331386,0,0,0
2059,9,20,6,85463.76317,47484.90738,32702.33733,49368.14089,6744.732972,0,0,0
2059,9,20,7,87620.73436,49945.84997,34929.49976,50052.15824,6820.398969,0,0,0
2059,9,20,8,86820.76664,47863.40079,32840.75871,48304.48616,7483.252715,0,0,0
2059,9,20,9,88994.97922,47798.52087,32895.83309,47575.93537,7956.206053,0,0,0
2059,9,20,10,93675.23982,50427.46485,34712.38901,51180.69289,8267.613305,0,0,0
2059,9,20,11,98220.51098,50977.55502,35419.53106,52049.13589,8304.874314,0,0,0
2059,9,20,12,99829.51654,50959.82335,35885.21197,53340.52403,8152.64348,0,0,0
2059,9,20,13,100493.1874,49914.14542,35846.64356,52564.98842,8243.753185,0,0,0
2059,9,20,14,96401.09511,48423.05135,34739.59936,50671.05053,8237.216166,0,0,0
2059,9,20,15,96915.31338,50296.23419,35517.66807,52317.23539,8150.518949,0,0,0
2059,9,20,16,97545.15518,49571.03363,34699.96868,51011.38409,7928.260296,0,0,0
2059,9,20,17,95654.07724,48756.43932,34048.96328,49295.98855,7778.317419,0,0,0
2059,9,20,18,93484.604,48323.77037,33804.64219,49330.79817,8653.706001,0,0,0
2059,9,20,19,92019.08601,49912.51117,37303.41828,54269.35274,8657.301361,0,0,0
2059,9,20,20,96591.07723,53014.24506,40354.08171,54480.66189,8549.60397,0,0,0
2059,9,20,21,96445.71027,52868.79638,40094.64376,54836.60258,8391.898382,0,0,0
2059,9,20,22,94701.79697,52800.64796,39406.37735,54114.18025,7946.073674,0,0,0
2059,9,20,23,94895.7013,51002.80426,37758.96681,51905.89346,7524.517649,0,0,0
2059,9,20,24,93255.07291,49504.92802,35818.28924,51220.97727,7328.488786,0,0,0
2059,9,21,1,93343.81295,49255.54074,34980.65194,50479.43416,7109.825494,0,0,0
2059,9,21,2,91488.77033,48147.43427,33848.60364,49773.10923,6832.32903,0,0,0
2059,9,21,3,89117.22148,46907.03488,32704.05329,48446.66633,6593.564404,0,0,0
2059,9,21,4,87445.54225,45214.43719,31878.50948,47133.46089,6508.338016,0,0,0
2059,9,21,5,85285.87453,44437.51246,31323.35313,46901.80527,6594.871808,0,0,0
2059,9,21,6,83498.24492,45812.65616,32345.90636,47828.91801,6589.397054,0,0,0
2059,9,21,7,85378.61849,46427.70795,33982.20397,47771.06539,6826.037149,0,0,0
2059,9,21,8,83139.36257,44902.21281,31450.1713,44637.70867,7365.177806,0,0,0
2059,9,21,9,80692.22944,43909.2396,30925.98408,44611.80573,7914.369131,0,0,0
2059,9,21,10,83437.85921,43978.85885,31629.1222,45269.92014,8040.942165,0,0,0
2059,9,21,11,87573.25926,44179.13678,31884.96479,45072.17531,8106.475782,0,0,0
2059,9,21,12,89639.93788,44454.83556,32167.93601,45320.25519,7991.751095,0,0,0
2059,9,21,13,87704.73506,44729.55379,32145.38329,45661.97787,8098.222795,0,0,0
2059,9,21,14,89229.33136,43075.4428,31822.37283,45424.35722,8165.47238,0,0,0
2059,9,21,15,88962.62098,43717.37808,32237.71869,46555.6701,8048.786588,0,0,0
2059,9,21,16,88864.6474,44260.60438,31720.96732,45189.59652,7908.240675,0,0,0
2059,9,21,17,88907.79173,42613.43897,31660.58161,44870.50827,7794.087977,0,0,0
2059,9,21,18,87697.62605,43476.73406,32160.90871,45863.39977,8712.866024,0,0,0
2059,9,21,19,88748.45189,46238.46125,35961.44996,51742.95825,8888.875266,0,0,0
2059,9,21,20,93506.17616,49990.38341,39926.39723,53163.45252,8751.434438,0,0,0
2059,9,21,21,92981.58037,49750.39309,39611.80318,52900.25579,8515.202907,0,0,0
2059,9,21,22,92866.44712,49431.30484,38699.97072,52563.02731,8075.09809,0,0,0
2059,9,21,23,93268.22866,48202.99894,37298.76066,50971.42656,7596.179722,0,0,0
2059,9,21,24,91870.8591,47473.4676,35047.00268,49741.81325,6951.956481,0,0,0
2059,9,22,1,86718.05373,43782.17629,32438.16004,46792.63705,7118.65047,0,0,0
2059,9,22,2,99612.16065,52688.61979,35485.22811,52638.36646,6878.905291,0,0,0
2059,9,22,3,97417.43817,51620.06229,34396.7327,51433.83896,6668.658412,0,0,0
2059,9,22,4,96262.91887,49968.89296,33532.21191,50726.45177,6651.171885,0,0,0
2059,9,22,5,92508.70875,49196.87099,33111.06445,50369.44881,6813.86195,0,0,0
2059,9,22,6,92080.37057,49866.18004,34249.07778,51603.96488,6935.53222,0,0,0
2059,9,22,7,93485.2577,51986.95249,36798.67869,52528.46282,7104.92273,0,0,0
2059,9,22,8,95619.8396,50851.22712,34567.59404,49938.57753,7828.570754,0,0,0
2059,9,22,9,99633.89624,51447.32156,35181.58357,51666.47513,8273.333197,0,0,0
2059,9,22,10,106636.1061,54730.13088,37289.69054,54749.00653,8515.856609,0,0,0
2059,9,22,11,112244.6234,54909.8172,37684.11794,56176.85494,8499.432348,0,0,0
2059,9,22,12,115453.9729,55246.31026,38319.02593,56775.72761,8362.89036,0,0,0
2059,9,22,13,114210.1416,54641.22742,38347.0534,56323.93787,8553.934745,0,0,0
2059,9,22,14,110365.8841,51958.59817,37107.22599,54057.3899,8574.608069,0,0,0
2059,9,22,15,114711.9396,55409.57232,39086.47198,57003.9513,8471.650016,0,0,0
2059,9,22,16,114448.9062,54723.51215,38451.40056,56514.98226,8222.181022,0,0,0
2059,9,22,17,114803.703,54423.05441,37819.76108,55274.66458,7988.564298,0,0,0
2059,9,22,18,110303.7007,53980.25307,37229.54997,54563.11004,8912.490248,0,0,0
2059,9,22,19,107206.2976,55347.06207,40225.711,58449.44966,9093.075403,0,0,0
2059,9,22,20,104750.176,57811.02803,44327.52711,58761.51062,9080.409928,0,0,0
2059,9,22,21,105040.0111,57850.98556,44618.34275,59403.20076,8642.511355,0,0,0
2059,9,22,22,107153.3477,57763.30779,43517.999,58553.87854,8083.432789,0,0,0
2059,9,22,23,106181.2929,56429.9193,41233.88278,56826.14437,7659.997371,0,0,0
2059,9,22,24,104822.0015,55038.84161,39035.3198,55658.38761,7386.668257,0,0,0
2059,9,23,1,102855.2576,53865.85523,37601.99663,53788.80012,7112.522014,0,0,0
2059,9,23,2,99529.22222,52646.29259,35456.71036,52595.71241,6873.021974,0,0,0
2059,9,23,3,97336.29742,51577.1631,34368.86866,51392.4106,6662.93852,0,0,0
2059,9,23,4,96182.67696,49928.772,33504.34787,50684.69656,6645.533706,0,0,0
2059,9,23,5,92432.22562,49156.5049,33083.28212,50328.26559,6807.89692,0,0,0
2059,9,23,6,92004.296,49825.97738,34220.72346,51562.61824,6929.56719,0,0,0
2059,9,23,7,93408.2843,51945.279,36768.44497,52485.07336,7098.875987,0,0,0
2059,9,23,8,95540.82338,50810.53418,34539.15801,49897.47602,7822.442298,0,0,0
2059,9,23,9,99552.75549,51405.97491,35152.90239,51624.71992,8266.87789,0,0,0
2059,9,23,10,106548.2649,54683.96319,37259.45683,54703.24739,8508.829313,0,0,0
2059,9,23,11,112149.3463,54863.97635,37653.55737,56129.54327,8492.159914,0,0,0
2059,9,23,12,115354.4468,55200.71455,38287.56652,56727.84395,8356.108202,0,0,0
2059,9,23,13,114112.0046,54596.2037,38314.94029,56276.05421,8546.825737,0,0,0
2059,9,23,14,110274.6926,51916.92468,37077.23742,54013.83701,8567.417347,0,0,0
2059,9,23,15,114613.1489,55363.3229,39053.37832,56955.74078,8464.541008,0,0,0
2059,9,23,16,114351.0144,54677.99816,38419.20574,56467.01688,8215.398864,0,0,0
2059,9,23,17,114705.1574,54377.94897,37787.97483,55228.82373,7982.272417,0,0,0
2059,9,23,18,110212.2641,53936.78189,37199.15283,54518.90345,8904.564112,0,0,0
2059,9,23,19,107118.0478,55301.95664,40191.30993,58399.27804,9085.067554,0,0,0
2059,9,23,20,104663.8057,57760.36613,44288.305,58711.01214,9072.40208,0,0,0
2059,9,23,21,104952.5785,57800.5688,44579.20235,59352.1303,8635.320634,0,0,0
2059,9,23,22,107063.1368,57713.54473,43480.166,58504.03377,8077.059196,0,0,0
2059,9,23,23,106091.6541,56381.79049,41198.58288,56778.99612,7653.787203,0,0,0
2059,9,23,24,104734.1603,54992.67392,39002.06272,55612.54676,7380.539801,0,0,0
2059,9,24,1,102768.9689,53821.07665,37571.51778,53745.41066,7110.969472,0,0,0
2059,9,24,2,99507.15978,52634.52596,35449.19279,52584.51776,6871.469432,0,0,0
2059,9,24,3,97314.72525,51565.88675,34361.35108,51381.13424,6661.46769,0,0,0
2059,9,24,4,96161.26822,49917.90421,33496.99372,50673.74705,6644.062877,0,0,0
2059,9,24,5,92411.71573,49145.80053,33075.92797,50317.31608,6806.344378,0,0,0
2059,9,24,6,91984.27638,49815.35472,34213.20589,51551.66873,6927.932935,0,0,0
2059,9,24,7,93388.01954,51934.00264,36760.2737,52473.96042,7097.241732,0,0,0
2059,9,24,8,95519.49636,50799.7481,34531.72215,49886.60823,7820.889756,0,0,0
2059,9,24,9,99531.10161,51394.86198,35145.05797,51613.85212,8264.916784,0,0,0
2059,9,24,10,106524.4864,54671.70627,37251.28555,54691.07219,8506.868207,0,0,0
2059,9,24,11,112124.3422,54852.04629,37645.22267,56116.9595,8490.280521,0,0,0
2059,9,24,12,115327.8902,55188.37593,38279.15011,56714.93333,8354.310522,0,0,0
2059,9,24,13,114086.02,54584.43707,38306.6873,56263.38873,8544.864631,0,0,0
2059,9,24,14,110250.9142,51905.81174,37069.14786,54002.07037,8565.456242,0,0,0
2059,9,24,15,114586.5922,55351.47456,39044.63506,56942.83017,8462.661615,0,0,0
2059,9,24,16,114324.6212,54665.57782,38410.54419,56454.18798,8213.682897,0,0,0
2059,9,24,17,114678.9276,54365.85549,37779.72184,55216.73025,7980.55645,0,0,0
2059,9,24,18,110187.6686,53925.42382,37191.06326,54507.30024,8902.439581,0,0,0
2059,9,24,19,107095.0865,55289.78144,40182.07639,58386.12229,9083.024736,0,0,0
2059,9,24,20,104640.4358,57747.04695,44278.0909,58697.69297,9070.277548,0,0,0
2059,9,24,21,104929.3721,57787.33133,44568.82483,59338.6477,8633.522954,0,0,0
2059,9,24,22,107039.0316,57700.5524,43470.03362,58490.87802,8075.424941,0,0,0
2059,9,24,23,106068.3659,56368.87988,41189.02249,56766.49407,7652.071236,0,0,0
2059,9,24,24,104710.6271,54980.33529,38993.31945,55600.37156,7378.823834,0,0,0
2059,9,25,1,102745.5991,53809.06488,37563.42822,53733.88916,7151.008715,0,0,0
2059,9,25,2,100056.1877,52918.47773,35638.52121,52867.57069,6910.282983,0,0,0
2059,9,25,3,97851.57796,51844.77233,34547.65613,51658.14043,6699.137264,0,0,0
2059,9,25,4,96690.76677,50182.81691,33680.68396,50948.62871,6681.569024,0,0,0
2059,9,25,5,92919.15184,49409.81439,33258.71937,50589.01094,6845.239642,0,0,0
2059,9,25,6,92486.72802,50083.37251,34400.32806,51828.75663,6967.073338,0,0,0
2059,9,25,7,93895.70079,52210.02827,36959.89792,52760.44529,7137.199262,0,0,0
2059,9,25,8,96043.68359,51070.05384,34718.6809,50157.15911,7861.827839,0,0,0
2059,9,25,9,100069.2617,51668.68137,35334.4681,51889.22406,8309.450228,0,0,0
2059,9,25,10,107110.2034,54974.86054,37453.36116,54989.32369,8554.506735,0,0,0
2059,9,25,11,112755.4914,55156.67139,37849.91309,56430.24615,8537.755623,0,0,0
2059,9,25,12,115992.0513,55491.69362,38490.94953,57036.79982,8400.069656,0,0,0
2059,9,25,13,114734.4923,54885.22166,38519.38556,56581.16958,8592.584871,0,0,0
2059,9,25,14,110856.0788,52180.61169,37268.44523,54291.08833,8612.686205,0,0,0
2059,9,25,15,115243.8078,55660.75728,39264.36061,57266.00405,8509.809866,0,0,0
2059,9,25,16,114978.2414,54967.50639,38624.71329,56772.4591,8257.399212,0,0,0
2059,9,25,17,115334.3455,54667.21207,37988.66132,55520.70164,8022.965362,0,0,0
2059,9,25,18,110795.1211,54217.46515,37392.48517,54801.79296,8954.654022,0,0,0
2059,9,25,19,107680.3132,55595.06023,40410.38179,58718.12115,9136.138017,0,0,0
2059,9,25,20,105213.3238,58080.2715,44536.63001,59031.81636,9123.227404,0,0,0
2059,9,25,21,105509.6959,58122.35357,44829.40676,59678.00071,8681.324907,0,0,0
2059,9,25,22,107638.5579,58031.08043,43722.93455,58822.46832,8117.75214,0,0,0
2059,9,25,23,106659.8845,56687.23272,41424.11004,57082.39553,7693.66302,0,0,0
2059,9,25,24,105294.3012,55288.14718,39212.55474,55907.69318,7419.598491,0,0,0
2059,9,26,1,103316.1174,54108.62378,37768.11863,54022.00828,7132.786774,0,0,0
2059,9,26,2,99805.81984,52788.7179,35552.31427,52738.87313,6892.551319,0,0,0
2059,9,26,3,97605.78603,51718.03587,34462.34803,51531.89425,6681.895875,0,0,0
2059,9,26,4,96449.55076,50061.71863,33597.33697,50822.70938,6664.491062,0,0,0
2059,9,26,5,92688.06821,49289.45153,33175.37238,50465.86984,6827.507978,0,0,0
2059,9,26,6,92257.52379,49960.72168,34314.93825,51702.10188,6949.178247,0,0,0
2059,9,26,7,93663.96346,52083.8638,36869.44192,52629.70491,7118.895608,0,0,0
2059,9,26,8,95805.08239,50946.83103,34633.12766,50033.60945,7843.197334,0,0,0
2059,9,26,9,99824.36863,51544.55972,35248.58801,51762.97787,8289.267181,0,0,0
2059,9,26,10,106842.4307,54836.92943,37360.6172,54853.68055,8532.852858,0,0,0
2059,9,26,11,112466.7186,55017.5963,37756.67885,56287.00372,8515.856609,0,0,0
2059,9,26,12,115687.6714,55353.43566,38394.03822,56889.30832,8379.069482,0,0,0
2059,9,26,13,114437.7933,54746.71857,38421.57541,56437.02831,8570.930995,0,0,0
2059,9,26,14,110579.1543,52055.67291,37177.74409,54159.44911,8591.35918,0,0,0
2059,9,26,15,114944.2489,55517.92341,39163.52709,57118.02228,8488.237702,0,0,0
2059,9,26,16,114679.1727,54830.39242,38527.14827,56627.5007,8237.05274,0,0,0
2059,9,26,17,115034.1329,54529.85296,37892.40371,55381.78998,8003.51773,0,0,0
2059,9,26,18,110517.8698,54083.7014,37299.98635,54667.04865,8930.793901,0,0,0
2059,9,26,19,107413.1125,55455.16802,40306.85175,58566.46231,9111.869333,0,0,0
2059,9,26,20,104952.987,57928.61266,44418.5551,58879.4221,9098.95872,0,0,0
2059,9,26,21,105244.0478,57969.22389,44710.26959,59522.99164,8659.262467,0,0,0
2059,9,26,22,107364.6568,57879.42159,43607.39274,58669.91064,8098.386221,0,0,0
2059,9,26,23,106389.1702,56541.70233,41316.90292,56937.60055,7674.623952,0,0,0
2059,9,26,24,105028.4079,55147.51956,39112.53834,55767.14726,7401.131412,0,0,0
2059,9,27,1,103056.2709,53971.26467,37674.31241,53890.28734,7091.603553,0,0,0
2059,9,27,2,95750.57999,50563.59828,34836.83752,52242.14138,6915.594311,0,0,0
2059,9,27,3,93390.79777,50147.92557,33828.82916,51211.33517,6723.324235,0,0,0
2059,9,27,4,90044.8245,49015.387,32891.74746,50102.41157,6650.436471,0,0,0
2059,9,27,5,88424.54258,48433.10201,32532.04798,49282.99622,6807.570069,0,0,0
2059,9,27,6,87507.07194,48604.61705,33476.23869,50505.90908,6907.995027,0,0,0
2059,9,27,7,89693.70486,51102.82065,35733.47141,51217.79047,6985.458704,0,0,0
2059,9,27,8,88883.68647,49000.10671,33616.70289,49429.91573,7658.117978,0,0,0
2059,9,27,9,91095.07835,48923.21503,33672.26755,48696.46217,8136.627783,0,0,0
2059,9,27,10,95857.7871,51605.354,35513.74585,52352.617,8460.455371,0,0,0
2059,9,27,11,100490.4092,52174.81008,36233.38995,53237.15741,8499.840912,0,0,0
2059,9,27,12,102132.0998,52147.27289,36712.22661,54557.88043,8338.539963,0,0,0
2059,9,27,13,102828.2107,51060.41174,36672.75936,53759.38353,8435.532985,0,0,0
2059,9,27,14,98664.37458,49555.42649,35541.44647,51827.77608,8428.832541,0,0,0
2059,9,27,15,99173.44495,51444.62504,36336.51143,53508.77056,8336.170294,0,0,0
2059,9,27,16,99815.87051,50717.95364,35503.28662,52173.33925,8108.600313,0,0,0
2059,9,27,17,97886.95957,49897.80287,34841.33172,50433.5116,7955.307213,0,0,0
2059,9,27,18,95686.92576,49464.15336,34592.76156,50472.48857,8864.688295,0,0,0
2059,9,27,19,94195.01456,51064.08881,38178.64344,55549.62795,8868.773932,0,0,0
2059,9,27,20,98858.36062,54225.14615,41336.84083,55786.43147,8754.212671,0,0,0
2059,9,27,21,98700.98189,54076.10211,41071.27443,56154.1388,8591.686031,0,0,0
2059,9,27,22,96919.07217,53999.29214,40358.00392,55410.47116,8126.41369,0,0,0
2059,9,27,23,97117.4707,52172.84898,38654.62015,53122.59615,7700.281752,0,0,0
2059,9,27,24,95428.63179,50650.13207,36637.7863,52404.66802,7500.820954,0,0,0
2059,9,28,1,95530.60929,50392.73694,35784.37845,51646.78236,7182.713258,0,0,0
2059,9,28,2,92409.59119,48629.37601,34188.2835,50264.12109,6902.928837,0,0,0
2059,9,28,3,90017.04217,47381.37734,33036.62415,48933.75597,6661.631116,0,0,0
2059,9,28,4,88338.58078,45679.30097,32204.87017,47610.0913,6575.669314,0,0,0
2059,9,28,5,86158.23974,44897.88204,31645.7916,47377.9454,6663.020233,0,0,0
2059,9,28,6,84356.55554,46282.34099,32676.18925,48309.79749,6657.300341,0,0,0
2059,9,28,7,86248.53232,46903.9298,34320.413,48251.78144,6896.555243,0,0,0
2059,9,28,8,83995.22181,45366.74974,31774.16231,45093.99261,7439.046123,0,0,0
2059,9,28,9,81529.37646,44363.72586,31245.64431,45069.39708,7991.260819,0,0,0
2059,9,28,10,84296.25154,44433.83539,31953.6852,45734.21193,8117.997278,0,0,0
2059,9,28,11,88464.99039,44635.50243,32211.24376,45537.69279,8184.511448,0,0,0
2059,9,28,12,90550.46294,44914.63315,32496.9115,45788.14234,8069.459911,0,0,0
2059,9,28,13,88602.59464,45190.90392,32473.78679,46131.98955,8175.931611,0,0,0
2059,9,28,14,90143.28835,43523.47375,32148.48838,45893.30663,8243.91661,0,0,0
2059,9,28,15,89868.81526,44171.6192,32566.69418,47030.9114,8125.923414,0,0,0
2059,9,28,16,89770.43312,44718.60428,32045.44861,45656.74825,7985.214076,0,0,0
2059,9,28,17,89813.98601,43056.56716,31984.98118,45336.10746,7868.773422,0,0,0
2059,9,28,18,88594.66851,43928.36038,32488.90365,46334.96399,8803.648878,0,0,0
2059,9,28,19,89652.84849,46714.43796,36311.42562,52261.58901,8983.25348,0,0,0
2059,9,28,20,94446.93494,50489.15797,40337.90259,53704.55429,8842.870993,0,0,0
2059,9,28,21,93916.94611,50249.00423,40018.16064,53439.80501,8601.736698,0,0,0
2059,9,28,22,93804.10081,49924.9315,39093.09071,53095.38581,8152.316629,0,0,0
2059,9,28,23,94205.47379,48688.78118,37668.02053,51474.5319,7671.60058,0,0,0
2059,9,28,24,92799.76953,47953.20309,35390.60475,50232.49826,7023.455128,0,0,0
2059,9,29,1,87602.43071,44236.74426,32767.87094,47268.28691,7191.538234,0,0,0
2059,9,29,2,100616.9822,53207.25055,35832.09869,53156.58865,6949.505098,0,0,0
2059,9,29,3,98397.99105,52125.86415,34736.98455,51939.23225,6737.2154,0,0,0
2059,9,29,4,97230.47942,50455.9826,33866.49873,51226.53374,6719.647161,0,0,0
2059,9,29,5,93432.06271,49678.32246,33444.12558,50864.46459,6884.380045,0,0,0
2059,9,29,6,92996.12524,50355.23079,34588.18565,52111.23757,7006.704016,0,0,0
2059,9,29,7,94412.86072,52491.61038,37163.85292,53051.01579,7177.647068,0,0,0
2059,9,29,8,96572.36501,51349.02113,34908.33616,50429.83452,7903.746474,0,0,0
2059,9,29,9,100614.3674,51941.92877,35526.2479,52168.02793,8354.637373,0,0,0
2059,9,29,10,107705.971,55283.65298,37660.74809,55294.43906,8602.308687,0,0,0
2059,9,29,11,113398.3256,55464.48328,38059.0977,56751.94921,8585.884427,0,0,0
2059,9,29,12,116665.446,55805.30711,38708.46884,57362.91536,8446.972769,0,0,0
2059,9,29,13,115397.1009,55193.44212,38735.35233,56903.85319,8639.896548,0,0,0
2059,9,29,14,111478.1579,52458.02644,37471.66481,54584.76392,8660.324733,0,0,0
2059,9,29,15,115909.8483,55973.71707,39488.00838,57593.427,8557.775244,0,0,0
2059,9,29,16,115643.8734,55275.72685,38840.84348,57097.83923,8302.096081,0,0,0
2059,9,29,17,116005.3705,54972.6543,38199.5619,55831.78204,8066.191401,0,0,0
2059,9,29,18,111415.1574,54513.10185,37598.64641,55103.06783,9007.195313,0,0,0
2059,9,29,19,108278.859,55908.83716,40642.52768,59055.83991,9190.150138,0,0,0
2059,9,29,20,105796.2625,58419.70623,44799.4999,59369.94368,9177.321238,0,0,0
2059,9,29,21,106095.8214,58461.62486,45094.64631,60023.6456,8731.169678,0,0,0
2059,9,29,22,108246.6642,58370.76029,43980.16625,59160.92249,8160.896467,0,0,0
2059,9,29,23,107260.0645,57012.53113,41663.1198,57402.70947,7735.009667,0,0,0
2059,9,29,24,105885.8197,55601.10698,39433.75112,56220.08098,7460.536573,0,0,0
2059,9,30,1,103899.955,54413.00374,37977.54839,54314.37646,7185.409778,0,0,0
2059,9,30,2,100532.1644,53163.53424,35802.76381,53112.54549,6943.540068,0,0,0
2059,9,30,3,98315.54289,52082.88325,34708.22166,51896.5782,6731.413796,0,0,0
2059,9,30,4,97148.68497,50414.71767,33838.22612,51184.6151,6713.927269,0,0,0
2059,9,30,5,93354.84417,49637.5478,33416.0164,50822.79109,6878.415015,0,0,0
2059,9,30,6,92918.49814,50314.29271,34559.99475,52068.01153,7000.738986,0,0,0
2059,9,30,7,94335.23362,52449.36489,37133.21064,53007.05434,7171.600325,0,0,0
2059,9,30,8,96491.95968,51306.61222,34879.57328,50387.9976,7897.291168,0,0,0
2059,9,30,9,100532.0827,51900.25528,35496.83132,52125.78244,8347.610077,0,0,0
2059,9,30,10,107616.2504,55236.42302,37630.0241,55247.61766,8595.199679,0,0,0
2059,9,30,11,113300.5971,55418.31558,38027.06631,56702.75814,8578.53028,0,0,0
2059,9,30,12,116563.632,55757.7503,38675.62032,57313.56087,8439.86376,0,0,0
2059,9,30,13,115296.4308,55147.11099,38702.83066,56854.74383,8632.869252,0,0,0
2059,9,30,14,111383.7797,52416.92493,37441.10425,54540.55733,8653.37915,0,0,0
2059,9,30,15,115808.688,55926.40539,39453.77074,57543.90908,8550.50281,0,0,0
2059,9,30,16,115543.3667,55229.06887,38808.2401,57048.48474,8295.395636,0,0,0
2059,9,30,17,115903.6382,54926.65002,38167.85736,55784.14351,8059.490957,0,0,0
2059,9,30,18,111321.5146,54468.65012,37567.67728,55057.88068,8999.187465,0,0,0
2059,9,30,19,108188.2395,55861.60719,40607.30949,59004.68773,9182.060577,0,0,0
2059,9,30,20,105707.7676,58368.14549,44759.70579,59318.70979,9169.068251,0,0,0
2059,9,30,21,106007.5717,58410.30926,45054.44365,59971.51287,8723.488681,0,0,0
2059,9,30,22,108154.4105,58319.11784,43941.02585,59110.09716,8154.359447,0,0,0
2059,9,30,23,107168.628,56963.50349,41627.32962,57354.49895,7728.962924,0,0,0
2059,9,30,24,105796.3442,55553.71359,39400.08547,56172.52417,7454.244692,0,0,0
2059,10,1,1,103811.1332,54367.32632,37946.08898,54270.57843,7183.857236,0,0,0
2059,10,1,2,100509.9385,53151.7676,35794.91939,53101.51427,6942.069239,0,0,0
2059,10,1,3,98293.1536,52071.52518,34700.70409,51885.38356,6729.942966,0,0,0
2059,10,1,4,97127.35794,50403.93158,33830.70855,51173.33874,6712.374727,0,0,0
2059,10,1,5,93334.17085,49626.59829,33408.49882,50811.9233,6876.944185,0,0,0
2059,10,1,6,92898.23338,50303.3432,34552.55889,52056.65346,6999.104732,0,0,0
2059,10,1,7,94314.39687,52438.41538,37125.03937,52995.61455,7169.966071,0,0,0
2059,10,1,8,96470.9595,51295.33586,34872.05571,50377.04809,7895.656913,0,0,0
2059,10,1,9,100510.6739,51889.38748,35489.23203,52114.91464,8345.730684,0,0,0
2059,10,1,10,107592.472,55224.16611,37621.6894,55235.19733,8593.320286,0,0,0
2059,10,1,11,113274.6942,55406.22209,38018.73161,56689.76581,8576.7326,0,0,0
2059,10,1,12,116536.6668,55745.16654,38666.87706,57300.56854,8437.984367,0,0,0
2059,10,1,13,115270.1193,55134.85408,38694.25083,56841.91493,8630.908146,0,0,0
2059,10,1,14,111358.939,52405.73029,37432.68784,54528.95412,8651.336331,0,0,0
2059,10,1,15,115782.3764,55914.06677,39445.10919,57530.99847,8548.623417,0,0,0
2059,10,1,16,115516.7283,55216.73025,38799.57855,57035.57413,8293.597956,0,0,0
2059,10,1,17,115876.673,54914.39311,38159.19581,55771.80489,8057.938414,0,0,0
2059,10,1,18,111296.7556,54457.21033,37559.4243,55045.95062,8997.144646,0,0,0
2059,10,1,19,108164.3794,55849.18686,40597.83081,58991.28684,9179.936045,0,0,0
2059,10,1,20,105684.4795,58354.66288,44749.32827,59304.98205,9166.94372,0,0,0
2059,10,1,21,105984.447,58396.58152,45043.9027,59957.78513,8721.445862,0,0,0
2059,10,1,22,108130.2235,58305.55353,43930.81176,59096.53285,8152.64348,0,0,0
2059,10,1,23,107144.6044,56950.34774,41617.68752,57341.75176,7727.328669,0,0,0
2059,10,1,24,105772.7292,55541.45668,39391.17878,56159.94041,7452.69215,0,0,0
2059,10,2,1,103787.7634,54355.06941,37937.75428,54258.89351,7224.059904,0,0,0
2059,10,2,2,101066.8926,53441.52098,35985.80035,53388.73455,6981.209642,0,0,0
2059,10,2,3,98834.82735,52352.29015,34887.90798,52165.41312,6767.530827,0,0,0
2059,10,2,4,97662.0044,50674.15562,34015.37934,51449.03753,6750.0443,0,0,0
2059,10,2,5,93845.52917,49891.75613,33591.7805,51085.90611,6915.676024,0,0,0
2059,10,2,6,93407.54889,50571.93298,34739.59936,52338.07214,7038.490272,0,0,0
2059,10,2,7,94826.49061,52715.33986,37327.9321,53285.44964,7210.087026,0,0,0
2059,10,2,8,96997.84325,51570.13581,35059.74987,50648.82467,7938.147538,0,0,0
2059,10,2,9,101055.1259,52162.79831,35679.541,52390.85857,8391.653244,0,0,0
2059,10,2,10,108183.5002,55529.52662,37825.80783,55539.98585,8640.386824,0,0,0
2059,10,2,11,113915.8123,55713.29857,38228.32478,57010.24318,8623.880851,0,0,0
2059,10,2,12,117207.9369,56059.59716,38882.0267,57625.21326,8484.88748,0,0,0
2059,10,2,13,115928.5605,55439.31575,38908.82848,57163.94484,8678.628386,0,0,0
2059,10,2,14,111978.9753,52680.61194,37635.33543,54822.95656,8699.62856,0,0,0
2059,10,2,15,116447.5182,56227.68027,39666.95928,57857.52258,8596.180232,0,0,0
2059,10,2,16,116177.2941,55523.56159,39015.62703,57359.15658,8337.967974,0,0,0
2059,10,2,17,116541.4061,55215.83141,38370.91352,56083.29386,8100.265614,0,0,0
2059,10,2,18,111911.9708,54751.78476,37764.85012,55346.89864,9049.767651,0,0,0
2059,10,2,19,108758.5945,56161.32952,40829.48643,59327.61648,9233.376177,0,0,0
2059,10,2,20,106267.745,58691.89136,45010.64562,59643.84478,9220.383852,0,0,0
2059,10,2,21,106569.0199,58734.4637,45307.83485,60302.0409,8771.372346,0,0,0
2059,10,2,22,108735.3881,58645.3151,44186.81777,59433.5979,8195.787807,0,0,0
2059,10,2,23,107742.7417,57273.27649,41854.49104,57661.16686,7768.430177,0,0,0
2059,10,2,24,106361.4695,55853.19078,39612.37517,56472.98191,7493.303382,0,0,0
2059,10,3,1,104366.6981,54658.22367,38144.07895,54550.68971,7205.674538,0,0,0
2059,10,3,2,100813.8282,53309.5549,35899.26656,53258.40273,6963.314551,0,0,0
2059,10,3,3,98588.70858,52225.30856,34803.00844,52038.34981,6750.452864,0,0,0
2059,10,3,4,97418.33701,50551.17794,33931.37865,51323.36333,6732.884625,0,0,0
2059,10,3,5,93612.40272,49771.47498,33508.51522,50961.62103,6898.026072,0,0,0
2059,10,3,6,93176.13841,50449.28216,34653.96441,52210.10999,7020.595182,0,0,0
2059,10,3,7,94593.44588,52589.66566,37236.08698,53153.48357,7191.783372,0,0,0
2059,10,3,8,96758.17978,51446.34101,34974.44177,50524.78473,7918.699906,0,0,0
2059,10,3,9,100806.8826,52038.43152,35593.17064,52264.85752,8370.326219,0,0,0
2059,10,3,10,107913.5213,55391.75894,37732.32845,55401.89132,8618.978086,0,0,0
2059,10,3,11,113624.0161,55572.50752,38133.29287,56863.89566,8602.308687,0,0,0
2059,10,3,12,116901.5958,55916.59987,38783.97142,57477.23148,8463.560455,0,0,0
2059,10,3,13,115629.0833,55299.83211,38811.10004,57017.76075,8656.811085,0,0,0
2059,10,3,14,111696.4126,52554.36576,37542.91832,54688.62081,8677.566121,0,0,0
2059,10,3,15,116144.1187,56083.70242,39566.12576,57708.56025,8574.771494,0,0,0
2059,10,3,16,115875.3655,55383.66938,38916.59119,57211.74679,8317.621502,0,0,0
2059,10,3,17,116238.8238,55078.22716,38273.59364,55941.27711,8081.308258,0,0,0
2059,10,3,18,111630.7156,54616.95874,37670.88047,55208.64069,9025.662392,0,0,0
2059,10,3,19,108488.6973,56018.33223,40723.99528,59174.56852,9209.025781,0,0,0
2059,10,3,20,106001.9335,58538.76169,44891.50844,59489.73455,9196.115168,0,0,0
2059,10,3,21,106301.8192,58580.02662,45187.63541,60144.98901,8748.81963,0,0,0
2059,10,3,22,108458.8721,58490.38775,44070.45883,59279.6511,8176.095036,0,0,0
2059,10,3,23,107470.0663,57126.03013,41746.71194,57514.57421,7749.472822,0,0,0
2059,10,3,24,106093.4517,55711.25575,39511.2148,56330.39318,7474.999728,0,0,0
2059,10,4,1,104103.9917,54519.72058,38050.35444,54417.08938,7164.327891,0,0,0
2059,10,4,2,96702.69683,51054.44671,35179.70417,52755.62424,6986.684395,0,0,0
2059,10,4,3,94317.09339,50640.57168,34164.83194,51716.48333,6791.962936,0,0,0
2059,10,4,4,90947.17829,49497.16531,33223.17433,50600.12387,6718.993459,0,0,0
2059,10,4,5,89312.92349,48914.79861,32861.75888,49771.31155,6878.088164,0,0,0
2059,10,4,6,88391.44892,49089.50045,33810.77064,51001.74199,6978.921685,0,0,0
2059,10,4,7,90588.94964,51599.55239,36085.98017,51723.42891,7057.039064,0,0,0
2059,10,4,8,89776.97014,49491.69056,33951.72512,49915.86139,7733.293699,0,0,0
2059,10,4,9,92006.58396,49413.90003,34009.3326,49180.20159,8215.072013,0,0,0
2059,10,4,10,96803.93892,52120.96139,35860.20787,52861.36052,8546.417173,0,0,0
2059,10,4,11,101480.2773,52695.81051,36590.22949,53752.60138,8586.29299,0,0,0
2059,10,4,12,103143.9487,52665.90365,37074.86775,55099.22733,8422.132096,0,0,0
2059,10,4,13,103844.3086,51560.24857,37033.92967,54283.73419,8520.67766,0,0,0
2059,10,4,14,99638.88071,50042.18929,35890.27816,52331.86197,8513.732077,0,0,0
2059,10,4,15,100153.099,51947.56695,36695.39378,54028.79044,8419.517288,0,0,0
2059,10,4,16,100800.5907,51211.00832,35852.60859,52679.46796,8186.63598,0,0,0
2059,10,4,17,98858.36062,50388.48788,35185.99605,50926.89312,8032.607465,0,0,0
2059,10,4,18,96637.81692,49953.85781,34934.40253,50963.74557,8958.576233,0,0,0
2059,10,4,19,95136.42704,51564.66105,38565.22641,56106.17342,8962.66187,0,0,0
2059,10,4,20,99840.54776,54758.64863,41765.751,56356.45954,8845.812652,0,0,0
2059,10,4,21,99685.21184,54605.51896,41495.6904,56727.27196,8677.811259,0,0,0
2059,10,4,22,97886.14244,54528.38213,40776.61829,55972.81823,8204.612782,0,0,0
2059,10,4,23,98089.11689,52677.26172,39048.88412,53656.42548,7775.212335,0,0,0
2059,10,4,24,96374.94703,51143.59531,36998.71147,52925.09646,7575.751537,0,0,0
2059,10,5,1,96481.66387,50883.09509,36131.90273,52149.07057,7195.787296,0,0,0
2059,10,5,2,92575.71319,48717.21721,34248.99607,50352.94284,6915.512599,0,0,0
2059,10,5,3,90178.8334,47466.35859,33096.27445,49021.8423,6673.888027,0,0,0
2059,10,5,4,88500.37201,45763.05653,32264.1119,47696.46166,6587.762799,0,0,0
2059,10,5,5,86315.12821,44980.82047,31704.29792,47463.49864,6675.277144,0,0,0
2059,10,5,6,84511.40119,46366.83196,32735.59441,48396.90327,6669.638964,0,0,0
2059,10,5,7,86405.99277,46989.97331,34381.20728,48338.47866,6909.220718,0,0,0
2059,10,5,8,84149.33204,45450.83215,31832.34179,45175.95049,7452.201874,0,0,0
2059,10,5,9,81680.46331,44445.92887,31303.33351,45151.92694,8005.070272,0,0,0
2059,10,5,10,84451.26061,44515.79326,32012.10981,45817.72235,8131.888444,0,0,0
2059,10,5,11,88625.96449,44717.86887,32270.32207,45621.44835,8198.484327,0,0,0
2059,10,5,12,90715.52267,44997.57158,32555.82638,45872.79674,8083.105938,0,0,0
2059,10,5,13,88764.14073,45274.33263,32533.19196,46216.56223,8190.149628,0,0,0
2059,10,5,14,90308.51151,43604.28765,32207.32155,45978.12446,8258.624904,0,0,0
2059,10,5,15,90032.56759,44253.41366,32625.8542,47116.38292,8139.732867,0,0,0
2059,10,5,16,89935.24772,44801.13415,32104.28178,45741.15751,7999.105242,0,0,0
2059,10,5,17,89978.22862,43136.80907,32043.56922,45419.94473,7882.419449,0,0,0
2059,10,5,18,88756.29631,44009.9914,32547.98196,46420.10867,8820.154852,0,0,0
2059,10,5,19,89816.60082,46800.48147,36374.50786,52355.23181,9000.24973,0,0,0
2059,10,5,20,94617.63285,50578.79685,40412.01604,53802.44615,8859.622105,0,0,0
2059,10,5,21,94086.50004,50338.72482,40092.19238,53536.63461,8617.180406,0,0,0
2059,10,5,22,93972.51077,50013.26298,39162.87339,53191.39828,8166.37122,0,0,0
2059,10,5,23,94375.27286,48776.62237,37735.02497,51566.45873,7685.246608,0,0,0
2059,10,5,24,92967.68921,48039.90031,35452.4613,50320.99315,7036.284028,0,0,0
2059,10,6,1,87761.85226,44319.02899,32827.11268,47353.75843,7204.693985,0,0,0
2059,10,6,2,100799.2833,53301.8739,35894.3638,53250.96687,6962.333999,0,0,0
2059,10,6,3,98574.65399,52218.03612,34798.10568,52030.99566,6749.390599,0,0,0
2059,10,6,4,97404.69098,50544.15065,33926.72102,51316.17261,6731.985785,0,0,0
2059,10,6,5,93599.24697,49764.44768,33503.69417,50954.26689,6897.045519,0,0,0
2059,10,6,6,93162.98266,50442.17315,34648.8165,52202.83755,7019.614629,0,0,0
2059,10,6,7,94580.04499,52582.39323,37230.69394,53145.966,7190.802819,0,0,0
2059,10,6,8,96744.12519,51439.15029,34969.70243,50517.75743,7917.719353,0,0,0
2059,10,6,9,100792.9915,52031.2408,35588.26787,52257.99365,8369.182241,0,0,0
2059,10,6,10,107898.0776,55383.8328,37727.01713,55394.04689,8617.752395,0,0,0
2059,10,6,11,113607.265,55564.41796,38128.06325,56855.64267,8601.246422,0,0,0
2059,10,6,12,116884.191,55908.5103,38778.33324,57468.73336,8462.334764,0,0,0
2059,10,6,13,115612.0054,55292.0694,38805.54358,57009.58947,8655.585394,0,0,0
2059,10,6,14,111680.5603,52547.42018,37537.93385,54680.8581,8676.34043,0,0,0
2059,10,6,15,116126.8774,56075.69457,39560.40587,57700.22555,8573.545803,0,0,0
2059,10,6,16,115858.3693,55375.74324,38910.8713,57203.24867,8316.477523,0,0,0
2059,10,6,17,116221.7459,55070.54616,38268.11889,55933.10584,8080.16428,0,0,0
2059,10,6,18,111614.7816,54609.19603,37665.48743,55200.79626,9024.354989,0,0,0
2059,10,6,19,108473.0084,56010.40609,40718.03025,59165.66183,9207.636664,0,0,0
2059,10,6,20,105986.98,58530.01842,44884.88971,59480.99129,9194.726051,0,0,0
2059,10,6,21,106286.9475,58571.44678,45180.77154,60136.32746,8747.512226,0,0,0
2059,10,6,22,108443.4284,58481.48106,44063.59496,59270.74441,8174.951058,0,0,0
2059,10,6,23,107454.6226,57117.69543,41740.42006,57506.32122,7748.328843,0,0,0
2059,10,6,24,106078.1715,55703.2479,39505.33148,56322.38533,7474.019176,0,0,0
2059,10,7,1,104088.8748,54511.95787,38045.12482,54409.49009,7198.483817,0,0,0
2059,10,7,2,100713.9752,53257.42217,35865.19235,53206.67856,6956.205543,0,0,0
2059,10,7,3,98492.20584,52175.21865,34769.83307,51987.93305,6743.75242,0,0,0
2059,10,7,4,97323.63194,50502.96743,33898.69355,51274.00884,6726.265893,0,0,0
2059,10,7,5,93520.88446,49723.99988,33476.07526,50912.26654,6891.080489,0,0,0
2059,10,7,6,93085.19213,50401.97048,34620.13533,52160.26522,7013.567886,0,0,0
2059,10,7,7,94501.8459,52539.98432,37199.56139,53101.43255,7184.674364,0,0,0
2059,10,7,8,96663.63814,51397.14994,34940.93955,50476.73764,7911.182334,0,0,0
2059,10,7,9,100709.481,51989.32216,35559.50499,52215.74817,8362.31837,0,0,0
2059,10,7,10,107808.4387,55337.0114,37695.96628,55347.30721,8610.561674,0,0,0
2059,10,7,11,113509.9452,55517.26971,38095.78672,56807.1053,8594.055701,0,0,0
2059,10,7,12,116781.9684,55860.05465,38745.81157,57419.29715,8455.307468,0,0,0
2059,10,7,13,115511.6621,55246.06512,38772.53163,56960.23498,8648.231247,0,0,0
2059,10,7,14,111585.7736,52505.33812,37506.63787,54635.67096,8668.90457,0,0,0
2059,10,7,15,116025.2267,56027.8109,39526.74022,57650.13564,8566.273369,0,0,0
2059,10,7,16,115758.1078,55329.08527,38878.10449,57154.22102,8309.858791,0,0,0
2059,10,7,17,116120.8306,55024.78702,38236.16921,55885.63074,8073.708973,0,0,0
2059,10,7,18,111521.3839,54564.33573,37633.78289,55155.60912,9016.34714,0,0,0
2059,10,7,19,108382.5524,55962.359,40682.89378,59114.26451,9199.46539,0,0,0
2059,10,7,20,105897.7497,58478.45769,44845.09561,59428.85856,9186.554777,0,0,0
2059,10,7,21,106197.1452,58519.96776,45140.48716,60084.03131,8739.831228,0,0,0
2059,10,7,22,108351.5016,58429.67518,44024.53627,59219.02025,8168.414039,0,0,0
2059,10,7,23,107363.9214,57068.58607,41704.22131,57457.37529,7742.200388,0,0,0
2059,10,7,24,105988.2057,55655.85451,39472.23782,56274.41995,7467.645582,0,0,0
2059,10,8,1,104000.7885,54465.21818,38013.50199,54365.20179,7196.931275,0,0,0
2059,10,8,2,100691.5859,53245.73725,35857.34792,53195.07535,6954.653001,0,0,0
2059,10,8,3,98470.30682,52163.69715,34762.15207,51976.65669,6742.199877,0,0,0
2059,10,8,4,97301.97807,50492.26306,33891.17598,51263.05933,6724.713351,0,0,0
2059,10,8,5,93500.29285,49713.45893,33468.6394,50901.15361,6889.527947,0,0,0
2059,10,8,6,93064.60052,50391.42954,34612.8629,52148.66201,7012.015344,0,0,0
2059,10,8,7,94481.17257,52528.78967,37191.3084,53089.82934,7183.040109,0,0,0
2059,10,8,8,96642.88311,51385.79187,34933.34026,50465.95155,7909.548079,0,0,0
2059,10,8,9,100687.7454,51978.53608,35551.66057,52204.55352,8360.357265,0,0,0
2059,10,8,10,107784.8237,55324.75449,37687.95844,55335.29543,8608.682281,0,0,0
2059,10,8,11,113484.0422,55504.84937,38087.20688,56794.19469,8592.25802,0,0,0
2059,10,8,12,116755.0849,55847.47089,38737.23173,57406.1414,8453.428075,0,0,0
2059,10,8,13,115485.1055,55234.13506,38764.11522,56947.16094,8646.270141,0,0,0
2059,10,8,14,111561.178,52494.38861,37498.30317,54623.65918,8666.943465,0,0,0
2059,10,8,15,115998.4249,56015.06372,39517.83353,57637.14332,8564.312263,0,0,0
2059,10,8,16,115731.3877,55316.74664,38869.11609,57141.31041,8307.979398,0,0,0
2059,10,8,17,116094.0288,55012.4484,38227.75279,55872.96526,8071.993006,0,0,0
2059,10,8,18,111496.9518,54552.24225,37625.5299,55143.18878,9014.222609,0,0,0
2059,10,8,19,108358.9375,55949.77524,40673.66024,59100.86363,9197.340859,0,0,0
2059,10,8,20,105874.5433,58464.89337,44834.39124,59415.45767,9184.430246,0,0,0
2059,10,8,21,106173.6937,58506.24002,45129.8645,60070.05843,8737.870123,0,0,0
2059,10,8,22,108327.1512,58416.11087,44014.24047,59205.61936,8166.616358,0,0,0
2059,10,8,23,107340.3064,57055.75717,41694.74263,57444.6281,7740.566133,0,0,0
2059,10,8,24,105964.4273,55643.02561,39463.16771,56261.99962,7466.011327,0,0,0
2059,10,9,1,103977.2552,54452.87956,38005.249,54353.35344,7237.379081,0,0,0
2059,10,9,2,101249.8474,53535.81748,36048.3106,53482.86762,6994.038542,0,0,0
2059,10,9,3,99011.89886,52445.19754,34949.84624,52256.3594,6780.032876,0,0,0
2059,10,9,4,97837.35994,50762.48709,34075.76506,51539.41182,6762.382924,0,0,0
2059,10,9,5,94014.59283,49978.1265,33652.00279,51176.11698,6928.504924,0,0,0
2059,10,9,6,93574.07945,50660.75473,34800.31192,52429.99897,7051.400885,0,0,0
2059,10,9,7,94995.30913,52808.0021,37393.956,53381.05355,7223.242777,0,0,0
2059,10,9,8,97170.82912,51659.93811,35121.85155,50737.48299,7952.038704,0,0,0
2059,10,9,9,101234.8122,52250.96636,35741.15241,52482.54026,8406.688388,0,0,0
2059,10,9,10,108377.7314,55630.60528,37893.22084,55639.02169,8656.07567,0,0,0
2059,10,9,11,114127.8569,55815.68463,38297.61719,57114.26349,8639.242846,0,0,0
2059,10,9,12,117429.8687,56163.20891,38952.46308,57732.50208,8500.331188,0,0,0
2059,10,9,13,116146.1616,55539.33215,38980.24542,57269.59941,8694.480658,0,0,0
2059,10,9,14,112182.8485,52770.00568,37701.68618,54918.88731,8715.889396,0,0,0
2059,10,9,15,116666.1814,56332.51771,39740.58246,57965.21997,8611.542227,0,0,0
2059,10,9,16,116394.65,55624.06826,39087.04397,57464.89286,8352.839693,0,0,0
2059,10,9,17,116760.8865,55314.86725,38440.94133,56185.92506,8114.238492,0,0,0
2059,10,9,18,112114.9453,54850.33032,37831.60943,55446.58819,9067.090752,0,0,0
2059,10,9,19,108952.8257,56263.1436,40905.23414,59437.84696,9251.026129,0,0,0
2059,10,9,20,106457.2369,58802.36699,45096.68913,59756.28151,9237.952091,0,0,0
2059,10,9,21,106762.1071,58846.41015,45394.45036,60415.62161,8787.633181,0,0,0
2059,10,9,22,108934.6854,58757.17984,44271.14532,59544.07353,8210.250962,0,0,0
2059,10,9,23,107938.6071,57380.56531,41932.52671,57766.00431,7782.076205,0,0,0
2059,10,9,24,106555.8641,55955.65856,39685.0178,56575.12284,7506.540846,0,0,0
2059,10,10,1,104554.8826,54757.1778,38211.49196,54647.60102,7218.748576,0,0,0
2059,10,10,2,100995.2305,53404.5051,35961.1231,53351.71867,6976.143452,0,0,0
2059,10,10,3,98765.12639,52316.49997,34863.96615,52129.3778,6762.709775,0,0,0
2059,10,10,4,97593.12056,50639.59113,33991.3558,51413.41077,6745.223249,0,0,0
2059,10,10,5,93779.75042,49857.27336,33568.24723,51050.44278,6910.691547,0,0,0
2059,10,10,6,93341.77013,50536.95993,34715.16725,52302.20024,7033.424082,0,0,0
2059,10,10,7,94760.54843,52679.38625,37302.02917,53248.27035,7204.939123,0,0,0
2059,10,10,8,96930.10339,51535.16276,35036.05318,50613.93333,7932.591072,0,0,0
2059,10,10,9,100984.6078,52127.58012,35654.5369,52355.39524,8385.443076,0,0,0
2059,10,10,10,108106.8537,55490.3045,37799.3329,55500.27346,8634.421794,0,0,0
2059,10,10,11,113832.5471,55673.25933,38200.95102,56969.05996,8617.752395,0,0,0
2059,10,10,12,117120.8311,56019.06764,38854.48951,57583.1312,8478.759025,0,0,0
2059,10,10,13,115844.233,55399.43994,38880.88272,57122.0262,8672.499931,0,0,0
2059,10,10,14,111898.8968,52645.0669,37608.94222,54785.12356,8693.254967,0,0,0
2059,10,10,15,116361.7198,56186.57876,39638.44154,57815.03195,8590.296915,0,0,0
2059,10,10,16,116091.8226,55483.8492,38987.27271,57317.80993,8332.248082,0,0,0
2059,10,10,17,116455.6077,55177.09957,38343.45803,56043.09119,8094.954286,0,0,0
2059,10,10,18,111832.1375,54713.70662,37738.13006,55307.75824,9042.903781,0,0,0
2059,10,10,19,108681.8662,56120.88172,40799.33443,59284.30873,9226.430594,0,0,0
2059,10,10,20,106193.5499,58648.33847,44976.81654,59600.04675,9213.519981,0,0,0
2059,10,10,21,106493.1088,58690.50225,45273.84235,60257.50746,8765.080465,0,0,0
2059,10,10,22,108656.3718,58601.19022,44153.56069,59389.9633,8190.313053,0,0,0
2059,10,10,23,107665.1963,57231.35785,41823.93048,57619.57508,7763.118849,0,0,0
2059,10,10,24,106286.4572,55813.31496,39583.61229,56432.45239,7488.073767,0,0,0
2059,10,11,1,104292.3395,54619.16498,38117.19546,54512.93842,7177.483643,0,0,0
2059,10,11,2,96875.43756,51143.18674,35240.90702,52848.3682,6999.513295,0,0,0
2059,10,11,3,94484.60451,50728.82144,34225.87136,51807.75646,6804.464985,0,0,0
2059,10,11,4,91110.76719,49582.96369,33283.06977,50690.33474,6731.25037,0,0,0
2059,10,11,5,89473.57074,49001.25069,32921.24576,49859.64302,6890.671926,0,0,0
2059,10,11,6,88550.54363,49176.36109,33871.07464,51091.05401,6991.750585,0,0,0
2059,10,11,7,90751.55799,51688.78271,36149.30754,51815.27403,7070.113102,0,0,0
2059,10,11,8,89937.53568,49579.69518,34012.27426,50003.62087,7746.531163,0,0,0
2059,10,11,9,92171.07171,49502.64006,34069.80003,49268.04279,8229.29003,0,0,0
2059,10,11,10,96973.8197,52214.11391,35923.29011,52953.69592,8562.024307,0,0,0
2059,10,11,11,101659.1465,52790.43386,36654.37399,53846.65274,8601.654985,0,0,0
2059,10,11,12,103330.3354,52759.46474,37140.07451,55196.95577,8437.16724,0,0,0
2059,10,11,13,104028.8977,51650.78628,37099.13643,54378.19411,8536.366506,0,0,0
2059,10,11,14,99814.31797,50130.35733,35953.60553,52421.99112,8529.257498,0,0,0
2059,10,11,15,100329.0265,52039.00351,36760.2737,54123.00523,8434.715858,0,0,0
2059,10,11,16,100976.9268,51300.0752,35916.1811,52771.31308,8200.690571,0,0,0
2059,10,11,17,99031.91848,50476.81935,35248.26116,51015.79658,8046.498631,0,0,0
2059,10,11,18,96809.16853,50040.96359,34996.74935,51052.24046,8975.572483,0,0,0
2059,10,11,19,95306.30782,51654.87192,38635.17252,56206.68009,8979.739833,0,0,0
2059,10,11,20,100019.4987,54854.41596,41844.35866,56459.58102,8862.318626,0,0,0
2059,10,11,21,99863.50904,54701.12286,41572.41866,56830.55686,8693.581818,0,0,0
2059,10,11,22,98059.86373,54624.3946,40852.44771,56074.46888,8219.075937,0,0,0
2059,10,11,23,98263.16503,52768.94341,39120.05591,53752.60138,7788.940075,0,0,0
2059,10,11,24,96547.36091,51233.64275,37064.81708,53019.31125,7589.070713,0,0,0
2059,10,12,1,96654.73145,50972.81568,36194.73983,52240.83398,7112.276876,0,0,0
2059,10,12,2,91518.92233,48163.36826,33859.71657,49789.45178,6834.698699,0,0,0
2059,10,12,3,89146.96492,46922.88715,32715.0028,48462.92716,6595.770648,0,0,0
2059,10,12,4,87475.12226,45229.96261,31889.21385,47149.47658,6510.54426,0,0,0
2059,10,12,5,85315.04598,44452.87445,31334.0575,46917.82096,6597.159764,0,0,0
2059,10,12,6,83526.84438,45828.345,32356.85586,47845.01542,6591.603298,0,0,0
2059,10,12,7,85407.62652,46443.47851,33993.48033,47786.91767,6828.325105,0,0,0
2059,10,12,8,83167.88032,44917.57481,31460.79396,44652.90724,7367.547475,0,0,0
2059,10,12,9,80720.1752,43924.27474,30936.60673,44627.0043,7916.820513,0,0,0
2059,10,12,10,83466.13182,43993.81228,31639.90828,45285.20042,8043.47526,0,0,0
2059,10,12,11,87603.0027,44194.33535,31895.83258,45087.70073,8109.008877,0,0,0
2059,10,12,12,89670.08988,44470.11584,32178.88552,45335.6989,7994.28419,0,0,0
2059,10,12,13,87734.64192,44744.91579,32156.41451,45677.74842,8100.75589,0,0,0
2059,10,12,14,89259.48336,43090.31452,31833.32234,45439.96435,8168.005475,0,0,0
2059,10,12,15,88993.18154,43732.49494,32248.58648,46571.35895,8051.401395,0,0,0
2059,10,12,16,88894.63598,44275.72123,31731.7534,45205.12194,7910.855483,0,0,0
2059,10,12,17,88937.7803,42628.22897,31671.4494,44886.03369,7796.621072,0,0,0
2059,10,12,18,87727.12435,43491.85092,32171.85822,45879.17033,8715.889396,0,0,0
2059,10,12,19,88778.76731,46254.39523,35973.05316,51760.19964,8891.898637,0,0,0
2059,10,12,20,93537.39043,50007.29795,39940.04326,53180.77562,8754.376096,0,0,0
2059,10,12,21,93012.87635,49767.06249,39625.12236,52918.15088,8518.062853,0,0,0
2059,10,12,22,92897.57968,49447.89253,38712.79962,52580.59555,8077.631185,0,0,0
2059,10,12,23,93299.27951,48219.17806,37311.18099,50988.01425,7598.631104,0,0,0
2059,10,12,24,91901.58309,47489.56501,35058.44247,49758.23751,6954.32615,0,0,0
2059,10,13,1,86747.55202,43797.37486,32449.35468,46808.48932,7121.020139,0,0,0
2059,10,13,2,99644.60061,52705.3709,35496.91303,52655.44442,6881.274961,0,0,0
2059,10,13,3,97449.7147,51637.30368,34407.84563,51450.91692,6670.946368,0,0,0
2059,10,13,4,96294.95026,49984.66352,33543.56998,50743.20288,6653.459842,0,0,0
2059,10,13,5,92539.02417,49212.55984,33122.17738,50386.03649,6816.149907,0,0,0
2059,10,13,6,92110.7677,49882.27745,34260.19071,51620.96113,6937.901889,0,0,0
2059,10,13,7,93515.98169,52003.37675,36811.18074,52545.78592,7107.292399,0,0,0
2059,10,13,8,95651.62586,50867.81481,34578.78868,49954.67494,7831.103849,0,0,0
2059,10,13,9,99666.17277,51464.15438,35193.26849,51682.81768,8276.029717,0,0,0
2059,10,13,10,106671.7328,54748.27111,37301.78403,54766.98333,8518.716554,0,0,0
2059,10,13,11,112281.8844,54928.36599,37696.37485,56195.97572,8502.292294,0,0,0
2059,10,13,12,115493.9305,55264.69563,38331.6914,56795.09353,8365.668593,0,0,0
2059,10,13,13,114248.9552,54659.36765,38359.80058,56343.22208,8556.876404,0,0,0
2059,10,13,14,110401.5925,51975.67614,37119.07434,54074.46786,8577.468014,0,0,0
2059,10,13,15,114751.5702,55427.95768,39099.21917,57023.39893,8474.509962,0,0,0
2059,10,13,16,114488.0466,54741.81581,38464.39289,56534.42989,8224.714116,0,0,0
2059,10,13,17,114843.4154,54441.27635,37832.42656,55293.04995,7991.179106,0,0,0
2059,10,13,18,110340.6348,53998.14816,37241.72516,54580.92342,8915.513619,0,0,0
2059,10,13,19,107241.3523,55365.44744,40239.52045,58469.551,9096.343912,0,0,0
2059,10,13,20,104785.3942,57831.29279,44342.97082,58781.77538,9083.596725,0,0,0
2059,10,13,21,105074.8207,57871.1686,44634.0316,59423.79237,8645.453014,0,0,0
2059,10,13,22,107189.6282,57783.08227,43533.11585,58573.97988,8085.965884,0,0,0
2059,10,13,23,106217.0831,56448.87665,41248.18251,56845.18344,7662.530466,0,0,0
2059,10,13,24,104857.4648,55057.30869,39048.31213,55677.09983,7389.201352,0,0,0
2059,10,14,1,102889.2501,53883.99546,37614.17183,53806.12322,7114.891684,0,0,0
2059,10,14,2,99562.23416,52662.96199,35468.23186,52612.54523,6875.391643,0,0,0
2059,10,14,3,97368.41052,51594.07764,34379.81816,51408.83486,6665.226477,0,0,0
2059,10,14,4,96214.79006,49944.7877,33515.37909,50701.12082,6647.821663,0,0,0
2059,10,14,5,92462.54105,49172.19374,33094.39505,50344.68985,6810.26659,0,0,0
2059,10,14,6,92034.12115,49842.1565,34231.99982,51578.79736,6931.936859,0,0,0
2059,10,14,7,93439.00829,51961.86668,36780.45675,52502.31474,7101.245656,0,0,0
2059,10,14,8,95572.3645,50826.87673,34550.51608,49913.57343,7824.89368,0,0,0
2059,10,14,9,99584.78688,51422.15404,35164.34218,51641.38932,8269.410985,0,0,0
2059,10,14,10,106583.3196,54702.10341,37271.63203,54721.30591,8511.607546,0,0,0
2059,10,14,11,112187.0976,54882.44343,37665.56914,56148.41891,8495.01986,0,0,0
2059,10,14,12,115393.9958,55218.93649,38299.90514,56746.8013,8358.641297,0,0,0
2059,10,14,13,114150.6547,54614.09879,38327.76919,56295.01156,8549.60397,0,0,0
2059,10,14,14,110310.728,51933.83921,37089.08577,54031.07839,8570.277293,0,0,0
2059,10,14,15,114652.2893,55381.95341,39066.37064,56974.86156,8467.400954,0,0,0
2059,10,14,16,114389.6645,54696.2201,38432.11636,56486.13766,8218.25881,0,0,0
2059,10,14,17,114744.0527,54396.00749,37800.47688,55246.96396,7984.7238,0,0,0
2059,10,14,18,110248.2994,53953.85985,37211.40974,54536.71683,8907.669196,0,0,0
2059,10,14,19,107152.694,55320.01515,40204.87425,58419.13424,9088.254351,0,0,0
2059,10,14,20,104697.7982,57780.38575,44303.7487,58730.86834,9075.588876,0,0,0
2059,10,14,21,104986.9795,57820.5067,44594.56435,59372.14992,8638.18058,0,0,0
2059,10,14,22,107098.6819,57733.2375,43494.95601,58523.72654,8079.755716,0,0,0
2059,10,14,23,106126.8723,56400.82956,41212.39233,56797.79005,7656.238585,0,0,0
2059,10,14,24,104768.8882,55010.73243,39015.21847,55631.01384,7382.909471,0,0,0
2059,10,15,1,102803.0431,53839.13517,37583.61127,53762.57033,7113.339142,0,0,0
2059,10,15,2,99540.25344,52651.76735,35460.55086,52601.35058,6873.839101,0,0,0
2059,10,15,3,97346.83836,51582.63786,34372.46402,51397.88535,6663.755647,0,0,0
2059,10,15,4,96193.38133,49934.16504,33508.02494,50690.17131,6646.269121,0,0,0
2059,10,15,5,92442.11286,49161.6528,33086.95919,50333.57692,6808.714048,0,0,0
2059,10,15,6,92014.01982,49831.12528,34224.40053,51568.01128,6930.384317,0,0,0
2059,10,15,7,93418.41668,51950.59032,36772.4489,52490.87496,7099.693114,0,0,0
2059,10,15,8,95551.2009,50815.76379,34542.83508,49902.62393,7823.259426,0,0,0
2059,10,15,9,99563.29643,51411.28624,35156.74289,51630.11296,8267.695018,0,0,0
2059,10,15,10,106559.8681,54689.68308,37263.54246,54709.049,8509.809866,0,0,0
2059,10,15,11,112161.6849,54870.02309,37657.47958,56135.5083,8493.058754,0,0,0
2059,10,15,12,115367.5209,55206.76129,38291.73387,56733.89069,8356.843617,0,0,0
2059,10,15,13,114124.6701,54602.00531,38319.10764,56282.26438,8547.724577,0,0,0
2059,10,15,14,110286.541,51922.48114,37081.15963,54019.31176,8568.3979,0,0,0
2059,10,15,15,114625.9778,55369.36965,39057.62738,56961.95095,8465.439848,0,0,0
2059,10,15,16,114363.2713,54683.88147,38423.37309,56473.14534,8216.297704,0,0,0
2059,10,15,17,114717.8229,54383.83229,37792.06047,55234.70705,7983.089545,0,0,0
2059,10,15,18,110224.1125,53942.42007,37203.15675,54524.78677,8905.626378,0,0,0
2059,10,15,19,107128.9973,55307.83995,40195.88585,58405.81506,9086.12982,0,0,0
2059,10,15,20,104675.1637,57766.90315,44293.37119,58717.54916,9073.464345,0,0,0
2059,10,15,21,104963.6914,57807.10582,44584.10511,59358.66732,8636.301187,0,0,0
2059,10,15,22,107074.9035,57720.00003,43485.06876,58510.57079,8077.958036,0,0,0
2059,10,15,23,106103.2573,56388.08237,41203.07708,56785.20629,7654.522618,0,0,0
2059,10,15,24,104745.355,54998.55723,39006.47521,55618.5935,7381.275216,0,0,0
2059,10,16,1,102780.2453,53826.87826,37575.35828,53751.04883,7153.460097,0,0,0
2059,10,16,2,100089.8533,52935.06541,35650.12442,52884.64865,6912.57094,0,0,0
2059,10,16,3,97883.77277,51861.52344,34558.68735,51674.80983,6701.42522,0,0,0
2059,10,16,4,96723.12502,50198.99603,33692.04203,50965.46153,6683.856981,0,0,0
2059,10,16,5,92949.63069,49425.83009,33269.91402,50605.4352,6847.609312,0,0,0
2059,10,16,6,92516.7166,50099.63334,34411.44099,51845.58945,6969.443007,0,0,0
2059,10,16,7,93927.07849,52226.53425,36971.9097,52777.44154,7139.650644,0,0,0
2059,10,16,8,96075.38813,51086.88666,34729.87554,50173.17481,7864.442646,0,0,0
2059,10,16,9,100102.1102,51684.69707,35345.9896,51906.13859,8312.146748,0,0,0
2059,10,16,10,107146.4838,54993.16419,37466.02663,55007.79077,8557.448393,0,0,0
2059,10,16,11,112793.8147,55175.30189,37862.33342,56449.53036,8540.697281,0,0,0
2059,10,16,12,116032.4174,55510.1607,38503.77843,57056.32916,8402.929602,0,0,0
2059,10,16,13,114773.7961,54903.77046,38532.29618,56600.12693,8595.281392,0,0,0
2059,10,16,14,110892.7678,52197.68965,37280.62043,54308.65657,8615.627864,0,0,0
2059,10,16,15,115283.7653,55679.22436,39277.67979,57285.36997,8512.588099,0,0,0
2059,10,16,16,115017.6269,54985.89176,38637.78732,56791.82502,8260.01402,0,0,0
2059,10,16,17,115374.3847,54685.43401,38001.32679,55538.92358,8025.661882,0,0,0
2059,10,16,18,110832.0552,54235.36024,37404.74208,54820.17832,8957.759106,0,0,0
2059,10,16,19,107716.3485,55613.85416,40424.27295,58738.22249,9139.406526,0,0,0
2059,10,16,20,105248.3786,58100.61798,44552.31886,59051.91769,9126.495913,0,0,0
2059,10,16,21,105544.9958,58142.70004,44845.17732,59698.42889,8684.266565,0,0,0
2059,10,16,22,107674.4298,58051.10006,43738.21483,58842.89651,8120.44866,0,0,0
2059,10,16,23,106696.1649,56706.59863,41438.32806,57101.35288,7696.114402,0,0,0
2059,10,16,24,105329.5193,55306.61426,39225.71049,55926.32368,7422.049873,0,0,0
2059,10,17,1,103350.6002,54126.84573,37780.53897,54039.16796,7135.238156,0,0,0
2059,10,17,2,99838.66836,52805.63243,35563.99919,52756.19623,6894.920988,0,0,0
2059,10,17,3,97638.38942,51734.86869,34473.62439,51548.56364,6684.183832,0,0,0
2059,10,17,4,96481.09188,50077.65261,33608.36819,50839.62391,6666.697306,0,0,0
2059,10,17,5,92718.54706,49304.97695,33186.48531,50481.88554,6829.877647,0,0,0
2059,10,17,6,92288.00264,49977.22766,34326.45974,51718.77128,6951.547917,0,0,0
2059,10,17,7,93694.44232,52100.69663,36881.37198,52646.94629,7121.34699,0,0,0
2059,10,17,8,95836.46008,50963.50043,34644.64915,50049.952,7845.648716,0,0,0
2059,10,17,9,99856.72688,51560.90227,35259.70095,51779.64727,8291.963701,0,0,0
2059,10,17,10,106877.894,54854.98795,37373.03754,54871.73906,8535.794517,0,0,0
2059,10,17,11,112504.715,55035.89996,37768.85405,56305.96107,8518.716554,0,0,0
2059,10,17,12,115728.0375,55372.39302,38406.94883,56908.83767,8381.766002,0,0,0
2059,10,17,13,114477.424,54765.18565,38434.48603,56456.14909,8573.872654,0,0,0
2059,10,17,14,110615.4348,52072.34231,37189.51072,54177.09906,8594.137413,0,0,0
2059,10,17,15,114983.7978,55536.96248,39176.92798,57137.63334,8491.179361,0,0,0
2059,10,17,16,114718.64,54848.77778,38540.38574,56646.62148,8239.585835,0,0,0
2059,10,17,17,115073.7636,54547.99319,37905.1509,55399.8485,8006.132537,0,0,0
2059,10,17,18,110554.2319,54101.35135,37312.32497,54685.10716,8933.980698,0,0,0
2059,10,17,19,107448.6575,55473.71682,40320.25264,58586.72707,9115.05613,0,0,0
2059,10,17,20,104987.4698,57948.63228,44434.16224,58899.85028,9102.22723,0,0,0
2059,10,17,21,105279.1026,57989.65208,44726.04014,59543.41982,8662.204126,0,0,0
2059,10,17,22,107400.8556,57899.11436,43622.67302,58690.17539,8100.919316,0,0,0
2059,10,17,23,106424.7969,56560.57797,41331.03923,56956.72133,7677.157047,0,0,0
2059,10,17,24,105063.3809,55165.98664,39125.69409,55785.53263,7403.664507,0,0,0
2059,10,18,1,103090.7537,53989.81346,37687.0596,53907.52873,7094.054935,0,0,0
2059,10,18,2,95782.03939,50580.02254,34848.35901,52259.38277,6917.963981,0,0,0
2059,10,18,3,93421.03149,50164.18641,33840.0238,51228.00457,6725.612191,0,0,0
2059,10,18,4,90074.81308,49031.15756,32902.77868,50118.75412,6652.724427,0,0,0
2059,10,18,5,88453.87746,48448.95428,32542.91577,49299.09363,6809.858026,0,0,0
2059,10,18,6,87536.40682,48620.79618,33487.26991,50522.49677,6910.282983,0,0,0
2059,10,18,7,89723.36658,51119.32662,35744.91119,51234.54159,6987.910086,0,0,0
2059,10,18,8,88913.10306,49016.44926,33627.89753,49445.84971,7660.651073,0,0,0
2059,10,18,9,91125.63891,48939.47586,33683.54391,48712.39616,8139.160878,0,0,0
2059,10,18,10,95889.57336,51621.69655,35525.26735,52369.61325,8463.315317,0,0,0
2059,10,18,11,100523.2577,52191.72462,36245.40173,53254.15366,8502.700857,0,0,0
2059,10,18,12,102165.1118,52164.43256,36724.32009,54575.36695,8341.236484,0,0,0
2059,10,18,13,102862.1214,51076.91771,36684.93455,53776.37978,8438.311218,0,0,0
2059,10,18,14,98697.14139,49571.36048,35552.88626,51844.44548,8431.610774,0,0,0
2059,10,18,15,99205.47634,51461.29444,36348.27807,53525.84852,8338.703389,0,0,0
2059,10,18,16,99848.71903,50734.05105,35514.72641,52190.3355,8111.133408,0,0,0
2059,10,18,17,97918.99097,49914.22714,34852.60808,50450.01757,7957.840308,0,0,0
2059,10,18,18,95718.38517,49480.49591,34604.20135,50489.07626,8867.793379,0,0,0
2059,10,18,19,94226.39225,51080.6765,38191.55405,55568.01332,8871.879016,0,0,0
2059,10,18,20,98890.71887,54242.7961,41350.97714,55805.14369,8757.154329,0,0,0
2059,10,18,21,98733.58527,54093.58864,41085.08388,56173.17787,8594.464264,0,0,0
2059,10,18,22,96951.10356,54016.45181,40371.73166,55429.10166,8128.946785,0,0,0
2059,10,18,23,97149.82895,52189.43666,38667.61247,53139.75583,7702.733134,0,0,0
2059,10,18,24,95459.84606,50666.55633,36649.87979,52421.90941,7503.272336,0,0,0
2059,10,19,1,95561.49671,50408.58921,35795.73652,51663.04319,7209.596749,0,0,0
2059,10,19,2,92750.98702,48809.38918,34313.05885,50446.91249,6928.995201,0,0,0
2059,10,19,3,90350.02159,47556.81459,33159.11154,49114.91311,6686.79864,0,0,0
2059,10,19,4,88670.25279,45851.46971,32326.45872,47787.24452,6600.509987,0,0,0
2059,10,19,5,86482.14905,45068.2531,31766.07275,47554.44492,6688.187756,0,0,0
2059,10,19,6,84675.0718,46456.55255,32798.59493,48488.8301,6682.549577,0,0,0
2059,10,19,7,86571.70621,47080.51103,34445.35178,48430.32378,6922.621607,0,0,0
2059,10,19,8,84312.18553,45539.24533,31893.87148,45262.56599,7466.256465,0,0,0
2059,10,19,9,81840.13001,44532.87123,31364.2095,45239.03272,8019.860278,0,0,0
2059,10,19,10,84614.93123,44602.65391,32073.80293,45905.89039,8146.760163,0,0,0
2059,10,19,11,88796.33555,44805.05636,32332.42375,45710.18838,8213.601184,0,0,0
2059,10,19,12,90888.91711,45084.75907,32618.41834,45961.86362,8097.650806,0,0,0
2059,10,19,13,88935.00207,45362.50067,32595.45706,46306.36453,8205.103059,0,0,0
2059,10,19,14,90482.8865,43689.75918,32269.75008,46067.27306,8273.660048,0,0,0
2059,10,19,15,90206.04374,44340.11087,32688.6913,47206.75721,8154.604586,0,0,0
2059,10,19,16,90108.969,44888.48507,32165.9749,45829.97926,8013.813535,0,0,0
2059,10,19,17,90151.78648,43221.38175,32105.42576,45509.01162,7896.719179,0,0,0
2059,10,19,18,88926.99422,44096.19835,32610.16536,46509.33898,8837.723091,0,0,0
2059,10,19,19,89989.09641,46891.26432,36441.67573,52453.61395,9018.308246,0,0,0
2059,10,19,20,94797.15574,50673.50191,40491.03226,53905.64934,8876.863493,0,0,0
2059,10,19,21,94264.96066,50433.26646,40170.30976,53640.40978,8633.522954,0,0,0
2059,10,19,22,94151.87023,50106.57892,39238.29425,53292.64036,8181.242939,0,0,0
2059,10,19,23,94553.73349,48869.61147,37806.52362,51663.12491,7699.546337,0,0,0
2059,10,19,24,93144.10701,48131.25515,35517.99492,50415.04452,7049.848343,0,0,0
2059,10,20,1,87930.91592,44405.97134,32889.62293,47444.13272,7218.503438,0,0,0
2059,10,20,2,100990.6546,53402.21715,35959.48885,53349.43072,6975.816601,0,0,0
2059,10,20,3,98760.79561,52314.21202,34862.4136,52127.25327,6762.382924,0,0,0
2059,10,20,4,97588.78978,50637.38488,33989.88497,51411.28624,6744.896398,0,0,0
2059,10,20,5,93775.58307,49855.31225,33566.7764,51048.23654,6910.364696,0,0,0
2059,10,20,6,93337.60278,50534.75368,34713.61471,52299.994,7033.097231,0,0,0
2059,10,20,7,94756.13594,52677.18001,37300.3132,53246.0641,7204.612272,0,0,0
2059,10,20,8,96926.01775,51533.11994,35034.58235,50611.89051,7932.264221,0,0,0
2059,10,20,9,100980.1953,52125.5373,35653.06608,52353.02557,8385.034512,0,0,0
2059,10,20,10,108101.9509,55487.93483,37797.69865,55497.90379,8634.094943,0,0,0
2059,10,20,11,113827.5626,55670.80794,38199.23505,56966.44515,8617.425544,0,0,0
2059,10,20,12,117115.5198,56016.53455,38852.77354,57580.67981,8478.432174,0,0,0
2059,10,20,13,115839.0851,55397.23369,38879.16676,57119.49311,8672.091367,0,0,0
2059,10,20,14,111894.1574,52642.86066,37607.22625,54782.91731,8692.928116,0,0,0
2059,10,20,15,116356.3267,56184.12738,39636.72557,57812.25372,8589.888351,0,0,0
2059,10,20,16,116086.3478,55481.56124,38985.55674,57315.27683,8331.839518,0,0,0
2059,10,20,17,116450.6232,55174.64819,38341.66035,56040.55809,8094.627435,0,0,0
2059,10,20,18,111827.3164,54711.50038,37736.57752,55305.22515,9042.495217,0,0,0
2059,10,20,19,108677.2903,56118.51205,40797.61846,59281.61221,9226.022031,0,0,0
2059,10,20,20,106188.7288,58645.64195,44974.77372,59597.43195,9213.111418,0,0,0
2059,10,20,21,106488.3694,58687.88744,45271.63611,60254.97436,8764.671901,0,0,0
2059,10,20,22,108651.6325,58598.57541,44151.51787,59387.26678,8189.986202,0,0,0
2059,10,20,23,107660.457,57228.74304,41822.21451,57616.96027,7762.710285,0,0,0
2059,10,20,24,106282.0448,55810.78187,39581.89632,56429.9193,7487.665203,0,0,0
2059,10,21,1,104287.5185,54616.63189,38115.5612,54510.56875,7212.29327,0,0,0
2059,10,21,2,100906.0002,53357.27514,35930.80768,53305.87783,6969.851571,0,0,0
2059,10,21,3,98677.69375,52271.23112,34834.141,52084.84436,6756.663032,0,0,0
2059,10,21,4,97506.66848,50595.95652,33961.8575,51368.95904,6739.176506,0,0,0
2059,10,21,5,93697.5474,49815.19129,33538.91236,51006.64475,6904.481379,0,0,0
2059,10,21,6,93260.22082,50493.65217,34684.77011,52256.76796,7027.050489,0,0,0
2059,10,21,7,94677.61,52635.17966,37269.42578,53201.20381,7198.402104,0,0,0
2059,10,21,8,96845.77584,51491.69158,35005.65604,50570.29872,7925.727201,0,0,0
2059,10,21,9,100896.4398,52083.94552,35623.97634,52310.69837,8378.007216,0,0,0
2059,10,21,10,108011.8217,55441.35857,37766.23924,55451.32753,8626.904222,0,0,0
2059,10,21,11,113729.9976,55623.65969,38167.44879,56917.17237,8610.234823,0,0,0
2059,10,21,12,117012.8069,55968.81431,38819.67988,57531.08018,8471.241453,0,0,0
2059,10,21,13,115738.2516,55350.33058,38846.48166,57070.62889,8664.737221,0,0,0
2059,10,21,14,111798.5535,52600.45174,37576.50226,54738.05702,8685.492256,0,0,0
2059,10,21,15,116254.5127,56135.34487,39602.89649,57762.24552,8582.534204,0,0,0
2059,10,21,16,115985.024,55434.73984,38952.78994,57265.26864,8324.893936,0,0,0
2059,10,21,17,116349.0543,55127.99021,38308.97526,55993.08299,8088.008703,0,0,0
2059,10,21,18,111733.3468,54666.23152,37704.62783,55258.89402,9034.405656,0,0,0
2059,10,21,19,108585.8537,56070.54667,40762.15513,59230.05147,9217.850757,0,0,0
2059,10,21,20,106098.8448,58594.57149,44934.81619,59545.70778,9204.940144,0,0,0
2059,10,21,21,106398.4037,58636.3267,45231.27001,60202.43307,8756.990904,0,0,0
2059,10,21,22,108559.052,58546.5244,44112.62261,59335.54261,8183.36747,0,0,0
2059,10,21,23,107569.0204,57179.38855,41785.77063,57567.7692,7756.254979,0,0,0
2059,10,21,24,106191.3436,55763.30677,39547.65868,56382.03563,7481.700173,0,0,0
2059,10,22,1,104199.2687,54570.13734,38084.26522,54465.9536,7210.659015,0,0,0
2059,10,22,2,100883.5292,53345.67193,35923.20839,53294.43804,6968.217316,0,0,0
2059,10,22,3,98656.36673,52259.95476,34826.62342,52073.64971,6755.11049,0,0,0
2059,10,22,4,97485.25974,50584.9253,33954.58506,51357.68268,6737.623964,0,0,0
2059,10,22,5,93676.71065,49804.16007,33531.31307,50995.61353,6902.928837,0,0,0
2059,10,22,6,93239.95606,50482.86609,34677.25254,52245.40989,7025.497946,0,0,0
2059,10,22,7,94656.85497,52624.06673,37261.33622,53189.68231,7196.849562,0,0,0
2059,10,22,8,96824.3671,51480.82378,34997.89333,50559.02237,7924.011234,0,0,0
2059,10,22,9,100874.7042,52073.07772,35616.54048,52299.42201,8376.209536,0,0,0
2059,10,22,10,107987.6348,55429.26509,37757.74112,55439.23404,8624.861404,0,0,0
2059,10,22,11,113704.0946,55611.40278,38159.19581,56904.18004,8608.35543,0,0,0
2059,10,22,12,116985.6783,55955.90369,38810.93662,57517.84272,8469.443772,0,0,0
2059,10,22,13,115711.4498,55338.07367,38837.98354,57057.63657,8662.694402,0,0,0
2059,10,22,14,111773.5494,52589.50224,37568.24927,54725.88182,8683.531151,0,0,0
2059,10,22,15,116227.5475,56122.6794,39593.82638,57749.41662,8580.573099,0,0,0
2059,10,22,16,115958.1406,55422.48293,38943.88325,57252.1946,8323.096255,0,0,0
2059,10,22,17,116322.1708,55115.65159,38300.47713,55980.49923,8086.292735,0,0,0
2059,10,22,18,111708.5878,54654.38317,37696.45656,55246.63711,9032.281124,0,0,0
2059,10,22,19,108562.3205,56057.88119,40752.75817,59216.48715,9215.644513,0,0,0
2059,10,22,20,106075.8018,58581.08889,44924.19354,59532.06175,9202.7339,0,0,0
2059,10,22,21,106374.9521,58622.59896,45220.72907,60188.46019,8754.948085,0,0,0
2059,10,22,22,108534.9467,58532.63323,44102.40851,59321.81487,8181.56979,0,0,0
2059,10,22,23,107545.242,57166.47793,41776.21024,57554.53174,7754.620724,0,0,0
2059,10,22,24,106167.3201,55750.64129,39538.99713,56369.28844,7479.984206,0,0,0
2059,10,23,1,104175.9806,54557.717,38076.01224,54454.02354,7251.515385,0,0,0
2059,10,23,2,101444.814,53636.56929,36114.00764,53583.04744,7007.684569,0,0,0
2059,10,23,3,99200.32844,52543.25283,35014.97129,52354.65982,6793.106914,0,0,0
2059,10,23,4,98023.41985,50858.25442,34139.74613,51635.99628,6775.37525,0,0,0
2059,10,23,5,94191.50091,50070.46189,33715.41188,51271.47574,6941.905814,0,0,0
2059,10,23,6,93750.49725,50754.72438,34864.9467,52526.66514,7065.046913,0,0,0
2059,10,23,7,95174.42346,52904.74999,37464.39238,53481.80536,7237.297368,0,0,0
2059,10,23,8,97352.63997,51755.21516,35187.05832,50830.79894,7966.501859,0,0,0
2059,10,23,9,101424.6309,52345.99827,35807.33973,52577.89903,8422.785798,0,0,0
2059,10,23,10,108584.4646,55737.15869,37965.4549,55744.67626,8672.663356,0,0,0
2059,10,23,11,114352.8121,55923.70887,38370.66838,57225.80138,8655.748819,0,0,0
2059,10,23,12,117664.0574,56273.03084,39027.47538,57846.00108,8516.428598,0,0,0
2059,10,23,13,116376.5915,55644.98672,39055.58456,57379.74819,8711.55862,0,0,0
2059,10,23,14,112400.9398,52864.30218,37773.59339,55021.92708,8733.049071,0,0,0
2059,10,23,15,116897.3468,56444.0556,39817.88271,58078.88239,8627.884775,0,0,0
2059,10,23,16,116625.0799,55730.45824,39162.9551,57576.59418,8368.2834,0,0,0
2059,10,23,17,116993.1958,55421.17552,38513.99252,56294.52129,8128.865073,0,0,0
2059,10,23,18,112330.5852,54955.49462,37903.43493,55551.99762,9085.149267,0,0,0
2059,10,23,19,109159.5589,56373.61922,40985.1492,59554.77789,9269.738346,0,0,0
2059,10,23,20,106660.7016,58920.03333,45187.79884,59873.45758,9256.582595,0,0,0
2059,10,23,21,106966.4707,58965.05705,45486.13205,60535.82105,8805.037995,0,0,0
2059,10,23,22,109145.586,58875.17304,44360.53906,59661.98501,8225.12268,0,0,0
2059,10,23,23,108146.0758,57493.81917,42015.13829,57878.68618,7796.53936,0,0,0
2059,10,23,24,106762.7608,56062.86567,39762.6449,56684.12763,7520.67715,0,0,0
2059,10,24,1,104756.8765,54862.50552,38283.64431,54749.82365,7232.88488,0,0,0
2059,10,24,2,101188.1543,53504.03122,36026.98357,53450.91794,6989.707766,0,0,0
2059,10,24,3,98951.75828,52413.65642,34928.68264,52225.88055,6775.783814,0,0,0
2059,10,24,4,97777.70964,50732.66194,34055.09173,51508.44269,6758.133862,0,0,0
2059,10,24,5,93957.06706,49949.11847,33631.49289,51145.55641,6924.174149,0,0,0
2059,10,24,6,93517.45252,50630.68444,34779.80202,52398.62128,7046.988397,0,0,0
2059,10,24,7,94937.29309,52776.62441,37371.73013,53348.45017,7218.748576,0,0,0
2059,10,24,8,97112.48622,51629.37754,35100.52453,50707.4127,7947.299365,0,0,0
2059,10,24,9,101173.9362,52221.63148,35719.98881,52450.99914,8401.458773,0,0,0
2059,10,24,10,108311.6258,55596.28593,37870.42298,55605.35604,8650.927768,0,0,0
2059,10,24,11,114055.6228,55780.79329,38274.24734,57078.96359,8634.094943,0,0,0
2059,10,24,12,117354.4479,56127.90901,38928.8481,57696.13991,8495.01986,0,0,0
2059,10,24,13,116072.1298,55505.50307,38955.81331,57233.56409,8689.251043,0,0,0
2059,10,24,14,112113.5561,52738.87313,37679.3786,54886.44735,8710.414642,0,0,0
2059,10,24,15,116592.068,56296.89096,39715.57836,57928.36752,8606.476037,0,0,0
2059,10,24,16,116321.1903,55589.91233,39062.77528,57428.6124,8347.69179,0,0,0
2059,10,24,17,116686.3645,55281.11989,38417.08121,56151.19714,8109.417441,0,0,0
2059,10,24,18,112045.8163,54817.15495,37808.48473,55413.08596,9061.207434,0,0,0
2059,10,24,19,108886.9652,56228.74253,40879.57634,59400.34082,9245.061099,0,0,0
2059,10,24,20,106392.8472,58764.94255,45067.43597,59718.53023,9231.987061,0,0,0
2059,10,24,21,106696.4918,58808.49544,45365.11548,60377.38005,8782.076715,0,0,0
2059,10,24,22,108866.9456,58719.18342,44242.62758,59506.32224,8205.184772,0,0,0
2059,10,24,23,107871.9295,57344.20314,41905.97007,57730.62269,7777.418579,0,0,0
2059,10,24,24,106490.1671,55921.17578,39660.34055,56540.55835,7502.128358,0,0,0
2059,10,25,1,104490.9832,54723.67558,38188.44897,54614.83421,7191.293096,0,0,0
2059,10,25,2,97058.22896,51236.17584,35306.03207,52947.24061,7013.07761,0,0,0
2059,10,25,3,94660.9406,50822.95451,34289.68901,51904.2592,6817.784162,0,0,0
2059,10,25,4,91283.58964,49674.15511,33346.31543,50785.0398,6744.160983,0,0,0
2059,10,25,5,89642.87954,49092.3604,32984.16457,49952.71384,6904.072815,0,0,0
2059,10,25,6,88719.0353,49268.1245,33934.48373,51184.77853,7005.3149,0,0,0
2059,10,25,7,90923.23646,51783.24263,36216.63884,51911.44992,7083.922555,0,0,0
2059,10,25,8,90107.0079,49672.11229,34076.41876,50095.79284,7760.830892,0,0,0
2059,10,25,9,92345.61012,49595.79259,34134.02624,49359.96962,8243.91661,0,0,0
2059,10,25,10,97154.07801,52312.08749,35989.23229,53051.34264,8578.285142,0,0,0
2059,10,25,11,101847.5761,52890.12341,36723.17612,53945.60687,8617.834108,0,0,0
2059,10,25,12,103524.4849,52858.17373,37208.95835,55301.46636,8453.428075,0,0,0
2059,10,25,13,104223.1288,51747.45245,37168.51055,54477.96537,8552.790767,0,0,0
2059,10,25,14,99999.96931,50223.91842,36019.95628,52517.59503,8545.926897,0,0,0
2059,10,25,15,100515.4133,52135.1794,36828.74898,54222.28621,8450.731555,0,0,0
2059,10,25,16,101166.6638,51394.86198,35982.77698,52867.97926,8215.807428,0,0,0
2059,10,25,17,99216.83441,50570.38044,35313.63135,51108.70397,8061.125211,0,0,0
2059,10,25,18,96990.97938,50134.27954,35061.54755,51145.39299,8993.630998,0,0,0
2059,10,25,19,95485.99414,51750.47582,38709.28597,56313.07008,8997.798348,0,0,0
2059,10,25,20,100207.438,54956.55689,41926.88853,56568.17725,8879.641726,0,0,0
2059,10,25,21,100051.2032,54801.95638,41653.31427,56940.13365,8710.65978,0,0,0
2059,10,25,22,98243.88082,54725.96353,40932.60791,56181.59428,8233.539092,0,0,0
2059,10,25,23,98446.93698,52863.23992,39195.80362,53854.7423,7803.158092,0,0,0
2059,10,25,24,96728.35463,51328.9198,37134.8449,53118.75565,7603.28873,0,0,0
2059,10,26,1,96836.78744,51067.43903,36260.6003,52337.66357,7017.571811,0,0,0
2059,10,26,2,90325.01749,47536.63154,33418.30435,49146.20909,6743.670707,0,0,0
2059,10,26,3,87973.32484,46301.87033,32281.51672,47830.06199,6507.439176,0,0,0
2059,10,26,4,86313.1671,44622.83695,31463.49048,46525.59981,6423.520192,0,0,0
2059,10,26,5,84179.97431,43854.16521,30914.78943,46296.96757,6508.828292,0,0,0
2059,10,26,6,82407.29813,45215.82631,31927.21028,47217.78843,6503.353539,0,0,0
2059,10,26,7,84274.02568,45822.46169,33552.88524,47163.6946,6737.460539,0,0,0
2059,10,26,8,82054.2991,44313.14567,31038.99279,44058.12021,7270.391028,0,0,0
2059,10,26,9,79630.4541,43332.91964,30520.19861,44029.8476,7817.866385,0,0,0
2059,10,26,10,82349.03695,43402.21205,31216.63629,44678.3199,7942.069749,0,0,0
2059,10,26,11,86443.25378,43599.71174,31470.76291,44481.80076,8007.521654,0,0,0
2059,10,26,12,88484.11117,43872.14201,31750.87418,44725.63158,7893.450669,0,0,0
2059,10,26,13,86563.69836,44144.49057,31728.32147,45065.72,7999.186955,0,0,0
2059,10,26,14,88076.11946,42507.7844,31408.74294,44828.58963,8066.518252,0,0,0
2059,10,26,15,87814.14842,43142.7741,31820.2483,45951.40439,7949.914172,0,0,0
2059,10,26,16,87716.50169,43679.95365,31308.31798,44596.03517,7812.228206,0,0,0
2059,10,26,17,87757.43978,42051.82731,31248.7494,44279.56173,7697.912083,0,0,0
2059,10,26,18,86561.4104,42905.31687,31744.17374,45264.77224,8601.328134,0,0,0
2059,10,26,19,87600.30618,45636.64692,35516.03381,51090.89059,8771.208921,0,0,0
2059,10,26,20,92318.07293,49359.07078,39411.44354,52477.88263,8637.772016,0,0,0
2059,10,26,21,91798.13476,49121.61356,39102.16082,52220.4875,8406.606675,0,0,0
2059,10,26,22,91685.28947,48803.751,38203.48411,51890.28632,7975.980536,0,0,0
2059,10,26,23,92078.57288,47582.96267,36831.60892,50335.53802,7500.494103,0,0,0
2059,10,26,24,90700.16068,46863.31857,34611.06522,49120.38787,6861.827329,0,0,0
2059,10,27,1,85592.70587,43204.95749,32019.38225,46186.73708,7026.151648,0,0,0
2059,10,27,2,98346.34859,52036.55213,35044.22445,51987.93305,6788.939565,0,0,0
2059,10,27,3,96182.92209,50973.55109,33963.8186,50795.98931,6581.797769,0,0,0
2059,10,27,4,95039.67915,49352.94233,33106.48854,50092.11577,6564.474668,0,0,0
2059,10,27,5,91338.25546,48580.02152,32688.11931,49741.64983,6725.693904,0,0,0
2059,10,27,6,90921.68391,49243.03869,33817.06252,50967.09579,6845.239642,0,0,0
2059,10,27,7,92312.35303,51348.12229,36338.96281,51868.71416,7012.587334,0,0,0
2059,10,27,8,94415.23039,50226.94179,34134.27138,49317.72413,7732.639997,0,0,0
2059,10,27,9,98391.2906,50814.29296,34743.27643,51031.322,8172.009399,0,0,0
2059,10,27,10,105287.2739,54039.90337,36826.37931,54062.45609,8407.178665,0,0,0
2059,10,27,11,110806.3157,54212.39896,37213.69769,55461.13305,8391.081255,0,0,0
2059,10,27,12,113930.0303,54541.61959,37832.83512,56040.39467,8259.360318,0,0,0
2059,10,27,13,112720.6001,53948.13996,37859.80033,55597.51162,8444.194536,0,0,0
2059,10,27,14,108972.5184,51325.16101,36648.98095,53394.61786,8464.377582,0,0,0
2059,10,27,15,113203.0321,54701.85828,38585.00089,56262.73503,8363.7892,0,0,0
2059,10,27,16,112947.0261,54026.74762,37960.55214,55785.12407,8121.91949,0,0,0
2059,10,27,17,113298.3092,53741.65187,37344.35636,54583.45652,7890.263872,0,0,0
2059,10,27,18,108913.3584,53317.97131,36770.16094,53889.87878,8794.006775,0,0,0
2059,10,27,19,105864.1658,54649.64383,39700.05294,57688.05035,8970.996569,0,0,0
2059,10,27,20,103429.1262,57043.00998,43730.86069,57993.24744,8958.412808,0,0,0
2059,10,27,21,103703.5175,57083.78464,44018.08097,58626.19432,8532.444295,0,0,0
2059,10,27,22,105775.8343,57005.50384,42937.26656,57790.92669,7984.560374,0,0,0
2059,10,27,23,104817.2622,55703.00276,40690.65649,56097.51187,7563.739764,0,0,0
2059,10,27,24,103479.0526,54330.80072,38537.11723,54957.12887,7292.044904,0,0,0
2059,10,28,1,101541.3984,53184.12585,37129.45186,53124.14869,7020.268331,0,0,0
2059,10,28,2,98264.06387,51994.30664,35015.37985,51945.76927,6783.13796,0,0,0
2059,10,28,3,96102.92532,50932.61301,33935.46428,50753.5804,6576.15959,0,0,0
2059,10,28,4,94959.51895,49313.39336,33078.62449,50050.6057,6558.754776,0,0,0
2059,10,28,5,91261.69062,48539.41029,32660.41869,49700.71175,6719.892299,0,0,0
2059,10,28,6,90846.18134,49202.26403,33789.28019,50926.15771,6839.274612,0,0,0
2059,10,28,7,92235.37963,51306.69393,36308.56567,51825.65155,7006.622304,0,0,0
2059,10,28,8,94336.86788,50185.43172,34106.08048,49277.03119,7726.348116,0,0,0
2059,10,28,9,98309.90471,50773.10974,34714.43183,50990.05707,8165.554093,0,0,0
2059,10,28,10,105200.0046,53995.36993,36796.47244,54017.75922,8400.069656,0,0,0
2059,10,28,11,110712.8364,54167.7021,37183.30055,55414.47508,8383.727108,0,0,0
2059,10,28,12,113832.2202,54495.53361,37801.13058,55993.32813,8252.414735,0,0,0
2059,10,28,13,112624.3425,53903.27967,37828.25921,55550.44508,8437.16724,0,0,0
2059,10,28,14,108882.471,51284.14122,36619.72779,53351.14669,8457.350287,0,0,0
2059,10,28,15,113105.8757,54655.52715,38552.3158,56215.01479,8356.843617,0,0,0
2059,10,28,16,112850.4416,53981.0702,37929.09273,55737.73068,8115.300758,0,0,0
2059,10,28,17,113200.499,53698.01727,37314.04094,54539.0865,7883.890279,0,0,0
2059,10,28,18,108822.739,53274.58185,36740.09065,53845.83561,8786.40749,0,0,0
2059,10,28,19,105777.3052,54605.43724,39666.06044,57639.10442,8962.988721,0,0,0
2059,10,28,20,103343.2461,56992.83836,43692.12885,57943.6478,8950.486672,0,0,0
2059,10,28,21,103616.7386,57034.51186,43979.34913,58575.20557,8525.008435,0,0,0
2059,10,28,22,105687.0126,56956.23106,42899.59698,57741.40877,7978.023355,0,0,0
2059,10,28,23,104729.421,55655.60937,40654.94802,56050.28191,7557.36617,0,0,0
2059,10,28,24,103392.1103,54284.55131,38504.67727,54912.26858,7285.916448,0,0,0
2059,10,29,1,101456.0086,53140.40953,37098.56444,53080.35067,7018.634076,0,0,0
2059,10,29,2,98242.24656,51983.27542,35007.61714,51934.49292,6781.585418,0,0,0
2059,10,29,3,96081.68001,50922.23549,33927.94671,50742.79432,6574.607048,0,0,0
2059,10,29,4,94938.51878,49302.60728,33071.27035,50039.49277,6557.283947,0,0,0
2059,10,29,5,91241.50758,48528.54249,32652.98283,49690.1708,6718.42147,0,0,0
2059,10,29,6,90826.16172,49191.64138,33782.00776,50915.12649,6837.72207,0,0,0
2059,10,29,7,92215.03316,51295.90785,36300.55783,51814.37519,7004.988049,0,0,0
2059,10,29,8,94316.11284,50174.72735,34098.72634,49266.08168,7724.713861,0,0,0
2059,10,29,9,98288.41426,50762.24195,34707.07769,50979.10756,8164.001551,0,0,0
2059,10,29,10,105177.2885,53983.19473,36788.62802,54006.15601,8398.271976,0,0,0
2059,10,29,11,110688.3225,54155.77203,37175.29271,55402.38159,8381.766002,0,0,0
2059,10,29,12,113806.3173,54483.68526,37792.63246,55980.74437,8250.535342,0,0,0
2059,10,29,13,112598.9298,53891.51303,37820.16965,55537.94303,8435.287847,0,0,0
2059,10,29,14,108858.6109,51273.02829,36611.71994,53339.78861,8455.389181,0,0,0
2059,10,29,15,113080.3813,54643.51538,38543.49082,56202.59446,8355.209362,0,0,0
2059,10,29,16,112825.029,53969.05842,37920.83974,55725.39205,8113.58479,0,0,0
2059,10,29,17,113174.8412,53686.49577,37305.86966,54527.23815,7882.174311,0,0,0
2059,10,29,18,108798.9606,53263.14206,36732.00109,53834.15069,8784.364672,0,0,0
2059,10,29,19,105753.6902,54593.5889,39657.15375,57626.27552,8960.945902,0,0,0
2059,10,29,20,103320.2848,56979.84604,43681.91475,57930.32863,8948.362141,0,0,0
2059,10,29,21,103593.6139,57021.35611,43968.97161,58561.72297,8523.129042,0,0,0
2059,10,29,22,105663.561,56943.15702,42889.4646,57728.00788,7976.307387,0,0,0
2059,10,29,23,104706.2146,55643.43418,40645.71448,56037.69815,7555.731915,0,0,0
2059,10,29,24,103369.2307,54272.78468,38496.506,54900.66537,7284.282194,0,0,0
2059,10,30,1,101433.1291,53128.80632,37090.55659,53068.82917,7058.10133,0,0,0
2059,10,30,2,98784.00203,52262.24271,35198.41639,52212.47966,6820.072119,0,0,0
2059,10,30,3,96609.38088,51197.60743,34114.74203,51017.67597,6611.786345,0,0,0
2059,10,30,4,95463.11457,49566.53943,33254.87887,50312.41332,6594.463244,0,0,0
2059,10,30,5,91743.95922,48794.27232,32834.54854,49959.82284,6756.00933,0,0,0
2059,10,30,6,91323.05689,49459.41403,33965.698,51187.88361,6876.699047,0,0,0
2059,10,30,7,92717.97507,51569.56382,36498.87465,52097.42812,7044.291877,0,0,0
2059,10,30,8,94831.88365,50444.29768,34284.62282,49533.20063,7765.81537,0,0,0
2059,10,30,9,98823.22414,51034.18195,34895.58898,51251.61955,8207.22759,0,0,0
2059,10,30,10,105756.6318,54277.76916,36986.046,54299.50474,8444.766525,0,0,0
2059,10,30,11,111300.6778,54452.71613,37375.48892,55707.7421,8428.587402,0,0,0
2059,10,30,12,114457.8129,54783.57102,38000.18281,56294.27615,8295.313924,0,0,0
2059,10,30,13,113234.4915,54187.72172,38027.72001,55848.28802,8482.027534,0,0,0
2059,10,30,14,109452.8259,51544.23287,36806.27797,53624.72094,8502.374006,0,0,0
2059,10,30,15,113724.9314,54946.58793,38757.82334,56519.39475,8401.050209,0,0,0
2059,10,30,16,113465.4117,54266.73794,38130.84149,56036.55417,8156.402266,0,0,0
2059,10,30,17,113816.6131,53974.36975,37508.43555,54821.48573,7924.174659,0,0,0
2059,10,30,18,109391.8682,53547.58411,36929.33736,54122.67838,8835.189996,0,0,0
2059,10,30,19,106326.7416,54892.24896,39882.43578,57950.0214,9013.323769,0,0,0
2059,10,30,20,103887.4529,57308.41296,43936.94022,58259.54926,9000.576581,0,0,0
2059,10,30,21,104168.7899,57349.26933,44225.54961,58894.70238,8571.094421,0,0,0
2059,10,30,22,106251.1573,57269.10914,43137.87133,58054.45028,8018.879725,0,0,0
2059,10,30,23,105287.9276,55954.0243,40878.43236,56349.92253,7596.996849,0,0,0
2059,10,30,24,103943.8347,54574.87668,38708.55056,55199.40715,7325.138564,0,0,0
2059,10,31,1,101994.4139,53418.96826,37292.79563,53355.0689,7040.042814,0,0,0
2059,10,31,2,98537.22956,52134.85255,35111.47404,52086.15176,6802.503879,0,0,0
2059,10,31,3,96369.30885,51071.52467,34029.43393,50892.98233,6594.790095,0,0,0
2059,10,31,4,95224.10481,49445.93142,33171.36845,50188.12824,6577.630419,0,0,0
2059,10,31,5,91515.40868,48673.90946,32752.26381,49836.68174,6738.931368,0,0,0
2059,10,31,6,91097.03945,49337.74376,33881.94244,51063.3534,6858.967383,0,0,0
2059,10,31,7,92488.44399,51444.54333,36409.80776,51967.83171,7026.396787,0,0,0
2059,10,31,8,94597.85837,50322.70912,34199.47815,49412.4292,7746.776301,0,0,0
2059,10,31,9,98579.72018,50910.22372,34809.54546,51127.4979,8187.371394,0,0,0
2059,10,31,10,105490.8203,54143.76026,36896.16199,54165.90441,8423.766351,0,0,0
2059,10,31,11,111022.5276,54317.07298,37283.80722,55568.91216,8407.178665,0,0,0
2059,10,31,12,114159.7249,54646.29361,37906.62173,56151.19714,8274.804026,0,0,0
2059,10,31,13,112944.2479,54051.34315,37933.01494,55706.84326,8460.782222,0,0,0
2059,10,31,14,109181.7847,51421.01006,36717.45622,53495.04282,8480.883556,0,0,0
2059,10,31,15,113430.6838,54807.92141,38660.34004,56374.35463,8379.968322,0,0,0
2059,10,31,16,113172.635,54130.03252,38034.42045,55895.0277,8136.872921,0,0,0
2059,10,31,17,113523.4278,53843.38423,37415.28302,54686.57799,7904.890453,0,0,0
2059,10,31,18,109122.2162,53417.74257,36839.69848,53990.63059,8811.983578,0,0,0
2059,10,31,19,106066.078,54754.88984,39779.55944,57802.36648,8989.463649,0,0,0
2059,10,31,20,103628.7504,57159.28721,43820.82641,58108.54411,8976.798174,0,0,0
2059,10,31,21,103906.1651,57199.48988,44108.70039,58742.7984,8549.277119,0,0,0
2059,10,31,22,105983.3847,57119.49311,43024.53576,57906.05994,7999.35038,0,0,0
2059,10,31,23,105021.7892,55812.08927,40772.94122,56208.39606,7578.202919,0,0,0
2059,10,31,24,103680.638,54436.4553,38611.47582,55062.29317,7306.426346,0,0,0
2059,11,1,1,101739.7153,53285.28622,37201.03222,53224.73708,6999.513295,0,0,0
2059,11,1,2,94548.09531,49935.96272,34401.14519,51595.79361,6825.465159,0,0,0
2059,11,1,3,92217.2394,49528.543,33401.47153,50570.95243,6635.891603,0,0,0
2059,11,1,4,88900.84615,48400.82548,32469.61944,49472.0795,6563.739254,0,0,0
2059,11,1,5,87294.21025,47821.80901,32112.28963,48663.2868,6719.565449,0,0,0
2059,11,1,6,86383.44006,47988.42128,33051.0873,49879.90778,6817.784162,0,0,0
2059,11,1,7,88554.38413,50466.27841,35291.40549,50575.36491,6894.839275,0,0,0
2059,11,1,8,87750.73933,48373.12486,33189.34526,48810.69658,7561.860371,0,0,0
2059,11,1,9,89942.68358,48304.48616,33246.46246,48081.16524,8037.83708,0,0,0
2059,11,1,10,94657.1001,50955.08402,35074.13131,51707.08636,8353.084831,0,0,0
2059,11,1,11,99239.46884,51515.71512,35786.0127,52583.37378,8391.489819,0,0,0
2059,11,1,12,100862.8558,51490.05732,36256.84151,53884.15889,8235.418485,0,0,0
2059,11,1,13,101536.4957,50431.87734,36217.53768,53101.1057,8328.979573,0,0,0
2059,11,1,14,97422.66778,48935.55365,35101.09652,51191.07041,8322.197415,0,0,0
2059,11,1,15,97933.12727,50814.12954,35885.94738,52852.12698,8233.130529,0,0,0
2059,11,1,16,98566.89128,50090.97179,35061.13899,51534.50905,8009.727898,0,0,0
2059,11,1,17,96658.2451,49268.28793,34406.45652,49809.4714,7857.578776,0,0,0
2059,11,1,18,94477.82235,48838.47891,34159.60233,49846.32385,8747.757364,0,0,0
2059,11,1,19,92999.55718,50432.93961,37696.61999,54845.75441,8751.679576,0,0,0
2059,11,1,20,97608.1557,53556.81765,40795.00366,55066.13367,8640.305111,0,0,0
2059,11,1,21,97462.05332,53411.36897,40533.44118,55426.07829,8481.128694,0,0,0
2059,11,1,22,95696.48615,53338.3995,39831.03846,54694.58584,8027.622988,0,0,0
2059,11,1,23,95892.51502,51525.92922,38159.68608,52451.65285,7603.697294,0,0,0
2059,11,1,24,94231.45844,50020.94397,36186.15999,51752.27351,7406.606165,0,0,0
2059,11,2,1,94328.28804,49770.65785,35342.39424,51002.23227,6942.804654,0,0,0
2059,11,2,2,89379.19252,47039.32781,33068.57383,48633.7885,6671.845208,0,0,0
2059,11,2,3,87045.39496,45812.08417,31938.56835,47328.01892,6437.901634,0,0,0
2059,11,2,4,85396.18673,44142.12091,31126.99742,46033.68912,6354.227789,0,0,0
2059,11,2,5,83280.39876,43379.82276,30582.54543,45805.54715,6439.209038,0,0,0
2059,11,2,6,81520.46977,44731.59661,31586.95843,46721.7921,6433.815997,0,0,0
2059,11,2,7,83375.51239,45331.69497,33202.82786,46668.43368,6665.716753,0,0,0
2059,11,2,8,81172.53692,43835.04443,30705.27796,43587.86339,7193.49934,0,0,0
2059,11,2,9,78767.97613,42865.44106,30190.97798,43555.26001,7738.850165,0,0,0
2059,11,2,10,81464.00627,42934.40661,30881.94091,44197.93071,7861.991264,0,0,0
2059,11,2,11,85525.86485,43129.53663,31133.45272,44001.65671,7926.626042,0,0,0
2059,11,2,12,87543.76096,43398.94354,31412.50173,44242.95443,7814.843013,0,0,0
2059,11,2,13,85637.64788,43668.67729,31390.03072,44580.75489,7918.454768,0,0,0
2059,11,2,14,87140.5903,42047.49653,31073.39386,44344.7685,7985.132363,0,0,0
2059,11,2,15,86879.84495,42676.60292,31481.30386,45459.65712,7869.508836,0,0,0
2059,11,2,16,86785.13988,43209.04313,30973.37746,44113.68487,7733.211986,0,0,0
2059,11,2,17,86823.95344,41595.87022,30914.626,43799.90795,7618.650725,0,0,0
2059,11,2,18,85643.36777,42441.7605,31406.5367,44778.49972,8510.790419,0,0,0
2059,11,2,19,86668.53581,45146.61562,35153.88295,50565.80452,8676.994132,0,0,0
2059,11,2,20,91353.94431,48844.85251,38995.77084,51925.99479,8547.642864,0,0,0
2059,11,2,21,90840.05289,48608.45755,38690.57375,51671.62303,8319.827746,0,0,0
2059,11,2,22,90729.57726,48292.39267,37806.44191,51348.44914,7895.330062,0,0,0
2059,11,2,23,91112.15631,47078.05965,36452.05325,49820.42091,7423.193851,0,0,0
2059,11,2,24,89749.51466,46365.76969,34254.38911,48616.13855,6788.122437,0,0,0
2059,11,3,1,84679.15744,42736.49835,31679.70239,45692.53843,6951.302779,0,0,0
2059,11,3,2,97325.83819,51504.92904,34685.75066,51458.67963,6717.114066,0,0,0
2059,11,3,3,95187.25236,50456.22774,33614.08808,50275.80601,6511.116249,0,0,0
2059,11,3,4,94053.65152,48848.03931,32759.53624,49576.99866,6494.119999,0,0,0
2059,11,3,5,90388.42657,48079.53099,32343.78182,49231.84404,6653.868406,0,0,0
2059,11,3,6,89978.88232,48738.13567,33467.74056,50450.26271,6771.861602,0,0,0
2059,11,3,7,91356.72254,50826.46816,35968.55896,51338.64362,6937.901889,0,0,0
2059,11,3,8,93443.01221,49713.94921,33781.35406,48810.20631,7653.787203,0,0,0
2059,11,3,9,97375.27439,50299.01243,34387.17231,50514.08036,8090.705223,0,0,0
2059,11,3,10,104200.4944,53488.42409,36453.6875,53515.14415,8320.399735,0,0,0
2059,11,3,11,109653.0221,53653.48382,36832.58947,54885.54851,8305.03774,0,0,0
2059,11,3,12,112714.2265,53972.16351,37442.90193,55451.57266,8176.340174,0,0,0
2059,11,3,13,111532.8237,53399.11206,37467.33404,55021.68194,8356.271628,0,0,0
2059,11,3,14,107848.3963,50810.77932,36280.5382,52855.31378,8375.800972,0,0,0
2059,11,3,15,112004.2245,54135.18042,38180.60454,55667.86629,8278.644525,0,0,0
2059,11,3,16,111756.9617,53476.24889,37565.55275,55202.34881,8041.023877,0,0,0
2059,11,3,17,112094.6805,53201.53066,36966.35323,54031.16011,7811.819642,0,0,0
2059,11,3,18,107792.9133,52782.09917,36397.71427,53348.77702,8699.219997,0,0,0
2059,11,3,19,104781.8806,54088.27731,39277.18951,57080.9247,8872.369293,0,0,0
2059,11,3,20,102355.4207,56431.39013,43250.22635,57372.63918,8860.275807,0,0,0
2059,11,3,21,102622.3763,56472.98191,43533.36099,57997.57821,8442.805419,0,0,0
2059,11,3,22,104669.7707,56391.75945,42469.29769,57177.10059,7903.664762,0,0,0
2059,11,3,23,103723.1286,55122.27032,40253.73847,55508.36302,7485.540672,0,0,0
2059,11,3,24,102399.7091,53765.92055,38136.0711,54392.16699,7214.826365,0,0,0
2059,11,4,1,100485.6698,52638.85673,36751.53044,52583.70063,6945.337749,0,0,0
2059,11,4,2,97244.69744,51463.01041,34657.31463,51416.92442,6711.312462,0,0,0
2059,11,4,3,95108.15443,50414.79938,33586.06061,50234.37765,6505.559783,0,0,0
2059,11,4,4,93975.37071,48808.00006,32731.99905,49536.224,6488.48182,0,0,0
2059,11,4,5,90312.76058,48039.49174,32316.24463,49191.31453,6648.148514,0,0,0
2059,11,4,6,89903.7066,48698.09643,33439.87652,50409.40634,6766.059997,0,0,0
2059,11,4,7,91281.46511,50785.77522,35939.14238,51296.47984,6931.936859,0,0,0
2059,11,4,8,93366.20224,49672.76599,33753.16316,48769.7585,7647.495322,0,0,0
2059,11,4,9,97295.19591,50257.99263,34358.73628,50473.06056,8084.249917,0,0,0
2059,11,4,10,104115.4315,53445.19805,36424.43434,53471.01928,8313.862716,0,0,0
2059,11,4,11,109562.2393,53610.42121,36802.6009,54839.95281,8298.092157,0,0,0
2059,11,4,12,112618.786,53928.12034,37412.17794,55405.48668,8169.803155,0,0,0
2059,11,4,13,111439.9163,53356.62144,37436.36491,54976.24966,8349.326045,0,0,0
2059,11,4,14,107759.8197,50769.75952,36251.12162,52812.98658,8368.773677,0,0,0
2059,11,4,15,111910.5817,54090.56527,38148.57315,55621.69859,8271.94408,0,0,0
2059,11,4,16,111663.3189,53432.53257,37534.4202,55156.99824,8034.405145,0,0,0
2059,11,4,17,112000.0571,53159.53031,36936.52808,53987.60722,7805.364336,0,0,0
2059,11,4,18,107703.7647,52739.60854,36368.21597,53305.79612,8691.784137,0,0,0
2059,11,4,19,104695.1016,54045.37812,39243.68729,57033.12274,8864.688295,0,0,0
2059,11,4,20,102271.0932,56383.34304,43212.47506,57324.0201,8852.513097,0,0,0
2059,11,4,21,102537.3133,56425.50681,43495.28286,57948.06029,8435.614698,0,0,0
2059,11,4,22,104583.1552,56343.05866,42432.60867,57128.48151,7897.209455,0,0,0
2059,11,4,23,103638.2291,55077.08318,40219.25569,55462.19532,7479.412216,0,0,0
2059,11,4,24,102314.8095,53721.63225,38104.52998,54347.87869,7208.697909,0,0,0
2059,11,5,1,100402.0777,52595.87583,36721.787,52540.63802,6943.785207,0,0,0
2059,11,5,2,97223.45212,51451.97919,34649.87877,51405.97491,6709.841632,0,0,0
2059,11,5,3,95087.72624,50404.25844,33578.70646,50223.67328,6504.088954,0,0,0
2059,11,5,4,93955.10596,48797.05056,32724.80833,49525.68306,6487.010991,0,0,0
2059,11,5,5,90293.06781,48029.44108,32308.9722,49180.69187,6646.677685,0,0,0
2059,11,5,6,89884.17726,48687.71891,33432.6858,50398.8654,6764.507455,0,0,0
2059,11,5,7,91261.36377,50774.58057,35931.62481,51285.44862,6930.384317,0,0,0
2059,11,5,8,93346.10091,49662.06162,33745.64559,48759.21756,7645.779355,0,0,0
2059,11,5,9,97274.11402,50247.61511,34351.13699,50462.27448,8082.615662,0,0,0
2059,11,5,10,104092.797,53434.16683,36416.83505,53460.15148,8312.065035,0,0,0
2059,11,5,11,109538.9511,53599.14485,36794.83819,54828.18617,8296.376189,0,0,0
2059,11,5,12,112594.4356,53916.51713,37404.17009,55393.47491,8168.087188,0,0,0
2059,11,5,13,111416.1379,53345.26337,37428.43877,54964.64645,8347.528364,0,0,0
2059,11,5,14,107736.9401,50758.81001,36243.2772,52801.79194,8366.975997,0,0,0
2059,11,5,15,111886.313,54078.63521,38140.40188,55609.68682,8270.228113,0,0,0
2059,11,5,16,111639.2137,53421.25622,37526.57577,55145.06818,8032.689178,0,0,0
2059,11,5,17,111975.4616,53148.5808,36929.01051,53976.576,7803.648368,0,0,0
2059,11,5,18,107681.4571,52728.4139,36360.61669,53295.01003,8689.823032,0,0,0
2059,11,5,19,104672.7941,54034.02005,39235.27088,57021.02926,8862.645476,0,0,0
2059,11,5,20,102249.3576,56371.24955,43202.66954,57311.43634,8850.551991,0,0,0
2059,11,5,21,102515.5777,56413.08647,43485.55904,57935.23139,8433.89873,0,0,0
2059,11,5,22,104560.5207,56330.96517,42423.13,57115.81604,7895.656913,0,0,0
2059,11,5,23,103616.2483,55065.0714,40210.43071,55449.77498,7477.859674,0,0,0
2059,11,5,24,102292.7471,53710.19246,38096.35871,54336.4389,7207.063654,0,0,0
2059,11,6,1,100380.5055,52584.84461,36713.86086,52529.68851,6983.089035,0,0,0
2059,11,6,2,97756.9546,51731.60018,34837.65464,51683.06281,6747.429493,0,0,0
2059,11,6,3,95608.48153,50676.85214,33762.23328,50496.10356,6540.941399,0,0,0
2059,11,6,4,94469.40594,49062.61696,32906.45575,49794.35455,6523.781724,0,0,0
2059,11,6,5,90790.7801,48290.43157,32489.47564,49448.13767,6684.183832,0,0,0
2059,11,6,6,90377.47707,48950.18023,33615.96747,50669.33456,6802.749018,0,0,0
2059,11,6,7,91761.2006,51047.41941,36123.81317,51563.10851,6969.443007,0,0,0
2059,11,6,8,93853.61873,49931.05996,33930.64323,49025.11081,7687.289427,0,0,0
2059,11,6,9,97805.41026,50517.83914,34537.76889,50733.56078,8125.187999,0,0,0
2059,11,6,10,104658.9846,53719.50772,36610.41254,53745.32894,8356.761904,0,0,0
2059,11,6,11,110139.0495,53888.40795,36994.13556,55128.39878,8340.746207,0,0,0
2059,11,6,12,113226.8922,54212.56239,37606.2457,55699.97939,8211.558365,0,0,0
2059,11,6,13,112031.4348,53628.56144,37632.72062,55264.20535,8393.287499,0,0,0
2059,11,6,14,108322.1667,51027.72664,36436.69125,53083.86431,8413.388833,0,0,0
2059,11,6,15,112508.0653,54374.76218,38350.56704,55919.78666,8314.679843,0,0,0
2059,11,6,16,112258.3511,53707.16909,37733.06387,55447.65045,8075.506654,0,0,0
2059,11,6,17,112601.2995,53427.22125,37125.77479,54264.53169,7844.995014,0,0,0
2059,11,6,18,108265.2129,53007.78975,36555.0113,53577.57269,8739.504378,0,0,0
2059,11,6,19,105238.6548,54324.50884,39456.38555,57337.01242,8913.879364,0,0,0
2059,11,6,20,102809.335,56687.06929,43453.11908,57635.67249,8901.459028,0,0,0
2059,11,6,21,103078.3334,56728.90621,43737.72456,58261.7555,8480.556705,0,0,0
2059,11,6,22,105136.2687,56651.52425,42666.63396,57436.12998,7938.065825,0,0,0
2059,11,6,23,104183.9067,55366.42799,40436.93843,55757.0966,7518.470906,0,0,0
2059,11,6,24,102854.1136,54004.11319,38305.21647,54631.50361,7247.838312,0,0,0
2059,11,7,1,100929.6152,52868.8781,36909.80801,52810.69862,6965.193944,0,0,0
2059,11,7,2,97514.26776,51603.63803,34752.34654,51556.32636,6730.35153,0,0,0
2059,11,7,3,95370.9426,50552.73048,33678.80457,50372.30875,6524.190288,0,0,0
2059,11,7,4,94235.46237,48941.11012,32823.68075,49671.86715,6507.030612,0,0,0
2059,11,7,5,90563.86383,48171.53953,32407.35434,49326.14055,6667.10587,0,0,0
2059,11,7,6,90151.86819,48830.22593,33532.53876,50545.62148,6785.344204,0,0,0
2059,11,7,7,91533.30377,50923.13433,36036.54396,51436.12691,6951.547917,0,0,0
2059,11,7,8,93622.28997,49808.8177,33846.64254,48904.17596,7668.250358,0,0,0
2059,11,7,9,97562.55999,50393.96263,34453.44134,50609.43913,8105.658655,0,0,0
2059,11,7,10,104398.9747,53589.99302,36521.59079,53615.56911,8336.252006,0,0,0
2059,11,7,11,109865.7204,53755.13447,36903.10757,54991.44823,8320.399735,0,0,0
2059,11,7,12,112936.7303,54076.91924,37513.9103,55559.67862,8191.783882,0,0,0
2059,11,7,13,111749.3625,53497.90277,37539.07782,55128.15364,8372.205612,0,0,0
2059,11,7,14,108054.8844,50905.72952,36348.60492,52955.00332,8392.225233,0,0,0
2059,11,7,15,112223.6232,54239.44588,38255.53513,55777.52478,8294.578509,0,0,0
2059,11,7,16,111973.6639,53576.67385,37638.76737,55309.80106,8056.140734,0,0,0
2059,11,7,17,112315.55,53298.76882,37035.48221,54132.81076,7826.201084,0,0,0
2059,11,7,18,107999.1563,52880.31788,36465.78099,53448.38485,8716.706523,0,0,0
2059,11,7,19,104981.9951,54189.84625,39355.47032,57191.80888,8890.427808,0,0,0
2059,11,7,20,102553.0022,56543.09144,43338.63953,57487.36386,8878.007472,0,0,0
2059,11,7,21,102819.5491,56584.02953,43622.26445,58112.62975,8459.311393,0,0,0
2059,11,7,22,104872.1731,56504.44132,42555.58635,57289.70075,7918.618193,0,0,0
2059,11,7,23,103923.4065,55228.41517,40333.89866,55616.22383,7499.922114,0,0,0
2059,11,7,24,102597.2905,53869.69573,38209.44914,54496.51416,7229.207807,0,0,0
2059,11,8,1,100679.329,52737.89257,36821.2314,52682.73647,6924.909564,0,0,0
2059,11,8,2,93573.58917,49428.85346,34047.8193,51069.31843,6752.659108,0,0,0
2059,11,8,3,91262.8346,49022.33258,33052.80327,50051.50454,6564.801519,0,0,0
2059,11,8,4,87967.93179,47899.68125,32125.28196,48961.78344,6493.384585,0,0,0
2059,11,8,5,86372.24541,47326.30295,31770.56695,48159.20091,6647.821663,0,0,0
2059,11,8,6,85470.13676,47488.33931,32704.62528,49371.65454,6745.223249,0,0,0
2059,11,8,7,87627.18967,49949.2819,34932.11457,50055.59017,6820.889246,0,0,0
2059,11,8,8,86827.22195,47866.83273,32843.2918,48307.83638,7483.742992,0,0,0
2059,11,8,9,89001.35282,47802.03452,32898.28448,47579.28559,7956.778043,0,0,0
2059,11,8,10,93681.69513,50430.9785,34714.92211,51184.28825,8268.185294,0,0,0
2059,11,8,11,98227.53827,50981.15038,35421.98245,52052.89468,8305.446303,0,0,0
2059,11,8,12,99836.54383,50963.337,35887.58164,53344.11939,8153.215469,0,0,0
2059,11,8,13,100499.9696,49917.65907,35849.01323,52568.7472,8244.243461,0,0,0
2059,11,8,14,96408.04069,48426.40157,34742.13245,50674.56418,8237.788155,0,0,0
2059,11,8,15,96921.93211,50299.66613,35520.20116,52320.83075,8151.009225,0,0,0
2059,11,8,16,97551.93734,49574.38385,34702.50177,51014.73432,7928.832285,0,0,0
2059,11,8,17,95660.77769,48760.03468,34051.16952,49299.50219,7778.889408,0,0,0
2059,11,8,18,93491.30444,48327.36573,33807.09357,49334.14839,8654.27799,0,0,0
2059,11,8,19,92025.70474,49915.9431,37305.95138,54273.27495,8657.87335,0,0,0
2059,11,8,20,96597.77767,53017.92213,40357.02337,54484.50239,8550.257672,0,0,0
2059,11,8,21,96452.81927,52872.31003,40097.58542,54840.44308,8392.552084,0,0,0
2059,11,8,22,94708.33399,52804.07989,39409.2373,54118.02075,7946.727376,0,0,0
2059,11,8,23,94902.23832,51006.3179,37761.4999,51909.48882,7525.089638,0,0,0
2059,11,8,24,93261.52822,49508.35996,35820.74062,51224.57263,7329.060775,0,0,0
2059,11,9,1,93350.34997,49258.97267,34982.9399,50483.11123,6879.47728,0,0,0
2059,11,9,2,88575.46601,46614.58499,32770.56746,48200.95612,6610.724079,0,0,0
2059,11,9,3,86257.19387,45394.69549,31646.77215,46900.66129,6378.496472,0,0,0
2059,11,9,4,84617.54604,43734.53776,30841.81995,45614.01249,6295.558041,0,0,0
2059,11,9,5,82516.46636,42977.79607,30300.55476,45387.17792,6379.885589,0,0,0
2059,11,9,6,80767.56858,44321.15352,31298.10389,46300.88978,6374.410835,0,0,0
2059,11,9,7,82613.21424,44915.53199,32905.06663,46248.67534,6604.595624,0,0,0
2059,11,9,8,80423.63966,43429.91266,30421.65304,43187.30754,7128.047435,0,0,0
2059,11,9,9,78036.64711,42469.70626,29911.27527,43152.74305,7671.60058,0,0,0
2059,11,9,10,80712.82105,42538.01811,30597.58057,43790.02071,7794.986818,0,0,0
2059,11,9,11,84747.14244,42731.51388,30848.19355,43594.48212,7858.641042,0,0,0
2059,11,9,12,86745.18236,42997.89741,31125.19973,43833.00161,7746.939727,0,0,0
2059,11,9,13,84854.92154,43265.58834,31103.05558,44168.35069,7850.551481,0,0,0
2059,11,9,14,86343.9728,41656.74621,30789.11524,43934.32541,7916.248524,0,0,0
2059,11,9,15,86084.94342,42280.94983,31193.51159,45042.10502,7802.667815,0,0,0
2059,11,9,16,85994.48741,42809.79468,30689.83426,43704.71261,7665.798976,0,0,0
2059,11,9,17,86030.03246,41209.12382,30631.16451,43392.97851,7551.40114,0,0,0
2059,11,9,18,84864.72707,42049.29421,31119.56156,44364.70641,8434.552432,0,0,0
2059,11,9,19,85878.70046,44731.18805,34845.66249,50122.83976,8599.612167,0,0,0
2059,11,9,20,90538.0426,48407.19907,38646.12202,51458.43449,8470.506038,0,0,0
2059,11,9,21,90027.58311,48170.15042,38343.29461,51206.59583,8247.511971,0,0,0
2059,11,9,22,89917.76119,47855.06609,37471.09282,50891.83835,7827.998765,0,0,0
2059,11,9,23,90291.1067,46651.11058,36131.41245,49384.89201,7357.006532,0,0,0
2059,11,9,24,88942.02937,45943.88682,33951.56169,48186.41125,6726.674457,0,0,0
2059,11,10,1,83903.62183,42339.45615,31390.43929,45272.78009,6888.057118,0,0,0
2059,11,10,2,96463.93221,51054.36499,34381.86098,51011.87437,6655.666086,0,0,0
2059,11,10,3,94347.49053,50022.08795,33315.75486,49835.1292,6451.547662,0,0,0
2059,11,10,4,93225.32948,48416.75946,32464.96182,49141.06119,6434.633125,0,0,0
2059,11,10,5,89584.70006,47656.34071,32049.8611,48799.01166,6592.910702,0,0,0
2059,11,10,6,89177.11692,48310.45119,33169.65249,50012.44585,6710.577047,0,0,0
2059,11,10,7,90548.01155,50386.44506,35656.98829,50886.20018,6874.656229,0,0,0
2059,11,10,8,92619.59294,49275.64207,33482.53057,48378.10934,7586.129055,0,0,0
2059,11,10,9,96515.65637,49864.30065,34085.16202,50072.83156,8021.494532,0,0,0
2059,11,10,10,103290.1328,53032.87556,36140.48257,53056.49055,8248.08396,0,0,0
2059,11,10,11,108680.6405,53191.88856,36514.56349,54403.60677,8232.803678,0,0,0
2059,11,10,12,111699.3543,53498.47476,37116.21439,54958.92655,8106.557495,0,0,0
2059,11,10,13,110541.7299,52941.84757,37141.21849,54542.35501,8283.465576,0,0,0
2059,11,10,14,106904.2056,50371.90019,35967.08813,52402.87034,8302.749783,0,0,0
2059,11,10,15,111005.7765,53660.02084,37840.27098,55172.19681,8207.472728,0,0,0
2059,11,10,16,110762.5994,53022.00777,37238.45665,54716.64828,7971.486336,0,0,0
2059,11,10,17,111091.2481,52750.2312,36645.54901,53565.64263,7743.998068,0,0,0
2059,11,10,18,106843.0844,52331.12655,36085.89846,52893.55534,8621.102617,0,0,0
2059,11,10,19,103860.978,53622.43298,38920.59512,56571.93604,8789.839425,0,0,0
2059,11,10,20,101453.8024,55930.00076,42845.99343,56853.02786,8777.74594,0,0,0
2059,11,10,21,101718.2248,55963.58469,43124.71558,57466.85397,8367.221135,0,0,0
2059,11,10,22,103736.3661,55878.03145,42076.99483,56659.77723,7836.333464,0,0,0
2059,11,10,23,102809.7436,54637.2235,39886.11285,55014.89978,7419.516778,0,0,0
2059,11,10,24,101494.0868,53294.68318,37798.92434,53914.63774,7149.456173,0,0,0
2059,11,11,1,99594.59241,52182.40937,36434.40329,52128.7241,6882.173801,0,0,0
2059,11,11,2,96384.09886,51013.50862,34353.34324,50970.28258,6649.946194,0,0,0
2059,11,11,3,94268.71945,49981.14987,33287.80911,49793.70084,6445.991196,0,0,0
2059,11,11,4,93147.62066,48376.72022,32437.42462,49100.28653,6429.158371,0,0,0
2059,11,11,5,89509.60606,47616.71003,32022.32391,48758.64557,6587.272523,0,0,0
2059,11,11,6,89102.51319,48270.16681,33141.95187,49971.42605,6704.775443,0,0,0
2059,11,11,7,90472.67241,50344.85327,35627.65341,50844.44497,6868.772911,0,0,0
2059,11,11,8,92542.70125,49234.45885,33454.58481,48337.66153,7579.755461,0,0,0
2059,11,11,9,96435.57789,49823.36257,34056.8077,50031.73005,8014.875801,0,0,0
2059,11,11,10,103204.8247,52990.30323,36111.39283,53013.8365,8241.465228,0,0,0
2059,11,11,11,108591.0016,53149.31622,36485.22862,54358.99162,8226.430084,0,0,0
2059,11,11,12,111606.3652,53456.31098,37085.98068,54913.57598,8100.183901,0,0,0
2059,11,11,13,110450.7019,52900.41921,37110.98478,54497.82156,8276.765132,0,0,0
2059,11,11,14,106816.3644,50331.86095,35938.08011,52360.86999,8295.967626,0,0,0
2059,11,11,15,110913.0326,53616.7948,37808.72987,55126.6011,8200.772284,0,0,0
2059,11,11,16,110670.5092,52979.844,37208.30465,54671.8697,7964.949317,0,0,0
2059,11,11,17,110998.9944,52708.47599,36616.13243,53522.4983,7737.706187,0,0,0
2059,11,11,18,106754.3444,52289.45306,36056.6453,52851.63671,8613.993609,0,0,0
2059,11,11,19,103775.5882,53579.53379,38887.82831,56524.13409,8782.158428,0,0,0
2059,11,11,20,101370.5371,55883.91477,42809.14098,56805.1442,8770.146655,0,0,0
2059,11,11,21,101634.7144,55917.33528,43086.80087,57417.90804,8360.275552,0,0,0
2059,11,11,22,103649.914,55830.55635,42040.46924,56611.97528,7829.878158,0,0,0
2059,11,11,23,102724.844,54592.11807,39852.36549,54969.4675,7413.388323,0,0,0
2059,11,11,24,101410.1678,53250.88515,37767.54664,53870.02258,7143.40943,0,0,0
2059,11,12,1,99512.79796,52139.59189,36404.41472,52086.56032,6880.539546,0,0,0
2059,11,12,2,96362.69012,51002.55912,34345.58052,50959.00623,6648.475365,0,0,0
2059,11,12,3,94247.8827,49970.28207,33280.29154,49782.91476,6444.520366,0,0,0
2059,11,12,4,93127.27419,48366.09757,32429.98876,49089.74559,6427.687542,0,0,0
2059,11,12,5,89489.74986,47606.49594,32014.96976,48748.10462,6585.801693,0,0,0
2059,11,12,6,89082.90213,48259.62587,33134.51601,49960.47655,6703.222901,0,0,0
2059,11,12,7,90452.81621,50333.74034,35619.80899,50833.25032,6867.138657,0,0,0
2059,11,12,8,92522.27306,49223.50935,33447.14895,48327.12059,7578.121206,0,0,0
2059,11,12,9,96414.33257,49812.33135,34049.29013,50021.1074,8013.159833,0,0,0
2059,11,12,10,103182.6805,52978.6183,36103.71184,53002.39671,8239.585835,0,0,0
2059,11,12,11,108567.3049,53138.12157,36477.22077,54347.47012,8224.714116,0,0,0
2059,11,12,12,111581.1159,53444.78949,37077.80941,54901.80935,8098.386221,0,0,0
2059,11,12,13,110426.3515,52889.71484,37102.81351,54485.72808,8274.885739,0,0,0
2059,11,12,14,106793.4848,50320.6663,35930.3174,52349.83877,8294.251658,0,0,0
2059,11,12,15,110888.6822,53605.19159,37800.39517,55114.4259,8198.974603,0,0,0
2059,11,12,16,110646.1588,52968.73106,37200.13338,54659.85793,7963.151636,0,0,0
2059,11,12,17,110974.2354,52697.19963,36608.12458,53511.05852,7735.990219,0,0,0
2059,11,12,18,106730.8928,52278.25841,36048.9643,52840.27864,8612.032503,0,0,0
2059,11,12,19,103752.6269,53568.42086,38879.08504,56511.71375,8780.197322,0,0,0
2059,11,12,20,101348.4747,55871.41272,42799.17203,56792.3153,8768.103836,0,0,0
2059,11,12,21,101612.5702,55905.07837,43076.83192,57404.834,8358.396159,0,0,0
2059,11,12,22,103626.6258,55817.97259,42030.82713,56599.30981,7828.325615,0,0,0
2059,11,12,23,102701.9645,54580.18801,39843.4588,54957.12887,7411.754068,0,0,0
2059,11,12,24,101388.0236,53239.11852,37759.13023,53858.09252,7141.775175,0,0,0
2059,11,13,1,99490.73552,52128.39725,36396.24344,52075.28397,6919.43481,0,0,0
2059,11,13,2,96889.00188,51277.52249,34532.13071,51233.47932,6686.063225,0,0,0
2059,11,13,3,94764.14379,50237.56445,33463.57321,50053.22051,6481.127674,0,0,0
2059,11,13,4,93634.46516,48630.68342,32610.90077,49357.2731,6464.131424,0,0,0
2059,11,13,5,89981.82398,47866.34245,32195.71834,49013.42589,6623.144415,0,0,0
2059,11,13,6,89575.3031,48523.55802,33317.71597,50229.88345,6740.974186,0,0,0
2059,11,13,7,90948.97597,50605.84377,35810.77166,51110.66507,6905.952208,0,0,0
2059,11,13,8,93027.58465,49492.83454,33629.94035,48592.27843,7619.38614,0,0,0
2059,11,13,9,96942.76886,50079.77715,34234.85976,50291.49485,8056.140734,0,0,0
2059,11,13,10,103741.6774,53258.15759,36295.57335,53282.83484,8284.037566,0,0,0
2059,11,13,11,109161.6834,53419.62196,36670.63482,54641.39085,8268.593858,0,0,0
2059,11,13,12,112201.1522,53731.02921,37277.18849,55202.26709,8141.121984,0,0,0
2059,11,13,13,111032.088,53168.76385,37302.02917,54778.83168,8319.419182,0,0,0
2059,11,13,14,107371.6841,50588.03039,36121.85206,52627.66209,8338.621676,0,0,0
2059,11,13,15,111499.6483,53894.45469,38007.86381,55417.66188,8242.364068,0,0,0
2059,11,13,16,111254.837,53243.77615,37399.67589,54956.06661,8005.887399,0,0,0
2059,11,13,17,111586.9175,52974.28753,36804.88886,53796.56283,7777.500291,0,0,0
2059,11,13,18,107312.1155,52553.87548,36240.7441,53118.34709,8659.425892,0,0,0
2059,11,13,19,104318.2425,53853.76175,39096.68607,56824.51012,8830.859221,0,0,0
2059,11,13,20,101900.7711,56175.9561,43045.86279,57110.17786,8818.520597,0,0,0
2059,11,13,21,102166.9095,56215.66849,43327.11804,57729.64214,8404.64557,0,0,0
2059,11,13,22,104200.1676,56132.15807,42271.06259,56915.70154,7869.427124,0,0,0
2059,11,13,23,103263.0859,54878.11266,40067.43342,55258.15861,7452.283587,0,0,0
2059,11,13,24,101940.9737,53526.66565,37965.94518,54151.6864,7181.977843,0,0,0
2059,11,14,1,100035.3509,52408.91708,36590.80148,52353.92441,6901.784858,0,0,0
2059,11,14,2,96649.74698,51151.76658,34447.55802,51109.03082,6668.90355,0,0,0
2059,11,14,3,94528.8111,50116.0576,33380.22622,49930.32454,6464.458275,0,0,0
2059,11,14,4,93404.4438,48510.32055,32528.77947,49235.19427,6447.462025,0,0,0
2059,11,14,5,89757.27737,47747.69555,32113.3519,48892.81789,6606.066453,0,0,0
2059,11,14,6,89350.8382,48403.68543,33234.20555,50107.39605,6723.896224,0,0,0
2059,11,14,7,90723.28538,50482.37582,35724.64644,50983.8469,6888.302256,0,0,0
2059,11,14,8,92796.58273,49370.59228,33546.83849,48471.18015,7600.59221,0,0,0
2059,11,14,9,96701.96142,49958.59715,34150.53221,50167.78177,8036.611389,0,0,0
2059,11,14,10,103487.3056,53132.40168,36207.4053,53155.19954,8264.017944,0,0,0
2059,11,14,11,108890.4788,53291.33296,36582.30335,54507.30024,8248.08396,0,0,0
2059,11,14,12,111917.8541,53600.04369,37186.1605,55065.0714,8121.837777,0,0,0
2059,11,14,13,110755.4087,53040.22971,37211.32802,54645.06792,8299.236135,0,0,0
2059,11,14,14,107107.5886,50465.05271,36034.50114,52501.57933,8318.356916,0,0,0
2059,11,14,15,111220.2725,53762.65204,37913.07703,55279.64906,8222.916436,0,0,0
2059,11,14,16,110976.6868,53118.34709,37308.81132,54821.40401,7986.439767,0,0,0
2059,11,14,17,111306.5611,52847.46936,36715.00484,53666.63957,7758.461223,0,0,0
2059,11,14,18,107047.0394,52428.44643,36153.22976,52990.95693,8637.853729,0,0,0
2059,11,14,19,104061.501,53723.9202,38997.73194,56682.82023,8807.734515,0,0,0
2059,11,14,20,101648.8507,56036.1456,42933.09921,56965.38288,8795.395892,0,0,0
2059,11,14,21,101913.4365,56073.81518,43212.88363,57581.9055,8383.48197,0,0,0
2059,11,14,22,103938.2782,55988.34365,42161.81265,56770.82485,7850.714906,0,0,0
2059,11,14,23,103007.0799,54742.79636,39964.96564,55120.2275,7433.89822,0,0,0
2059,11,14,24,101689.5436,53396.49726,37871.8121,54017.51408,7163.67419,0,0,0
2059,11,15,1,99787.35276,52282.09891,36501.97973,52226.53425,6861.827329,0,0,0
2059,11,15,2,92746.73796,48997.41019,33747.52498,50623.33029,6691.211128,0,0,0
2059,11,15,3,90453.63334,48590.48075,32756.18602,49610.09232,6504.57923,0,0,0
2059,11,15,4,87175.97192,47474.775,31833.64919,48529.19619,6433.979423,0,0,0
2059,11,15,5,85590.09106,46901.72356,31479.75131,47729.31018,6586.945672,0,0,0
2059,11,15,6,84693.21203,47060.57312,32409.80572,48939.39415,6683.775268,0,0,0
2059,11,15,7,86841.60339,49508.76852,34626.01865,49614.99508,6758.542425,0,0,0
2059,11,15,8,86039.59285,47435.14432,32548.2271,47879.90676,7417.719098,0,0,0
2059,11,15,9,88198.77028,47373.4512,32601.91237,47149.88515,7887.894203,0,0,0
2059,11,15,10,92851.98397,49986.95147,34411.44099,50744.83714,8197.013498,0,0,0
2059,11,15,11,97367.51168,50527.56296,35113.51685,51607.3151,8233.212241,0,0,0
2059,11,15,12,98962.21752,50518.98312,35575.43897,52886.44633,8083.841353,0,0,0
2059,11,15,13,99622.70159,49480.25077,35536.87056,52115.65006,8173.80708,0,0,0
2059,11,15,14,95547.3604,47993.16062,34437.09879,50235.76677,8167.515199,0,0,0
2059,11,15,15,96064.35691,49859.56131,35211.08187,51870.51184,8081.716822,0,0,0
2059,11,15,16,96688.88738,49135.3413,34397.63154,50573.56723,7860.68386,0,0,0
2059,11,15,17,94810.96519,48329.40855,33748.17868,48865.28069,7711.55811,0,0,0
2059,11,15,18,92654.40256,47896.49445,33507.53467,48898.29264,8577.304589,0,0,0
2059,11,15,19,91198.19983,49473.30519,36975.66848,53790.51609,8580.981662,0,0,0
2059,11,15,20,95745.02352,52560.49421,39988.00864,53991.44772,8473.120846,0,0,0
2059,11,15,21,95597.12346,52415.20896,39732.16605,54344.61018,8318.602055,0,0,0
2059,11,15,22,93870.45156,52351.06446,39051.41721,53634.60818,7877.843536,0,0,0
2059,11,15,23,94062.72163,50565.23253,37428.35706,51451.32548,7458.902319,0,0,0
2059,11,15,24,92436.5564,49073.48475,35511.21276,50777.44052,7262.791743,0,0,0
2059,11,16,1,92523.00848,48824.01576,34677.98795,50042.18929,6768.838231,0,0,0
2059,11,16,2,87171.39601,45872.5516,32248.58648,47443.31559,6504.415804,0,0,0
2059,11,16,3,84879.19023,44664.02017,31138.92748,46154.7874,6275.211569,0,0,0
2059,11,16,4,83258.41803,43023.4735,30343.37224,44880.64065,6193.171978,0,0,0
2059,11,16,5,81181.85218,42276.86419,29810.03319,44656.33918,6276.518973,0,0,0
2059,11,16,6,79454.28143,43603.9608,30793.28259,45563.51401,6271.125932,0,0,0
2059,11,16,7,81283.50282,44187.96175,32384.63819,45519.71599,6498.450774,0,0,0
2059,11,16,8,79116.64439,42723.58774,29927.20926,42488.50019,7014.139876,0,0,0
2059,11,16,9,76762.41864,41779.96902,29423.69535,42451.4026,7552.790257,0,0,0
2059,11,16,10,79402.96583,41846.97347,30101.82938,43078.13932,7676.258207,0,0,0
2059,11,16,11,83384.99107,42036.79216,30349.41898,42884.48013,7740.075856,0,0,0
2059,11,16,12,85358.84401,42299.09006,30623.97379,43118.50541,7628.456254,0,0,0
2059,11,16,13,83491.95304,42563.5942,30601.82964,43450.014,7732.313146,0,0,0
2059,11,16,14,84957.22589,40976.32423,30292.38349,43218.35838,7797.274774,0,0,0
2059,11,16,15,84705.2238,41591.21259,30691.46851,44311.83827,7684.020917,0,0,0
2059,11,16,16,84618.19974,42113.68385,30194.40992,42992.01409,7547.070365,0,0,0
2059,11,16,17,84648.84201,40535.81084,30136.72072,42683.87535,7434.633635,0,0,0
2059,11,16,18,83504.70023,41365.76714,30618.58075,43643.1012,8303.893761,0,0,0
2059,11,16,19,84498.81742,44007.29488,34310.1172,49349.42868,8463.723881,0,0,0
2059,11,16,20,89113.87126,47637.62849,38041.03918,50647.1087,8338.131399,0,0,0
2059,11,16,21,88605.29116,47403.35807,37742.8694,50399.19225,8123.962308,0,0,0
2059,11,16,22,88494.48869,47092.27766,36894.69116,50097.26367,7709.433579,0,0,0
2059,11,16,23,88864.40226,45902.62189,35579.68803,48623.73783,7240.484165,0,0,0
2059,11,16,24,87531.66748,45205.44879,33420.83745,47429.99642,6618.731928,0,0,0
2059,11,17,1,82549.80515,41647.92123,30885.61798,44539.65338,6777.17293,0,0,0
2059,11,17,2,94966.62796,50281.28076,33848.52193,50231.27257,6548.622397,0,0,0
2059,11,17,3,92892.10492,49259.87151,32791.48593,49067.76486,6347.282206,0,0,0
2059,11,17,4,91777.95171,47667.8622,31947.31161,48379.58017,6330.531094,0,0,0
2059,11,17,5,88181.28376,46912.75478,31535.4794,48038.51119,6486.929278,0,0,0
2059,11,17,6,87782.19874,47559.10255,32647.75322,49246.47063,6602.797943,0,0,0
2059,11,17,7,89140.34619,49609.68375,35114.08884,50100.61389,6764.017179,0,0,0
2059,11,17,8,91177.5265,48509.9937,32958.42505,47620.87738,7468.544422,0,0,0
2059,11,17,9,95023.90859,49101.59394,33554.84634,49299.33877,7899.74255,0,0,0
2059,11,17,10,101706.213,52244.91961,35592.35351,52254.15315,8124.534297,0,0,0
2059,11,17,11,107002.506,52401.39951,35963.24764,53579.20694,8109.335728,0,0,0
2059,11,17,12,109956.9118,52700.30471,36552.39649,54120.06357,7984.642087,0,0,0
2059,11,17,13,108832.9531,52158.38582,36576.99202,53711.66329,8158.526797,0,0,0
2059,11,17,14,105255.1607,49605.10784,35418.30537,51612.05444,8176.993876,0,0,0
2059,11,17,15,109287.0308,52856.0492,37254.7992,54325.4894,8084.413342,0,0,0
2059,11,17,16,109048.7564,52234.78723,36671.86052,53883.26005,7850.960044,0,0,0
2059,11,17,17,109371.0315,51964.39978,36091.70006,52754.97054,7625.269457,0,0,0
2059,11,17,18,105197.3898,51542.10834,35538.99509,52100.12464,8485.132618,0,0,0
2059,11,17,19,102265.9453,52821.64813,38308.64841,55688.29447,8648.639811,0,0,0
2059,11,17,20,99887.12402,55063.02859,42148.33005,55954.59629,8637.118314,0,0,0
2059,11,17,21,100145.5814,55096.53081,42420.02491,56551.99813,8239.258984,0,0,0
2059,11,17,22,102122.4577,55015.88033,41395.91914,55763.38848,7717.52314,0,0,0
2059,11,17,23,101220.4308,53791.66007,39250.87801,54161.16508,7302.66756,0,0,0
2059,11,17,24,99925.03873,52478.37291,37212.55372,53087.21454,7035.058337,0,0,0
2059,11,18,1,98047.77024,51382.44164,35880.39092,51338.80704,6771.371326,0,0,0
2059,11,18,2,94888.02031,50241.07809,33820.24932,50190.00763,6542.984218,0,0,0
2059,11,18,3,92815.94865,49218.77001,32763.62188,49027.07192,6341.807452,0,0,0
2059,11,18,4,91701.38688,47628.31324,31919.93784,48338.56037,6324.974628,0,0,0
2059,11,18,5,88107.00688,46873.36923,31508.35077,47998.30852,6481.291099,0,0,0
2059,11,18,6,87708.41213,47518.89988,32620.13431,49206.34967,6597.078051,0,0,0
2059,11,18,7,89065.98759,49568.9091,35084.99911,50059.43067,6758.297287,0,0,0
2059,11,18,8,91101.04338,48469.46418,32930.72443,47580.593,7462.334254,0,0,0
2059,11,18,9,94945.13751,49060.81928,33526.81887,49258.64582,7893.450669,0,0,0
2059,11,18,10,101622.6209,52203.24612,35563.18206,52211.25396,8117.915566,0,0,0
2059,11,18,11,106913.7659,52359.88944,35933.99447,53535.40891,8102.798709,0,0,0
2059,11,18,12,109866.3741,52658.5495,36522.08106,54076.34725,7978.18678,0,0,0
2059,11,18,13,108742.9056,52116.38547,36547.41201,53668.68239,8152.071491,0,0,0
2059,11,18,14,105168.1367,49564.25147,35389.37906,51570.0541,8170.375144,0,0,0
2059,11,18,15,109196.0845,52813.88542,37224.56549,54281.60965,8078.203174,0,0,0
2059,11,18,16,108958.9541,52193.19545,36642.03537,53839.9523,7844.831589,0,0,0
2059,11,18,17,109280.0035,51922.97142,36062.36519,52711.90792,7618.895863,0,0,0
2059,11,18,18,105110.2023,51501.08854,35510.06878,52057.87915,8478.02361,0,0,0
2059,11,18,19,102181.6178,52779.64778,38276.86215,55642.04506,8641.203951,0,0,0
2059,11,18,20,99804.83929,55017.75973,42111.47761,55906.95776,8630.009306,0,0,0
2059,11,18,21,100062.1527,55051.01681,42382.60048,56504.03275,8232.88539,0,0,0
2059,11,18,22,102037.4765,54971.18347,41359.7204,55716.56708,7711.312972,0,0,0
2059,11,18,23,101137.6558,53748.2706,39217.4575,54115.73279,7296.457392,0,0,0
2059,11,18,24,99842.754,52435.22858,37181.82972,53044.96905,7029.011594,0,0,0
2059,11,19,1,97966.62949,51340.11445,35851.05604,51296.80669,6769.818784,0,0,0
2059,11,19,2,94867.75555,50230.29201,33812.89517,50179.38498,6541.431676,0,0,0
2059,11,19,3,92795.92903,49208.55591,32756.34945,49016.28584,6340.336623,0,0,0
2059,11,19,4,91681.53068,47618.01743,31912.74712,48327.856,6323.585511,0,0,0
2059,11,19,5,88087.55925,46863.07343,31501.16005,47987.68587,6479.82027,0,0,0
2059,11,19,6,87689.04621,47508.44065,32612.78016,49195.72701,6595.525509,0,0,0
2059,11,19,7,89046.21311,49558.20473,35077.48154,50048.64459,6756.744745,0,0,0
2059,11,19,8,91080.77862,48458.75981,32923.37029,47569.88863,7460.618286,0,0,0
2059,11,19,9,94924.79104,49050.27834,33519.54644,49247.77803,7891.734702,0,0,0
2059,11,19,10,101601.1304,52192.37832,35555.50106,52200.05932,8116.199598,0,0,0
2059,11,19,11,106890.9681,52349.02164,35926.64033,53524.05084,8101.164454,0,0,0
2059,11,19,12,109842.6774,52647.76342,36513.9915,54064.98918,7976.3891,0,0,0
2059,11,19,13,108720.2712,52105.92624,36539.73102,53657.73289,8150.437236,0,0,0
2059,11,19,14,105145.2571,49553.71053,35381.86149,51559.34973,8168.74089,0,0,0
2059,11,19,15,109172.7146,52803.09934,37216.72106,54270.82357,8076.487206,0,0,0
2059,11,19,16,108935.9928,52182.73622,36634.51779,53828.75765,7843.197334,0,0,0
2059,11,19,17,109256.6336,51912.18534,36054.7659,52701.04013,7617.261608,0,0,0
2059,11,19,18,105087.6496,51490.05732,35502.63292,52047.17478,8476.144217,0,0,0
2059,11,19,19,102160.209,52769.02513,38268.69088,55629.86986,8639.406271,0,0,0
2059,11,19,20,99783.18541,55006.07481,42101.99893,55894.61914,8628.0482,0,0,0
2059,11,19,21,100040.9074,55039.08675,42373.20351,56491.44899,8231.169423,0,0,0
2059,11,19,22,102016.0677,54959.49854,41350.32344,55704.71873,7709.678717,0,0,0
2059,11,19,23,101116.0836,53736.74911,39208.79595,54104.37472,7294.823137,0,0,0
2059,11,19,24,99821.34526,52423.95223,37173.82188,53033.93783,7027.459052,0,0,0
2059,11,20,1,97945.87446,51329.16494,35843.62018,51286.10232,6808.142059,0,0,0
2059,11,20,2,95385.97774,50495.61328,33998.62823,50450.67127,6578.774398,0,0,0
2059,11,20,3,93298.87094,49473.95889,32938.814,49282.83279,6376.535367,0,0,0
2059,11,20,4,92184.06403,47876.55654,32093.41399,48593.58583,6359.784255,0,0,0
2059,11,20,5,88575.30259,47122.34795,31680.27438,48252.43514,6516.591003,0,0,0
2059,11,20,6,88173.92961,47771.22882,32794.26416,49461.37513,6633.11337,0,0,0
2059,11,20,7,89536.32612,49826.87622,35266.4831,50321.40172,6794.822882,0,0,0
2059,11,20,8,91583.72053,48726.04218,33106.48854,47833.73907,7501.392943,0,0,0
2059,11,20,9,95443.17666,49317.31557,33703.56353,49516.04095,7933.980188,0,0,0
2059,11,20,10,102152.1195,52465.62572,35746.62716,52480.49744,8159.017074,0,0,0
2059,11,20,11,107473.7433,52623.2496,36118.66527,53808.32947,8143.98193,0,0,0
2059,11,20,12,110442.4489,52921.33767,36708.9581,54354.66084,8019.04315,0,0,0
2059,11,20,13,109312.28,52379.66392,36733.63535,53944.29946,8193.49985,0,0,0
2059,11,20,14,105719.1257,49819.84892,35572.74245,51834.88509,8212.212067,0,0,0
2059,11,20,15,109764.7234,53080.67752,37416.91728,54562.2112,8118.814406,0,0,0
2059,11,20,16,109528.5736,52455.41163,36830.62837,54115.81451,7884.462268,0,0,0
2059,11,20,17,109853.6269,52185.10589,36247.36283,52982.21367,7659.016819,0,0,0
2059,11,20,18,105656.0435,51763.1413,35693.0236,52322.95528,8523.292468,0,0,0
2059,11,20,19,102712.342,53047.01187,38479.1829,55934.65838,8687.616788,0,0,0
2059,11,20,20,100327.5557,55305.38857,42344.52234,56206.02639,8675.931866,0,0,0
2059,11,20,21,100588.2193,55339.05422,42616.05378,56806.77845,8275.130877,0,0,0
2059,11,20,22,102573.5938,55252.60214,41586.47325,56013.6746,7750.861938,0,0,0
2059,11,20,23,101667.2361,54028.38187,39427.86781,54400.74683,7335.76122,0,0,0
2059,11,20,24,100364.735,52705.69775,37376.22433,53318.29816,7067.089731,0,0,0
2059,11,21,1,98481.0929,51606.57969,36035.31827,51560.73884,6790.655532,0,0,0
2059,11,21,2,95149.99135,50374.515,33913.72869,50327.53017,6561.778148,0,0,0
2059,11,21,3,93070.15698,49353.4326,32855.71214,49161.81623,6360.111106,0,0,0
2059,11,21,4,91955.67692,47759.05362,32011.29269,48473.05954,6343.278282,0,0,0
2059,11,21,5,88353.61593,47003.86448,31598.72506,48131.82714,6499.839891,0,0,0
2059,11,21,6,87952.89665,47651.92822,32711.89772,49340.35856,6615.953694,0,0,0
2059,11,21,7,89313.33206,49704.22539,35180.60301,50196.54465,6777.418068,0,0,0
2059,11,21,8,91355.25171,48603.71821,33023.14154,47713.3762,7482.925864,0,0,0
2059,11,21,9,95207.68054,49195.40016,33619.80797,49393.96212,7914.859407,0,0,0
2059,11,21,10,101901.2613,52341.50407,35660.17508,52353.27071,8139.406016,0,0,0
2059,11,21,11,107209.1575,52499.12795,36031.39606,53678.9782,8124.534297,0,0,0
2059,11,21,12,110169.9369,52796.97088,36620.79005,54223.10333,7999.513805,0,0,0
2059,11,21,13,109042.8731,52254.64343,36645.87586,53813.96764,8173.725367,0,0,0
2059,11,21,14,105458.3803,49699.89462,35485.71838,51709.04747,8192.437584,0,0,0
2059,11,21,15,109495.7251,52954.26791,37326.37956,54428.20231,8099.448486,0,0,0
2059,11,21,16,109258.6764,52331.28998,36741.56148,53984.58385,7865.668338,0,0,0
2059,11,21,17,109581.6869,52060.16711,36159.68506,52854.1698,7640.141176,0,0,0
2059,11,21,18,105397.8312,51638.28423,35606.16296,52197.93479,8501.965443,0,0,0
2059,11,21,19,102460.8302,52921.09254,38383.49728,55796.15529,8665.554348,0,0,0
2059,11,21,20,100079.8844,55168.60145,42233.88329,56064.49993,8654.032852,0,0,0
2059,11,21,21,100339.2406,55201.69511,42505.65986,56663.45431,8255.111256,0,0,0
2059,11,21,22,102319.794,55119.5738,41479.18443,55872.72012,7732.394859,0,0,0
2059,11,21,23,101416.3779,53894.78154,39328.4234,54265.75738,7317.212428,0,0,0
2059,11,21,24,100117.3088,52578.38931,37284.86949,53188.62005,7048.949503,0,0,0
2059,11,22,1,98236.77181,51481.64091,35948.21249,51436.45377,6751.596843,0,0,0
2059,11,22,2,91303.2007,48240.09652,33220.06925,49847.87639,6583.840588,0,0,0
2059,11,22,3,89040.65664,47838.56012,32236.16615,48842.64626,6399.823497,0,0,0
2059,11,22,4,85791.18612,46729.55481,31320.98346,47768.94086,6329.795679,0,0,0
2059,11,22,5,84221.72952,46158.05591,30970.84437,46975.51016,6480.964248,0,0,0
2059,11,22,6,83334.65602,46315.1078,31893.95319,48181.01821,6576.568154,0,0,0
2059,11,22,7,85465.47914,48739.68821,34092.02589,48850.40898,6650.681609,0,0,0
2059,11,22,8,84664.53086,46677.99407,32031.06717,47125.61646,7300.86988,0,0,0
2059,11,22,9,86795.27226,46622.02085,32083.69017,46398.29136,7769.247305,0,0,0
2059,11,22,10,91402.6451,49220.97625,33879.40934,49971.99804,8074.526101,0,0,0
2059,11,22,11,95861.70931,49750.63823,34574.78476,50826.0596,8109.662579,0,0,0
2059,11,22,12,97429.77679,49743.3658,35029.59787,52086.88717,7961.680807,0,0,0
2059,11,22,13,98085.27639,48713.37671,34993.48084,51326.95869,8051.728246,0,0,0
2059,11,22,14,94043.84599,47241.48513,33904.25002,49463.7448,8045.27294,0,0,0
2059,11,22,15,94567.54294,49086.80393,34671.77778,51089.25633,7959.474563,0,0,0
2059,11,22,16,95186.19009,48375.41282,33864.61934,49801.54527,7742.200388,0,0,0
2059,11,22,17,93321.99565,47571.19603,33221.86693,48100.20431,7592.666074,0,0,0
2059,11,22,18,91191.82623,47140.48818,32981.95832,48136.89333,8441.661441,0,0,0
2059,11,22,19,89749.67809,48701.69179,36406.53925,52951.57139,8445.338514,0,0,0
2059,11,22,20,94252.70375,51764.4487,39348.44302,53137.71301,8340.582782,0,0,0
2059,11,22,21,94110.52359,51623.49423,39099.05574,53482.29563,8192.764435,0,0,0
2059,11,22,22,92404.11644,51560.4937,38433.34205,52789.94359,7759.196638,0,0,0
2059,11,22,23,92593.60828,49786.75526,36849.34059,50652.99202,7342.379952,0,0,0
2059,11,22,24,90992.774,48308.89865,34969.94757,49995.53131,7147.086503,0,0,0
2059,11,23,1,91076.28442,48062.9433,34144.40376,49270.16732,6525.17084,0,0,0
2059,11,23,2,84043.10547,44217.86861,31088.59243,45750.55448,6268.429412,0,0,0
2059,11,23,3,81808.99745,43037.77323,30009.65741,44490.13546,6045.435345,0,0,0
2059,11,23,4,80237.57975,41445.76392,29237.9623,43246.63099,5965.928849,0,0,0
2059,11,23,5,78214.86259,40724.32214,28720.06695,43028.78482,6046.661036,0,0,0
2059,11,23,6,76539.26115,42012.19663,29672.10208,43915.20463,6041.431421,0,0,0
2059,11,23,7,78320.02689,42574.13514,31220.06823,43890.52738,6262.546095,0,0,0
2059,11,23,8,76216.74096,41160.50474,28829.80716,40934.24216,6761.64751,0,0,0
2059,11,23,9,73941.69486,40250.55167,28342.96266,40894.20292,7287.795841,0,0,0
2059,11,23,10,76495.54483,40313.63391,29000.25994,41498.8772,7409.13926,0,0,0
2059,11,23,11,80354.91925,40496.09845,29240.5771,41309.87563,7471.894644,0,0,0
2059,11,23,12,82271.7367,40748.99938,29509.3303,41534.42224,7362.31786,0,0,0
2059,11,23,13,80457.63216,41005.41396,29487.92157,41855.71673,7463.968509,0,0,0
2059,11,23,14,81885.97085,39469.45959,29189.50664,41630.59813,7527.786158,0,0,0
2059,11,23,15,81639.77037,40063.51121,29575.76276,42690.41237,7416.575119,0,0,0
2059,11,23,16,81561.081,40569.55821,29093.00389,41411.85313,7282.07595,0,0,0
2059,11,23,17,81584.94112,39045.12533,29037.68437,41113.84677,7170.701485,0,0,0
2059,11,23,18,80477.7335,39850.89466,29505.73494,42042.43034,8022.883649,0,0,0
2059,11,23,19,81432.22001,42403.19209,33105.18113,47626.18871,8171.845974,0,0,0
2059,11,23,20,85933.03943,45924.5209,36720.80645,48868.95777,8056.059021,0,0,0
2059,11,23,21,85434.59172,45693.6007,36435.057,48632.80795,7848.835513,0,0,0
2059,11,23,22,85327.79317,45392.97953,35621.68838,48354.08579,7441.660931,0,0,0
2059,11,23,23,85686.43038,44236.33569,34356.77517,46916.51356,6980.801078,0,0,0
2059,11,23,24,84389.32235,43562.77758,32237.8004,45734.53878,6379.477025,0,0,0
2059,11,24,1,79541.79577,40117.3599,29760.51527,42910.30135,6533.342114,0,0,0
2059,11,24,2,91672.37886,48550.35979,32659.35643,48492.0169,6311.492026,0,0,0
2059,11,24,3,89656.85241,47550.84956,31618.8264,47343.46263,6115.463163,0,0,0
2059,11,24,4,88562.71883,45986.13231,30790.66778,46665.81888,6099.120615,0,0,0
2059,11,24,5,85047.19162,45240.34013,30388.15082,46330.71493,6251.351449,0,0,0
2059,11,24,6,84649.49572,45870.26364,31477.38164,47529.76767,6364.033317,0,0,0
2059,11,24,7,85972.50669,47866.42416,33898.53013,48361.52165,6520.513214,0,0,0
2059,11,24,8,87947.4219,46784.79262,31782.74215,45923.05007,7204.285421,0,0,0
2059,11,24,9,91679.48786,47378.35397,32370.33846,47565.63957,7630.41736,0,0,0
2059,11,24,10,98174.91527,50476.24736,34366.17214,50467.66752,7849.407502,0,0,0
2059,11,24,11,103287.2728,50627.00736,34729.38526,51762.89616,7834.862635,0,0,0
2059,11,24,12,106140.9268,50922.31721,35307.42119,52280.79151,7713.437503,0,0,0
2059,11,24,13,105051.6143,50390.61241,35331.52644,51894.69881,7882.174311,0,0,0
2059,11,24,14,101590.1809,47879.74334,34195.80107,49834.80235,7900.069401,0,0,0
2059,11,24,15,105490.4934,51076.42743,35987.02604,52475.59468,7810.757376,0,0,0
2059,11,24,16,105259.3281,50464.971,35425.16924,52047.33821,7581.879992,0,0,0
2059,11,24,17,105572.8599,50202.91824,34856.612,50962.27474,7359.212776,0,0,0
2059,11,24,18,101549.9783,49784.4673,34313.54913,50317.72464,8191.865595,0,0,0
2059,11,24,19,98718.3867,51034.10023,36976.07705,53754.72591,8343.687866,0,0,0
2059,11,24,20,96399.62428,53184.69783,40611.14999,53968.07787,8332.820071,0,0,0
2059,11,24,21,96645.90648,53223.02111,40875.40899,54545.46009,7961.108818,0,0,0
2059,11,24,22,98568.03526,53138.12157,39896.57208,53794.52001,7449.832205,0,0,0
2059,11,24,23,97707.27326,51959.00674,37866.58248,52274.49963,7041.186793,0,0,0
2059,11,24,24,96474.39144,50682.98059,35933.01392,51277.68591,6781.830556,0,0,0
2059,11,25,1,94656.60983,49628.96796,34648.48965,49571.68733,6527.703935,0,0,0
2059,11,25,2,91596.87628,48509.91199,32631.90094,48451.6508,6306.017272,0,0,0
2059,11,25,3,89582.16697,47511.38231,31591.61605,47303.5051,6110.070122,0,0,0
2059,11,25,4,88488.44195,45947.07362,30763.94771,46626.43333,6093.809287,0,0,0
2059,11,25,5,84974.46728,45201.36315,30361.75761,46290.92082,6245.876696,0,0,0
2059,11,25,6,84577.01652,45830.95981,31450.1713,47489.48329,6358.476851,0,0,0
2059,11,25,7,85899.12865,47825.89464,33870.42094,48321.56412,6514.875035,0,0,0
2059,11,25,8,87873.0633,46744.91681,31755.53181,45883.58282,7198.156966,0,0,0
2059,11,25,9,91602.1059,47338.55986,32342.88298,47525.27347,7624.043766,0,0,0
2059,11,25,10,98093.36595,50436.04469,34337.81781,50427.05629,7843.197334,0,0,0
2059,11,25,11,103203.4356,50586.55956,34700.86752,51721.05924,7828.489041,0,0,0
2059,11,25,12,106053.4942,50881.13399,35278.24974,52238.70945,7707.309048,0,0,0
2059,11,25,13,104965.1622,50349.83775,35302.92698,51853.10703,7875.88243,0,0,0
2059,11,25,14,101505.4448,47839.94923,34167.69189,49793.53742,7893.859233,0,0,0
2059,11,25,15,105403.7145,51035.24421,35957.20089,52433.18577,7804.220357,0,0,0
2059,11,25,16,105173.0394,50424.44148,35396.32465,52005.82814,7575.669824,0,0,0
2059,11,25,17,105486.6529,50162.55215,34827.7674,50920.43781,7353.002608,0,0,0
2059,11,25,18,101466.5496,49744.0195,34285.03138,50275.96943,8185.246863,0,0,0
2059,11,25,19,98636.2654,50993.16215,36945.51648,53710.60103,8336.823996,0,0,0
2059,11,25,20,96318.64696,53142.53406,40576.74893,53922.40045,8325.956201,0,0,0
2059,11,25,21,96564.76573,53181.2659,40840.02738,54499.29239,7954.89865,0,0,0
2059,11,25,22,98486.81279,53095.05896,39862.57958,53749.49629,7443.622036,0,0,0
2059,11,25,23,97626.13251,51917.0881,37835.20479,52231.02845,7035.221763,0,0,0
2059,11,25,24,96395.53864,50641.87908,35903.43391,51235.76728,6776.028952,0,0,0
2059,11,26,1,94578.73759,49588.11159,34620.21704,49530.66753,6526.151393,0,0,0
2059,11,26,2,91576.69324,48498.96248,32624.5468,48440.86472,6304.546443,0,0,0
2059,11,26,3,89562.14735,47501.33164,31584.50705,47292.88244,6108.681005,0,0,0
2059,11,26,4,88468.66746,45936.53267,30756.8387,46615.89239,6092.42017,0,0,0
2059,11,26,5,84955.26479,45190.90392,30354.6486,46280.37988,6244.487579,0,0,0
2059,11,26,6,84557.73231,45820.41887,31443.06229,47478.86064,6357.006022,0,0,0
2059,11,26,7,85879.68101,47814.94514,33862.98508,48310.61462,6513.404206,0,0,0
2059,11,26,8,87852.96197,46734.37586,31748.17766,45873.12359,7196.604424,0,0,0
2059,11,26,9,91581.26915,47327.93721,32335.61055,47514.40568,7622.327798,0,0,0
2059,11,26,10,98072.28407,50425.42204,34330.38196,50415.94336,7841.481367,0,0,0
2059,11,26,11,103180.7194,50575.61005,34693.34995,51709.78288,7826.854786,0,0,0
2059,11,26,12,106030.2878,50870.59304,35270.48703,52227.5148,7705.674793,0,0,0
2059,11,26,13,104942.6912,50339.2151,35295.08256,51842.15752,7874.248175,0,0,0
2059,11,26,14,101483.0555,47829.08144,34160.17432,49782.58791,7892.143265,0,0,0
2059,11,26,15,105380.6715,51024.13128,35949.43818,52422.07283,7802.667815,0,0,0
2059,11,26,16,105149.9965,50413.6554,35388.48022,51994.7152,7574.035569,0,0,0
2059,11,26,17,105464.1002,50151.76607,34820.16812,50909.24317,7351.368353,0,0,0
2059,11,26,18,101444.3237,49733.23342,34277.59553,50265.01993,8183.530896,0,0,0
2059,11,26,19,98614.12124,50981.88579,36937.59035,53698.99782,8335.108028,0,0,0
2059,11,26,20,96296.99308,53131.42113,40567.27025,53910.22525,8324.076808,0,0,0
2059,11,26,21,96543.76555,53169.90783,40830.79384,54487.03548,7953.100969,0,0,0
2059,11,26,22,98465.07721,53083.45575,39853.50947,53737.72966,7441.987781,0,0,0
2059,11,26,23,97604.72377,51906.05688,37827.36037,52219.50695,7033.587508,0,0,0
2059,11,26,24,96374.12991,50630.84786,35895.83463,51224.40921,6774.47641,0,0,0
2059,11,27,1,94557.73741,49577.2438,34612.78118,49519.96317,6563.412403,0,0,0
2059,11,27,2,92076.85692,48763.87518,32805.70394,48707.90196,6340.581761,0,0,0
2059,11,27,3,90053.89462,47761.09644,31763.62137,47556.56945,6143.980909,0,0,0
2059,11,27,4,88957.30965,46194.33637,30932.84795,46876.88288,6127.556648,0,0,0
2059,11,27,5,85433.44774,45447.07336,30528.86016,46541.69722,6280.277759,0,0,0
2059,11,27,6,85035.67012,46079.28483,31621.52292,47742.79279,6393.368191,0,0,0
2059,11,27,7,86363.1753,48082.06408,34048.30958,48574.87362,6550.50179,0,0,0
2059,11,27,8,88344.95438,46996.51033,31927.53713,46132.3164,7237.05223,0,0,0
2059,11,27,9,92089.93096,47590.80709,32516.60427,47779.89037,7664.164721,0,0,0
2059,11,27,10,98607.74765,50692.54098,34516.687,50687.14794,7882.664587,0,0,0
2059,11,27,11,103743.5568,50845.83408,34882.18809,51984.58282,7868.038007,0,0,0
2059,11,27,12,106608.814,51142.61475,35461.20456,52505.41983,7746.694588,0,0,0
2059,11,27,13,105513.8633,50606.00719,35485.63667,52114.83293,7916.248524,0,0,0
2059,11,27,14,102041.9707,48091.1342,34347.29649,50052.64852,7934.388752,0,0,0
2059,11,27,15,105954.4584,51298.1141,36141.21798,52702.02068,7843.932749,0,0,0
2059,11,27,16,105721.6588,50679.79379,35578.78919,52271.1494,7615.300503,0,0,0
2059,11,27,17,106037.6419,50418.23131,35008.76112,51185.18709,7392.14301,0,0,0
2059,11,27,18,101999.0715,50001.82319,34463.65543,50537.36849,8226.92036,0,0,0
2059,11,27,19,99154.40588,51255.54176,37138.35855,53990.87573,8380.376886,0,0,0
2059,11,27,20,96829.35158,53409.65301,40798.59902,54210.51957,8369.263953,0,0,0
2059,11,27,21,97074.89836,53449.12026,41064.81912,54791.66058,7995.509881,0,0,0
2059,11,27,22,99004.78985,53368.87835,40077.97436,54036.14458,7482.680726,0,0,0
2059,11,27,23,98139.37022,52182.65451,38034.0936,52505.74668,7073.381612,0,0,0
2059,11,27,24,96897.00973,50899.76449,36090.55608,51499.69943,6812.799685,0,0,0
2059,11,28,1,95073.67165,49845.01644,34800.31192,49787.89924,6546.416153,0,0,0
2059,11,28,2,91848.87837,48643.59403,32723.3375,48586.06826,6324.1575,0,0,0
2059,11,28,3,89829.92,47642.2044,31681.82692,47435.79802,6127.883499,0,0,0
2059,11,28,4,88734.47901,46076.99687,30852.68775,46757.74571,6111.540951,0,0,0
2059,11,28,5,85215.68329,45330.55099,30449.43538,46422.64176,6263.935211,0,0,0
2059,11,28,6,84817.74225,45961.53677,31540.21874,47622.67506,6376.780505,0,0,0
2059,11,28,7,86142.63261,47960.14867,33964.30888,48455.08274,6533.587253,0,0,0
2059,11,28,8,88120.57119,46877.04631,31845.9061,46014.24149,7218.503438,0,0,0
2059,11,28,9,91858.11191,47470.60765,32434.0744,47659.44579,7645.289078,0,0,0
2059,11,28,10,98364.08026,50570.46215,34431.70575,50563.108,7863.870657,0,0,0
2059,11,28,11,103484.5274,50721.87586,34795.57258,51859.23548,7849.407502,0,0,0
2059,11,28,12,106344.555,51017.75769,35373.93536,52378.19309,7728.309222,0,0,0
2059,11,28,13,105251.6471,50484.01007,35398.44918,51990.30272,7896.800891,0,0,0
2059,11,28,14,101787.0269,47971.67017,34261.66154,49930.07941,7915.267971,0,0,0
2059,11,28,15,105692.8959,51172.84847,36054.35734,52574.14024,7825.138819,0,0,0
2059,11,28,16,105460.3414,50558.69551,35491.84684,52144.82151,7596.42486,0,0,0
2059,11,28,17,105773.6281,50296.72447,34922.55418,51059.34947,7373.594218,0,0,0
2059,11,28,18,101745.2717,49879.41751,34378.91932,50413.6554,8207.22759,0,0,0
2059,11,28,19,98907.87854,51130.43955,37046.51343,53857.43882,8359.540137,0,0,0
2059,11,28,20,96585.84761,53282.09942,40692.29074,54073.89587,8348.672343,0,0,0
2059,11,28,21,96832.78351,53320.91297,40957.61201,54652.17693,7976.225675,0,0,0
2059,11,28,22,98757.85395,53237.23913,39975.42487,53899.19403,7464.131934,0,0,0
2059,11,28,23,97895.37598,52055.67291,37939.55196,52375.49657,7055.159671,0,0,0
2059,11,28,24,96658.16339,50777.11367,36001.32577,51374.27037,6795.313158,0,0,0
2059,11,29,1,94838.42067,49722.77419,34714.67697,49666.14726,6508.338016,0,0,0
2059,11,29,2,88086.66041,46539.32755,32039.48358,48111.31724,6345.566238,0,0,0
2059,11,29,3,85874.85996,46145.799,31073.39386,47123.32851,6166.533625,0,0,0
2059,11,29,4,82702.19941,45058.36586,30180.11019,46069.39759,6098.466913,0,0,0
2059,11,29,5,81164.52907,44499.28729,29840.10348,45289.5312,6245.549845,0,0,0
2059,11,29,6,80305.40133,44645.5531,30740.33273,46474.12079,6338.45723,0,0,0
2059,11,29,7,82385.8894,46999.37028,32896.89536,47144.57382,6410.527866,0,0,0
2059,11,29,8,81596.21748,44989.48202,30875.97588,45438.3301,7039.389112,0,0,0
2059,11,29,9,83660.11786,44956.96035,30924.67667,44720.07511,7500.494103,0,0,0
2059,11,29,10,88155.46253,47491.52611,32686.89362,48233.88635,7800.706709,0,0,0
2059,11,29,11,92505.11339,48014.07908,33371.48295,49070.13453,7835.271198,0,0,0
2059,11,29,12,94018.2699,48010.40201,33816.73567,50316.1721,7691.375064,0,0,0
2059,11,29,13,94646.23231,47000.02398,33780.86378,49568.82738,7778.317419,0,0,0
2059,11,29,14,90690.682,45554.4439,32710.99888,47727.43079,7772.188963,0,0,0
2059,11,29,15,91219.60856,47367.56789,33465.69774,49335.53751,7689.16882,0,0,0
2059,11,29,16,91825.18168,46663.61263,32671.44991,48062.2896,7474.100888,0,0,0
2059,11,29,17,90005.6841,45878.02635,32039.32016,46386.52473,7327.263095,0,0,0
2059,11,29,18,87921.27382,45452.71154,31803.5789,46424.68458,8151.662927,0,0,0
2059,11,29,19,86514.50729,46971.66966,35160.0114,51104.70004,8155.013149,0,0,0
2059,11,29,20,90931.16259,49983.19269,37950.33804,51257.99314,8058.265265,0,0,0
2059,11,29,21,90793.3132,49843.54562,37711.40999,51588.11261,7915.594822,0,0,0
2059,11,29,22,89130.29552,49784.4673,37084.91842,50933.67528,7490.688574,0,0,0
2059,11,29,23,89322.07532,48038.34777,35584.10052,48900.41717,7079.836918,0,0,0
2059,11,29,24,87755.72381,46585.08669,33758.31106,48257.82819,6890.5085,0,0,0
2059,11,30,1,87848.95804,46351.96024,32947.06698,47548.07133,6817.539024,0,0,0
2059,11,30,2,87792.16769,46199.56598,32479.17983,47778.41954,6551.40063,0,0,0
2059,11,30,3,85488.84898,44987.35749,31363.5558,46484.33488,6320.888991,0,0,0
2059,11,30,4,83859.33352,43337.82241,30563.66979,45205.20365,6238.522549,0,0,0
2059,11,30,5,81771.40959,42586.96404,30026.49023,44979.59478,6322.196395,0,0,0
2059,11,30,6,80034.85045,43921.25137,31016.44008,45889.95641,6316.803354,0,0,0
2059,11,30,7,81871.58941,44509.90995,32615.64011,45841.58247,6545.353887,0,0,0
2059,11,30,8,79694.5986,43035.81212,30146.11769,42798.02805,7064.311498,0,0,0
2059,11,30,9,77325.50113,42084.92097,29639.25356,42761.42074,7605.413261,0,0,0
2059,11,30,10,79981.9823,42152.4974,30321.14637,43392.73337,7728.962924,0,0,0
2059,11,30,11,83987.70424,42343.95035,30569.87995,43198.09362,7792.943999,0,0,0
2059,11,30,12,85971.19928,42607.96421,30845.25189,43434.24344,7681.406109,0,0,0
2059,11,30,13,84094.33936,42873.93918,30822.8626,43767.71313,7784.772725,0,0,0
2059,11,30,14,85568.43719,41277.02711,30512.10905,43534.75011,7849.734353,0,0,0
2059,11,30,15,85315.20941,41896.00111,30913.40031,44634.6853,7736.31707,0,0,0
2059,11,30,16,85226.30595,42421.65917,30413.72691,43306.93499,7599.448231,0,0,0
2059,11,30,17,85259.23618,40833.40864,30355.3023,42997.24371,7486.030948,0,0,0
2059,11,30,18,84106.84141,41668.02257,30840.1857,43962.27116,8360.602403,0,0,0
2059,11,30,19,85109.62015,44327.28197,34546.26701,49692.13191,8523.537606,0,0,0
2059,11,30,20,89743.46792,47978.9426,38307.66785,51004.92879,8396.229157,0,0,0
2059,11,30,21,89235.21468,47741.81223,38006.63812,50753.74382,8178.382993,0,0,0
2059,11,30,22,89124.16706,47429.261,37150.37032,50448.38332,7761.811445,0,0,0
2059,11,30,23,89496.53202,46233.64019,35823.92741,48960.39432,7291.963191,0,0,0
2059,11,30,24,88155.78938,45532.38146,33656.00671,47764.6918,6666.452168,0,0,0
2059,12,1,1,83148.67782,41953.44517,31108.69376,44863.80782,6826.037149,0,0,0
2059,12,1,2,95626.45834,50621.36919,34084.75346,50576.75403,6595.85236,0,0,0
2059,12,1,3,93533.71336,49597.50856,33023.38668,49406.54588,6393.449904,0,0,0
2059,12,1,4,92417.10877,47997.08283,32177.00612,48716.89036,6376.535367,0,0,0
2059,12,1,5,88801.56517,47242.54739,31763.21281,48375.49453,6533.668965,0,0,0
2059,12,1,6,88398.88478,47893.06251,32878.26486,49585.00651,6650.436471,0,0,0
2059,12,1,7,89763.2424,49952.38698,35353.99745,50447.89304,6812.717972,0,0,0
2059,12,1,8,91816.02985,48849.51013,33190.8978,47955.98132,7520.268586,0,0,0
2059,12,1,9,95683.90239,49440.62009,33788.7082,49641.30658,7953.672958,0,0,0
2059,12,1,10,102409.678,52592.85246,35834.95863,52610.33899,8178.954982,0,0,0
2059,12,1,11,107744.0491,52748.59694,36206.34304,53941.27609,8164.001551,0,0,0
2059,12,1,12,110721.9065,53049.70839,36799.16896,54489.56858,8038.981059,0,0,0
2059,12,1,13,109587.9788,52506.56381,36825.0719,54078.88035,8213.682897,0,0,0
2059,12,1,14,105985.8361,49943.15344,35660.9105,51962.76552,8232.149976,0,0,0
2059,12,1,15,110040.8308,53210.84591,37510.56008,54697.85435,8138.588889,0,0,0
2059,12,1,16,109802.965,52581.65781,36922.14664,54249.8234,7903.746474,0,0,0
2059,12,1,17,110131.1234,52311.84235,36336.34801,53113.2809,7678.301025,0,0,0
2059,12,1,18,105919.7305,51889.95947,35781.43679,52450.26373,8545.681759,0,0,0
2059,12,1,19,102968.8383,53177.18026,38577.40161,56076.92026,8710.332929,0,0,0
2059,12,1,20,100581.1103,55444.21852,42456.55051,56351.39335,8698.321157,0,0,0
2059,12,1,21,100841.3654,55479.02814,42729.7162,56953.86139,8295.967626,0,0,0
2059,12,1,22,102833.6854,55392.65778,41696.05004,56156.83532,7770.146145,0,0,0
2059,12,1,23,101923.8141,54165.00557,39529.8453,54537.94252,7354.55515,0,0,0
2059,12,1,24,100617.7176,52837.99068,37471.25625,53451.89849,7085.638523,0,0,0
2059,12,2,1,98730.80704,51736.66637,36123.48632,51687.80215,6820.235544,0,0,0
2059,12,2,2,95546.95184,50579.85911,34056.39914,50535.16225,6590.295894,0,0,0
2059,12,2,3,93456.57653,49557.79616,32995.76778,49366.01636,6387.893437,0,0,0
2059,12,2,4,92340.62564,47957.53387,32149.63235,48676.27913,6370.9789,0,0,0
2059,12,2,5,88726.87972,47202.99843,31735.75733,48334.96501,6528.030786,0,0,0
2059,12,2,6,88324.77133,47852.77813,32850.64595,49543.98671,6644.798292,0,0,0
2059,12,2,7,89688.8021,49911.20376,35325.23456,50406.05612,6806.752942,0,0,0
2059,12,2,8,91739.62844,48808.73548,33163.19718,47915.45181,7514.058418,0,0,0
2059,12,2,9,95604.55932,49399.92715,33760.68073,49599.87822,7947.299365,0,0,0
2059,12,2,10,102324.5333,52551.34239,35806.27746,52568.01179,8172.33625,0,0,0
2059,12,2,11,107654.7371,52706.92344,36177.49844,53897.88663,8157.301106,0,0,0
2059,12,2,12,110629.3259,53007.21776,36769.42553,54444.87171,8032.44404,0,0,0
2059,12,2,13,109497.7679,52464.64517,36795.08333,54034.83718,8207.064165,0,0,0
2059,12,2,14,105897.9949,49902.54221,35632.22933,51920.2749,8225.694669,0,0,0
2059,12,2,15,109950.1296,53167.86501,37479.9178,54653.2392,8132.051869,0,0,0
2059,12,2,16,109711.6102,52540.14774,36892.4032,54205.94366,7897.291168,0,0,0
2059,12,2,17,110040.1771,52270.33228,36307.25827,53070.54514,7671.845719,0,0,0
2059,12,2,18,105832.2978,51848.20426,35752.10192,52408.42681,8538.245899,0,0,0
2059,12,2,19,102883.9388,53134.60793,38544.6348,56030.01715,8702.651932,0,0,0
2059,12,2,20,100497.273,55398.70452,42419.9432,56303.75483,8690.885297,0,0,0
2059,12,2,21,100757.6915,55432.86045,42692.04662,56905.24231,8289.185468,0,0,0
2059,12,2,22,102747.3968,55346.65351,41660.09643,56109.68707,7763.854264,0,0,0
2059,12,2,23,101839.0779,54120.22699,39496.58822,54492.9188,7348.426694,0,0,0
2059,12,2,24,100534.5341,52795.09149,37440.1237,53408.10047,7079.59178,0,0,0
2059,12,3,1,98648.52231,51694.17575,36094.31487,51645.88352,6818.601289,0,0,0
2059,12,3,2,95526.1968,50568.50104,34049.1267,50524.21274,6588.743352,0,0,0
2059,12,3,3,93435.98492,49547.09179,32988.33192,49355.31199,6386.422608,0,0,0
2059,12,3,4,92320.19746,47946.91121,32142.27821,48665.57476,6369.508071,0,0,0
2059,12,3,5,88707.26866,47192.37577,31728.56661,48324.50578,6526.478244,0,0,0
2059,12,3,6,88305.24198,47841.99205,32843.37352,49533.36405,6643.327462,0,0,0
2059,12,3,7,89668.70076,49900.17254,35317.63528,50395.18832,6805.2004,0,0,0
2059,12,3,8,91719.36368,48797.9494,33155.67961,47904.99257,7512.424163,0,0,0
2059,12,3,9,95583.72257,49389.14107,33753.08145,49588.76529,7945.501684,0,0,0
2059,12,3,10,102301.9806,52540.47459,35798.59646,52556.65372,8170.620283,0,0,0
2059,12,3,11,107631.0404,52695.81051,36169.89915,53886.28342,8155.503426,0,0,0
2059,12,3,12,110605.0573,52996.18654,36761.66282,54433.18679,8030.728072,0,0,0
2059,12,3,13,109473.3358,52453.53224,36787.2389,54023.07055,8205.184772,0,0,0
2059,12,3,14,105874.7067,49891.59271,35624.63004,51909.4071,8223.978702,0,0,0
2059,12,3,15,109926.2695,53156.58865,37471.5831,54641.22742,8130.335902,0,0,0
2059,12,3,16,109687.6683,52529.11652,36884.47706,54193.93188,7895.738626,0,0,0
2059,12,3,17,110015.4998,52258.9742,36299.41385,53059.35049,7670.211464,0,0,0
2059,12,3,18,105809.0914,51837.33647,35744.50263,52397.39559,8536.366506,0,0,0
2059,12,3,19,102862.0397,53123.24985,38536.05496,56017.5151,8700.609113,0,0,0
2059,12,3,20,100474.9655,55386.69275,42410.21938,56290.84421,8689.005904,0,0,0
2059,12,3,21,100736.0377,55420.27668,42682.15938,56892.82197,8287.306075,0,0,0
2059,12,3,22,102724.4355,55334.39659,41650.37262,56096.93988,7762.138296,0,0,0
2059,12,3,23,101816.6887,54108.05179,39487.35468,54480.7436,7346.79244,0,0,0
2059,12,3,24,100512.3082,52783.40657,37432.27927,53396.49726,7077.957525,0,0,0
2059,12,4,1,98626.45987,51682.40911,36086.87901,51634.77059,6857.578266,0,0,0
2059,12,4,2,96050.05718,50842.15701,34235.26833,50796.23445,6626.167787,0,0,0
2059,12,4,3,93944.81015,49811.43251,33171.45017,49623.65663,6423.029916,0,0,0
2059,12,4,4,92826.32617,48209.61767,32322.78165,48932.61199,6405.951953,0,0,0
2059,12,4,5,89197.95367,47452.22228,31908.33463,48590.56246,6563.739254,0,0,0
2059,12,4,6,88793.4756,48104.12652,33026.49177,49801.38184,6680.83361,0,0,0
2059,12,4,7,90160.61146,50172.27597,35506.71856,50669.98827,6844.095664,0,0,0
2059,12,4,8,92223.93985,49064.74149,33338.63443,48169.74185,7553.525671,0,0,0
2059,12,4,9,96104.31444,49654.70747,33938.48765,49860.70529,7987.910596,0,0,0
2059,12,4,10,102855.421,52813.80371,35990.53969,52836.35642,8214.173173,0,0,0
2059,12,4,11,108217.7378,52972.57156,36362.08752,54174.64768,8198.729465,0,0,0
2059,12,4,12,111217.5759,53277.93207,36959.48936,54726.86237,8073.627261,0,0,0
2059,12,4,13,110071.3913,52728.25047,36986.046,54313.72276,8248.492524,0,0,0
2059,12,4,14,106451.4353,50161.81674,35815.83785,52185.10589,8267.858443,0,0,0
2059,12,4,15,110530.2901,53437.92562,37677.66263,54938.08981,8173.316803,0,0,0
2059,12,4,16,110287.0313,52803.99818,37082.54875,54485.40123,7938.147538,0,0,0
2059,12,4,17,110616.2519,52534.101,36492.8279,53342.8937,7711.639823,0,0,0
2059,12,4,18,106386.8005,52113.93409,35935.71044,52675.70918,8584.086746,0,0,0
2059,12,4,19,103420.3829,53402.62571,38750.79604,56328.02351,8750.699023,0,0,0
2059,12,4,20,101024.2385,55690.01044,42653.64164,56605.84683,8738.605537,0,0,0
2059,12,4,21,101286.5364,55724.24808,42929.8307,57213.54447,8331.839518,0,0,0
2059,12,4,22,103290.4596,55637.46915,41888.8921,56410.79852,7803.811794,0,0,0
2059,12,4,23,102373.7244,54403.68849,39710.6756,54778.58654,7387.403671,0,0,0
2059,12,4,24,101060.3555,53069.80972,37637.29654,53686.33234,7117.996768,0,0,0
2059,12,5,1,99168.6239,51963.17409,36280.45649,51911.9402,6839.764889,0,0,0
2059,12,5,2,95810.88399,50717.87193,34150.4505,50672.03108,6609.089824,0,0,0
2059,12,5,3,93712.99111,49690.66108,33088.02146,49501.25095,6406.360517,0,0,0
2059,12,5,4,92595.56939,48090.23536,32240.74206,48810.94172,6389.364267,0,0,0
2059,12,5,5,88974.55104,47334.55594,31826.45847,48469.21904,6546.743004,0,0,0
2059,12,5,6,88571.29867,47985.23449,32942.89963,49679.46643,6663.755647,0,0,0
2059,12,5,7,89937.0454,50048.23603,35420.18477,50544.72264,6826.282287,0,0,0
2059,12,5,8,91994.08191,48943.80664,33255.36915,48049.21556,7534.731741,0,0,0
2059,12,5,9,95867.51092,49533.93604,33853.42469,49737.56419,7968.544677,0,0,0
2059,12,5,10,102603.9092,52689.43692,35903.02535,52708.5577,8194.39869,0,0,0
2059,12,5,11,107949.9652,52845.75339,36274.24632,54042.6816,8178.954982,0,0,0
2059,12,5,12,110937.7915,53149.80649,36869.03336,54593.18033,8054.179628,0,0,0
2059,12,5,13,109798.9611,52604.04711,36895.18143,54180.93956,8228.963179,0,0,0
2059,12,5,14,106189.6276,50038.26707,35728.73207,52060.7391,8247.430258,0,0,0
2059,12,5,15,110254.9182,53310.69888,37583.36613,54803.3455,8153.787458,0,0,0
2059,12,5,16,110013.9473,52677.99713,36992.50131,54353.02659,7918.699906,0,0,0
2059,12,5,17,110342.2691,52409.73421,36404.65986,53213.54243,7693.009318,0,0,0
2059,12,5,18,106123.0318,51987.11592,35849.09494,52548.80929,8562.514583,0,0,0
2059,12,5,19,103165.5209,53276.13439,38652.65904,56186.41533,8727.982881,0,0,0
2059,12,5,20,100775.0146,55551.42563,42542.92087,56462.44097,8715.889396,0,0,0
2059,12,5,21,101035.6783,55586.64382,42816.9854,57066.78839,8311.656472,0,0,0
2059,12,5,22,103032.9828,55498.06721,41780.21416,56267.55608,7784.936151,0,0,0
2059,12,5,23,102120.0881,54269.51617,39608.77981,54643.6788,7368.936592,0,0,0
2059,12,5,24,100811.05,52939.23276,37543.4086,53554.28456,7099.938252,0,0,0
2059,12,6,1,98922.25999,51834.80337,36191.71646,51785.93915,6799.889072,0,0,0
2059,12,6,2,91941.37719,48576.09931,33452.54199,50190.17106,6631.397402,0,0,0
2059,12,6,3,89666.33109,48171.37611,32466.35093,49182.24441,6446.154621,0,0,0
2059,12,6,4,86403.6231,47061.22682,31548.22659,48105.76078,6375.799952,0,0,0
2059,12,6,5,84826.64894,46486.3777,31196.04468,47308.73471,6527.622223,0,0,0
2059,12,6,6,83935.73493,46645.96268,32121.6866,48517.10271,6623.961543,0,0,0
2059,12,6,7,86074.97446,49080.26691,34327.76715,49189.35342,6698.565274,0,0,0
2059,12,6,8,85273.20906,47013.42487,32260.59825,47459.08615,7352.75747,0,0,0
2059,12,6,9,87416.45251,46954.75512,32312.97612,46731.02564,7822.19716,0,0,0
2059,12,6,10,92044.90724,49560.08412,34115.8043,50313.63901,8128.293083,0,0,0
2059,12,6,11,96527.91328,50091.62549,34813.46767,51172.60333,8164.328402,0,0,0
2059,12,6,12,98104.80574,50087.53986,35271.05902,52440.21306,8015.856353,0,0,0
2059,12,6,13,98766.10694,49052.97486,35233.63458,51675.95381,8105.495229,0,0,0
2059,12,6,14,94707.762,47573.89255,34140.64497,49806.36632,8099.285061,0,0,0
2059,12,6,15,95229.33442,49428.19976,34910.13384,51435.14636,8013.486684,0,0,0
2059,12,6,16,95851.3318,48710.84362,34100.85087,50144.2485,7795.06853,0,0,0
2059,12,6,17,93980.84547,47908.42451,33454.99337,48439.47561,7645.697642,0,0,0
2059,12,6,18,91838.50086,47475.67384,33215.00306,48475.26579,8501.311741,0,0,0
2059,12,6,19,90390.79624,49041.28994,36656.66195,53322.54723,8505.070527,0,0,0
2059,12,6,20,94913.84153,52113.3621,39631.08739,53514.98073,8398.843965,0,0,0
2059,12,6,21,94765.28777,51970.69166,39378.67674,53861.85131,8247.675396,0,0,0
2059,12,6,22,93053.81443,51907.77285,38705.20033,53164.35136,7812.391631,0,0,0
2059,12,6,23,93243.14285,50131.4196,37103.95748,51006.15448,7394.022403,0,0,0
2059,12,6,24,91632.82989,48647.35282,35208.95733,50340.27736,7198.238679,0,0,0
2059,12,7,1,91715.93175,48399.19123,34380.63529,49611.2363,6792.3715,0,0,0
2059,12,7,2,87472.34403,46031.15602,32360.20608,47606.00566,6527.131946,0,0,0
2059,12,7,3,85174.82692,44820.58178,31247.85056,46314.37238,6297.355722,0,0,0
2059,12,7,4,83549.56053,43175.70433,30450.2525,45037.85596,6215.234418,0,0,0
2059,12,7,5,81467.51991,42427.29735,29914.95234,44812.81907,6298.663126,0,0,0
2059,12,7,6,79735.61839,43757.66246,30901.30683,45722.52701,6293.270085,0,0,0
2059,12,7,7,81568.84371,44343.95137,32496.58465,45676.11417,6521.085203,0,0,0
2059,12,7,8,79396.67395,42874.91974,30033.19068,42638.52478,7038.408559,0,0,0
2059,12,7,9,77035.25748,41927.78737,29528.20595,42601.59062,7578.284632,0,0,0
2059,12,7,10,79683.48566,41994.79181,30207.97423,43230.697,7701.916007,0,0,0
2059,12,7,11,83676.70555,42185.67277,30456.21753,43036.54753,7765.651944,0,0,0
2059,12,7,12,85655.29783,42448.62437,30731.09919,43271.47166,7654.27748,0,0,0
2059,12,7,13,83784.32123,42713.78221,30708.95504,43603.79737,7757.398957,0,0,0
2059,12,7,14,85253.18944,41122.01804,30398.77348,43371.65148,7822.769149,0,0,0
2059,12,7,15,85000.53365,41738.86751,30798.83905,44468.15474,7709.433579,0,0,0
2059,12,7,16,84912.93759,42262.97303,30300.39134,43144.57178,7572.646453,0,0,0
2059,12,7,17,84944.88727,40680.11554,30242.53872,42835.77933,7459.556021,0,0,0
2059,12,7,18,83796.57814,41512.19637,30725.78786,43797.78342,8331.267529,0,0,0
2059,12,7,19,84795.18953,44162.46738,34424.43332,49515.95924,8492.731903,0,0,0
2059,12,7,20,89418.98663,47803.75049,38169.65504,50820.58485,8365.995444,0,0,0
2059,12,7,21,88910.65167,47566.86526,37870.74983,50571.68784,8150.437236,0,0,0
2059,12,7,22,88799.35892,47255.13115,37018.56767,50267.79816,7734.846241,0,0,0
2059,12,7,23,89171.80559,46063.26913,35698.49836,48786.99989,7265.406551,0,0,0
2059,12,7,24,87833.9229,45364.05322,33535.317,47592.27792,6642.020058,0,0,0
2059,12,8,1,82840.04881,41795.98472,30993.72394,44696.8687,6800.787912,0,0,0
2059,12,8,2,95286.61505,50444.70624,33963.1649,50398.78368,6571.665389,0,0,0
2059,12,8,3,93202.77676,49423.46042,32904.00437,49231.92576,6369.671496,0,0,0
2059,12,8,4,92088.46013,47827.03862,32059.01293,48542.84222,6352.838672,0,0,0
2059,12,8,5,88482.31349,47072.58489,31645.95503,48201.69153,6509.481994,0,0,0
2059,12,8,6,88081.26736,47721.46576,32759.69967,49410.71323,6625.922649,0,0,0
2059,12,8,7,89443.25531,49775.4789,35230.12093,50269.18728,6787.550448,0,0,0
2059,12,8,8,91487.62635,48674.8083,33071.67891,47783.32231,7493.54852,0,0,0
2059,12,8,9,95344.71281,49265.91826,33668.42705,49464.48021,7925.727201,0,0,0
2059,12,8,10,102047.2003,52413.57471,35710.51013,52426.64875,8151.009225,0,0,0
2059,12,8,11,107361.9603,52571.11687,36082.46652,53753.09165,8135.810656,0,0,0
2059,12,8,12,110327.1522,52869.28666,36672.18737,54299.74988,8010.871876,0,0,0
2059,12,8,13,109198.6176,52327.69462,36696.53776,53889.55193,8185.246863,0,0,0
2059,12,8,14,105610.4477,49769.6773,35536.38028,51781.7718,8203.877368,0,0,0
2059,12,8,15,109652.1233,53027.48252,37378.83914,54505.58427,8110.561419,0,0,0
2059,12,8,16,109415.3198,52403.19719,36793.69421,54061.55725,7876.536132,0,0,0
2059,12,8,17,109739.9645,52132.80973,36210.51039,52928.77353,7651.172396,0,0,0
2059,12,8,18,105548.4278,51710.92686,35656.33458,52271.23112,8514.304066,0,0,0
2059,12,8,19,102606.4423,52994.55229,38438.73509,55876.80576,8678.219823,0,0,0
2059,12,8,20,100223.2085,55247.78109,42298.27293,56146.53952,8666.616614,0,0,0
2059,12,8,21,100483.8722,55281.2016,42569.47751,56746.31103,8266.959603,0,0,0
2059,12,8,22,102466.9586,55196.38378,41541.44953,55954.59629,7743.099228,0,0,0
2059,12,8,23,101561.9083,53971.83666,39385.86746,54344.44675,7327.916797,0,0,0
2059,12,8,24,100261.8586,52652.01248,37337.81935,53264.04091,7059.490446,0,0,0
2059,12,9,1,98378.54341,51554.0384,35998.87439,51509.50496,6794.904595,0,0,0
2059,12,9,2,95207.10856,50404.09501,33934.64716,50357.43704,6565.945498,0,0,0
2059,12,9,3,93125.55822,49382.76748,32876.05861,49191.47795,6364.11503,0,0,0
2059,12,9,4,92011.3233,47787.81651,32031.39402,48502.72127,6347.282206,0,0,0
2059,12,9,5,88407.70976,47032.70908,31618.58126,48161.40715,6503.925528,0,0,0
2059,12,9,6,88006.58192,47681.42652,32732.08076,49369.85686,6620.121044,0,0,0
2059,12,9,7,89368.1613,49734.05054,35201.43976,50227.43207,6781.748844,0,0,0
2059,12,9,8,91410.89809,48633.70679,33043.56973,47742.8745,7487.338352,0,0,0
2059,12,9,9,95265.20631,49225.06189,33640.39958,49423.70556,7919.190182,0,0,0
2059,12,9,10,101962.4642,52371.65607,35681.4204,52384.32155,8144.30878,0,0,0
2059,12,9,11,107273.4654,52529.19824,36053.04994,53710.19246,8129.191924,0,0,0
2059,12,9,12,110235.7974,52827.36802,36642.60735,54255.54329,8004.334857,0,0,0
2059,12,9,13,109107.9981,52285.36742,36667.2846,53845.99904,8178.464706,0,0,0
2059,12,9,14,105522.198,49729.47463,35507.45397,51739.60803,8197.176923,0,0,0
2059,12,9,15,109560.7684,52984.9919,37348.76885,54460.47884,8104.106112,0,0,0
2059,12,9,16,109324.8638,52362.09568,36763.95077,54016.94209,7870.162538,0,0,0
2059,12,9,17,109648.6096,52090.31911,36180.93037,52885.71092,7644.880515,0,0,0
2059,12,9,18,105461.2403,51669.33507,35627.24485,52229.06734,8507.113345,0,0,0
2059,12,9,19,102521.5427,52951.89824,38406.45856,55830.2295,8670.865676,0,0,0
2059,12,9,20,100140.6786,55201.69511,42260.93021,56098.9827,8659.180754,0,0,0
2059,12,9,21,100399.9532,55235.27904,42532.54336,56698.34565,8260.095733,0,0,0
2059,12,9,22,102381.242,55151.6052,41505.3325,55906.87605,7736.725634,0,0,0
2059,12,9,23,101477.7442,53926.97636,39352.44695,54298.93276,7321.706628,0,0,0
2059,12,9,24,100178.0214,52609.60357,37307.42221,53220.32459,7053.361991,0,0,0
2059,12,10,1,98296.3404,51512.11976,35969.62123,51467.17776,6793.352053,0,0,0
2059,12,10,2,95186.51694,50393.30893,33927.04787,50346.73267,6564.474668,0,0,0
2059,12,10,3,93105.29346,49372.30824,32868.86789,49180.85529,6362.644201,0,0,0
2059,12,10,4,91991.54882,47777.35728,32024.12159,48491.93519,6345.811376,0,0,0
2059,12,10,5,88388.26213,47022.33156,31611.39054,48150.7845,6502.536411,0,0,0
2059,12,10,6,87987.54285,47670.72215,32724.80833,49359.39763,6618.650215,0,0,0
2059,12,10,7,89348.30511,49723.18275,35193.84048,50216.31913,6780.196301,0,0,0
2059,12,10,8,91390.71504,48622.75728,33036.21558,47732.17013,7485.704097,0,0,0
2059,12,10,9,95244.77813,49214.52094,33632.96372,49413.00119,7917.719353,0,0,0
2059,12,10,10,101940.4017,52360.9517,35673.90282,52373.29033,8142.5111,0,0,0
2059,12,10,11,107250.4224,52518.24873,36045.28723,53698.99782,8127.557669,0,0,0
2059,12,10,12,110211.7738,52816.50023,36634.92636,54243.85837,8002.61889,0,0,0
2059,12,10,13,109084.4649,52274.25449,36659.6036,53834.80439,8176.748738,0,0,0
2059,12,10,14,105499.3184,49718.93369,35499.60955,51728.57681,8195.460956,0,0,0
2059,12,10,15,109537.3169,52973.79725,37340.761,54449.20248,8102.390145,0,0,0
2059,12,10,16,109301.1671,52351.3096,36755.94292,54005.33888,7868.528283,0,0,0
2059,12,10,17,109624.7495,52079.3696,36173.16766,52874.51627,7643.164547,0,0,0
2059,12,10,18,105438.4424,51658.14043,35619.80899,52218.03612,8505.233952,0,0,0
2059,12,10,19,102499.562,52940.78531,38398.369,55818.13601,8668.90457,0,0,0
2059,12,10,20,100118.4528,55190.01018,42251.20639,56086.64408,8657.301361,0,0,0
2059,12,10,21,100378.381,55223.10384,42522.90125,56685.68017,8258.379765,0,0,0
2059,12,10,22,102359.2612,55140.16541,41495.85383,55894.70085,7735.173092,0,0,0
2059,12,10,23,101455.8452,53915.29144,39343.70368,54287.0027,7320.072374,0,0,0
2059,12,10,24,100156.2041,52598.40893,37299.33264,53209.04823,7051.809449,0,0,0
2059,12,11,1,98275.01337,51501.25197,35961.77681,51456.30996,6832.002179,0,0,0
2059,12,11,2,95706.70025,50663.1244,34113.59806,50618.42753,6601.653965,0,0,0
2059,12,11,3,93611.50388,49638.2015,33051.57758,49447.64739,6399.00637,0,0,0
2059,12,11,4,92494.73587,48037.69406,32204.70674,48757.82844,6382.091833,0,0,0
2059,12,11,5,88876.57746,47282.66835,31790.66829,48416.51433,6539.307144,0,0,0
2059,12,11,6,88473.97879,47933.26518,32906.37404,49626.43487,6656.238075,0,0,0
2059,12,11,7,89838.9084,49993.97877,35383.1689,50490.22024,6818.601289,0,0,0
2059,12,11,8,91893.00325,48890.69336,33219.17041,47996.51084,7526.478754,0,0,0
2059,12,11,9,95763.65403,49481.31304,33816.8991,49683.06179,7960.128265,0,0,0
2059,12,11,10,102494.6593,52634.85281,35864.62036,52653.4016,8185.73714,0,0,0
2059,12,11,11,107833.6063,52790.679,36235.92305,53985.15583,8170.375144,0,0,0
2059,12,11,12,110814.9773,53093.4247,36829.48439,54534.83744,8045.436365,0,0,0
2059,12,11,13,109679.7422,52549.21786,36855.79589,54123.41379,8220.465054,0,0,0
2059,12,11,14,106074.2493,49984.09153,35690.65394,52005.90985,8238.686995,0,0,0
2059,12,11,15,110134.2284,53254.15366,37542.26462,54743.94034,8145.289333,0,0,0
2059,12,11,16,109895.137,52623.49474,36952.95234,54294.92883,7910.365206,0,0,0
2059,12,11,17,110222.8051,52354.25126,36366.17316,53156.50694,7684.674619,0,0,0
2059,12,11,18,106007.2448,51932.36838,35810.93509,52492.99949,8552.87248,0,0,0
2059,12,11,19,103055.0452,53220.81487,38610.25013,56125.21249,8717.932214,0,0,0
2059,12,11,20,100666.0916,55490.54964,42494.05666,56399.7673,8705.920441,0,0,0
2059,12,11,21,100926.0198,55526.01297,42767.46748,57003.05245,8302.749783,0,0,0
2059,12,11,22,102920.3826,55438.25349,41732.57563,56204.55556,7776.601451,0,0,0
2059,12,11,23,102009.1222,54210.60128,39564.08294,54584.0285,7360.847031,0,0,0
2059,12,11,24,100701.7183,52882.3607,37502.71565,53496.51365,7091.848691,0,0,0
2059,12,12,1,98813.74547,51779.48385,36153.31147,51730.94648,6814.433939,0,0,0
2059,12,12,2,95469.56988,50539.49302,34028.86195,50494.95958,6584.739428,0,0,0
2059,12,12,3,93380.50197,49517.67521,32968.39401,49326.22226,6382.418684,0,0,0
2059,12,12,4,92265.61335,47918.88374,32122.66715,48636.56673,6365.585859,0,0,0
2059,12,12,5,88654.48223,47164.51173,31709.11897,48295.41605,6522.556033,0,0,0
2059,12,12,6,88252.37384,47813.71944,32823.68075,49504.27432,6639.241825,0,0,0
2059,12,12,7,89615.26063,49870.51082,35297.28881,50365.28146,6801.03305,0,0,0
2059,12,12,8,91664.77957,48769.02309,33135.82341,47876.14798,7507.929963,0,0,0
2059,12,12,9,95527.17736,49360.21476,33733.22525,49559.67556,7940.925771,0,0,0
2059,12,12,10,102241.6766,52510.15917,35777.59629,52526.09315,8166.044369,0,0,0
2059,12,12,11,107567.5496,52666.47564,36149.06241,53855.15087,8151.009225,0,0,0
2059,12,12,12,110539.1151,52965.87112,36740.82607,54401.48224,8025.988733,0,0,0
2059,12,12,13,109408.701,52423.62538,36765.83017,53991.366,8200.445433,0,0,0
2059,12,12,14,105812.1148,49862.6664,35603.71158,51879.2551,8219.402788,0,0,0
2059,12,12,15,109861.7165,53126.1098,37449.43895,54609.35945,8125.841701,0,0,0
2059,12,12,16,109623.6872,52499.12795,36862.41462,54162.71762,7891.244425,0,0,0
2059,12,12,17,109950.7016,52229.23077,36278.41367,53028.21794,7665.717263,0,0,0
2059,12,12,18,105747.48,51807.59303,35723.82931,52367.65215,8531.136891,0,0,0
2059,12,12,19,102801.7357,53092.36244,38513.1754,55983.93116,8695.297785,0,0,0
2059,12,12,20,100415.5603,55353.76251,42383.98959,56256.93343,8683.612863,0,0,0
2059,12,12,21,100676.5508,55387.59159,42655.52103,56858.25748,8282.321598,0,0,0
2059,12,12,22,102663.3961,55301.54807,41624.79653,56063.11081,7757.48067,0,0,0
2059,12,12,23,101756.6298,54076.42896,39463.65799,54448.63049,7342.379952,0,0,0
2059,12,12,24,100452.9847,52751.94716,37409.56313,53364.79271,7073.62675,0,0,0
2059,12,13,1,98567.54498,51652.33882,36065.96055,51604.94544,6774.884973,0,0,0
2059,12,13,2,91612.56513,48403.35858,33333.07797,50013.4264,6606.801868,0,0,0
2059,12,13,3,89344.46461,47999.20736,32347.86746,49007.78771,6422.457926,0,0,0
2059,12,13,4,86087.88508,46890.36548,31431.13223,47932.28463,6352.103257,0,0,0
2059,12,13,5,84515.15997,46316.90548,31080.17602,47137.05625,6503.598677,0,0,0
2059,12,13,6,83626.04365,46475.83676,32004.67395,48344.19855,6599.447721,0,0,0
2059,12,13,7,85760.78898,48905.0748,34206.2603,49014.48816,6673.806314,0,0,0
2059,12,13,8,84959.10529,46840.60243,32142.27821,47287.40769,7326.119116,0,0,0
2059,12,13,9,87096.22029,46782.99494,32194.57436,46559.83745,7795.06853,0,0,0
2059,12,13,10,91714.54263,49386.52626,33994.05232,50138.93717,8100.347326,0,0,0
2059,12,13,11,96184.2295,49916.43338,34690.08144,50993.489,8136.219219,0,0,0
2059,12,13,12,97755.97405,49910.30492,35146.36538,52258.64735,7987.992309,0,0,0
2059,12,13,13,98415.72271,48876.8839,35109.83978,51495.20523,8077.958036,0,0,0
2059,12,13,14,94366.61131,47401.96895,34018.81128,49629.53995,8071.82958,0,0,0
2059,12,13,15,94888.34716,49250.96483,34786.91103,51257.25773,7985.62264,0,0,0
2059,12,13,16,95508.79199,48538.1846,33978.77204,49967.58555,7767.694763,0,0,0
2059,12,13,17,93641.81931,47734.86665,33335.03907,48264.85548,7618.160449,0,0,0
2059,12,13,18,91506.01172,47302.44283,33094.80362,48300.40052,8470.506038,0,0,0
2059,12,13,19,90060.1865,48865.9344,36526.8204,53131.58455,8474.183111,0,0,0
2059,12,13,20,94572.52742,51933.34894,39485.63871,53320.99468,8368.528539,0,0,0
2059,12,13,21,94427.97758,51791.25048,39235.84287,53665.74073,8219.647927,0,0,0
2059,12,13,22,92718.71049,51728.16825,38564.491,52970.28361,7785.017863,0,0,0
2059,12,13,23,92908.6109,49953.44925,36972.31826,50823.5265,7367.465763,0,0,0
2059,12,13,24,91303.11898,48473.46811,35086.06137,50162.71558,7172.008889,0,0,0
2059,12,14,1,91385.9757,48225.8785,34258.8016,49435.55391,6801.196476,0,0,0
2059,12,14,2,87585.35275,46090.47947,32402.28815,47666.47309,6535.630071,0,0,0
2059,12,14,3,85285.13912,44879.33324,31288.70693,46374.18611,6305.690421,0,0,0
2059,12,14,4,83658.40189,43232.82154,30490.21003,45097.01598,6223.405692,0,0,0
2059,12,14,5,81574.80874,42483.35229,29954.50131,44871.65225,6306.997825,0,0,0
2059,12,14,6,79841.19125,43815.26995,30941.83635,45781.36018,6301.604784,0,0,0
2059,12,14,7,81675.2337,44402.37598,32538.66671,45734.37535,6529.583328,0,0,0
2059,12,14,8,79501.67482,42931.62838,30072.98478,42694.49801,7047.478674,0,0,0
2059,12,14,9,77137.56183,41983.10689,29567.34635,42657.8907,7587.845022,0,0,0
2059,12,14,10,79788.56825,42050.35648,30247.85005,43287.81421,7711.312972,0,0,0
2059,12,14,11,83786.28233,42241.48258,30496.25678,43093.4196,7775.212335,0,0,0
2059,12,14,12,85766.26373,42504.84274,30771.22015,43328.75229,7663.83787,0,0,0
2059,12,14,13,83893.57116,42770.164,30749.15771,43661.56828,7767.122773,0,0,0
2059,12,14,14,85363.99191,41176.60215,30438.64929,43429.09554,7832.166114,0,0,0
2059,12,14,15,85111.25441,41794.10533,30839.20515,44526.9062,7718.830544,0,0,0
2059,12,14,16,85023.24979,42318.78283,30340.34887,43201.77069,7582.12513,0,0,0
2059,12,14,17,85056.0166,40734.04595,30282.25111,42892.73311,7468.952986,0,0,0
2059,12,14,18,83905.50122,41567.18905,30766.15396,43855.71775,8341.399909,0,0,0
2059,12,14,19,84906.23714,44220.64685,34467.65936,49577.81579,8503.599698,0,0,0
2059,12,14,20,89532.89419,47865.19847,38218.51926,50885.38305,8376.536387,0,0,0
2059,12,14,21,89024.64095,47628.31324,37918.71521,50635.75063,8160.242765,0,0,0
2059,12,14,22,88913.75676,47316.49742,37065.22565,50331.5341,7744.324919,0,0,0
2059,12,14,23,89286.12171,46123.328,35742.78666,48848.03931,7274.803516,0,0,0
2059,12,14,24,87947.17676,45423.21324,33577.6442,47653.0722,6650.518183,0,0,0
2059,12,15,1,82948.64504,41851.38596,31034.25346,44755.53844,6809.694601,0,0,0
2059,12,15,2,95406.81449,50506.56279,34005.90067,50461.29393,6580.245227,0,0,0
2059,12,15,3,93318.80885,49484.9084,32946.08643,49293.53716,6378.006196,0,0,0
2059,12,15,4,92204.00194,47886.85235,32100.60471,48603.96335,6361.173372,0,0,0
2059,12,15,5,88594.91365,47132.80718,31687.30167,48262.81266,6517.980119,0,0,0
2059,12,15,6,88193.13211,47781.52463,32801.45488,49472.0795,6634.584199,0,0,0
2059,12,15,7,89555.61033,49837.41716,35273.83725,50332.1878,6796.375424,0,0,0
2059,12,15,8,91603.57673,48736.50142,33113.76097,47844.03487,7502.945485,0,0,0
2059,12,15,9,95463.84998,49327.7748,33710.75425,49526.66361,7935.614443,0,0,0
2059,12,15,10,102173.855,52476.57523,35754.30816,52491.69209,8160.814754,0,0,0
2059,12,15,11,107496.9498,52633.5454,36126.01941,53819.93267,8145.697897,0,0,0
2059,12,15,12,110465.6553,52932.36889,36716.6391,54366.34577,8020.840831,0,0,0
2059,12,15,13,109335.8133,52390.04144,36741.6432,53955.73925,8195.215817,0,0,0
2059,12,15,14,105742.0053,49830.22644,35580.26002,51845.75288,8213.928035,0,0,0
2059,12,15,15,109788.175,53091.70874,37424.92513,54573.40585,8120.612086,0,0,0
2059,12,15,16,109552.1069,52466.19771,36838.5545,54127.09086,7886.01481,0,0,0
2059,12,15,17,109877.2419,52195.64683,36254.79869,52993.57174,7660.651073,0,0,0
2059,12,15,18,105678.0242,51773.92738,35700.54118,52334.06821,8525.171861,0,0,0
2059,12,15,19,102734.0776,53057.79795,38487.59931,55946.58844,8689.496181,0,0,0
2059,12,15,20,100348.7193,55317.23692,42354.16444,56218.36501,8677.729546,0,0,0
2059,12,15,21,100610.0366,55350.98428,42625.53245,56819.36222,8276.928557,0,0,0
2059,12,15,22,102595.9013,55264.5322,41595.87022,56025.68637,7752.496193,0,0,0
2059,12,15,23,101688.8899,54040.14851,39436.52936,54412.43175,7337.395474,0,0,0
2059,12,15,24,100386.3889,52717.13754,37384.47732,53329.49281,7068.723986,0,0,0
2059,12,16,1,98502.01136,51617.77434,36042.59071,51571.68835,6803.811283,0,0,0
2059,12,16,2,95327.06286,50465.46128,33977.54634,50420.02899,6574.607048,0,0,0
2059,12,16,3,93241.67202,49444.05203,32918.05896,49252.51737,6372.44973,0,0,0
2059,12,16,4,92127.35539,47847.38509,32073.06752,48563.51555,6355.616905,0,0,0
2059,12,16,5,88520.06478,47093.01308,31660.09133,48222.11972,6512.34194,0,0,0
2059,12,16,6,88119.01865,47741.97566,32773.91769,49431.38656,6628.864307,0,0,0
2059,12,16,7,89481.33345,49796.39736,35244.91094,50290.35088,6790.492107,0,0,0
2059,12,16,8,91526.76675,48695.89018,33085.81521,47803.8322,7496.735317,0,0,0
2059,12,16,9,95384.75205,49286.75501,33682.8902,49485.39868,7928.995711,0,0,0
2059,12,16,10,102089.8543,52434.82002,35725.13671,52448.46605,8154.277735,0,0,0
2059,12,16,11,107407.1475,52592.28047,36097.25653,53775.39923,8139.079165,0,0,0
2059,12,16,12,110374.6273,52890.20512,36687.46765,54322.3026,8014.222099,0,0,0
2059,12,16,13,109244.867,52348.61308,36711.40948,53911.36923,8188.597085,0,0,0
2059,12,16,14,105654.736,49790.26891,35551.08858,51803.42568,8207.309303,0,0,0
2059,12,16,15,109697.5556,53048.89126,37394.28285,54528.38213,8113.993354,0,0,0
2059,12,16,16,109461.2423,52423.95223,36809.05621,54083.53797,7879.722929,0,0,0
2059,12,16,17,109785.9687,52154.3819,36225.38211,52950.10056,7654.359192,0,0,0
2059,12,16,18,105592.0624,51732.09046,35671.28802,52292.55814,8517.98114,0,0,0
2059,12,16,19,102649.75,53015.55246,38455.07764,55900.01218,8682.060321,0,0,0
2059,12,16,20,100265.7809,55271.23265,42316.98515,56170.72649,8670.3754,0,0,0
2059,12,16,21,100526.1994,55304.73487,42588.10802,56770.90656,8270.228113,0,0,0
2059,12,16,22,102510.1847,55218.85478,41559.67147,55978.61984,7746.204312,0,0,0
2059,12,16,23,101605.0527,53995.04308,39402.94542,54367.48974,7331.103594,0,0,0
2059,12,16,24,100303.9407,52673.42122,37353.5899,53286.34848,7062.59553,0,0,0
2059,12,17,1,98420.21691,51575.28371,36013.6644,51530.42342,6802.258741,0,0,0
2059,12,17,2,95305.98097,50454.6752,33969.94706,50408.99777,6573.054506,0,0,0
2059,12,17,3,93221.32555,49433.02081,32910.86824,49241.97642,6370.9789,0,0,0
2059,12,17,4,92106.92721,47836.76244,32065.71337,48552.72946,6354.146076,0,0,0
2059,12,17,5,88500.20858,47082.47214,31652.73718,48211.49706,6510.871111,0,0,0
2059,12,17,6,88099.48931,47731.51643,32766.56354,49420.60047,6627.311765,0,0,0
2059,12,17,7,89461.72239,49785.52957,35237.22994,50279.31966,6788.939565,0,0,0
2059,12,17,8,91506.25686,48685.02239,33078.37936,47793.04612,7495.01935,0,0,0
2059,12,17,9,95363.9153,49275.96892,33675.45435,49474.61259,7927.279743,0,0,0
2059,12,17,10,102067.6285,52423.70709,35717.53743,52437.35312,8152.480054,0,0,0
2059,12,17,11,107383.6959,52581.16754,36089.49382,53763.71431,8137.363198,0,0,0
2059,12,17,12,110349.7049,52879.09219,36679.62323,54310.69939,8012.506131,0,0,0
2059,12,17,13,109220.5166,52337.66357,36703.56506,53899.92945,8186.799405,0,0,0
2059,12,17,14,105631.4479,49779.72797,35543.571,51792.14932,8205.511623,0,0,0
2059,12,17,15,109673.8589,53037.53319,37386.02986,54516.28864,8112.195674,0,0,0
2059,12,17,16,109437.5456,52413.24786,36800.96664,54072.1799,7878.006961,0,0,0
2059,12,17,17,109762.0269,52143.02383,36217.70111,52939.31448,7652.80665,0,0,0
2059,12,17,18,105569.4279,51721.14095,35663.28017,52281.28178,8515.938321,0,0,0
2059,12,17,19,102626.9522,53004.68467,38446.57951,55887.67356,8680.017503,0,0,0
2059,12,17,20,100243.9636,55259.13916,42307.17962,56158.14272,8668.414294,0,0,0
2059,12,17,21,100504.0552,55292.55967,42578.22078,56757.99595,8268.512145,0,0,0
2059,12,17,22,102487.5503,55207.08815,41550.1928,55966.03607,7744.570057,0,0,0
2059,12,17,23,101582.7451,53982.86788,39393.95702,54355.55968,7329.469339,0,0,0
2059,12,17,24,100281.8783,52662.22658,37345.33692,53274.66356,7060.961276,0,0,0
2059,12,18,1,98398.39961,51564.3342,36005.81997,51519.31048,6841.072293,0,0,0
2059,12,18,2,95827.14483,50726.53348,34156.25211,50680.4475,6610.233803,0,0,0
2059,12,18,3,93728.67995,49699.1592,33093.82306,49509.66736,6407.504495,0,0,0
2059,12,18,4,92611.33995,48098.48834,32246.46195,48819.19471,6390.508245,0,0,0
2059,12,18,5,88989.99474,47342.80892,31832.17836,48477.63546,6547.886982,0,0,0
2059,12,18,6,88586.74237,47993.32405,32948.70124,49687.71942,6664.899626,0,0,0
2059,12,18,7,89952.40739,50056.97929,35425.98637,50553.38419,6827.507978,0,0,0
2059,12,18,8,92009.85247,48952.22305,33261.17075,48057.38683,7536.039145,0,0,0
2059,12,18,9,95883.69004,49542.43417,33859.30801,49746.22574,7969.933794,0,0,0
2059,12,18,10,102621.3957,52697.60819,35909.1538,52717.46439,8195.706094,0,0,0
2059,12,18,11,107968.1871,52854.57837,36280.37478,54051.83343,8180.425811,0,0,0
2059,12,18,12,110956.9123,53158.54976,36875.32524,54602.33216,8055.568745,0,0,0
2059,12,18,13,109818.0001,52612.95379,36901.22818,54190.1731,8230.270583,0,0,0
2059,12,18,14,106207.3593,50046.92862,35734.77882,52069.48236,8248.737662,0,0,0
2059,12,18,15,110273.5487,53319.27872,37589.82144,54812.49733,8155.094862,0,0,0
2059,12,18,16,110032.4961,52686.49526,36998.8749,54362.34184,7919.925597,0,0,0
2059,12,18,17,110361.2264,52418.23233,36410.62489,53222.77597,7694.316722,0,0,0
2059,12,18,18,106141.0086,51995.85918,35855.22339,52557.47084,8564.067125,0,0,0
2059,12,18,19,103182.844,53284.79594,38659.60463,56195.73059,8729.535423,0,0,0
2059,12,18,20,100792.0109,55560.98602,42550.60187,56472.2465,8717.441938,0,0,0
2059,12,18,21,101052.9197,55596.20421,42824.82983,57076.92077,8313.045588,0,0,0
2059,12,18,22,103050.7962,55507.54589,41787.65002,56277.36161,7786.325267,0,0,0
2059,12,18,23,102137.4929,54278.83142,39615.97053,54652.91234,7370.243996,0,0,0
2059,12,18,24,100827.9645,52948.05774,37549.86391,53563.10953,7101.163944,0,0,0
2059,12,19,1,98939.0111,51843.62835,36197.68149,51794.35557,6823.340628,0,0,0
2059,12,19,2,95589.52418,50601.92155,34071.76113,50557.46982,6593.319265,0,0,0
2059,12,19,3,93497.84146,49579.04148,33010.55778,49387.91538,6390.835096,0,0,0
2059,12,19,4,92381.64544,47978.86089,32164.17722,48698.09643,6373.920559,0,0,0
2059,12,19,5,88767.00068,47224.40716,31750.38391,48356.7006,6531.054158,0,0,0
2059,12,19,6,88364.72886,47874.43201,32865.59938,49565.96744,6647.821663,0,0,0
2059,12,19,7,89728.43277,49933.42963,35340.35142,50428.11856,6809.939739,0,0,0
2059,12,19,8,91780.81166,48830.30764,33178.0689,47937.18739,7517.40864,0,0,0
2059,12,19,9,95647.3768,49421.66274,33775.71588,49621.94066,7950.7313,0,0,0
2059,12,19,10,102370.129,52573.2414,35821.63946,52590.89135,8176.013324,0,0,0
2059,12,19,11,107702.4573,52729.63959,36193.02386,53921.01133,8160.814754,0,0,0
2059,12,19,12,110678.7621,53029.93391,36785.2778,54468.81354,8035.875975,0,0,0
2059,12,19,13,109546.1419,52487.11617,36810.85389,54058.53387,8210.659525,0,0,0
2059,12,19,14,105944.898,49924.2778,35647.34618,51943.15447,8229.29003,0,0,0
2059,12,19,15,109998.5853,53190.66286,37496.09692,54677.09932,8135.64723,0,0,0
2059,12,19,16,109760.3109,52562.21018,36908.74575,54229.55864,7900.804816,0,0,0
2059,12,19,17,110088.9596,52292.80328,36322.8654,53092.93443,7675.359366,0,0,0
2059,12,19,18,105879.2827,51870.59355,35767.62734,52431.06124,8542.249824,0,0,0
2059,12,19,19,102929.8613,53157.40578,38562.12133,56055.3481,8706.819282,0,0,0
2059,12,19,20,100542.2151,55423.13663,42439.39083,56329.16749,8694.807509,0,0,0
2059,12,19,21,100802.7153,55457.61941,42712.22967,56930.98182,8292.862542,0,0,0
2059,12,19,22,102793.5645,55370.84048,41679.38064,56135.26316,7767.286199,0,0,0
2059,12,19,23,101884.7554,54144.0054,39514.31988,54517.2692,7351.695204,0,0,0
2059,12,19,24,100579.2309,52818.13448,37456.79309,53431.63373,7082.86029,0,0,0
2059,12,20,1,98692.48376,51717.13703,36110.00372,51668.35452,6783.709949,0,0,0
2059,12,20,2,91729.00578,48464.39799,33375.16003,50075.85493,6615.381705,0,0,0
2059,12,20,3,89457.39162,48059.91993,32389.86781,49069.15398,6430.874339,0,0,0
2059,12,20,4,86199.34125,46950.50606,31472.23374,47993.32405,6360.437957,0,0,0
2059,12,20,5,84624.98189,46376.88263,31120.86896,47197.44196,6512.015089,0,0,0
2059,12,20,6,83735.13016,46535.81391,32045.93889,48405.23797,6608.027559,0,0,0
2059,12,20,7,85871.34632,48966.93134,34248.99607,49076.01785,6682.467865,0,0,0
2059,12,20,8,85069.90776,46901.3967,32183.95171,47347.87511,7335.597794,0,0,0
2059,12,20,9,87209.229,46843.6258,32236.16615,46620.05974,7804.547208,0,0,0
2059,12,20,10,91831.22842,49447.56568,34036.86979,50200.95714,8110.152855,0,0,0
2059,12,20,11,96304.8375,49977.79965,34733.71604,51056.48953,8146.106461,0,0,0
2059,12,20,12,97878.87001,49972.9786,35189.99998,52322.21987,7997.716125,0,0,0
2059,12,20,13,98538.70038,48938.98558,35153.31096,51558.85945,8087.600139,0,0,0
2059,12,20,14,94487.05589,47462.5998,34061.46533,49691.96848,8081.553396,0,0,0
2059,12,20,15,95008.5466,49312.90308,34830.21878,51319.60455,7995.428168,0,0,0
2059,12,20,16,95629.07314,48598.4886,34021.83465,50029.76895,7777.336866,0,0,0
2059,12,20,17,93760.87477,47796.23292,33377.28456,48326.46689,7627.884265,0,0,0
2059,12,20,18,91623.2695,47363.64567,33137.37595,48362.17535,8481.210407,0,0,0
2059,12,20,19,90177.03572,48927.62751,36572.17097,53198.589,8484.969193,0,0,0
2059,12,20,20,94693.05371,51996.83974,39536.95431,53389.79681,8379.151195,0,0,0
2059,12,20,21,94546.7879,51854.57786,39286.25963,53735.03314,8229.535168,0,0,0
2059,12,20,22,92836.86711,51791.41391,38613.9272,53039.00402,7794.741679,0,0,0
2059,12,20,23,93026.52238,50015.9595,37018.7311,50887.34415,7376.781015,0,0,0
2059,12,20,24,91418.82422,48534.91609,35129.12399,50225.14411,7181.242429,0,0,0
2059,12,21,1,91502.00779,48286.50936,34301.61907,49497.32874,6206.082591,0,0,0
2059,12,21,2,79923.72112,42042.92062,29566.85607,43514.32192,5958.901553,0,0,0
2059,12,21,3,77778.67999,40910.79061,28532.04594,42301.13288,5745.794728,0,0,0
2059,12,21,4,76279.00607,39391.9142,27793.03592,41109.27085,5670.047018,0,0,0
2059,12,21,5,74341.18845,38704.79177,27298.02014,40900.82165,5747.020419,0,0,0
2059,12,21,6,72744.19466,39935.46735,28205.68525,41750.79757,5742.035942,0,0,0
2059,12,21,7,74445.61733,40470.84922,29686.9738,41741.9726,5953.345087,0,0,0
2059,12,21,8,72439.32443,39127.0015,27400.4062,38906.13196,6433.570859,0,0,0
2059,12,21,9,70274.01853,38257.98651,26936.84983,38866.41957,6936.022496,0,0,0
2059,12,21,10,72707.2605,38315.34885,27563.42312,39441.43212,7052.871714,0,0,0
2059,12,21,11,76390.29882,38488.25301,27792.87249,39260.60183,7114.646546,0,0,0
2059,12,21,12,78228.42691,38728.97874,28051.16646,39473.87208,7007.684569,0,0,0
2059,12,21,13,76495.13627,38973.62668,28030.57485,39779.80458,7106.965548,0,0,0
2059,12,21,14,77866.11262,37510.7235,27747.11336,39565.14521,7169.966071,0,0,0
2059,12,21,15,77626.36744,38075.44025,28115.14754,40574.78782,7060.225861,0,0,0
2059,12,21,16,77555.19564,38558.03569,27653.7157,39357.59485,6930.46603,0,0,0
2059,12,21,17,77574.23471,37107.38942,27601.09269,39073.8065,6823.258915,0,0,0
2059,12,21,18,76514.01191,37878.26741,28048.46994,39957.69321,7654.849469,0,0,0
2059,12,21,19,77420.36962,40311.75451,31514.80608,45344.76901,7799.644444,0,0,0
2059,12,21,20,81752.94251,43675.70459,35014.31759,46561.88027,7687.044288,0,0,0
2059,12,21,21,81271.49105,43453.60936,34741.88731,46336.10797,7484.478406,0,0,0
2059,12,21,22,81168.20615,43165.32681,33965.53457,46061.88002,7084.984821,0,0,0
2059,12,21,23,81513.03391,42056.64836,32731.34535,44649.06674,6642.67376,0,0,0
2059,12,21,24,80260.78617,41416.67418,30673.16486,43491.93263,6065.536679,0,0,0
2059,12,22,1,75611.90326,38127.49126,28288.54197,40784.46271,6214.008727,0,0,0
2059,12,22,2,87328.36618,46255.21236,31076.98922,46169.57741,6000.166487,0,0,0
2059,12,22,3,85369.54838,45280.29766,30068.24544,45053.38138,5812.635749,0,0,0
2059,12,22,4,84313.98321,43749.89975,29272.19993,44397.63664,5797.028616,0,0,0
2059,12,22,5,80899.53466,43024.29062,28886.5158,44069.96856,5942.559005,0,0,0
2059,12,22,6,80508.78434,43631.25286,29932.03031,45237.23504,6050.66496,0,0,0
2059,12,22,7,81778.11004,45554.11705,32288.29887,46062.20687,6201.588391,0,0,0
2059,12,22,8,83669.26969,44507.05,30225.70589,43676.93028,6855.944011,0,0,0
2059,12,22,9,87260.05433,45085.98476,30795.16198,45263.05627,7269.900751,0,0,0
2059,12,22,10,93527.50319,48134.44195,32745.31823,48093.58558,7485.050395,0,0,0
2059,12,22,11,98438.84742,48283.73112,33097.82699,49360.86846,7470.750666,0,0,0
2059,12,22,12,101153.5081,48569.80743,33658.53981,49866.83375,7351.531778,0,0,0
2059,12,22,13,100109.7095,48050.27783,33682.07308,49487.35978,7517.40864,0,0,0
2059,12,22,14,96757.93464,45575.52579,32575.43744,47471.5882,7535.058592,0,0,0
2059,12,22,15,100537.6391,48722.69196,34319.26902,50054.11935,7446.890546,0,0,0
2059,12,22,16,100311.9486,48119.73366,33772.44737,49635.0147,7222.343937,0,0,0
2059,12,22,17,100615.6748,47860.78598,33220.15096,48571.93196,7004.742911,0,0,0
2059,12,22,18,96765.61564,47447.15609,32692.28666,47946.66607,7818.520087,0,0,0
2059,12,22,19,94037.55411,48665.08448,35275.88007,51261.42508,7962.334509,0,0,0
2059,12,22,20,91817.33726,50750.96559,38650.61622,51408.67143,7952.283842,0,0,0
2059,12,22,21,92072.03587,50787.73632,38900.08522,51954.02226,7594.62718,0,0,0
2059,12,22,22,93924.6271,50705.20646,37991.1127,51259.70911,7093.074382,0,0,0
2059,12,22,23,93098.67473,49566.53943,36099.38106,49828.26533,6700.362955,0,0,0
2059,12,22,24,91946.77024,48329.24512,34269.91453,48897.63894,6452.855066,0,0,0
2059,12,23,1,90208.49512,47308.73471,33020.85359,47230.20877,6208.533974,0,0,0
2059,12,23,2,87253.92587,46215.49997,31049.86059,46129.7833,5994.936872,0,0,0
2059,12,23,3,85296.41548,45241.23897,30041.93394,45014.48612,5807.487846,0,0,0
2059,12,23,4,84241.34058,43711.90333,29246.54213,44359.06823,5791.962426,0,0,0
2059,12,23,5,80828.68971,42986.78448,28861.02143,44031.56357,5937.32939,0,0,0
2059,12,23,6,80438.34796,43593.25643,29905.71881,45197.93122,6045.353632,0,0,0
2059,12,23,7,81706.6931,45514.97665,32260.67997,46023.06646,6196.113637,0,0,0
2059,12,23,8,83596.70878,44468.48159,30199.39439,43638.77043,6849.978981,0,0,0
2059,12,23,9,87184.63347,45046.92607,30768.27849,45223.91587,7263.772296,0,0,0
2059,12,23,10,93448.73211,48094.23928,32717.5359,48053.21949,7478.92194,0,0,0
2059,12,23,11,98356.31755,48243.85531,33070.04466,49319.4401,7464.540498,0,0,0
2059,12,23,12,101069.4257,48530.01332,33630.2672,49825.56881,7345.485036,0,0,0
2059,12,23,13,100026.3625,48009.99345,33653.88218,49446.01314,7511.198472,0,0,0
2059,12,23,14,96676.14019,45536.54881,32547.65511,47431.1404,7528.684998,0,0,0
2059,12,23,15,100454.5373,48682.40758,34290.83299,50013.01784,7440.680378,0,0,0
2059,12,23,16,100228.1113,48079.6127,33744.50161,49593.66806,7216.133769,0,0,0
2059,12,23,17,100531.5107,47820.66503,33192.2052,48531.07559,6998.696168,0,0,0
2059,12,23,18,96684.06633,47407.11685,32664.74947,47906.05484,7812.309918,0,0,0
2059,12,23,19,93957.88419,48624.55496,35246.87205,51219.50644,7956.124341,0,0,0
2059,12,23,20,91739.21988,50709.9458,38617.84942,51365.36368,7945.910248,0,0,0
2059,12,23,21,91994.49048,50746.30796,38866.99156,51910.38766,7588.335299,0,0,0
2059,12,23,22,93845.93774,50662.96097,37959.16302,51216.97335,7086.864214,0,0,0
2059,12,23,23,93020.06707,49525.76477,36069.63762,49786.67355,6694.479637,0,0,0
2059,12,23,24,91869.79683,48289.53273,34241.96877,48856.94599,6447.298599,0,0,0
2059,12,24,1,90132.58399,47268.8589,32992.98954,47190.0061,6207.063144,0,0,0
2059,12,24,2,87234.15139,46205.20416,31042.66987,46119.24236,5993.547755,0,0,0
2059,12,24,3,85276.88613,45230.86145,30035.07007,45003.94517,5806.180443,0,0,0
2059,12,24,4,84222.13809,43701.77095,29239.59655,44348.77242,5790.573309,0,0,0
2059,12,24,5,80809.89578,42976.73381,28854.32098,44021.26776,5935.940273,0,0,0
2059,12,24,6,80419.88088,43583.12405,29898.69151,45187.47199,6043.964515,0,0,0
2059,12,24,7,81687.73575,45504.4357,32253.40753,46012.60723,6194.72452,0,0,0
2059,12,24,8,83577.09772,44458.2675,30192.20367,43628.63805,6848.344727,0,0,0
2059,12,24,9,87164.61385,45036.54856,30761.08777,45213.53835,7262.219754,0,0,0
2059,12,24,10,93427.81365,48083.61662,32710.18175,48042.35169,7477.287685,0,0,0
2059,12,24,11,98334.58196,48232.98751,33062.52708,49308.57231,7462.82453,0,0,0
2059,12,24,12,101047.1181,48519.22724,33622.74963,49814.61931,7343.850781,0,0,0
2059,12,24,13,100004.3001,47999.28908,33646.44632,49434.98192,7509.482505,0,0,0
2059,12,24,14,96654.48632,45526.00787,32540.21925,47420.51774,7527.050744,0,0,0
2059,12,24,15,100432.8834,48671.70321,34283.2337,50001.9049,7439.046123,0,0,0
2059,12,24,16,100206.2123,48069.07176,33737.06575,49582.71855,7214.581227,0,0,0
2059,12,24,17,100509.1214,47810.12408,33184.68763,48520.20779,6997.143626,0,0,0
2059,12,24,18,96662.16731,47396.33077,32657.23189,47895.02362,7810.675664,0,0,0
2059,12,24,19,93936.55716,48613.68717,35239.10934,51208.80207,7954.408373,0,0,0
2059,12,24,20,91718.54655,50699.078,38609.35129,51353.67876,7944.194281,0,0,0
2059,12,24,21,91973.89887,50735.84873,38858.16658,51898.70273,7586.701044,0,0,0
2059,12,24,22,93824.61071,50651.6029,37950.91003,51205.61528,7085.229959,0,0,0
2059,12,24,23,92999.31204,49514.73355,36061.95663,49775.88747,6692.927095,0,0,0
2059,12,24,24,91849.36865,48278.82836,34234.28777,48846.0782,6445.82777,0,0,0
2059,12,25,1,90112.23751,47258.31795,32985.6354,47179.46516,6242.689899,0,0,0
2059,12,25,2,87722.54844,46464.07012,31220.23165,46380.39627,6028.193957,0,0,0
2059,12,25,3,85757.52047,45487.27603,30207.8108,45260.35975,5839.764379,0,0,0
2059,12,25,4,84698.85021,43951.97536,29408.66021,44602.16363,5824.157245,0,0,0
2059,12,25,5,81273.86072,43224.2417,29021.26011,44273.92355,5970.259624,0,0,0
2059,12,25,6,80882.04813,43833.32846,30070.94197,45445.03054,6078.855855,0,0,0
2059,12,25,7,82156.60345,45762.81139,32434.23783,46270.00236,6230.351275,0,0,0
2059,12,25,8,84054.87211,44711.6587,30365.92496,43879.41445,6887.239991,0,0,0
2059,12,25,9,87658.97592,45292.63628,30937.669,45471.34204,7302.749273,0,0,0
2059,12,25,10,93946.11755,48346.32308,32891.9926,48308.49008,7517.898917,0,0,0
2059,12,25,11,98877.88997,48496.42939,33245.97218,49578.87805,7503.435762,0,0,0
2059,12,25,12,101600.1499,48783.73138,33807.25699,50084.35306,7384.3803,0,0,0
2059,12,25,13,100552.9194,48261.66868,33830.87198,49706.02307,7550.747438,0,0,0
2059,12,25,14,97194.52581,45783.97499,32721.78496,47685.92072,7568.642528,0,0,0
2059,12,25,15,100982.0747,48935.39022,34470.43759,50274.00833,7479.739067,0,0,0
2059,12,25,16,100755.4853,48332.51363,33921.65483,49853.75971,7255.355884,0,0,0
2059,12,25,17,101059.2116,48074.38308,33368.29616,48788.38901,7036.447454,0,0,0
2059,12,25,18,97198.61145,47659.36408,32839.20617,48161.97914,7851.695459,0,0,0
2059,12,25,19,94460.58096,48880.64269,35428.68289,51484.25572,7996.735572,0,0,0
2059,12,25,20,92231.62085,50968.07634,38823.43867,51637.54882,7986.52148,0,0,0
2059,12,25,21,92483.29609,51006.07276,39074.95048,52184.77904,7628.129403,0,0,0
2059,12,25,22,94342.01578,50928.0371,38160.66664,51486.13511,7125.187489,0,0,0
2059,12,25,23,93513.61202,49782.83305,36255.77924,50047.90918,6730.923519,0,0,0
2059,12,25,24,92354.43509,48539.81885,34420.59282,49112.70687,6482.435077,0,0,0
2059,12,26,1,90611.09379,47519.63529,33168.01823,47442.58018,6226.510776,0,0,0
2059,12,26,2,87500.61664,46345.9135,31139.33604,46261.83109,6012.423398,0,0,0
2059,12,26,3,85539.34745,45370.50852,30129.12144,45143.75567,5824.484096,0,0,0
2059,12,26,4,84482.31145,43838.23123,29331.76852,44486.86695,5808.876963,0,0,0
2059,12,26,5,81062.96014,43111.64154,28945.18555,44158.87202,5954.652491,0,0,0
2059,12,26,6,80671.71954,43719.66604,29992.74287,45327.93619,6063.003584,0,0,0
2059,12,26,7,81943.16977,45645.39018,32352.11652,46152.82629,6214.172153,0,0,0
2059,12,26,8,83837.84307,44596.11689,30286.99045,43765.26175,6869.590039,0,0,0
2059,12,26,9,87434.18418,45176.11392,30857.34537,45354.00255,7284.282194,0,0,0
2059,12,26,10,93710.45801,48226.61392,32809.21759,48187.63694,7499.431838,0,0,0
2059,12,26,11,98630.87235,48376.5568,33162.78862,49456.47237,7485.050395,0,0,0
2059,12,26,12,101348.0661,48662.71481,33723.33801,49962.02909,7365.913221,0,0,0
2059,12,26,13,100302.9602,48142.69494,33747.19813,49583.0454,7531.70837,0,0,0
2059,12,26,14,96948.65218,45666.39035,32639.41852,47565.47614,7549.685173,0,0,0
2059,12,26,15,100731.7069,48815.19078,34385.45634,50149.47811,7461.108563,0,0,0
2059,12,26,16,100505.1992,48213.0496,33837.73585,49730.61861,7236.807092,0,0,0
2059,12,26,17,100809.1706,47954.18364,33284.86745,48666.55531,7018.634076,0,0,0
2059,12,26,18,96954.45378,47539.73663,32756.26773,48041.04429,7832.983242,0,0,0
2059,12,26,19,94222.47004,48759.29927,35342.47595,51358.49981,7977.533078,0,0,0
2059,12,26,20,91998.24926,50846.32436,38726.44565,51508.27926,7967.237273,0,0,0
2059,12,26,21,92251.47704,50882.84995,38976.3232,52054.28379,7609.335473,0,0,0
2059,12,26,22,94106.43795,50802.19948,38064.49074,51358.74495,7107.047261,0,0,0
2059,12,26,23,93279.58674,49661.16278,36167.77462,49924.35951,6713.763844,0,0,0
2059,12,26,24,92124.25031,48421.33538,34335.61157,48991.28174,6465.765679,0,0,0
2059,12,27,1,90384.25922,47400.74326,33084.99809,47323.11615,5851.204162,0,0,0
2059,12,27,2,79259.80511,41868.38221,28810.68638,43317.96621,5702.32355,0,0,0
2059,12,27,3,77221.88938,41507.94731,27926.06426,42406.21546,5539.960336,0,0,0
2059,12,27,4,74329.17667,40511.05188,27115.39217,41433.18015,5478.594068,0,0,0
2059,12,27,5,72929.92772,39996.99704,26807.98884,40713.8629,5611.458983,0,0,0
2059,12,27,6,72154.31039,40129.61681,27624.95281,41793.9419,5695.868244,0,0,0
2059,12,27,7,74048.4117,42270.65402,29619.88764,42447.23526,5761.401861,0,0,0
2059,12,27,8,73326.07108,40452.95413,27749.64645,40846.56439,6337.966953,0,0,0
2059,12,27,9,75191.57293,40434.40533,27793.44448,40188.77684,6760.258393,0,0,0
2059,12,27,10,79291.34623,42775.14848,29415.76922,43425.90874,7042.249058,0,0,0
2059,12,27,11,83300.58181,43264.77122,30053.61886,44207.65452,7075.669569,0,0,0
2059,12,27,12,84695.74513,43252.75944,30470.84411,45385.62538,6938.637304,0,0,0
2059,12,27,13,85271.00282,42305.95393,30436.52476,44677.17593,7021.330597,0,0,0
2059,12,27,14,81614.03086,40973.70942,29438.48536,42946.5001,7015.528992,0,0,0
2059,12,27,15,82108.06608,42643.26412,30140.80636,44456.3881,6936.512773,0,0,0
2059,12,27,16,82670.16802,41995.28209,29403.92087,43259.95017,6735.662858,0,0,0
2059,12,27,17,80983.45364,41268.52898,28820.98218,41706.91783,6599.937997,0,0,0
2059,12,27,18,79072.76465,40885.45966,28601.17491,41743.68857,7377.843281,0,0,0
2059,12,27,19,77791.34546,42270.00032,31741.64064,46147.35154,7381.11179,0,0,0
2059,12,27,20,81873.71394,45049.70431,34324.00836,46262.5665,7288.531256,0,0,0
2059,12,27,21,81756.61959,44918.31022,34102.73026,46572.3395,7152.806395,0,0,0
2059,12,27,22,80212.90251,44861.68329,33533.27418,45987.11286,6751.269992,0,0,0
2059,12,27,23,80387.44092,43229.71645,32146.6907,44092.52127,6374.737686,0,0,0
2059,12,27,24,78939.40946,41902.78327,30416.26,43472.56671,6201.751816,0,0,0
2059,12,28,1,79044.41033,41691.55584,29653.79843,42793.61556,6206.082591,0,0,0
2059,12,28,2,79923.80283,42042.83891,29566.77436,43514.40364,5958.901553,0,0,0
2059,12,28,3,77778.7617,40910.79061,28532.12765,42301.13288,5745.794728,0,0,0
2059,12,28,4,76279.00607,39391.9142,27793.03592,41109.27085,5670.047018,0,0,0
2059,12,28,5,74341.27016,38704.79177,27298.10185,40900.82165,5747.020419,0,0,0
2059,12,28,6,72744.19466,39935.54906,28205.68525,41750.71586,5742.035942,0,0,0
2059,12,28,7,74445.61733,40470.93093,29686.9738,41741.9726,5953.345087,0,0,0
2059,12,28,8,72439.32443,39127.0015,27400.4062,38906.13196,6433.570859,0,0,0
2059,12,28,9,70273.93682,38257.98651,26936.84983,38866.583,6936.022496,0,0,0
2059,12,28,10,72707.17879,38315.43056,27563.58654,39441.43212,7052.871714,0,0,0
2059,12,28,11,76390.29882,38488.25301,27792.87249,39260.60183,7114.646546,0,0,0
2059,12,28,12,78228.26348,38728.97874,28051.16646,39473.87208,7007.684569,0,0,0
2059,12,28,13,76495.21798,38973.7084,28030.65656,39779.80458,7106.965548,0,0,0
2059,12,28,14,77866.19433,37510.64179,27747.11336,39565.14521,7169.966071,0,0,0
2059,12,28,15,77626.36744,38075.52196,28115.14754,40574.78782,7060.225861,0,0,0
2059,12,28,16,77555.11393,38558.03569,27653.7157,39357.51314,6930.46603,0,0,0
2059,12,28,17,77574.153,37107.38942,27601.1744,39073.8065,6823.258915,0,0,0
2059,12,28,18,76514.25705,37878.26741,28048.38823,39957.69321,7654.849469,0,0,0
2059,12,28,19,77420.45133,40311.83622,31514.72437,45344.76901,7799.644444,0,0,0
2059,12,28,20,81752.8608,43675.62287,35014.31759,46561.96198,7687.044288,0,0,0
2059,12,28,21,81271.57276,43453.60936,34741.88731,46336.10797,7484.478406,0,0,0
2059,12,28,22,81168.12444,43165.32681,33965.61628,46061.7983,7084.984821,0,0,0
2059,12,28,23,81513.03391,42056.64836,32731.34535,44649.06674,6642.67376,0,0,0
2059,12,28,24,80260.86788,41416.67418,30673.16486,43491.93263,6065.536679,0,0,0
2059,12,29,1,75611.73984,38127.49126,28288.54197,40784.46271,6214.008727,0,0,0
2059,12,29,2,87328.28447,46255.21236,31076.98922,46169.57741,6000.166487,0,0,0
2059,12,29,3,85369.54838,45280.29766,30068.24544,45053.38138,5812.635749,0,0,0
2059,12,29,4,84314.06492,43749.98147,29272.19993,44397.71836,5797.028616,0,0,0
2059,12,29,5,80899.53466,43024.37234,28886.5158,44070.05027,5942.559005,0,0,0
2059,12,29,6,80508.86605,43631.41628,29932.03031,45237.23504,6050.66496,0,0,0
2059,12,29,7,81777.94661,45554.19876,32288.29887,46062.20687,6201.588391,0,0,0
2059,12,29,8,83669.3514,44507.13171,30225.70589,43676.84856,6855.944011,0,0,0
2059,12,29,9,87260.05433,45085.98476,30795.16198,45263.13798,7269.900751,0,0,0
2059,12,29,10,93527.42148,48134.44195,32745.31823,48093.50387,7485.050395,0,0,0
2059,12,29,11,98438.84742,48283.73112,33097.82699,49360.86846,7470.750666,0,0,0
2059,12,29,12,101153.5081,48569.80743,33658.4581,49866.83375,7351.531778,0,0,0
2059,12,29,13,100109.7095,48050.19611,33682.07308,49487.44149,7517.40864,0,0,0
2059,12,29,14,96758.01636,45575.6075,32575.35573,47471.5882,7535.058592,0,0,0
2059,12,29,15,100537.6391,48722.69196,34319.26902,50054.11935,7446.890546,0,0,0
2059,12,29,16,100311.9486,48119.73366,33772.36565,49635.0147,7222.343937,0,0,0
2059,12,29,17,100615.5931,47860.78598,33220.15096,48571.93196,7004.742911,0,0,0
2059,12,29,18,96765.61564,47447.07438,32692.20495,47946.91121,7818.520087,0,0,0
2059,12,29,19,94037.4724,48665.08448,35275.88007,51261.50679,7962.334509,0,0,0
2059,12,29,20,91817.33726,50750.80217,38650.53451,51408.67143,7952.283842,0,0,0
2059,12,29,21,92072.03587,50787.73632,38900.08522,51954.02226,7594.62718,0,0,0
2059,12,29,22,93924.6271,50705.20646,37991.1127,51259.70911,7093.074382,0,0,0
2059,12,29,23,93098.75644,49566.62114,36099.38106,49828.26533,6700.362955,0,0,0
2059,12,29,24,91946.77024,48329.24512,34269.91453,48897.63894,6452.855066,0,0,0
2059,12,30,1,90208.49512,47308.73471,33020.85359,47230.20877,6208.533974,0,0,0
2059,12,30,2,87253.92587,46215.58168,31049.9423,46129.70159,5994.936872,0,0,0
2059,12,30,3,85296.41548,45241.15726,30042.01566,45014.4044,5807.487846,0,0,0
2059,12,30,4,84241.34058,43711.90333,29246.46042,44359.06823,5791.962426,0,0,0
2059,12,30,5,80828.68971,42986.78448,28861.10314,44031.56357,5937.32939,0,0,0
2059,12,30,6,80438.34796,43593.25643,29905.80052,45197.93122,6045.353632,0,0,0
2059,12,30,7,81706.6931,45514.97665,32260.76168,46022.98475,6196.19535,0,0,0
2059,12,30,8,83596.54535,44468.39988,30199.39439,43638.77043,6849.978981,0,0,0
2059,12,30,9,87184.63347,45046.92607,30768.27849,45223.99758,7263.772296,0,0,0
2059,12,30,10,93448.73211,48094.23928,32717.5359,48053.21949,7478.92194,0,0,0
2059,12,30,11,98356.39926,48243.85531,33070.04466,49319.52181,7464.540498,0,0,0
2059,12,30,12,101069.2622,48530.01332,33630.34891,49825.56881,7345.485036,0,0,0
2059,12,30,13,100026.3625,48009.99345,33653.88218,49446.01314,7511.198472,0,0,0
2059,12,30,14,96676.22191,45536.4671,32547.65511,47431.1404,7528.684998,0,0,0
2059,12,30,15,100454.5373,48682.40758,34290.83299,50013.01784,7440.680378,0,0,0
2059,12,30,16,100228.193,48079.6127,33744.50161,49593.66806,7216.133769,0,0,0
2059,12,30,17,100531.5924,47820.74674,33192.28691,48531.07559,6998.696168,0,0,0
2059,12,30,18,96684.14804,47407.03514,32664.74947,47906.05484,7812.309918,0,0,0
2059,12,30,19,93957.88419,48624.55496,35246.79033,51219.50644,7956.124341,0,0,0
2059,12,30,20,91739.13816,50709.9458,38617.84942,51365.36368,7945.910248,0,0,0
2059,12,30,21,91994.49048,50746.30796,38866.99156,51910.38766,7588.335299,0,0,0
2059,12,30,22,93845.93774,50662.96097,37959.16302,51216.97335,7086.864214,0,0,0
2059,12,30,23,93019.98536,49525.76477,36069.71934,49786.59184,6694.479637,0,0,0
2059,12,30,24,91869.5517,48289.45102,34241.96877,48856.94599,6447.298599,0,0,0
2059,12,31,1,90132.58399,47268.8589,32992.98954,47190.08781,6207.063144,0,0,0
2059,12,31,2,87234.15139,46205.20416,31042.66987,46119.24236,5993.547755,0,0,0
2059,12,31,3,85276.72271,45230.86145,30035.07007,45003.94517,5806.180443,0,0,0
2059,12,31,4,84222.13809,43701.77095,29239.51484,44348.77242,5790.573309,0,0,0
2059,12,31,5,80809.81407,42976.73381,28854.23927,44021.26776,5935.940273,0,0,0
2059,12,31,6,80419.88088,43583.20576,29898.69151,45187.5537,6043.964515,0,0,0
2059,12,31,7,81687.57232,45504.35399,32253.40753,46012.60723,6194.72452,0,0,0
2059,12,31,8,83577.01601,44458.2675,30192.20367,43628.47462,6848.344727,0,0,0
2059,12,31,9,87164.69556,45036.54856,30761.08777,45213.53835,7262.219754,0,0,0
2059,12,31,10,93427.81365,48083.61662,32710.18175,48042.4334,7477.287685,0,0,0
2059,12,31,11,98334.50025,48232.98751,33062.52708,49308.57231,7462.82453,0,0,0
2059,12,31,12,101047.1181,48519.30895,33622.74963,49814.61931,7343.850781,0,0,0
2059,12,31,13,100004.3818,47999.28908,33646.52804,49434.98192,7509.482505,0,0,0
2059,12,31,14,96654.56803,45525.92615,32540.21925,47420.51774,7527.050744,0,0,0
2059,12,31,15,100432.8834,48671.70321,34283.2337,50001.9049,7439.046123,0,0,0
2059,12,31,16,100206.1306,48068.99004,33736.98404,49582.71855,7214.581227,0,0,0
2059,12,31,17,100509.2031,47810.12408,33184.76934,48520.12608,6997.143626,0,0,0
2059,12,31,18,96662.24903,47396.33077,32657.23189,47895.02362,7810.675664,0,0,0
2059,12,31,19,93936.55716,48613.76888,35239.10934,51208.80207,7954.408373,0,0,0
2059,12,31,20,91718.46484,50699.078,38609.35129,51353.67876,7944.194281,0,0,0
2059,12,31,21,91973.98058,50735.76702,38858.16658,51898.78445,7586.701044,0,0,0
2059,12,31,22,93824.61071,50651.6029,37950.91003,51205.61528,7085.229959,0,0,0
2059,12,31,23,92999.23032,49514.65184,36061.95663,49775.88747,6692.927095,0,0,0
2059,12,31,24,91849.45036,48278.74665,34234.36949,48846.0782,6445.82777,0,0,0
