Year,Month,Day,Interval,APB1,APB2,APB3,APB4,APB5,Sumatera,Kalimantan,Lombok
2060,1,1,1,98805.59932,51809.01511,36169.07105,51745.21443,6812.938378,0,0,0
2060,1,1,2,95663.28578,50668.25211,34065.1265,50591.15239,6580.074613,0,0,0
2060,1,1,3,93540.39226,49614.23718,32969.21521,49382.06879,6374.938934,0,0,0
2060,1,1,4,92393.54474,47961.41728,32101.30006,48669.39614,6357.902242,0,0,0
2060,1,1,5,88692.41031,47174.42642,31679.46808,48314.66788,6517.143159,0,0,0
2060,1,1,6,88271.6214,47834.94592,32820.66569,49579.64226,6635.270019,0,0,0
2060,1,1,7,89658.37337,49929.24214,35371.0411,50462.94259,6799.465484,0,0,0
2060,1,1,8,91722.33384,48789.26144,33141.14672,47887.44675,7513.528878,0,0,0
2060,1,1,9,95633.38465,49419.18444,33759.94372,49612.3249,7962.741247,0,0,0
2060,1,1,10,102448.2353,52696.9223,35863.80134,52668.7596,8195.083481,0,0,0
2060,1,1,11,107792.8021,52860.50931,36244.25849,54036.30183,8179.611383,0,0,0
2060,1,1,12,110770.5724,53169.25589,36850.71257,54586.51744,8050.271599,0,0,0
2060,1,1,13,109634.4163,52607.74043,36877.04991,54174.24688,8229.765319,0,0,0
2060,1,1,14,105990.3027,49949.58186,35682.91687,52002.76402,8248.627371,0,0,0
2060,1,1,15,110095.1024,53333.45136,37568.51361,54790.17545,8153.621736,0,0,0
2060,1,1,16,109851.2865,52683.4494,36975.09781,54336.35622,7912.152703,0,0,0
2060,1,1,17,110182.5458,52403.47397,36377.85745,53188.7264,7676.159749,0,0,0
2060,1,1,18,105983.7835,51965.12684,35808.25825,52513.86478,8554.157843,0,0,0
2060,1,1,19,103006.3608,53276.8652,38601.75421,56107.04221,8710.704181,0,0,0
2060,1,1,20,100579.4145,55539.52913,42350.26107,56306.44104,8699.491256,0,0,0
2060,1,1,21,100846.1778,55576.47094,42623.02199,56903.42064,8312.514966,0,0,0
2060,1,1,22,102860.0713,55484.50757,41615.07565,56130.85881,7772.295369,0,0,0
2060,1,1,23,101963.5588,54247.95665,39517.30256,54552.53098,7343.422723,0,0,0
2060,1,1,24,100684.2423,52908.92481,37512.01437,53528.15641,7073.008698,0,0,0
2060,1,2,1,98783.86885,51797.8891,36161.16115,51733.74074,6851.792467,0,0,0
2060,1,2,2,96189.51095,50945.61989,34257.31082,50872.43165,6618.059483,0,0,0
2060,1,2,3,94061.22827,49888.82345,33157.74881,49660.13194,6411.88074,0,0,0
2060,1,2,4,92909.16544,48232.78745,32285.6614,48945.46009,6394.757126,0,0,0
2060,1,2,5,89196.55732,47443.18893,31862.5256,48589.60184,6554.693419,0,0,0
2060,1,2,6,88774.89919,48106.48993,33009.02544,49857.61849,6673.254888,0,0,0
2060,1,2,7,90167.82261,50209.7391,35566.00692,50742.30957,6838.406495,0,0,0
2060,1,2,8,92243.08293,49066.19461,33330.3757,48160.90304,7556.294452,0,0,0
2060,1,2,9,96170.82274,49698.55142,33951.43266,49891.86572,8006.028353,0,0,0
2060,1,2,10,103012.1846,52981.9392,36060.24483,52957.86183,8238.718274,0,0,0
2060,1,2,11,108381.5241,53144.74392,36442.96195,54327.92479,8223.680786,0,0,0
2060,1,2,12,111375.7227,53453.40358,37051.84984,54877.7058,8094.254079,0,0,0
2060,1,2,13,110235.3943,52892.67041,37078.10026,54467.34752,8273.921643,0,0,0
2060,1,2,14,106578.0685,50228.86192,35880.22958,52288.73706,8293.218304,0,0,0
2060,1,2,15,110699.9919,53615.25215,37771.47624,55081.71149,8197.77806,0,0,0
2060,1,2,16,110454.6113,52970.55243,37177.01738,54630.49992,7955.439808,0,0,0
2060,1,2,17,110785.1753,52688.66472,36576.73475,53477.3071,7719.620698,0,0,0
2060,1,2,18,106563.5526,52247.70993,36003.48483,52802.27164,8599.35723,0,0,0
2060,1,2,19,103573.6131,53562.75132,38808.97602,56411.79038,8756.859709,0,0,0
2060,1,2,20,101135.367,55837.06279,42591.03473,56617.70836,8745.994472,0,0,0
2060,1,2,21,101403.4341,55871.57078,42864.57794,57219.55558,8356.323602,0,0,0
2060,1,2,22,103424.629,55775.86977,41846.63559,56441.08306,7815.930161,0,0,0
2060,1,2,23,102522.9881,54536.97196,39733.82501,54851.02078,7384.97139,0,0,0
2060,1,2,24,101233.5887,53194.63709,37713.84702,53815.69405,7112.992771,0,0,0
2060,1,3,1,81321.2595,41654.71204,28264.65439,42185.80484,5602.72479,0,0,0
2060,1,3,2,78845.37616,41759.19216,28026.40147,41663.665,5409.410489,0,0,0
2060,1,3,3,77035.31455,40858.94206,27108.24546,40640.59425,5240.434319,0,0,0
2060,1,3,4,76074.04528,39456.45724,26388.01061,40042.39775,5226.352971,0,0,0
2060,1,3,5,72950.85455,38795.50312,26039.80149,39740.95261,5357.431194,0,0,0
2060,1,3,6,72593.08402,39344.50183,26985.51174,40803.39897,5454.957563,0,0,0
2060,1,3,7,73742.27844,41111.71094,29147.34627,41586.91296,5591.511865,0,0,0
2060,1,3,8,75461.76743,40152.26703,27251.75351,39381.00903,6192.750635,0,0,0
2060,1,3,9,78751.32666,40676.14531,27769.19957,40827.04173,6576.25005,0,0,0
2060,1,3,10,84585.2637,43509.36458,29569.87362,43458.51527,6777.821932,0,0,0
2060,1,3,11,89163.96161,43657.74026,29902.87141,44655.7775,6764.262115,0,0,0
2060,1,3,12,91680.0898,43933.71729,30434.92035,45138.97633,6652.132867,0,0,0
2060,1,3,13,90680.48797,43433.82945,30457.52004,44774.0782,6808.679205,0,0,0
2060,1,3,14,87534.00218,41127.44381,29415.76109,42874.40012,6825.455132,0,0,0
2060,1,3,15,91100.23381,44072.96617,31067.01639,45318.38313,6741.662422,0,0,0
2060,1,3,16,90892.75124,43498.84703,30543.83349,44918.02086,6532.180647,0,0,0
2060,1,3,17,91179.85427,43249.90272,30019.08599,43907.90148,6330.434922,0,0,0
2060,1,3,18,87584.5038,42863.70872,29520.84967,43314.83337,7094.565329,0,0,0
2060,1,3,19,85051.59969,44011.07778,31989.08389,46499.5648,7233.205756,0,0,0
2060,1,3,20,83013.97655,45977.42496,35194.4158,46646.72357,7223.383582,0,0,0
2060,1,3,21,83269.44001,46014.106,35409.98211,47148.61061,6881.25899,0,0,0
2060,1,3,22,85017.26554,45950.82686,34578.40031,46501.04247,6412.054584,0,0,0
2060,1,3,23,84240.27069,44879.77523,32790.41687,45141.58399,6048.807972,0,0,0
2060,1,3,24,83154.61618,43718.75943,31020.16549,44220.55955,5820.811833,0,0,0
2060,1,4,1,81525.69981,42750.1018,29829.24856,42644.9263,6601.544322,0,0,0
2060,1,4,2,89393.3485,47226.14495,32501.74924,48842.89225,6434.30659,0,0,0
2060,1,4,3,87115.90785,46821.78428,31509.18809,47824.25453,6251.335994,0,0,0
2060,1,4,4,83864.4204,45702.66484,30596.59508,46736.9485,6182.059242,0,0,0
2060,1,4,5,82289.91714,45126.5465,30250.38516,45933.09479,6331.912594,0,0,0
2060,1,4,6,81415.83053,45275.0091,31169.49731,47147.56755,6427.005151,0,0,0
2060,1,4,7,83546.02549,47678.48651,33398.87015,47862.06555,6500.71492,0,0,0
2060,1,4,8,82733.74035,45628.43354,31309.61541,46083.29583,7143.936967,0,0,0
2060,1,4,9,84832.73035,45605.66,31358.90012,45344.89431,7617.661312,0,0,0
2060,1,4,10,89435.94023,48218.01073,33173.2209,48968.23363,7930.667067,0,0,0
2060,1,4,11,93910.41878,48757.36111,33881.89514,49834.49727,7966.826577,0,0,0
2060,1,4,12,95462.9308,48752.23271,34345.71039,51134.93579,7816.538615,0,0,0
2060,1,4,13,96099.1991,47704.73692,34307.89936,50354.2033,7907.806608,0,0,0
2060,1,4,14,92025.08281,46213.24407,33197.0375,48435.66316,7901.374387,0,0,0
2060,1,4,15,92578.7753,48083.02102,33978.63921,50111.6912,7814.191723,0,0,0
2060,1,4,16,93205.1345,47356.87548,33157.14035,48784.65458,7589.759382,0,0,0
2060,1,4,17,91324.84,46544.06881,32505.1392,47051.43193,7437.211451,0,0,0
2060,1,4,18,89185.77901,46110.32854,32262.27941,47092.11138,8295.999805,0,0,0
2060,1,4,19,87748.4385,47663.10133,35744.28373,51944.3525,8299.476681,0,0,0
2060,1,4,20,92300.88599,50773.34069,38574.11305,52063.08781,8199.342654,0,0,0
2060,1,4,21,92167.02627,50627.92035,38333.94784,52410.16695,8051.314662,0,0,0
2060,1,4,22,90448.4065,50565.94504,37704.6333,51755.29737,7607.404528,0,0,0
2060,1,4,23,90644.15461,48747.0174,36183.41316,49680.38474,7184.529493,0,0,0
2060,1,4,24,89034.44798,47259.34911,34285.73428,49011.25997,6992.084411,0,0,0
2060,1,5,1,89147.18568,47024.74691,33440.76651,48262.86243,6811.808394,0,0,0
2060,1,5,2,87728.70723,46153.35488,32452.11684,47760.6277,6542.263588,0,0,0
2060,1,5,3,85387.03129,44916.10858,31322.30601,46437.50257,6308.791369,0,0,0
2060,1,5,4,83743.51204,43251.46731,30514.28004,45134.63023,6225.694034,0,0,0
2060,1,5,5,81624.53001,42497.85445,29972.14816,44906.11256,6310.095198,0,0,0
2060,1,5,6,79872.96684,43845.40464,30967.40389,45835.30765,6304.70604,0,0,0
2060,1,5,7,81736.92002,44431.519,32588.41037,45817.74943,6536.179055,0,0,0
2060,1,5,8,79537.18754,42956.1067,30085.66816,42718.11454,7059.535804,0,0,0
2060,1,5,9,77161.17746,42005.52882,29577.17506,42675.26205,7609.490653,0,0,0
2060,1,5,10,79829.67973,42070.45948,30264.29266,43306.40195,7737.352765,0,0,0
2060,1,5,11,83865.02885,42260.12306,30515.58387,43108.48079,7804.456471,0,0,0
2060,1,5,12,85872.83778,42524.19179,30797.55851,43342.64838,7687.807284,0,0,0
2060,1,5,13,83975.85427,42792.43277,30775.21958,43678.42767,7795.938125,0,0,0
2060,1,5,14,85471.78014,41187.50684,30463.86534,43443.04317,7863.911049,0,0,0
2060,1,5,15,85212.66596,41807.86843,30867.44371,44550.68892,7745.34958,0,0,0
2060,1,5,16,85132.78474,42336.78818,30362.25364,43214.96011,7603.493042,0,0,0
2060,1,5,17,85154.94982,40744.63977,30304.5375,42903.77972,7486.322324,0,0,0
2060,1,5,18,83997.4109,41588.39063,30794.16855,43873.65426,8384.486297,0,0,0
2060,1,5,19,84991.79742,44255.32831,34571.96809,49740.10009,8542.075699,0,0,0
2060,1,5,20,89715.74182,47938.20914,38363.50129,51049.49156,8419.168135,0,0,0
2060,1,5,21,89191.34201,47696.7401,38065.96763,50801.32954,8202.81953,0,0,0
2060,1,5,22,89078.77815,47382.43052,37221.1737,50509.18504,7772.034603,0,0,0
2060,1,5,23,89454.54152,46169.95696,35890.74713,48991.61562,7288.053474,0,0,0
2060,1,5,24,88093.95304,45467.01957,33659.72277,47740.11413,6658.738931,0,0,0
2060,1,6,1,83013.80271,41864.19382,31059.1065,44780.4235,6820.413662,0,0,0
2060,1,6,2,95764.28903,50721.53524,34102.24215,50644.87012,6587.376053,0,0,0
2060,1,6,3,93640.52629,49667.08569,33005.46164,49435.52576,6382.066529,0,0,0
2060,1,6,4,92492.6357,48013.91811,32136.76419,48722.67927,6365.029837,0,0,0
2060,1,6,5,88789.41515,47226.14495,31714.58453,48367.51639,6524.357677,0,0,0
2060,1,6,6,88368.71316,47887.2729,32856.8252,49633.36,6642.484536,0,0,0
2060,1,6,7,89756.42127,49983.30756,35408.67828,50516.66032,6806.940767,0,0,0
2060,1,6,8,91822.55479,48842.54457,33177.48008,47939.94758,7521.786458,0,0,0
2060,1,6,9,95736.90863,49473.07602,33796.88552,49666.21647,7971.08575,0,0,0
2060,1,6,10,102556.8008,52751.3354,35901.96005,52724.82423,8203.341062,0,0,0
2060,1,6,11,107906.1482,52915.09626,36282.15644,54092.10568,8188.129729,0,0,0
2060,1,6,12,110887.3955,53224.19053,36888.95821,54642.58206,8058.789945,0,0,0
2060,1,6,13,109750.1963,52662.84891,36915.904,54230.13766,8238.283665,0,0,0
2060,1,6,14,106102.6927,50003.38652,35720.81482,52057.61174,8257.232638,0,0,0
2060,1,6,15,110211.9254,53388.29907,37607.19385,54846.7616,8162.05316,0,0,0
2060,1,6,16,109967.0664,52738.64481,37013.9519,54392.85545,7920.497205,0,0,0
2060,1,6,17,110299.1081,52458.40861,36415.84232,53244.61718,7684.504251,0,0,0
2060,1,6,18,106094.9566,52019.80071,35845.80851,52569.58172,8562.936954,0,0,0
2060,1,6,19,103115.274,53331.97368,38641.56444,56165.80141,8719.570215,0,0,0
2060,1,6,20,100686.5023,55596.81066,42395.80814,56365.98254,8708.531134,0,0,0
2060,1,6,21,100953.6133,55633.57863,42669.69905,56964.52673,8321.033312,0,0,0
2060,1,6,22,102968.5498,55540.91988,41659.66659,56190.13954,7780.726793,0,0,0
2060,1,6,23,102071.1681,54303.3259,39558.50354,54609.3779,7351.332616,0,0,0
2060,1,6,24,100789.8524,52963.42484,37551.47692,53583.52566,7080.744747,0,0,0
2060,1,7,1,98887.82744,51852.12837,36198.71141,51788.50154,6814.502973,0,0,0
2060,1,7,2,95684.32088,50679.37812,34073.03639,50602.53916,6581.639207,0,0,0
2060,1,7,3,93561.25352,49625.36318,32976.86434,49393.36863,6376.503528,0,0,0
2060,1,7,4,92414.40599,47972.54329,32108.77534,48680.60907,6359.379914,0,0,0
2060,1,7,5,88712.66311,47185.37858,31686.94337,48325.79388,6518.620831,0,0,0
2060,1,7,6,88292.22189,47846.07193,32828.14097,49590.94211,6636.747691,0,0,0
2060,1,7,7,89678.88693,49940.71583,35378.95099,50474.24244,6801.030078,0,0,0
2060,1,7,8,91743.19509,48800.56129,33148.79585,47898.48583,7515.267316,0,0,0
2060,1,7,9,95655.46281,49430.39736,33767.85361,49623.71166,7964.392764,0,0,0
2060,1,7,10,102471.1827,52708.48291,35871.88508,52680.75482,8196.821919,0,0,0
2060,1,7,11,107816.5317,52871.983,36252.16838,54047.94936,8181.349821,0,0,0
2060,1,7,12,110794.7367,53180.99035,36858.62247,54598.51266,8052.010037,0,0,0
2060,1,7,13,109658.7544,52619.38796,36885.48133,54186.06826,8231.590678,0,0,0
2060,1,7,14,106013.7716,49960.88171,35690.91369,52014.49847,8250.365808,0,0,0
2060,1,7,15,110119.7013,53345.18581,37576.4235,54802.17067,8155.360174,0,0,0
2060,1,7,16,109875.8853,52694.66233,36983.09462,54348.1776,7913.804219,0,0,0
2060,1,7,17,110206.6232,52415.20842,36385.76734,53200.6347,7677.985109,0,0,0
2060,1,7,18,106007.1655,51976.33976,35816.16814,52525.68616,8555.983202,0,0,0
2060,1,7,19,103029.1344,53288.42581,38610.18564,56118.95051,8712.616463,0,0,0
2060,1,7,20,100601.8403,55551.35051,42359.73556,56318.69703,8701.403538,0,0,0
2060,1,7,21,100868.7775,55588.29232,42632.84416,56916.28508,8314.340326,0,0,0
2060,1,7,22,102882.8448,55496.41587,41624.3763,56143.37556,7774.120728,0,0,0
2060,1,7,23,101985.9847,54259.51726,39525.99475,54564.43928,7345.074239,0,0,0
2060,1,7,24,100706.2335,52920.31157,37520.4458,53539.80394,7074.660214,0,0,0
2060,1,8,1,98805.68624,51809.10203,36168.98413,51745.30136,6812.938378,0,0,0
2060,1,8,2,95663.11194,50668.25211,34065.1265,50591.23931,6580.074613,0,0,0
2060,1,8,3,93540.5661,49614.23718,32969.21521,49382.06879,6374.938934,0,0,0
2060,1,8,4,92393.45781,47961.41728,32101.30006,48669.39614,6357.902242,0,0,0
2060,1,8,5,88692.32339,47174.51334,31679.46808,48314.58096,6517.056237,0,0,0
2060,1,8,6,88271.70833,47834.859,32820.66569,49579.64226,6635.270019,0,0,0
2060,1,8,7,89658.37337,49929.24214,35371.12802,50462.94259,6799.465484,0,0,0
2060,1,8,8,91722.24692,48789.17452,33141.0598,47887.53367,7513.528878,0,0,0
2060,1,8,9,95633.55849,49419.18444,33759.94372,49612.41182,7962.741247,0,0,0
2060,1,8,10,102448.0615,52696.9223,35863.88826,52668.7596,8195.083481,0,0,0
2060,1,8,11,107792.8021,52860.42239,36244.08465,54036.30183,8179.611383,0,0,0
2060,1,8,12,110770.4855,53169.25589,36850.71257,54586.60436,8050.271599,0,0,0
2060,1,8,13,109634.4163,52607.74043,36877.04991,54174.15996,8229.765319,0,0,0
2060,1,8,14,105990.1288,49949.58186,35682.91687,52002.76402,8248.627371,0,0,0
2060,1,8,15,110095.1024,53333.53828,37568.51361,54790.26237,8153.621736,0,0,0
2060,1,8,16,109851.2865,52683.53632,36975.09781,54336.35622,7912.152703,0,0,0
2060,1,8,17,110182.4589,52403.47397,36377.85745,53188.7264,7676.159749,0,0,0
2060,1,8,18,105983.8704,51965.12684,35808.17133,52513.9517,8554.157843,0,0,0
2060,1,8,19,103006.4477,53276.8652,38601.75421,56107.04221,8710.704181,0,0,0
2060,1,8,20,100579.5014,55539.52913,42350.17415,56306.44104,8699.491256,0,0,0
2060,1,8,21,100846.2647,55576.47094,42623.02199,56903.42064,8312.514966,0,0,0
2060,1,8,22,102860.0713,55484.50757,41615.07565,56130.85881,7772.295369,0,0,0
2060,1,8,23,101963.5588,54247.95665,39517.30256,54552.44406,7343.509645,0,0,0
2060,1,8,24,100684.2423,52908.92481,37512.1013,53528.15641,7073.008698,0,0,0
2060,1,9,1,98783.86885,51797.8891,36161.16115,51733.74074,6851.792467,0,0,0
2060,1,9,2,96189.42403,50945.61989,34257.31082,50872.43165,6618.059483,0,0,0
2060,1,9,3,94061.22827,49888.82345,33157.74881,49660.13194,6411.88074,0,0,0
2060,1,9,4,92909.16544,48232.78745,32285.74832,48945.46009,6394.757126,0,0,0
2060,1,9,5,89196.73117,47443.10201,31862.43868,48589.60184,6554.693419,0,0,0
2060,1,9,6,88774.81227,48106.48993,33009.02544,49857.61849,6673.254888,0,0,0
2060,1,9,7,90167.82261,50209.7391,35566.00692,50742.39649,6838.406495,0,0,0
2060,1,9,8,92243.08293,49066.10769,33330.3757,48160.90304,7556.294452,0,0,0
2060,1,9,9,96170.73582,49698.55142,33951.43266,49891.86572,8006.028353,0,0,0
2060,1,9,10,103012.1846,52981.9392,36060.24483,52957.86183,8238.718274,0,0,0
2060,1,9,11,108381.4372,53144.65699,36442.96195,54327.92479,8223.680786,0,0,0
2060,1,9,12,111375.7227,53453.40358,37051.84984,54877.7058,8094.254079,0,0,0
2060,1,9,13,110235.3074,52892.49657,37078.10026,54467.34752,8273.921643,0,0,0
2060,1,9,14,106578.0685,50228.86192,35880.22958,52288.65014,8293.218304,0,0,0
2060,1,9,15,110699.9049,53615.33907,37771.38932,55081.62457,8197.77806,0,0,0
2060,1,9,16,110454.6113,52970.55243,37177.01738,54630.49992,7955.439808,0,0,0
2060,1,9,17,110785.1753,52688.66472,36576.73475,53477.22018,7719.620698,0,0,0
2060,1,9,18,106563.5526,52247.70993,36003.48483,52802.27164,8599.35723,0,0,0
2060,1,9,19,103573.7,53562.75132,38808.97602,56411.79038,8756.859709,0,0,0
2060,1,9,20,101135.28,55837.06279,42591.03473,56617.70836,8745.994472,0,0,0
2060,1,9,21,101403.4341,55871.6577,42864.57794,57219.46866,8356.323602,0,0,0
2060,1,9,22,103424.629,55775.86977,41846.63559,56441.08306,7815.930161,0,0,0
2060,1,9,23,102522.9881,54536.97196,39733.82501,54851.02078,7384.97139,0,0,0
2060,1,9,24,101233.5887,53194.55016,37713.7601,53815.69405,7112.992771,0,0,0
2060,1,10,1,99324.95766,52080.81988,36358.73463,52017.62766,6834.147322,0,0,0
2060,1,10,2,95950.38881,50819.75698,34169.86739,50744.56954,6600.762025,0,0,0
2060,1,10,3,93824.01841,49763.569,33071.95689,49533.83442,6395.104814,0,0,0
2060,1,10,4,92674.12862,48109.70604,32201.69485,48819.94487,6377.9812,0,0,0
2060,1,10,5,88967.08351,47320.88982,31779.08058,48464.43431,6537.569805,0,0,0
2060,1,10,6,88546.20768,47982.80007,32923.23353,49731.4079,6655.870508,0,0,0
2060,1,10,7,89935.65422,50082.05083,35477.86811,50615.22976,6820.674427,0,0,0
2060,1,10,8,92006.56845,48939.98401,33244.14917,48036.34396,7536.823946,0,0,0
2060,1,10,9,95926.57221,49571.4716,33864.51076,49764.61206,7986.297082,0,0,0
2060,1,10,10,102756.1996,52852.07788,35971.06296,52826.52285,8219.160847,0,0,0
2060,1,10,11,108115.1085,53016.44719,36352.04164,54195.62966,8203.341062,0,0,0
2060,1,10,12,111100.2672,53324.4984,36959.71263,54746.01912,8074.088199,0,0,0
2060,1,10,13,109962.8942,52763.93908,36986.5715,54333.83548,8253.668841,0,0,0
2060,1,10,14,106310.5229,50102.04287,35790.52618,52158.09345,8272.87858,0,0,0
2060,1,10,15,110425.3187,53487.56388,37679.42595,54949.67713,8177.786024,0,0,0
2060,1,10,16,110180.3728,52839.56113,37085.4017,54496.98789,7935.621615,0,0,0
2060,1,10,17,110511.9798,52559.23801,36486.16213,53346.05503,7699.802505,0,0,0
2060,1,10,18,106300.2661,52119.67397,35914.56373,52671.36726,8578.930584,0,0,0
2060,1,10,19,103315.1074,53433.84615,38715.01344,56274.36686,8735.998454,0,0,0
2060,1,10,20,100882.2504,55701.03002,42481.42621,56476.37335,8724.698607,0,0,0
2060,1,10,21,101149.9698,55737.97183,42754.88251,57076.13445,8336.418488,0,0,0
2060,1,10,22,103168.2094,55643.74849,41741.37317,56299.83498,7796.025047,0,0,0
2060,1,10,23,102269.5239,54405.98066,39634.82097,54714.72724,7366.022417,0,0,0
2060,1,10,24,100983.7752,53065.21038,37622.23134,53684.78967,7094.826094,0,0,0
2060,1,11,1,99079.49022,51952.34932,36268.33585,51888.20096,6794.076327,0,0,0
2060,1,11,2,91973.53812,48595.7733,33448.24179,50244.50786,6623.274797,0,0,0
2060,1,11,3,89650.81116,48181.50353,32432.9071,49205.8781,6435.436575,0,0,0
2060,1,11,4,86322.13707,47037.26366,31497.19286,48095.10316,6364.24754,0,0,0
2060,1,11,5,84709.04049,46448.19396,31141.33461,47275.60351,6518.273144,0,0,0
2060,1,11,6,83810.96343,46600.22036,32084.26336,48518.15204,6615.799513,0,0,0
2060,1,11,7,85993.91998,49064.54309,34355.70641,49234.99694,6691.160799,0,0,0
2060,1,11,8,85163.03356,46959.9901,32227.51065,47430.67217,7349.594178,0,0,0
2060,1,11,9,87319.91354,46931.13202,32278.18612,46675.58164,7834.966057,0,0,0
2060,1,11,10,92033.775,49596.24434,34131.62175,50372.28305,8151.53561,0,0,0
2060,1,11,11,96601.60767,50148.11148,34851.50891,51254.19263,8188.477417,0,0,0
2060,1,11,12,98182.717,50144.37383,35322.53868,52568.79942,8034.973345,0,0,0
2060,1,11,13,98840.88961,49077.49446,35284.98842,51781.02626,8127.892854,0,0,0
2060,1,11,14,94686.37057,47557.75199,34154.91682,49833.54113,8121.199868,0,0,0
2060,1,11,15,95248.40756,49463.60153,34951.38218,51533.03808,8032.539532,0,0,0
2060,1,11,16,95885.80584,48725.54769,34113.88969,50188.35632,7806.629518,0,0,0
2060,1,11,17,93967.52647,47895.35664,33448.41563,48423.05949,7650.865477,0,0,0
2060,1,11,18,91781.26689,47450.75113,33200.6013,48465.12968,8520.432146,0,0,0
2060,1,11,19,90307.41918,49042.55185,36739.88715,53390.29828,8524.082866,0,0,0
2060,1,11,20,94952.78618,52212.76732,39641.25319,53530.67714,8421.601948,0,0,0
2060,1,11,21,94812.05963,52067.26007,39396.48113,53880.71163,8273.139346,0,0,0
2060,1,11,22,93059.80109,52003.19863,38742.91537,53206.37154,7824.535429,0,0,0
2060,1,11,23,93260.24298,50156.89059,37184.75343,51080.08807,7391.577455,0,0,0
2060,1,11,24,91615.50683,48631.84588,35260.3026,50407.31258,7193.308605,0,0,0
2060,1,12,1,91724.50689,48389.33379,34404.03498,49652.0482,6578.07541,0,0,0
2060,1,12,2,84715.47271,44563.03183,31339.51654,46123.19298,6316.092809,0,0,0
2060,1,12,3,82440.37894,43362.37965,30242.12758,44836.48812,6090.095873,0,0,0
2060,1,12,4,80850.75127,41752.5861,29458.61359,43572.99141,6009.866961,0,0,0
2060,1,12,5,78796.09144,41024.26751,28934.03993,43351.8621,6091.399702,0,0,0
2060,1,12,6,77103.20055,42328.87828,29896.00458,44252.98142,6086.097466,0,0,0
2060,1,12,7,78907.17763,42896.65212,31466.42251,44244.37615,6310.095198,0,0,0
2060,1,12,8,76780.19878,41472.17605,29042.34462,41237.66077,6819.457521,0,0,0
2060,1,12,9,74485.11298,40550.71701,28551.06205,41195.59057,7352.201835,0,0,0
2060,1,12,10,77064.25954,40611.56234,29215.14535,41804.82616,7476.239383,0,0,0
2060,1,12,11,80969.05197,40794.35909,29458.52666,41613.2503,7541.778495,0,0,0
2060,1,12,12,82917.58016,41049.82255,29732.06988,41839.16031,7428.258496,0,0,0
2060,1,12,13,81080.57277,41309.1975,29710.42633,42163.55283,7533.433992,0,0,0
2060,1,12,14,82534.25459,39758.42391,29410.02425,41936.07822,7600.276932,0,0,0
2060,1,12,15,82280.09496,40357.14194,29800.0428,43006.26064,7484.062354,0,0,0
2060,1,12,16,82204.21215,40868.32963,29310.93328,41715.99198,7346.378068,0,0,0
2060,1,12,17,82224.46495,39330.94201,29255.21634,41415.32913,7232.684225,0,0,0
2060,1,12,18,81100.5648,40148.26862,29729.28838,42352.08643,8115.115335,0,0,0
2060,1,12,19,82061.05178,42728.19748,33406.08467,48066.50586,8269.140938,0,0,0
2060,1,12,20,86656.091,46294.3422,37121.64813,49360.59908,8149.449485,0,0,0
2060,1,12,21,86145.94638,46058.69693,36832.89358,49120.17311,7934.665474,0,0,0
2060,1,12,22,86036.16403,45753.3403,36007.48324,48828.02861,7509.96508,0,0,0
2060,1,12,23,86401.32292,44577.80855,34697.831,47327.93049,7041.108361,0,0,0
2060,1,12,24,85073.33016,43899.12237,32512.78832,46098.85485,6429.091276,0,0,0
2060,1,13,1,80143.55471,40412.07658,29983.96954,43228.51993,6586.419912,0,0,0
2060,1,13,2,92572.51692,49032.20815,32940.61791,48940.07094,6359.814523,0,0,0
2060,1,13,3,90492.21514,47997.05526,31870.78318,47756.02084,6160.93722,0,0,0
2060,1,13,4,89373.79107,46373.44113,31026.51079,47059.95028,6144.42206,0,0,0
2060,1,13,5,85749.84329,45603.57387,30617.54325,46712.26269,6298.621507,0,0,0
2060,1,13,6,85335.052,46247.31745,31725.9713,47950.20436,6413.271491,0,0,0
2060,1,13,7,86681.64604,48287.02671,34226.97508,48828.11553,6573.381627,0,0,0
2060,1,13,8,88686.76039,47176.3387,32037.84707,46295.29834,7267.105296,0,0,0
2060,1,13,9,92495.24336,47790.61575,32641.43273,47977.93244,7706.669335,0,0,0
2060,1,13,10,99146.68085,51028.36954,34711.91235,50982.73554,7935.273928,0,0,0
2060,1,13,11,104355.4756,51188.21891,35086.63265,52328.63421,7920.062595,0,0,0
2060,1,13,12,107234.9373,51491.66326,35681.52612,52865.6377,7793.243546,0,0,0
2060,1,13,13,106128.5085,50939.53536,35706.99424,52462.66778,7969.608077,0,0,0
2060,1,13,14,102569.839,48309.88717,34531.46249,50322.12912,7988.209364,0,0,0
2060,1,13,15,106583.1969,51652.9903,36383.2466,53064.42808,7894.594479,0,0,0
2060,1,13,16,106343.5533,51012.81052,35803.21678,52618.95335,7656.080791,0,0,0
2060,1,13,17,106666.8158,50737.52887,35216.49396,51490.09866,7425.129307,0,0,0
2060,1,13,18,102577.9228,50297.70406,34655.7608,50826.62381,8289.567585,0,0,0
2060,1,13,19,99686.29199,51591.01499,37398.40745,54346.96069,8441.941672,0,0,0
2060,1,13,20,97332.01238,53807.34955,40972.80975,54497.68326,8430.989513,0,0,0
2060,1,13,21,97604.86022,53846.11671,41236.35694,55076.49618,8051.488505,0,0,0
2060,1,13,22,99569.46896,53754.7618,40275.43536,54341.8323,7518.570348,0,0,0
2060,1,13,23,98693.81776,52548.63354,38271.97253,52824.61056,7102.388299,0,0,0
2060,1,13,24,97472.91278,51235.93903,36331.52807,51838.39471,6840.144933,0,0,0
2060,1,14,1,95628.4301,50151.84912,35004.83914,50066.14413,6580.683067,0,0,0
2060,1,14,2,92493.85261,48990.57256,32912.0206,48897.82689,6354.1646,0,0,0
2060,1,14,3,90414.42004,47955.68044,31842.88125,47714.64602,6155.548063,0,0,0
2060,1,14,4,89296.77827,46333.02244,30999.21731,47019.09699,6139.032902,0,0,0
2060,1,14,5,85675.17738,45563.85057,30590.68439,46671.49632,6293.145427,0,0,0
2060,1,14,6,85260.73377,46206.98569,31698.24321,47908.48185,6407.708489,0,0,0
2060,1,14,7,86606.02399,48245.3042,34197.50855,48786.56686,6567.55786,0,0,0
2060,1,14,8,88609.3999,47135.39849,32009.68438,46255.0535,7260.84692,0,0,0
2060,1,14,9,92415.44905,47749.24093,32613.18311,47936.29686,7699.976349,0,0,0
2060,1,14,10,99062.97506,50985.43012,34682.44582,50939.36152,7928.580941,0,0,0
2060,1,14,11,104268.3799,51145.54026,35057.25305,52285.17326,7913.456531,0,0,0
2060,1,14,12,107145.9293,51449.07153,35651.62499,52822.00291,7786.55056,0,0,0
2060,1,14,13,106040.1089,50897.03055,35676.91926,52418.51146,7963.002013,0,0,0
2060,1,14,14,102482.5695,48267.99082,34502.08288,50279.62431,7981.603299,0,0,0
2060,1,14,15,106495.0581,51610.22473,36352.6501,53020.53252,7888.075337,0,0,0
2060,1,14,16,106255.6752,50970.04495,35773.1418,52575.4924,7649.64857,0,0,0
2060,1,14,17,106578.2424,50694.76329,35186.8536,51446.46387,7418.784009,0,0,0
2060,1,14,18,102491.2616,50255.19925,34626.29428,50784.03208,8282.700755,0,0,0
2060,1,14,19,99601.45622,51547.90172,37367.98479,54302.89129,8434.900998,0,0,0
2060,1,14,20,97249.69734,53762.84553,40938.64944,54452.22311,8423.948839,0,0,0
2060,1,14,21,97522.19749,53802.30808,41201.84895,55031.03603,8044.708597,0,0,0
2060,1,14,22,99485.67625,53711.127,40242.05735,54296.63291,7512.051205,0,0,0
2060,1,14,23,98611.50272,52504.91182,38240.76757,52780.2804,7096.303767,0,0,0
2060,1,14,24,97391.20619,51193.17346,36301.36618,51795.19452,6834.234244,0,0,0
2060,1,15,1,95547.67966,50110.12661,34975.19878,50023.5524,6579.118472,0,0,0
2060,1,15,2,92472.81751,48979.6204,32904.54532,48886.61397,6352.686928,0,0,0
2060,1,15,3,90393.81955,47944.90212,31835.40597,47703.52001,6154.07039,0,0,0
2060,1,15,4,89276.43855,46322.50489,30992.00279,47008.14483,6137.55523,0,0,0
2060,1,15,5,85655.27227,45553.2461,30583.46987,46660.54416,6291.667755,0,0,0
2060,1,15,6,85240.91558,46196.38122,31690.76793,47897.61661,6406.230817,0,0,0
2060,1,15,7,86585.68427,48234.09128,34189.7725,48775.6147,6566.080188,0,0,0
2060,1,15,8,88588.79941,47124.70709,32002.38294,46244.27519,7259.108482,0,0,0
2060,1,15,9,92394.5878,47738.20185,32605.62091,47925.3447,7698.237911,0,0,0
2060,1,15,10,99040.80998,50974.30412,34674.62285,50928.06167,7926.929425,0,0,0
2060,1,15,11,104245.7802,51134.32733,35049.43008,52274.13418,7911.805015,0,0,0
2060,1,15,12,107122.5473,51437.94552,35643.62817,52810.4423,7784.812122,0,0,0
2060,1,15,13,106016.64,50885.64378,35669.00937,52407.03777,7961.350497,0,0,0
2060,1,15,14,102459.7959,48256.95174,34494.25991,50268.23754,7979.864861,0,0,0
2060,1,15,15,106471.6761,51599.09872,36344.7402,53009.23268,7886.423821,0,0,0
2060,1,15,16,106232.6409,50958.57125,35765.14499,52564.01871,7647.910132,0,0,0
2060,1,15,17,106555.1212,50683.46345,35179.03063,51434.81633,7417.045571,0,0,0
2060,1,15,18,102468.3143,50244.07325,34618.47131,50772.55839,8280.962317,0,0,0
2060,1,15,19,99579.11729,51536.60188,37359.90105,54291.24375,8433.075638,0,0,0
2060,1,15,20,97228.05379,53751.54569,40929.78341,54440.57557,8422.471167,0,0,0
2060,1,15,21,97500.46702,53790.83438,41192.98292,55019.04081,8042.970159,0,0,0
2060,1,15,22,99463.59809,53699.47947,40233.36516,54284.72461,7510.312767,0,0,0
2060,1,15,23,98589.85917,52493.52505,38232.50999,52768.98055,7094.65225,0,0,0
2060,1,15,24,97369.73648,51182.13438,36293.54321,51783.80776,6832.669649,0,0,0
2060,1,16,1,95526.47071,50099.26137,34967.3758,50012.25255,6617.103342,0,0,0
2060,1,16,2,92991.21971,49254.38052,33092.81815,49164.15559,6389.454891,0,0,0
2060,1,16,3,90905.96337,48216.96766,32018.98502,47975.67248,6189.79529,0,0,0
2060,1,16,4,89782.58476,46588.05129,31171.32267,47277.34195,6173.193208,0,0,0
2060,1,16,5,86147.51098,45815.48946,30760.6167,46928.69821,6328.08803,0,0,0
2060,1,16,6,85731.5897,46461.92762,31873.82545,48171.24675,6443.259546,0,0,0
2060,1,16,7,87083.13829,48509.02524,34382.04374,49048.98407,6603.978135,0,0,0
2060,1,16,8,89096.68406,47393.81729,32186.65736,46510.51696,7300.657149,0,0,0
2060,1,16,9,92919.42222,48010.18047,32792.9376,48199.06175,7741.438095,0,0,0
2060,1,16,10,99591.4602,51254.36647,34868.37176,51211.6009,7970.129609,0,0,0
2060,1,16,11,104821.0293,51413.2597,35243.87436,52560.71568,7955.09212,0,0,0
2060,1,16,12,107709.6178,51717.57327,35840.24551,53098.76223,7828.186149,0,0,0
2060,1,16,13,106599.1906,51164.57615,35865.27901,52695.01001,8004.637602,0,0,0
2060,1,16,14,103032.3505,48531.36417,34687.66114,50550.03833,8023.499654,0,0,0
2060,1,16,15,107054.5744,51880.11722,36543.70443,53297.72646,7929.45016,0,0,0
2060,1,16,16,106814.3223,51239.32899,35961.84924,52852.25173,7690.84955,0,0,0
2060,1,16,17,107137.5848,50963.61272,35373.73568,51720.96322,7459.028848,0,0,0
2060,1,16,18,103039.1304,50523.26639,34811.87253,51055.57609,8325.031719,0,0,0
2060,1,16,19,100135.5044,51819.53266,37562.08139,54583.5621,8478.448869,0,0,0
2060,1,16,20,97771.4895,54039.25717,41156.73649,54741.1515,8467.583632,0,0,0
2060,1,16,21,98041.38199,54078.02434,41422.10904,55321.52901,8086.865718,0,0,0
2060,1,16,22,100013.2053,53992.05858,40453.53833,54582.69288,7553.078341,0,0,0
2060,1,16,23,99133.90333,52778.88965,38438.42796,53057.82202,7134.984011,0,0,0
2060,1,16,24,97906.91382,51461.41444,36491.11668,52066.82546,6871.436816,0,0,0
2060,1,17,1,96056.69429,50376.02069,35161.64625,50292.57567,6599.805884,0,0,0
2060,1,17,2,92755.13983,49129.12606,33007.02624,49037.77115,6372.678964,0,0,0
2060,1,17,3,90673.18653,48092.84319,31935.27923,47851.89569,6173.540896,0,0,0
2060,1,17,4,89551.89404,46466.96909,31089.61608,47154.95591,6156.938813,0,0,0
2060,1,17,5,85923.07864,45695.97185,30679.86626,46806.83371,6311.485948,0,0,0
2060,1,17,6,85508.02657,46340.93234,31790.46735,48046.86151,6426.309775,0,0,0
2060,1,17,7,86856.35906,48383.77079,34294.51339,48924.68576,6586.680678,0,0,0
2060,1,17,8,88865.38489,47271.43126,32102.60388,46389.08707,7281.708175,0,0,0
2060,1,17,9,92680.47392,47886.22984,32707.49337,48074.5896,7721.880668,0,0,0
2060,1,17,10,99340.95129,51127.37358,34780.31988,51082.69573,7950.659104,0,0,0
2060,1,17,11,104558.9598,51285.91912,35155.21403,52429.8113,7935.273928,0,0,0
2060,1,17,12,107443.6368,51590.49345,35750.88979,52967.85785,7808.5418,0,0,0
2060,1,17,13,106334.0788,51037.40942,35776.09715,52564.01871,7984.81941,0,0,0
2060,1,17,14,102771.8455,48406.80509,34599.60925,50421.56777,8003.59454,0,0,0
2060,1,17,15,106790.3318,51752.77664,36453.21873,53167.08284,7909.979655,0,0,0
2060,1,17,16,106548.6889,51111.37995,35872.40661,52721.08658,7671.118279,0,0,0
2060,1,17,17,106871.4299,50836.01138,35285.16226,51591.01499,7439.90603,0,0,0
2060,1,17,18,102780.1031,50395.92581,34723.99449,50926.41015,8305.126604,0,0,0
2060,1,17,19,99881.34473,51690.62748,37469.94418,54450.83236,8458.022223,0,0,0
2060,1,17,20,97523.84901,53908.61356,41053.21251,54603.98874,8447.070064,0,0,0
2060,1,17,21,97794.87149,53947.38072,41317.36815,55183.84472,8066.960603,0,0,0
2060,1,17,22,99763.13095,53858.02501,40353.14354,54446.39934,7533.607836,0,0,0
2060,1,17,23,98885.39362,52649.37602,38345.24769,52926.65687,7116.469647,0,0,0
2060,1,17,24,97662.92405,51335.03,36401.58712,51937.92028,6853.791671,0,0,0
2060,1,18,1,95815.74679,50249.72318,35073.24668,50165.23509,6560.864874,0,0,0
2060,1,18,2,88847.30514,46937.47732,32301.74195,48546.40166,6394.583283,0,0,0
2060,1,18,3,86580.72972,46535.2897,31314.56996,47533.15309,6212.65575,0,0,0
2060,1,18,4,83346.88742,45421.99403,30407.45303,46450.10624,6143.726684,0,0,0
2060,1,18,5,81781.33711,44848.13566,30063.32923,45650.42478,6292.79774,0,0,0
2060,1,18,6,80912.63966,44996.42442,30977.22607,46858.11763,6387.281843,0,0,0
2060,1,18,7,83030.66555,47386.16816,33196.42905,47571.65949,6460.643925,0,0,0
2060,1,18,8,82223.16112,45348.19734,31116.56187,45799.66968,7100.649861,0,0,0
2060,1,18,9,84309.72129,45326.29302,31165.67274,45065.09272,7571.766549,0,0,0
2060,1,18,10,88888.50611,47927.51774,32971.21441,48670.61305,7884.337695,0,0,0
2060,1,18,11,93341.86265,48464.60815,33677.10715,49534.26903,7920.497205,0,0,0
2060,1,18,12,94886.37785,48460.00129,34138.83627,50829.753,7769.687712,0,0,0
2060,1,18,13,95521.34232,47413.80933,34100.8514,50051.45433,7861.042627,0,0,0
2060,1,18,14,91463.82811,45930.22637,32994.68333,48140.47639,7854.610406,0,0,0
2060,1,18,15,92015.86909,47789.92038,33773.50353,49810.94143,7767.34082,0,0,0
2060,1,18,16,92639.44679,47068.46862,32955.04694,48488.33783,7543.951542,0,0,0
2060,1,18,17,90766.97526,46259.13883,32306.52266,46761.89509,7392.27283,0,0,0
2060,1,18,18,88639.73564,45827.91929,32064.35825,46803.18299,8248.105839,0,0,0
2060,1,18,19,87210.21811,47372.78219,35532.80275,51639.51741,8251.582715,0,0,0
2060,1,18,20,91742.4128,50468.33175,38352.80989,51755.29737,8151.97022,0,0,0
2060,1,18,21,91608.03154,50323.34602,38113.16622,52099.76886,8003.855305,0,0,0
2060,1,18,22,89897.0609,50261.37071,37484.80782,51451.07073,7561.509766,0,0,0
2060,1,18,23,90092.11364,48450.00527,35971.84526,49383.98107,7141.503154,0,0,0
2060,1,18,24,88489.36076,46970.15996,34078.5994,48715.11706,6949.49268,0,0,0
2060,1,19,1,88603.40229,46736.60082,33237.19542,47968.45796,6637.008457,0,0,0
2060,1,19,2,85474.47472,44963.39409,31619.75274,46535.89815,6372.93973,0,0,0
2060,1,19,3,83181.99658,43752.91974,30514.01927,45239.63189,6145.030513,0,0,0
2060,1,19,4,81578.54832,42129.21868,29724.15999,43965.61763,6064.019304,0,0,0
2060,1,19,5,79507.02565,41394.64172,29194.89255,43742.74988,6146.334341,0,0,0
2060,1,19,6,77798.92342,42710.03081,30165.37554,44651.34448,6141.032106,0,0,0
2060,1,19,7,79618.45952,43282.06382,31749.09253,44640.82693,6366.942119,0,0,0
2060,1,19,8,77472.96631,41845.41869,29304.50106,41609.59958,6879.781318,0,0,0
2060,1,19,9,75157.28002,40916.39744,28808.78548,41567.35553,7416.871727,0,0,0
2060,1,19,10,77759.1132,40978.11199,29478.86639,42182.0672,7542.213104,0,0,0
2060,1,19,11,81697.19671,41162.82102,29724.15999,41989.01366,7607.926059,0,0,0
2060,1,19,12,83661.54469,41420.28368,30000.05009,42216.83596,7493.276075,0,0,0
2060,1,19,13,81808.54367,41682.00552,29978.31962,42544.0969,7599.668479,0,0,0
2060,1,19,14,83273.35149,40117.32443,29674.96219,42314.62309,7666.685262,0,0,0
2060,1,19,15,83017.88803,40721.60546,30068.54455,43394.36691,7550.209919,0,0,0
2060,1,19,16,82940.87523,41237.40001,29575.17585,42092.53764,7410.961038,0,0,0
2060,1,19,17,82961.73649,39686.10489,29519.02431,41789.18022,7296.832586,0,0,0
2060,1,19,18,81829.14416,40510.03756,29997.18167,42734.28202,8184.131322,0,0,0
2060,1,19,19,82798.14948,43112.04459,33699.70684,48489.72858,8337.722316,0,0,0
2060,1,19,20,87426.56671,46708.3512,37433.35006,49785.12563,8218.117784,0,0,0
2060,1,19,21,86912.33676,46471.14134,37143.20476,49543.6566,8001.943024,0,0,0
2060,1,19,22,86802.20672,46163.17705,36315.44752,49254.2936,7576.199566,0,0,0
2060,1,19,23,87170.84249,44977.73621,34998.32,47747.76326,7103.257518,0,0,0
2060,1,19,24,85833.636,44293.48703,32802.23824,46512.69001,6486.894338,0,0,0
2060,1,20,1,80864.65877,40776.97471,30254.29664,43618.45156,6645.352959,0,0,0
2060,1,20,2,93378.63061,49460.03773,33233.89239,49371.72508,6417.009132,0,0,0
2060,1,20,3,91288.50665,48420.62567,32156.32162,48179.59125,6216.480313,0,0,0
2060,1,20,4,90161.21655,46787.10244,31305.79084,47478.91383,6199.878231,0,0,0
2060,1,20,5,86516.14675,46012.36756,30893.34644,47129.66164,6355.381507,0,0,0
2060,1,20,6,86099.26932,46660.80492,32010.81436,48375.94782,6470.987631,0,0,0
2060,1,20,7,87455.68555,48714.074,34525.89948,49253.5113,6632.227752,0,0,0
2060,1,20,8,89476.27199,47595.56301,32324.60241,46709.91579,7331.427501,0,0,0
2060,1,20,9,93312.39612,48213.66463,32933.14262,48404.28436,7773.773041,0,0,0
2060,1,20,10,100003.7308,51463.15287,35012.83596,51423.08188,8002.551477,0,0,0
2060,1,20,11,105252.5096,51622.56763,35389.46854,52775.32585,7987.253223,0,0,0
2060,1,20,12,108149.2688,51928.53272,35986.7089,53312.67702,7860.521095,0,0,0
2060,1,20,13,107035.7992,51372.84102,36012.00318,52910.22863,8037.581002,0,0,0
2060,1,20,14,103461.9185,48736.67369,34831.69072,50760.73701,8056.616897,0,0,0
2060,1,20,15,107491.3569,52089.51207,36692.60164,53514.68351,7961.872028,0,0,0
2060,1,20,16,107250.1486,51448.28923,36108.22572,53067.38343,7723.184496,0,0,0
2060,1,20,17,107574.0196,51173.96372,35519.67755,51934.09572,7490.233809,0,0,0
2060,1,20,18,103465.2215,50732.31355,34956.68441,51267.40476,8357.801275,0,0,0
2060,1,20,19,100551.4256,52031.88285,37712.54319,54802.77912,8512.174566,0,0,0
2060,1,20,20,98178.97936,54252.82427,41326.6688,54966.97459,8501.309329,0,0,0
2060,1,20,21,98446.00343,54293.24296,41594.38824,55549.09054,8119.896039,0,0,0
2060,1,20,22,100424.4328,54210.841,40620.68914,54805.56062,7584.717912,0,0,0
2060,1,20,23,99543.13163,52991.41369,38592.45357,53273.64909,7164.885144,0,0,0
2060,1,20,24,98308.66683,51668.72316,36639.6662,52278.82797,6900.555652,0,0,0
2060,1,21,1,96452.8843,50583.2425,35306.54505,50501.44899,6639.616114,0,0,0
2060,1,21,2,93300.14013,49418.40214,33205.12124,49329.48104,6411.446131,0,0,0
2060,1,21,3,91210.36386,48379.33777,32128.41969,48138.04258,6211.091156,0,0,0
2060,1,21,4,90084.11682,46746.50991,31278.32352,47437.97361,6194.402151,0,0,0
2060,1,21,5,86441.13315,45972.38349,30866.40065,47088.89527,6349.818505,0,0,0
2060,1,21,6,86024.34265,46620.29932,31982.82551,48334.31223,6465.337708,0,0,0
2060,1,21,7,87379.88965,48672.26457,34496.6068,49212.04955,6626.490907,0,0,0
2060,1,21,8,89399.17227,47554.44896,32296.61356,46669.14942,7325.169124,0,0,0
2060,1,21,9,93232.60182,48172.20289,32904.71916,48362.56184,7767.166977,0,0,0
2060,1,21,10,99919.3296,51420.64807,34983.45636,51380.05554,7995.945413,0,0,0
2060,1,21,11,105165.24,51580.14975,35359.9151,52731.69106,7980.647158,0,0,0
2060,1,21,12,108060.1738,51885.76714,35956.89469,53269.21607,7853.828109,0,0,0
2060,1,21,13,106946.9651,51330.6839,35982.10204,52866.68076,8030.888016,0,0,0
2060,1,21,14,103374.7358,48694.95118,34802.39804,50718.05836,8049.836989,0,0,0
2060,1,21,15,107403.4789,52047.09419,36662.2659,53470.70103,7955.439808,0,0,0
2060,1,21,16,107161.836,51405.87134,36078.67227,53024.09632,7716.665354,0,0,0
2060,1,21,17,107485.3593,51131.37199,35490.1241,51890.46093,7483.88851,0,0,0
2060,1,21,18,103378.9081,50689.80875,34927.04404,51224.37842,8351.021367,0,0,0
2060,1,21,19,100466.8506,51988.85651,37681.77284,54758.18819,8505.307736,0,0,0
2060,1,21,20,98096.05587,54209.18948,41292.1608,54920.90598,8494.355577,0,0,0
2060,1,21,21,98363.94916,54249.43432,41559.61948,55502.76117,8113.203053,0,0,0
2060,1,21,22,100340.8139,54166.33698,40587.05037,54760.44816,7578.285692,0,0,0
2060,1,21,23,99459.6866,52948.47427,38561.24861,53230.62275,7158.887533,0,0,0
2060,1,21,24,98227.04717,51626.47912,36609.41738,52235.45394,6894.558041,0,0,0
2060,1,22,1,96372.65539,50541.34614,35277.07853,50459.20495,6638.051519,0,0,0
2060,1,22,2,93278.93119,49407.01537,33197.55904,49318.18119,6409.881537,0,0,0
2060,1,22,3,91189.76337,48368.29869,32120.94441,48127.0035,6209.613483,0,0,0
2060,1,22,4,90063.42941,46735.64468,31271.10901,47426.84761,6193.011401,0,0,0
2060,1,22,5,86421.14111,45961.60517,30859.18613,47077.85619,6348.340833,0,0,0
2060,1,22,6,86004.26369,46609.521,31975.43715,48323.18622,6463.860035,0,0,0
2060,1,22,7,87359.54993,48661.13856,34488.60999,49200.74971,6624.926313,0,0,0
2060,1,22,8,89378.57178,47543.4968,32289.05136,46658.37111,7323.430686,0,0,0
2060,1,22,9,93210.95827,48161.25073,32897.07003,48351.43584,7765.428539,0,0,0
2060,1,22,10,99896.90375,51409.34822,34975.72031,51368.58185,7994.206975,0,0,0
2060,1,22,11,105142.2057,51568.8499,35351.91828,52719.9566,7978.908721,0,0,0
2060,1,22,12,108036.1834,51874.29345,35948.9848,53257.56854,7852.089671,0,0,0
2060,1,22,13,106923.3223,51319.29713,35974.19215,52854.94631,8029.062656,0,0,0
2060,1,22,14,103351.7884,48683.65134,34794.66199,50706.41083,8048.098551,0,0,0
2060,1,22,15,107379.5754,52035.53357,36654.44293,53458.96658,7953.70137,0,0,0
2060,1,22,16,107138.1063,51394.31073,36070.67546,53012.53571,7714.926916,0,0,0
2060,1,22,17,107461.8904,51120.15906,35482.21421,51878.98723,7482.150072,0,0,0
2060,1,22,18,103355.8738,50678.68274,34919.308,51212.81781,8349.369851,0,0,0
2060,1,22,19,100444.0771,51977.20898,37673.6891,54745.84528,8503.569298,0,0,0
2060,1,22,20,98073.80386,54197.80271,41282.86016,54908.82384,8492.704061,0,0,0
2060,1,22,21,98342.3056,54237.69986,41549.97115,55490.33134,8111.290771,0,0,0
2060,1,22,22,100318.5619,54154.25484,40578.01049,54748.10525,7576.460332,0,0,0
2060,1,22,23,99437.60844,52937.00058,38552.9041,53218.97522,7157.236017,0,0,0
2060,1,22,24,98205.31669,51615.2662,36601.24672,52223.98025,6892.993447,0,0,0
2060,1,23,1,96351.2726,50529.87245,35269.16864,50447.73126,6676.123311,0,0,0
2060,1,23,2,93799.24567,49682.81856,33386.61416,49596.15742,6446.997187,0,0,0
2060,1,23,3,91702.68949,48640.36423,32305.65344,48400.45979,6245.512227,0,0,0
2060,1,23,4,90572.18328,47002.4949,31451.73271,47697.69624,6228.823223,0,0,0
2060,1,23,5,86916.33517,46225.76082,31037.72371,47347.31407,6385.108796,0,0,0
2060,1,23,6,86498.15392,46876.80584,32159.36388,48597.7725,6501.14953,0,0,0
2060,1,23,7,87860.13314,48936.59406,34681.66353,49476.03136,6662.911182,0,0,0
2060,1,23,8,89888.80332,47814.6062,32474.36884,46926.17748,7364.80551,0,0,0
2060,1,23,9,93738.31342,48434.88086,33085.16902,48626.45673,7808.97641,0,0,0
2060,1,23,10,100452.4216,51689.14981,35169.99075,51652.64261,8038.102533,0,0,0
2060,1,23,11,105719.5409,51849.0861,35547.31871,53006.45118,8022.543513,0,0,0
2060,1,23,12,108628.643,52157.91961,36145.68906,53546.84462,7895.55062,0,0,0
2060,1,23,13,107510.8274,51598.40335,36170.63564,53141.70165,8073.045136,0,0,0
2060,1,23,14,103926.2553,48959.97605,34988.32398,50988.907,8092.081032,0,0,0
2060,1,23,15,107965.6028,52317.94282,36853.581,53750.06801,7996.901553,0,0,0
2060,1,23,16,107721.9607,51673.59079,36266.9451,53301.4641,7757.953255,0,0,0
2060,1,23,17,108050.9601,51399.78681,35678.04924,52166.35103,7524.481037,0,0,0
2060,1,23,18,103929.6452,50958.13665,35113.49152,51496.79165,8393.352331,0,0,0
2060,1,23,19,101003.0718,52261.79127,37876.82558,55041.11897,8549.029451,0,0,0
2060,1,23,20,98621.93335,54486.81802,41513.02935,55211.65973,8537.99037,0,0,0
2060,1,23,21,98885.91515,54529.84436,41781.35725,55798.46947,8155.794783,0,0,0
2060,1,23,22,100871.7328,54448.05086,40801.74745,55048.76809,7619.312828,0,0,0
2060,1,23,23,99985.9987,53223.32131,38760.4736,53507.81668,7197.22009,0,0,0
2060,1,23,24,98744.14554,51894.98086,36801.25401,52507.86717,6932.021379,0,0,0
2060,1,24,1,96881.67003,50806.63178,35464.22137,50727.79362,6658.738931,0,0,0
2060,1,24,2,93562.29658,49557.12949,33300.56149,49469.8599,6430.134339,0,0,0
2060,1,24,3,91469.30419,48516.32668,32221.42612,48275.98763,6229.17091,0,0,0
2060,1,24,4,90340.36258,46880.80425,31369.33075,47574.35407,6212.481906,0,0,0
2060,1,24,5,86690.77284,46105.28707,30956.36481,47224.49343,6368.332869,0,0,0
2060,1,24,6,86273.20004,46755.11518,32075.57117,48472.51805,6484.19976,0,0,0
2060,1,24,7,87631.96315,48811.16576,34593.78549,49350.86383,6645.613724,0,0,0
2060,1,24,8,89656.02648,47691.09018,32389.88076,46804.05221,7345.943458,0,0,0
2060,1,24,9,93498.75667,48309.9741,32999.46403,48501.37612,7789.158217,0,0,0
2060,1,24,10,100200.0004,51561.89615,35081.33041,51523.04206,8018.023575,0,0,0
2060,1,24,11,105456.1676,51721.22399,35458.04992,52876.24217,8002.551477,0,0,0
2060,1,24,12,108358.0552,52029.10135,36055.72489,53414.9841,7875.906271,0,0,0
2060,1,24,13,107242.1518,51470.97584,36081.5407,53011.23188,8053.140022,0,0,0
2060,1,24,14,103664.2727,48834.11314,34900.09826,50860.6972,8072.002073,0,0,0
2060,1,24,15,107699.6218,52189.29841,36762.39992,53617.16443,7977.170283,0,0,0
2060,1,24,16,107455.1974,51546.42405,36177.50247,53169.51666,7738.308906,0,0,0
2060,1,24,17,107781.9368,51272.70699,35589.04122,52035.79434,7505.097454,0,0,0
2060,1,24,18,103667.1411,50830.70914,35025.26579,51367.9734,8373.099529,0,0,0
2060,1,24,19,100748.6514,52132.19072,37784.16684,54906.73771,8528.255117,0,0,0
2060,1,24,20,98371.68521,54354.34905,41407.76693,55073.10623,8517.302958,0,0,0
2060,1,24,21,98638.0139,54397.37539,41675.74714,55657.74291,8135.715825,0,0,0
2060,1,24,22,100618.7901,54314.01729,40699.78807,54911.4315,7599.842323,0,0,0
2060,1,24,23,99736.18516,53092.59078,38665.38104,53376.21693,7178.966492,0,0,0
2060,1,24,24,98498.15657,51767.2926,36709.98602,52378.87507,6914.289312,0,0,0
2060,1,25,1,96639.94023,50680.68195,35375.03951,50600.53996,6619.710999,0,0,0
2060,1,25,2,89636.90366,47355.31089,32591.01803,48975.79584,6452.038657,0,0,0
2060,1,25,3,87355.55152,46950.081,31596.10998,47954.98506,6268.633452,0,0,0
2060,1,25,4,84096.06726,45828.70159,30681.43085,46864.98446,6199.182856,0,0,0
2060,1,25,5,82517.56559,45251.01866,30334.09094,46059.47923,6349.470817,0,0,0
2060,1,25,6,81641.21901,45399.74202,31255.72383,47276.99426,6444.737218,0,0,0
2060,1,25,7,83776.2816,47808.95627,33489.61661,47992.10071,6518.707753,0,0,0
2060,1,25,8,82962.43186,45753.86184,31396.01577,46210.2018,7163.059784,0,0,0
2060,1,25,9,85066.98486,45730.47985,31445.56126,45470.23568,7638.17488,0,0,0
2060,1,25,10,89680.53845,48347.78512,33263.79352,49100.87645,7951.615244,0,0,0
2060,1,25,11,94164.1438,48889.22163,33973.68466,49968.70468,7987.60091,0,0,0
2060,1,25,12,95719.69809,48882.70248,34438.36913,51270.62087,7837.226026,0,0,0
2060,1,25,13,96356.83561,47834.42439,34400.29734,50489.10608,7928.407098,0,0,0
2060,1,25,14,92275.85249,46340.32388,33287.61012,48567.69752,7922.061799,0,0,0
2060,1,25,15,92830.32727,48213.83848,34070.42874,50246.68091,7834.966057,0,0,0
2060,1,25,16,93457.64261,47485.78066,33247.27836,48917.21048,7610.099107,0,0,0
2060,1,25,17,91573.95816,46671.23555,32594.0603,47180.85864,7457.377331,0,0,0
2060,1,25,18,89429.94262,46236.53914,32350.59206,47221.53809,8316.947982,0,0,0
2060,1,25,19,87989.386,47793.04957,35837.89862,52080.47219,8320.598702,0,0,0
2060,1,25,20,92550.87337,50909.02577,38674.334,52199.9898,8220.551597,0,0,0
2060,1,25,21,92416.14443,50763.95312,38433.38649,52548.28585,8072.262839,0,0,0
2060,1,25,22,90694.39547,50701.63012,37802.76812,51891.33014,7628.091939,0,0,0
2060,1,25,23,90891.09973,48880.35559,36277.54958,49813.37525,7203.739233,0,0,0
2060,1,25,24,89278.17698,47388.77582,34377.43688,49143.46818,7011.033384,0,0,0
2060,1,26,1,89390.30623,47153.73901,33531.51297,48394.20141,6640.485333,0,0,0
2060,1,26,2,85518.71797,44986.86301,31636.18098,46560.06244,6376.242762,0,0,0
2060,1,26,3,83225.45753,43775.7802,30529.83906,45263.1008,6148.246623,0,0,0
2060,1,26,4,81620.96621,42151.29684,29739.71901,43988.65193,6067.235414,0,0,0
2060,1,26,5,79548.57431,41416.19835,29210.1908,43765.61034,6149.550452,0,0,0
2060,1,26,6,77839.68979,42732.36973,30181.1084,44674.55263,6144.248216,0,0,0
2060,1,26,7,79659.92126,43304.66351,31765.60769,44664.122,6370.245151,0,0,0
2060,1,26,8,77513.73268,41867.14916,29319.71239,41631.41697,6883.345116,0,0,0
2060,1,26,9,75196.65564,40937.86715,28823.73604,41588.99909,7420.69629,0,0,0
2060,1,26,10,77799.70572,40999.58169,29494.25156,42204.23228,7546.12459,0,0,0
2060,1,26,11,81739.78844,41184.37765,29739.80593,42010.83106,7611.837545,0,0,0
2060,1,26,12,83705.00564,41442.01416,30015.86988,42238.91412,7497.187561,0,0,0
2060,1,26,13,81850.96155,41703.82291,29994.05248,42566.34891,7603.493042,0,0,0
2060,1,26,14,83316.55168,40138.35953,29690.43429,42336.70125,7670.596748,0,0,0
2060,1,26,15,83061.08822,40742.90133,30084.19049,43416.9666,7554.034482,0,0,0
2060,1,26,16,82983.98849,41258.95664,29590.73487,42114.52888,7414.785601,0,0,0
2060,1,26,17,83005.02359,39706.7923,29534.4964,41810.99761,7300.657149,0,0,0
2060,1,26,18,81871.73589,40531.24651,30012.82761,42756.53402,8188.129729,0,0,0
2060,1,26,19,82841.08889,43134.29659,33716.91738,48514.4144,8341.807645,0,0,0
2060,1,26,20,87471.50533,46732.60241,37451.42981,49809.6376,8222.116192,0,0,0
2060,1,26,21,86956.92769,46495.21871,37161.19759,49568.25549,8005.854509,0,0,0
2060,1,26,22,86846.97149,46187.08058,36332.8319,49278.80557,7580.02413,0,0,0
2060,1,26,23,87215.78111,45001.37896,35015.7913,47772.18831,7106.908238,0,0,0
2060,1,26,24,85878.05309,44316.60825,32819.27494,46536.85429,6490.284292,0,0,0
2060,1,27,1,80906.98974,40798.3575,30269.94258,43641.31202,6648.829835,0,0,0
2060,1,27,2,93425.65536,49485.15816,33251.016,49396.93243,6420.399086,0,0,0
2060,1,27,3,91334.66217,48445.31149,32173.09754,48204.19015,6219.783345,0,0,0
2060,1,27,4,90207.37208,46811.09288,31322.13216,47503.33888,6203.094341,0,0,0
2060,1,27,5,86560.91153,46036.18416,30909.60083,47153.99977,6358.771461,0,0,0
2060,1,27,6,86143.86026,46684.96921,32027.32952,48400.80748,6474.377585,0,0,0
2060,1,27,7,87501.05878,48738.93366,34543.19694,49278.71865,6635.704628,0,0,0
2060,1,27,8,89522.07983,47619.90115,32341.29142,46733.99316,7335.165143,0,0,0
2060,1,27,9,93360.20317,48238.43737,32950.26624,48429.14402,7777.684526,0,0,0
2060,1,27,10,100054.0585,51488.88176,35030.22034,51449.07153,8006.462962,0,0,0
2060,1,27,11,105304.8366,51647.68806,35407.11369,52801.40242,7991.25163,0,0,0
2060,1,27,12,108202.378,51954.00083,36004.52789,53338.84051,7864.432581,0,0,0
2060,1,27,13,107088.387,51397.70068,36029.99601,52936.56597,8041.579409,0,0,0
2060,1,27,14,103513.7239,48761.62028,34849.33587,50786.20513,8060.528383,0,0,0
2060,1,27,15,107544.5531,52114.98019,36710.33371,53540.93393,7965.60967,0,0,0
2060,1,27,16,107302.9972,51473.5835,36126.13163,53093.46,7726.922138,0,0,0
2060,1,27,17,107627.1289,51199.34491,35537.84422,51960.25921,7493.971451,0,0,0
2060,1,27,18,103516.8531,50757.43398,34974.32956,51293.13364,8361.625838,0,0,0
2060,1,27,19,100601.9273,52057.61174,37730.70987,54829.46415,8516.346817,0,0,0
2060,1,27,20,98228.17715,54278.90084,41347.26929,54994.26806,8505.307736,0,0,0
2060,1,27,21,98495.20122,54320.0149,41615.2495,55577.07939,8123.981369,0,0,0
2060,1,27,22,100474.1521,54237.78679,40641.20271,54833.20179,7588.629398,0,0,0
2060,1,27,23,99592.32942,53016.96873,38611.14178,53299.72566,7168.535864,0,0,0
2060,1,27,24,98357.16925,51694.19128,36657.65904,52304.46993,6904.032528,0,0,0
2060,1,28,1,96500.5175,50608.53677,35324.1902,50526.74326,6643.006068,0,0,0
2060,1,28,2,93346.99104,49443.08796,33222.15793,49354.51455,6414.749163,0,0,0
2060,1,28,3,91256.60631,48403.6759,32145.10869,48162.7284,6214.307266,0,0,0
2060,1,28,4,90130.01159,46770.58728,31294.66484,47462.31174,6197.705183,0,0,0
2060,1,28,5,86485.63716,45996.02624,30882.39428,47113.05956,6353.121537,0,0,0
2060,1,28,6,86068.84666,46644.28976,31999.51451,48359.08497,6468.727662,0,0,0
2060,1,28,7,87424.82827,48697.03731,34513.81734,49236.64845,6629.880861,0,0,0
2060,1,28,8,89444.98011,47578.78709,32313.21564,46693.22679,7328.819844,0,0,0
2060,1,28,9,93279.88733,48196.88871,32921.75585,48387.24766,7771.078462,0,0,0
2060,1,28,10,99969.39662,51445.94234,35000.75381,51405.61058,7999.856898,0,0,0
2060,1,28,11,105217.0455,51605.3571,35377.47332,52757.41994,7984.558644,0,0,0
2060,1,28,12,108113.2831,51911.14834,35974.62676,53295.03188,7857.826516,0,0,0
2060,1,28,13,106999.379,51355.63049,35999.92103,52892.67041,8034.799501,0,0,0
2060,1,28,14,103426.4543,48719.72392,34819.6955,50743.52648,8053.835397,0,0,0
2060,1,28,15,107455.5451,52072.12769,36680.43257,53497.12529,7959.264372,0,0,0
2060,1,28,16,107213.8153,51431.25254,36096.14357,53049.73828,7720.489917,0,0,0
2060,1,28,17,107537.7732,51156.49242,35507.68232,51916.45057,7487.626152,0,0,0
2060,1,28,18,103430.192,50714.92917,34944.77611,51250.1073,8355.019774,0,0,0
2060,1,28,19,100517.0046,52014.49847,37699.93952,54784.52552,8509.306143,0,0,0
2060,1,28,20,98145.16674,54235.00528,41312.50053,54948.28638,8498.440906,0,0,0
2060,1,28,21,98412.5385,54275.68473,41579.95921,55530.57618,8117.20146,0,0,0
2060,1,28,22,100390.3594,54192.84816,40607.30317,54786.87242,7582.110255,0,0,0
2060,1,28,23,99509.05824,52973.85546,38579.76297,53256.09087,7162.364409,0,0,0
2060,1,28,24,98275.2019,51651.51263,36627.41022,52261.35666,6898.121839,0,0,0
2060,1,29,1,96420.20167,50566.11888,35294.46291,50484.32538,6641.441473,0,0,0
2060,1,29,2,93325.86902,49431.87504,33214.68265,49343.12778,6413.271491,0,0,0
2060,1,29,3,91235.83197,48392.72374,32137.63341,48151.51548,6212.829594,0,0,0
2060,1,29,4,90109.4111,46759.72204,31287.27648,47451.27266,6196.227511,0,0,0
2060,1,29,5,86465.5582,45985.42177,30875.26668,47102.1074,6351.643865,0,0,0
2060,1,29,6,86048.94155,46633.51145,31991.95231,48347.95897,6467.249989,0,0,0
2060,1,29,7,87404.83624,48685.91131,34506.16821,49225.52245,6628.403189,0,0,0
2060,1,29,8,89424.20577,47567.83493,32305.74036,46682.44847,7327.168328,0,0,0
2060,1,29,9,93258.67839,48185.84963,32914.0198,48376.12166,7769.253102,0,0,0
2060,1,29,10,99946.97077,51434.64249,34992.93084,51394.22381,7998.11846,0,0,0
2060,1,29,11,105193.4027,51594.05725,35369.56343,52745.68548,7982.733284,0,0,0
2060,1,29,12,108089.4665,51899.76157,35966.54302,53283.47127,7856.001156,0,0,0
2060,1,29,13,106975.5624,51344.50448,35992.01114,52880.93595,8032.974141,0,0,0
2060,1,29,14,103403.0724,48708.59792,34812.04637,50731.96587,8052.010037,0,0,0
2060,1,29,15,107431.9023,52060.82785,36672.26192,53485.21699,7957.525934,0,0,0
2060,1,29,16,107190.781,51419.77885,36088.40753,53038.17767,7718.838401,0,0,0
2060,1,29,17,107513.9566,51145.19257,35499.68551,51904.71612,7485.974636,0,0,0
2060,1,29,18,103407.2446,50703.71625,34936.69237,51238.37284,8353.107492,0,0,0
2060,1,29,19,100494.231,52002.85094,37691.59502,54772.61722,8507.567705,0,0,0
2060,1,29,20,98122.82781,54223.44467,41303.19988,54935.94347,8496.702468,0,0,0
2060,1,29,21,98390.46034,54264.12412,41570.74549,55518.05942,8115.376101,0,0,0
2060,1,29,22,100368.1074,54181.02679,40598.26329,54774.87719,7580.371817,0,0,0
2060,1,29,23,99486.80624,52962.4687,38571.50539,53244.53025,7160.799815,0,0,0
2060,1,29,24,98253.47142,51640.03894,36619.32648,52249.79605,6896.557245,0,0,0
2060,1,30,1,96398.99273,50554.99288,35286.63994,50473.02553,6679.600187,0,0,0
2060,1,30,2,93846.35734,49707.85206,33403.8247,49621.36477,6450.300219,0,0,0
2060,1,30,3,91749.10578,48665.05005,32322.34244,48425.31945,6248.815259,0,0,0
2060,1,30,4,90618.33881,47026.65919,31467.98711,47722.20822,6232.126255,0,0,0
2060,1,30,5,86961.18687,46249.75127,31053.80426,47371.82605,6388.411828,0,0,0
2060,1,30,6,86543.09254,46901.05705,32176.05289,48622.71909,6504.539484,0,0,0
2060,1,30,7,87905.50637,48961.54064,34699.30867,49500.89102,6666.301136,0,0,0
2060,1,30,8,89935.13269,47838.94433,32491.14477,46950.42869,7368.630073,0,0,0
2060,1,30,9,93786.20739,48459.82745,33102.20571,48651.49023,7812.974817,0,0,0
2060,1,30,10,100502.6625,51714.44408,35187.63589,51678.54534,8042.187862,0,0,0
2060,1,30,11,105772.5633,51874.55422,35565.05078,53032.87543,8026.628843,0,0,0
2060,1,30,12,108682.8823,52183.38772,36163.42112,53573.26887,7899.462106,0,0,0
2060,1,30,13,107564.1975,51623.95839,36188.45463,53167.77822,8076.956622,0,0,0
2060,1,30,14,103978.3215,48985.1834,35005.79528,51014.46204,8095.992517,0,0,0
2060,1,30,15,108018.3644,52343.6717,36871.66075,53776.23151,8000.813039,0,0,0
2060,1,30,16,107775.1569,51699.05891,36284.93794,53327.45375,7761.864741,0,0,0
2060,1,30,17,108104.3301,51424.82032,35695.69439,52192.25376,7528.392522,0,0,0
2060,1,30,18,103981.2768,50983.51784,35131.22358,51522.17284,8397.43766,0,0,0
2060,1,30,19,101053.7473,52287.08555,37894.99226,55067.80399,8553.288624,0,0,0
2060,1,30,20,98671.65268,54513.41612,41534.15137,55239.3009,8542.162621,0,0,0
2060,1,30,21,98935.11295,54556.70323,41802.39235,55826.3714,8159.619347,0,0,0
2060,1,30,22,100921.3652,54474.12743,40822.26102,55075.88773,7623.224313,0,0,0
2060,1,30,23,100036.0657,53249.4848,38779.07488,53533.45864,7200.87081,0,0,0
2060,1,30,24,98792.99565,51920.18821,36819.15992,52533.68297,6935.585177,0,0,0
2060,1,31,1,96929.73784,50831.92605,35481.51883,50753.26173,6662.215807,0,0,0
2060,1,31,2,93609.32133,49582.24992,33317.59818,49494.89341,6433.437371,0,0,0
2060,1,31,3,91515.89433,48541.0125,32238.28897,48300.58653,6232.473943,0,0,0
2060,1,31,4,90386.8658,46905.05546,31385.67207,47598.86605,6215.784938,0,0,0
2060,1,31,5,86735.53762,46129.27751,30972.53229,47248.91848,6371.635901,0,0,0
2060,1,31,6,86317.96482,46779.27947,32092.26018,48497.46463,6487.502792,0,0,0
2060,1,31,7,87677.42331,48836.28619,34611.34371,49375.63657,6649.003679,0,0,0
2060,1,31,8,89702.35585,47715.51523,32406.65668,46828.56419,7349.6811,0,0,0
2060,1,31,9,93546.30295,48334.83376,33016.50072,48526.3227,7793.156624,0,0,0
2060,1,31,10,100249.8067,51587.62503,35098.97556,51548.94479,8022.021982,0,0,0
2060,1,31,11,105508.7553,51746.60518,35475.86891,52901.71029,8006.462962,0,0,0
2060,1,31,12,108411.686,52054.48255,36073.45696,53441.06067,7879.904678,0,0,0
2060,1,31,13,107295.2611,51496.27012,36099.09892,53037.30845,8057.225351,0,0,0
2060,1,31,14,103716.6866,48859.05973,34917.65648,50885.81763,8075.826637,0,0,0
2060,1,31,15,107752.818,52214.59268,36780.5666,53643.93638,7981.081768,0,0,0
2060,1,31,16,107508.4805,51571.89217,36195.32146,53195.76707,7742.13347,0,0,0
2060,1,31,17,107834.5246,51298.17511,35606.68637,52061.69706,7509.008939,0,0,0
2060,1,31,18,103719.3811,50855.91649,35042.91093,51393.52843,8377.27178,0,0,0
2060,1,31,19,100799.1531,52157.65884,37802.42044,54933.24889,8532.427368,0,0,0
2060,1,31,20,98421.31761,54380.68639,41428.88895,55100.48662,8521.388287,0,0,0
2060,1,31,21,98686.86401,54423.27812,41696.69532,55685.81869,8139.714232,0,0,0
2060,1,31,22,100669.1179,54340.2677,40719.69318,54938.37728,7603.666886,0,0,0
2060,1,31,23,99786.3391,53118.66735,38683.8954,53402.11966,7182.617211,0,0,0
2060,1,31,24,98547.00667,51792.49995,36727.97885,52404.51703,6917.85311,0,0,0
2060,2,1,1,96687.83419,50705.8893,35392.77157,50625.74731,6623.100953,0,0,0
2060,2,1,2,89682.97226,47379.64902,32607.79396,49000.74242,6455.428611,0,0,0
2060,2,1,3,87400.66398,46974.50605,31612.53822,47979.7578,6271.849562,0,0,0
2060,2,1,4,84139.61513,45852.60511,30697.42448,46889.23567,6202.398966,0,0,0
2060,2,1,5,82560.67885,45274.40065,30349.99765,46083.46967,6352.77385,0,0,0
2060,2,1,6,81683.72382,45423.12401,31272.15207,47301.33239,6448.127172,0,0,0
2060,2,1,7,83819.82947,47833.64209,33506.74023,48016.52577,6522.097707,0,0,0
2060,2,1,8,83005.71897,45777.50459,31412.35709,46234.27917,7166.797426,0,0,0
2060,2,1,9,85111.31503,45754.03568,31461.90257,45493.87844,7642.086365,0,0,0
2060,2,1,10,89727.04167,48372.12325,33280.74329,49125.82303,7955.439808,0,0,0
2060,2,1,11,94212.29853,48914.34205,33991.06904,49993.99895,7991.599318,0,0,0
2060,2,1,12,95768.11359,48907.30138,34455.66659,51296.34975,7841.224434,0,0,0
2060,2,1,13,96405.2511,47859.11021,34417.5948,50514.92189,7932.318583,0,0,0
2060,2,1,14,92323.22492,46364.40125,33304.73374,48592.73103,7925.973285,0,0,0
2060,2,1,15,92877.69971,48238.43737,34087.7262,50272.0621,7838.790621,0,0,0
2060,2,1,16,93505.44966,47510.11879,33264.40198,48942.24398,7614.010592,0,0,0
2060,2,1,17,91621.06983,46695.05215,32610.83622,47205.10985,7461.201895,0,0,0
2060,2,1,18,89476.35891,46260.18189,32367.36799,47245.87622,8321.033312,0,0,0
2060,2,1,19,88034.93307,47817.47462,35855.89145,52105.41878,8324.510188,0,0,0
2060,2,1,20,92597.98504,50934.58081,38693.0222,52225.71869,8224.550005,0,0,0
2060,2,1,21,92463.34302,50789.68201,38452.33547,52574.10165,8076.174325,0,0,0
2060,2,1,22,90741.07253,50727.09824,37821.02172,51916.79826,7631.829581,0,0,0
2060,2,1,23,90937.60294,48905.47602,36295.54241,49838.49567,7207.476874,0,0,0
2060,2,1,24,89323.98482,47413.28779,34395.08203,49168.41476,7014.597182,0,0,0
2060,2,2,1,89436.28792,47177.99022,33548.63658,48419.06108,6541.9159,0,0,0
2060,2,2,2,84249.22364,44317.2167,31167.41118,45869.90257,6281.150205,0,0,0
2060,2,2,3,81985.34281,43122.90982,30075.32445,44589.19532,6056.457099,0,0,0
2060,2,2,4,80404.14656,41521.54769,29295.98272,43332.13083,5976.575874,0,0,0
2060,2,2,5,78360.26504,40797.05367,28774.10364,43112.04459,6057.674005,0,0,0
2060,2,2,6,76676.50095,42094.88453,29730.67913,44008.81781,6052.458691,0,0,0
2060,2,2,7,78470.74278,42659.96379,31293.18717,44001.16868,6275.239516,0,0,0
2060,2,2,8,76355.41146,41243.48454,28881.45218,41009.57771,6782.168027,0,0,0
2060,2,2,9,74072.84242,40326.54544,28393.03804,40967.50751,7312.652371,0,0,0
2060,2,2,10,76637.99455,40386.69539,29053.47062,41573.52699,7436.081466,0,0,0
2060,2,2,11,80522.27342,40568.70984,29295.37426,41382.90726,7500.838281,0,0,0
2060,2,2,12,82461.15328,40822.60871,29567.78749,41607.60037,7388.100579,0,0,0
2060,2,2,13,80633.96806,41080.50598,29546.31778,41930.16754,7492.667622,0,0,0
2060,2,2,14,82080.1746,39538.16382,29247.4803,41703.99676,7559.42364,0,0,0
2060,2,2,15,81827.14495,40133.75267,29635.32581,42768.26848,7443.817515,0,0,0
2060,2,2,16,81752.13135,40642.24577,29148.82394,41485.12742,7306.828604,0,0,0
2060,2,2,17,81771.94955,39113.20266,29093.45469,41186.02917,7193.656292,0,0,0
2060,2,2,18,80653.52548,39926.35702,29565.00599,42117.74499,8072.871292,0,0,0
2060,2,2,19,81608.79714,42492.8999,33225.46097,47806.60938,8226.896896,0,0,0
2060,2,2,20,86182.5405,46039.9218,36930.85456,49099.13801,8106.683911,0,0,0
2060,2,2,21,85674.22124,45805.3196,36641.31772,48860.27663,7893.116807,0,0,0
2060,2,2,22,85565.56887,45501.61449,35819.21041,48567.26291,7469.720241,0,0,0
2060,2,2,23,85929.77162,44332.60188,34512.33967,47069.85937,7003.03657,0,0,0
2060,2,2,24,84606.03804,43657.39257,32334.77228,45844.95599,6393.627142,0,0,0
2060,2,3,1,79700.9484,40188.51346,29818.20948,42989.31086,6550.17348,0,0,0
2060,2,3,2,92076.36673,48769.44325,32760.42881,48674.7853,6324.698076,0,0,0
2060,2,3,3,90001.62794,47736.89802,31695.0271,47495.60283,6126.863836,0,0,0
2060,2,3,4,88889.37533,46119.2815,30855.1008,46802.31377,6110.435597,0,0,0
2060,2,3,5,85279.42198,45353.23881,30448.48016,46455.75616,6263.852748,0,0,0
2060,2,3,6,84866.2822,45993.59243,31551.25828,47688.83021,6377.894278,0,0,0
2060,2,3,7,86205.92249,48024.00105,34042.96142,48566.13293,6537.135196,0,0,0
2060,2,3,8,88200.9539,46918.87604,31861.56946,46041.05179,7227.642755,0,0,0
2060,2,3,9,91993.44324,47530.11083,32462.72131,47715.51523,7665.120668,0,0,0
2060,2,3,10,98620.36876,50758.91165,34526.33409,50710.58308,7893.72526,0,0,0
2060,2,3,11,103803.3477,50920.49946,34901.22824,52053.78717,7878.60085,0,0,0
2060,2,3,12,106674.2911,51223.59612,35493.6879,52590.52989,7751.521035,0,0,0
2060,2,3,13,105570.383,50670.77285,35518.54756,52185.90846,7928.146332,0,0,0
2060,2,3,14,102021.0142,48046.77459,34346.57961,50052.84508,7946.747618,0,0,0
2060,2,3,15,106025.3322,51383.70626,36193.14841,52787.8426,7852.95889,0,0,0
2060,2,3,16,105787.1662,50744.30878,35615.46548,52343.49786,7614.966733,0,0,0
2060,2,3,17,106111.3849,50467.37561,35029.2642,51215.51239,7385.145234,0,0,0
2060,2,3,18,102033.7048,50029.02848,34470.35639,50556.38363,8246.802011,0,0,0
2060,2,3,19,99153.19999,51319.99251,37205.52776,54066.55065,8398.741489,0,0,0
2060,2,3,20,96813.43634,53531.54636,40757.33036,54209.71101,8387.963173,0,0,0
2060,2,3,21,97088.3703,53568.05356,41017.13992,54786.87242,8008.983697,0,0,0
2060,2,3,22,99042.37457,53478.43708,40065.43205,54057.25,7477.977821,0,0,0
2060,2,3,23,98173.67712,52273.61265,38074.39905,52549.58968,7064.142664,0,0,0
2060,2,3,24,96958.1613,50968.56727,36141.60373,51565.98148,6802.768516,0,0,0
2060,2,4,1,95120.63237,49887.86731,34819.08705,49798.25084,6544.436635,0,0,0
2060,2,4,2,91997.87626,48728.06843,32731.91843,48632.80203,6319.135075,0,0,0
2060,2,4,3,89924.18053,47695.61012,31667.12518,47454.14109,6121.474679,0,0,0
2060,2,4,4,88812.53638,46079.03666,30827.98117,46761.63432,6105.04644,0,0,0
2060,2,4,5,85205.2776,45313.42858,30421.70822,46415.25056,6258.289746,0,0,0
2060,2,4,6,84791.87705,45953.52144,31523.5302,47647.54231,6372.331277,0,0,0
2060,2,4,7,86130.64813,47982.45238,34013.9295,48524.49734,6531.485272,0,0,0
2060,2,4,8,88124.02802,46878.19659,31833.75445,46000.98079,7221.384378,0,0,0
2060,2,4,9,91914.25739,47489.08369,32434.38477,47674.31425,7658.514604,0,0,0
2060,2,4,10,98537.1845,50716.40685,34497.12834,50667.55674,7887.206118,0,0,0
2060,2,4,11,103715.0351,50878.25542,34871.76172,52010.67391,7871.907864,0,0,0
2060,2,4,12,106585.8046,51181.09131,35464.04753,52546.63433,7744.914971,0,0,0
2060,2,4,13,105481.8965,50628.26804,35488.73335,52142.27366,7921.540268,0,0,0
2060,2,4,14,101934.44,48005.48669,34317.02616,50009.90566,7940.141554,0,0,0
2060,2,4,15,105936.1503,51340.94068,36163.3342,52744.46857,7846.439748,0,0,0
2060,2,4,16,105698.1582,50701.45628,35585.73819,52299.77614,7608.447591,0,0,0
2060,2,4,17,106023.5068,50424.34927,34999.71075,51172.05144,7378.799936,0,0,0
2060,2,4,18,101947.3913,49986.61059,34441.32448,50513.53114,8240.109025,0,0,0
2060,2,4,19,99068.71191,51276.87925,37175.45278,54022.04663,8391.961581,0,0,0
2060,2,4,20,96731.81667,53487.82465,40723.60467,54164.51162,8381.096343,0,0,0
2060,2,4,21,97006.22911,53523.98416,40982.37116,54741.1515,8002.464555,0,0,0
2060,2,4,22,98958.84263,53435.2369,40032.14097,54012.22446,7471.719445,0,0,0
2060,2,4,23,98090.84055,52230.23862,38042.93333,52506.12873,7057.971209,0,0,0
2060,2,4,24,96877.23701,50926.49707,36111.78952,51522.69437,6796.857827,0,0,0
2060,2,5,1,95040.49038,49845.79711,34789.44668,49755.91987,6542.958963,0,0,0
2060,2,5,2,91976.84116,48716.94242,32724.2693,48621.5891,6317.657403,0,0,0
2060,2,5,3,89903.58004,47684.48412,31659.91066,47443.18893,6119.997006,0,0,0
2060,2,5,4,88792.10973,46068.43219,30820.85357,46750.76909,6103.655689,0,0,0
2060,2,5,5,85185.37249,45302.99795,30414.66754,46404.55917,6256.898996,0,0,0
2060,2,5,6,84772.31963,45942.91696,31516.22876,47636.50323,6370.853604,0,0,0
2060,2,5,7,86110.65609,47971.4133,34006.19345,48513.6321,6529.920678,0,0,0
2060,2,5,8,88103.6883,46867.41827,31826.36609,45990.20248,7219.819784,0,0,0
2060,2,5,9,91893.30921,47478.13153,32426.99641,47663.27517,7656.863088,0,0,0
2060,2,5,10,98515.3671,50705.02008,34489.30536,50656.34381,7885.46768,0,0,0
2060,2,5,11,103691.9138,50866.86865,34863.85182,51999.20022,7870.169426,0,0,0
2060,2,5,12,106562.5095,51169.70455,35456.13764,52535.24757,7743.089611,0,0,0
2060,2,5,13,105458.3406,50617.05512,35480.91038,52130.79997,7919.888752,0,0,0
2060,2,5,14,101911.4926,47994.36068,34309.20319,49998.60581,7938.316194,0,0,0
2060,2,5,15,105912.8552,51329.72776,36155.33739,52732.73412,7844.614388,0,0,0
2060,2,5,16,105674.8631,50690.15643,35577.74137,52288.12861,7606.709153,0,0,0
2060,2,5,17,106000.2118,50413.13634,34991.88778,51160.75159,7377.148419,0,0,0
2060,2,5,18,101924.357,49975.1369,34433.58843,50502.23129,8238.283665,0,0,0
2060,2,5,19,99046.37298,51265.40556,37167.28213,54010.13833,8390.049299,0,0,0
2060,2,5,20,96710.26004,53476.17711,40714.65171,54152.34256,8379.357905,0,0,0
2060,2,5,21,96984.23787,53512.33662,40973.24436,54729.06935,8000.726117,0,0,0
2060,2,5,22,98937.02523,53423.76321,40023.5357,54000.14232,7469.981007,0,0,0
2060,2,5,23,98069.11008,52218.76493,38034.76267,52494.56812,7056.406615,0,0,0
2060,2,5,24,96855.50654,50915.28415,36103.96655,51511.30761,6795.293233,0,0,0
2060,2,6,1,95019.19451,49834.75803,34781.62371,49744.62002,6580.596145,0,0,0
2060,2,6,2,92493.50492,48990.39871,32911.93368,48897.73997,6354.1646,0,0,0
2060,2,6,3,90414.15927,47955.59352,31842.79433,47714.38525,6155.461141,0,0,0
2060,2,6,4,89296.60443,46333.02244,30999.13039,47018.83622,6139.032902,0,0,0
2060,2,6,5,85674.8297,45563.5898,30590.59747,46671.40939,6293.058506,0,0,0
2060,2,6,6,85260.29916,46206.89877,31698.06937,47908.39493,6407.708489,0,0,0
2060,2,6,7,86605.85015,48245.13036,34197.42163,48786.56686,6567.55786,0,0,0
2060,2,6,8,88609.13913,47135.31156,32009.68438,46254.87966,7260.759998,0,0,0
2060,2,6,9,92415.44905,47749.15401,32613.18311,47936.12301,7699.976349,0,0,0
2060,2,6,10,99062.80122,50985.25628,34682.3589,50939.18767,7928.580941,0,0,0
2060,2,6,11,104268.3799,51145.36641,35057.25305,52284.9125,7913.456531,0,0,0
2060,2,6,12,107145.9293,51448.89768,35651.62499,52821.91599,7786.55056,0,0,0
2060,2,6,13,106039.9351,50896.85671,35676.83234,52418.51146,7963.002013,0,0,0
2060,2,6,14,102482.3956,48267.9039,34502.08288,50279.45046,7981.603299,0,0,0
2060,2,6,15,106494.7974,51610.1378,36352.56317,53020.35868,7888.075337,0,0,0
2060,2,6,16,106255.5014,50969.8711,35773.1418,52575.40548,7649.64857,0,0,0
2060,2,6,17,106578.1555,50694.58945,35186.76668,51446.46387,7418.784009,0,0,0
2060,2,6,18,102491.0878,50255.11233,34626.12043,50783.6844,8282.700755,0,0,0
2060,2,6,19,99601.28238,51547.8148,37367.81094,54302.80436,8434.900998,0,0,0
2060,2,6,20,97249.61042,53762.84553,40938.64944,54452.22311,8423.948839,0,0,0
2060,2,6,21,97521.84981,53802.13423,41201.76203,55030.86218,8044.708597,0,0,0
2060,2,6,22,99485.58933,53711.127,40241.97043,54296.45907,7511.964284,0,0,0
2060,2,6,23,98611.32888,52504.91182,38240.68065,52780.2804,7096.303767,0,0,0
2060,2,6,24,97391.03235,51193.17346,36301.19233,51795.1076,6834.234244,0,0,0
2060,2,7,1,95547.50581,50110.03968,34974.93801,50023.37855,6563.472531,0,0,0
2060,2,7,2,92258.12042,48866.1004,32826.48945,48772.05091,6337.562517,0,0,0
2060,2,7,3,90181.38243,47832.33827,31759.34931,47591.13,6139.38059,0,0,0
2060,2,7,4,89066.78293,46212.54869,30918.03226,46896.71095,6122.865429,0,0,0
2060,2,7,5,85451.96195,45444.85449,30510.36855,46549.89258,6276.543345,0,0,0
2060,2,7,6,85038.21371,46086.77271,31615.31972,47784.61814,6390.932563,0,0,0
2060,2,7,7,86380.2009,48120.48436,34110.41281,48662.09471,6550.434246,0,0,0
2060,2,7,8,88378.88303,47013.44706,31926.15243,46134.40591,7241.984868,0,0,0
2060,2,7,9,92177.4569,47625.55107,32528.1735,47811.99854,7680.158157,0,0,0
2060,2,7,10,98812.81384,50857.82877,34594.2201,50810.2825,7909.110436,0,0,0
2060,2,7,11,104006.3103,51018.72121,34969.20116,52154.79042,7893.72526,0,0,0
2060,2,7,12,106879.6006,51322.16555,35562.44312,52691.18545,7766.732367,0,0,0
2060,2,7,13,105775.084,50769.4292,35587.56355,52287.34631,7943.444586,0,0,0
2060,2,7,14,102222.4991,48142.99713,34414.29177,50151.58835,7961.95895,0,0,0
2060,2,7,15,106230.9025,51482.53646,36262.42517,52889.62814,7868.257144,0,0,0
2060,2,7,16,105991.6065,50842.79129,35684.48146,52444.67495,7630.178065,0,0,0
2060,2,7,17,106314.9559,50566.37965,35098.10634,51315.82026,7399.661191,0,0,0
2060,2,7,18,102233.1036,50127.33714,34538.32932,50655.82228,8262.447952,0,0,0
2060,2,7,19,99347.64428,51419.17039,37276.45603,54169.64002,8414.561274,0,0,0
2060,2,7,20,97003.88222,53632.37576,40836.51621,54314.97343,8403.609115,0,0,0
2060,2,7,21,97277.59927,53670.44756,41097.36883,54893.00405,8024.629639,0,0,0
2060,2,7,22,99235.42811,53579.00572,40142.01025,54161.6432,7492.754544,0,0,0
2060,2,7,23,98364.55761,52374.96359,38146.89192,52650.76677,7078.050168,0,0,0
2060,2,7,24,97147.39027,51067.13671,36211.22817,51665.59397,6816.502176,0,0,0
2060,2,8,1,95306.38447,49985.046,34887.05997,49896.64642,6524.705364,0,0,0
2060,2,8,2,88361.93326,46681.05772,32124.59513,48282.76754,6359.20607,0,0,0
2060,2,8,3,86105.18001,46279.82624,31141.76922,47274.3866,6178.3216,0,0,0
2060,2,8,4,82886.98366,45172.09357,30239.433,46195.59892,6109.740222,0,0,0
2060,2,8,5,81329.69093,44600.84286,29897.22148,45399.39434,6257.942059,0,0,0
2060,2,8,6,80465.77418,44748.52316,30806.2507,46601.08958,6351.991552,0,0,0
2060,2,8,7,82573.1956,47126.7063,33016.06611,47313.32761,6425.005947,0,0,0
2060,2,8,8,81769.95034,45099.77455,30944.8042,45547.59617,7062.317304,0,0,0
2060,2,8,9,83845.29758,45077.95716,30993.82815,44816.40916,7530.913257,0,0,0
2060,2,8,10,88402.17809,47669.35971,32791.37301,48406.54432,7842.615184,0,0,0
2060,2,8,11,92834.49953,48205.05936,33493.87579,49266.72343,7879.03546,0,0,0
2060,2,8,12,94373.97326,48198.71407,33954.47493,50558.12207,7728.225966,0,0,0
2060,2,8,13,95008.15543,47155.3036,33916.92467,49781.73568,7819.493959,0,0,0
2060,2,8,14,90965.76564,45678.67439,32814.84192,47877.36381,7813.235583,0,0,0
2060,2,8,15,91515.11203,47529.67622,33590.27217,49541.83124,7725.879075,0,0,0
2060,2,8,16,92137.12514,46811.26673,32775.37938,48223.92142,7503.011328,0,0,0
2060,2,8,17,90271.43351,46006.36995,32129.81044,46504.86704,7352.375679,0,0,0
2060,2,8,18,88154.62453,45577.67115,31888.94986,46545.89417,8206.03564,0,0,0
2060,2,8,19,86731.71306,47113.49417,35343.57378,51368.14724,8209.425594,0,0,0
2060,2,8,20,91244.2634,50196.44005,38155.49719,51483.66644,8109.291568,0,0,0
2060,2,8,21,91111.79443,50051.88893,37918.02656,51823.79183,7962.219716,0,0,0
2060,2,8,22,89407.77753,49990.609,37292.18889,51182.04745,7520.656473,0,0,0
2060,2,8,23,89600.48338,48186.19731,35783.0509,49119.13005,7102.735987,0,0,0
2060,2,8,24,88005.11886,46713.30575,33895.6288,48452.00448,6911.855499,0,0,0
2060,2,9,1,88119.76885,46480.96351,33055.96326,47706.90997,6511.667079,0,0,0
2060,2,9,2,83859.72662,44112.08102,31023.55544,45657.98698,6251.944448,0,0,0
2060,2,9,3,81605.49411,42922.72869,29935.90173,44382.66889,6028.294404,0,0,0
2060,2,9,4,80031.07777,41328.49416,29160.03687,43130.73279,5948.847789,0,0,0
2060,2,9,5,77996.32306,40607.65086,28640.33084,42911.86345,6029.598232,0,0,0
2060,2,9,6,76320.20809,41899.57103,29592.73408,43804.55135,6024.382918,0,0,0
2060,2,9,7,78106.27926,42462.47724,31148.20144,43797.77144,6246.120681,0,0,0
2060,2,9,8,76000.6832,41052.69097,28747.33169,40818.95799,6751.049987,0,0,0
2060,2,9,9,73728.80554,40139.31567,28261.17752,40777.3224,7279.274362,0,0,0
2060,2,9,10,76282.39707,40199.11793,28918.56783,41380.38653,7402.268848,0,0,0
2060,2,9,11,80149.03079,40380.08933,29159.16765,41190.63603,7467.112584,0,0,0
2060,2,9,12,82080.26152,40632.85821,29430.62474,41414.37299,7354.635648,0,0,0
2060,2,9,13,80261.24696,40889.79934,29409.0681,41735.28864,7458.941926,0,0,0
2060,2,9,14,81701.02128,39354.49785,29111.70829,41510.33477,7525.002568,0,0,0
2060,2,9,15,81448.77393,39947.21827,29497.81536,42569.65194,7410.091819,0,0,0
2060,2,9,16,81374.45571,40453.19064,29013.39962,41292.42157,7273.363673,0,0,0
2060,2,9,17,81394.10005,38931.53589,28958.29114,40994.80099,7161.408268,0,0,0
2060,2,9,18,80279.93516,39741.03953,29427.75631,41922.0838,8037.407158,0,0,0
2060,2,9,19,81230.94765,42296.54334,33074.39071,47589.04387,8191.519683,0,0,0
2060,2,9,20,85787.39355,45827.22392,36770.39674,48880.7902,8071.306698,0,0,0
2060,2,9,21,85280.55197,45594.01247,36481.90296,48641.32037,7858.087282,0,0,0
2060,2,9,22,85171.81267,45291.26349,35661.1864,48348.74126,7435.907623,0,0,0
2060,2,9,23,85535.23313,44127.64004,34357.53177,46854.20615,6971.049311,0,0,0
2060,2,9,24,84215.67179,43455.29916,32185.78814,45632.77963,6363.986774,0,0,0
2060,2,10,1,79331.26957,40001.7183,29679.7429,42789.56434,6519.92466,0,0,0
2060,2,10,2,91660.09776,48549.87853,32609.88008,48452.78677,6295.318475,0,0,0
2060,2,10,3,89591.96504,47518.46329,31548.47678,47277.68963,6098.353454,0,0,0
2060,2,10,4,88483.88468,45906.67053,30712.02736,46587.18207,6082.012137,0,0,0
2060,2,10,5,84886.36116,45143.84395,30307.23208,46241.84137,6234.733912,0,0,0
2060,2,10,6,84474.35136,45781.76377,31405.2295,47470.22164,6348.340833,0,0,0
2060,2,10,7,85808.16789,47804.00173,33889.19658,48347.00282,6506.886375,0,0,0
2060,2,10,8,87794.85479,46703.83126,31714.41069,45828.61467,7194.873199,0,0,0
2060,2,10,9,91574.21892,47312.63224,32313.21564,47496.99358,7630.699596,0,0,0
2060,2,10,10,98179.84858,50532.48011,34371.61311,50482.76078,7858.695735,0,0,0
2060,2,10,11,103339.7932,50695.1979,34744.6819,51824.13952,7843.484403,0,0,0
2060,2,10,12,106204.5651,50998.81609,35336.18542,52358.53535,7716.839198,0,0,0
2060,2,10,13,105101.7001,50445.47129,35360.95816,51955.39158,7893.290651,0,0,0
2060,2,10,14,101562.1535,47827.90525,34191.16325,49826.6743,7911.891937,0,0,0
2060,2,10,15,105556.7362,51158.49162,36035.03748,52557.32573,7818.103209,0,0,0
2060,2,10,16,105319.961,50519.09414,35457.35454,52111.851,7580.545661,0,0,0
2060,2,10,17,105644.2666,50241.81328,34872.63094,50986.90779,7351.593381,0,0,0
2060,2,10,18,101578.5817,49803.98768,34315.9831,50329.25671,8211.424798,0,0,0
2060,2,10,19,98708.50756,51091.12715,37043.85303,53831.07922,8363.016589,0,0,0
2060,2,10,20,96379.69606,53299.63874,40576.70666,53969.71965,8352.412117,0,0,0
2060,2,10,21,96654.89079,53335.45056,40834.25624,54545.92491,7974.041094,0,0,0
2060,2,10,22,98601.59363,53249.83249,39890.45827,53817.8671,7444.252125,0,0,0
2060,2,10,23,97737.67688,52044.57345,37910.29051,52319.42049,7031.807718,0,0,0
2060,2,10,24,96527.72406,50745.00415,35983.31895,51338.24611,6771.563555,0,0,0
2060,2,11,1,94695.67121,49665.60802,34662.97532,49574.07926,6514.187814,0,0,0
2060,2,11,2,91581.52036,48508.32987,32581.54354,48411.23811,6289.755473,0,0,0
2060,2,11,3,89514.51763,47477.34923,31520.83562,47236.6625,6093.051218,0,0,0
2060,2,11,4,88407.30649,45866.68646,30684.99465,46546.58955,6076.709901,0,0,0
2060,2,11,5,84812.39062,45104.46833,30280.63398,46201.33577,6229.257832,0,0,0
2060,2,11,6,84400.64159,45741.95354,31377.76218,47429.10758,6342.777831,0,0,0
2060,2,11,7,85733.32813,47762.71382,33860.25159,48305.80184,6501.236452,0,0,0
2060,2,11,8,87718.53737,46663.15181,31686.59568,45788.54367,7188.788666,0,0,0
2060,2,11,9,91494.85923,47271.6051,32285.05295,47455.7926,7624.267376,0,0,0
2060,2,11,10,98097.27277,50489.88838,34342.49428,50439.90829,7852.089671,0,0,0
2060,2,11,11,103253.9144,50652.60617,34715.12846,51781.02626,7836.965261,0,0,0
2060,2,11,12,106115.9048,50957.00666,35306.54505,52315.0744,7710.233133,0,0,0
2060,2,11,13,105014.2567,50402.70572,35331.49164,51912.01756,7886.771508,0,0,0
2060,2,11,14,101475.4923,47786.70427,34161.78365,49784.16949,7905.372795,0,0,0
2060,2,11,15,105469.3797,51115.89989,36005.22327,52513.69093,7811.670988,0,0,0
2060,2,11,16,105232.1699,50476.24164,35427.62726,52068.12928,7574.113441,0,0,0
2060,2,11,17,105556.4755,50199.30847,34843.25133,50943.70761,7345.335005,0,0,0
2060,2,11,18,101492.616,49761.48287,34286.77734,50286.57806,8204.818734,0,0,0
2060,2,11,19,98625.14946,51048.36158,37013.1696,53786.57521,8356.410524,0,0,0
2060,2,11,20,96297.55487,53255.65626,40542.54635,53924.43334,8345.806053,0,0,0
2060,2,11,21,96573.09729,53292.07653,40800.44363,54500.46476,7967.348108,0,0,0
2060,2,11,22,98519.01782,53206.28462,39857.77564,53772.58079,7437.906826,0,0,0
2060,2,11,23,97655.79645,52001.72095,37879.60708,52275.7857,7025.723185,0,0,0
2060,2,11,24,96445.84363,50702.76011,35953.41782,51295.48053,6765.739788,0,0,0
2060,2,12,1,94615.52922,49623.62474,34633.42187,49531.7483,6512.62322,0,0,0
2060,2,12,2,91560.74603,48497.37771,32573.89442,48400.1121,6288.277801,0,0,0
2060,2,12,3,89494.09098,47466.484,31513.44726,47225.71034,6091.573546,0,0,0
2060,2,12,4,88387.14061,45856.08199,30677.86705,46535.81123,6075.319151,0,0,0
2060,2,12,5,84792.8332,45094.03771,30273.5933,46190.64437,6227.867082,0,0,0
2060,2,12,6,84380.99724,45731.0883,31370.46074,47417.98158,6341.300159,0,0,0
2060,2,12,7,85713.42302,47751.58782,33852.51554,48294.84969,6499.671857,0,0,0
2060,2,12,8,87698.0238,46652.63426,31679.20732,45777.85228,7187.224072,0,0,0
2060,2,12,9,91474.0849,47260.65294,32277.57767,47444.84044,7622.528938,0,0,0
2060,2,12,10,98075.02077,50478.58853,34334.58439,50428.78229,7850.438155,0,0,0
2060,2,12,11,103231.2278,50641.13248,34707.30549,51769.46564,7835.226823,0,0,0
2060,2,12,12,106092.4359,50945.96758,35298.72208,52303.68763,7708.494695,0,0,0
2060,2,12,13,104990.6139,50391.40587,35323.49482,51900.63079,7885.03307,0,0,0
2060,2,12,14,101452.545,47775.57827,34153.96068,49772.95656,7903.547435,0,0,0
2060,2,12,15,105445.8239,51104.77389,35997.31338,52502.0434,7809.93255,0,0,0
2060,2,12,16,105209.0486,50464.76795,35419.71736,52056.56867,7572.375003,0,0,0
2060,2,12,17,105532.7458,50188.18247,34835.34144,50932.40776,7343.683489,0,0,0
2060,2,12,18,101469.9293,49750.26995,34279.04129,50275.19129,8202.993374,0,0,0
2060,2,12,19,98602.89745,51037.14865,37004.99894,53774.49307,8354.585164,0,0,0
2060,2,12,20,96276.34593,53244.35641,40533.5934,53912.52504,8344.067615,0,0,0
2060,2,12,21,96551.27989,53280.34208,40791.40375,54488.46954,7965.60967,0,0,0
2060,2,12,22,98497.63504,53194.98477,39849.17037,53760.67249,7436.168388,0,0,0
2060,2,12,23,97634.23982,51990.33419,37871.52334,52264.22509,7024.158591,0,0,0
2060,2,12,24,96424.37392,50691.37334,35945.50792,51284.26761,6764.175194,0,0,0
2060,2,13,1,94594.32028,49612.49874,34625.5989,49520.53537,6550.260402,0,0,0
2060,2,13,2,92077.06211,48769.87786,32760.60265,48675.30683,6324.698076,0,0,0
2060,2,13,3,90002.41024,47737.33263,31695.20095,47496.03744,6126.950758,0,0,0
2060,2,13,4,88889.89687,46119.71611,30855.44849,46802.66146,6110.522519,0,0,0
2060,2,13,5,85280.37812,45353.5865,30448.65401,46456.2777,6263.852748,0,0,0
2060,2,13,6,84866.89065,45994.02704,31551.43213,47689.35174,6377.9812,0,0,0
2060,2,13,7,86206.61787,48024.34874,34043.13526,48566.56754,6537.222117,0,0,0
2060,2,13,8,88201.64928,46919.1368,31861.83023,46041.4864,7227.642755,0,0,0
2060,2,13,9,91994.13861,47530.54543,32462.98207,47715.94984,7665.20759,0,0,0
2060,2,13,10,98620.97721,50759.34626,34526.50794,50710.93077,7893.72526,0,0,0
2060,2,13,11,103803.8692,50920.76023,34901.48901,52054.22178,7878.687772,0,0,0
2060,2,13,12,106675.1603,51223.85689,35494.12251,52590.79066,7751.521035,0,0,0
2060,2,13,13,105571.0783,50671.20746,35518.7214,52186.25614,7928.146332,0,0,0
2060,2,13,14,102021.8834,48047.29612,34346.75345,50053.27969,7946.83454,0,0,0
2060,2,13,15,106026.0276,51383.96702,36193.32226,52788.27721,7853.045812,0,0,0
2060,2,13,16,105787.8616,50744.65646,35615.72624,52343.93247,7615.053655,0,0,0
2060,2,13,17,106112.1672,50467.63637,35029.43804,51215.86007,7385.145234,0,0,0
2060,2,13,18,102034.2263,50029.46309,34470.61716,50556.90516,8246.802011,0,0,0
2060,2,13,19,99153.6346,51320.34019,37205.78853,54066.98526,8398.828411,0,0,0
2060,2,13,20,96814.21863,53532.06789,40757.50421,54209.97178,8387.963173,0,0,0
2060,2,13,21,97088.97875,53568.40125,41017.40068,54787.13318,8008.983697,0,0,0
2060,2,13,22,99042.98302,53478.78477,40065.6059,54057.51077,7478.064743,0,0,0
2060,2,13,23,98174.11173,52273.96034,38074.65982,52549.93737,7064.142664,0,0,0
2060,2,13,24,96958.76975,50968.91496,36141.77757,51566.32917,6802.855438,0,0,0
2060,2,14,1,95121.41467,49888.30192,34819.34781,49798.68545,6533.136788,0,0,0
2060,2,14,2,91842.4599,48645.92723,32675.59304,48549.87853,6308.095994,0,0,0
2060,2,14,3,89771.02415,47613.72969,31612.36438,47372.86911,6110.783285,0,0,0
2060,2,14,4,88660.94459,45999.67696,30774.5242,46681.23157,6094.441968,0,0,0
2060,2,14,5,85058.11883,45235.28579,30368.8597,46335.45626,6247.424509,0,0,0
2060,2,14,6,84645.50058,45874.50943,31469.03017,47565.92265,6361.292196,0,0,0
2060,2,14,7,85982.09861,47900.22427,33956.47413,48442.70383,6520.098504,0,0,0
2060,2,14,8,87972.61007,46798.0546,31778.73289,45921.53418,7209.12839,0,0,0
2060,2,14,9,91757.79797,47407.72479,32378.66783,47592.52075,7645.824007,0,0,0
2060,2,14,10,98372.55442,50632.09261,34439.4122,50582.80789,7874.167833,0,0,0
2060,2,14,11,103543.1035,50794.0281,34813.26328,51925.22968,7858.695735,0,0,0
2060,2,14,12,106410.9177,51097.2986,35405.46217,52460.14705,7731.876686,0,0,0
2060,2,14,13,105306.4881,50544.12764,35430.14799,52056.22098,7908.588905,0,0,0
2060,2,14,14,101763.1169,47923.51934,34259.13618,49925.41757,7927.103269,0,0,0
2060,2,14,15,105761.9588,51257.06105,36104.22731,52658.50282,7833.488385,0,0,0
2060,2,14,16,105524.0536,50617.75049,35526.45745,52213.37578,7595.670071,0,0,0
2060,2,14,17,105849.4892,50339.94811,34941.21231,51086.78105,7366.283182,0,0,0
2060,2,14,18,101777.5459,49902.29635,34383.43449,50428.26075,8227.07074,0,0,0
2060,2,14,19,98901.99571,51191.26118,37114.86822,53934.51628,8378.575608,0,0,0
2060,2,14,20,96570.05502,53400.98967,40655.63174,54074.80823,8367.884215,0,0,0
2060,2,14,21,96844.20669,53437.58379,40914.39823,54651.01349,7989.339348,0,0,0
2060,2,14,22,98794.21255,53350.05344,39966.60186,53923.12951,7459.115769,0,0,0
2060,2,14,23,97928.2966,52145.31593,37981.56647,52420.16297,7045.889066,0,0,0
2060,2,14,24,96715.99689,50843.13897,36052.76955,51437.59784,6785.210293,0,0,0
2060,2,15,1,94882.11868,49762.96055,34731.46977,49672.30101,6494.543465,0,0,0
2060,2,15,2,87956.4426,46466.01295,31976.30637,48062.76822,6329.739547,0,0,0
2060,2,15,3,85707.07772,46066.86759,30997.56579,47057.34262,6149.550452,0,0,0
2060,2,15,4,82503.39732,44963.48102,30099.05413,45982.72719,6081.403683,0,0,0
2060,2,15,5,80952.44989,44394.31643,29758.40721,45189.39103,6228.910145,0,0,0
2060,2,15,6,80092.44463,44541.4752,30663.52494,46385.95788,6322.611951,0,0,0
2060,2,15,7,82190.73925,46910.09693,32865.43046,47097.32669,6395.278658,0,0,0
2060,2,15,8,81390.7101,44891.94429,30801.55691,45336.98441,7029.982358,0,0,0
2060,2,15,9,83457.27823,44870.64843,30850.40702,44608.92659,7496.579108,0,0,0
2060,2,15,10,87994.51439,47452.75034,32640.99812,48184.63272,7807.759503,0,0,0
2060,2,15,11,92411.2768,47987.75462,33341.32786,49042.37801,7843.919013,0,0,0
2060,2,15,12,93944.75293,47980.19241,33800.18856,50331.34284,7693.457207,0,0,0
2060,2,15,13,94577.54435,46939.91114,33762.72522,49556.43412,7784.551356,0,0,0
2060,2,15,14,90549.14898,45468.23648,32664.38011,47657.53833,7778.119136,0,0,0
2060,2,15,15,91096.75694,47312.80608,33437.81116,49316.6166,7691.110316,0,0,0
2060,2,15,16,91716.07546,46597.09117,32625.00449,48002.96595,7469.285632,0,0,0
2060,2,15,17,89857.51144,45794.97589,31982.3909,46289.9961,7319.171513,0,0,0
2060,2,15,18,87749.39464,45368.53706,31742.31262,46331.19708,8170.74535,0,0,0
2060,2,15,19,86331.95925,46897.84094,35186.94052,51141.62877,8174.222226,0,0,0
2060,2,15,20,90829.03749,49968.96544,37990.4325,51255.75722,8073.740511,0,0,0
2060,2,15,21,90697.00313,49825.1097,37753.0488,51594.14417,7927.364035,0,0,0
2060,2,15,22,88998.54924,49764.00361,37130.60108,50956.22436,7486.583089,0,0,0
2060,2,15,23,89190.82048,47966.02414,35625.37457,48897.65305,7070.661807,0,0,0
2060,2,15,24,87600.67127,46498.69558,33741.69012,48231.83131,6880.389771,0,0,0
2060,2,16,1,87715.40818,46267.13564,32904.97993,47488.12755,6852.661686,0,0,0
2060,2,16,2,88255.19316,46431.50495,32647.16958,48046.07921,6581.899973,0,0,0
2060,2,16,3,85902.13046,45188.17412,31511.27421,46717.21723,6347.123926,0,0,0
2060,2,16,4,84249.31057,43514.31913,30699.16292,45407.9996,6263.591982,0,0,0
2060,2,16,5,82120.24559,42756.36018,30154.24954,45178.43887,6348.514677,0,0,0
2060,2,16,6,80358.6864,44110.86412,31154.80751,46112.1539,6343.038597,0,0,0
2060,2,16,7,82232.28792,44700.6292,32783.89772,46092.24879,6575.728518,0,0,0
2060,2,16,8,80020.73406,43216.0901,30268.63876,42977.66333,7101.432158,0,0,0
2060,2,16,9,77630.64263,42260.47075,29757.01646,42934.98468,7654.516197,0,0,0
2060,2,16,10,80314.44316,42325.92294,30448.04555,43569.68838,7782.986762,0,0,0
2060,2,16,11,84372.30505,42517.15111,30700.81443,43370.81108,7849.829702,0,0,0
2060,2,16,12,86389.67539,42782.69751,30984.0929,43606.54326,7733.093592,0,0,0
2060,2,16,13,84482.26125,43052.50308,30961.66705,43944.23484,7841.398278,0,0,0
2060,2,16,14,85986.27086,41438.36344,30648.31361,43707.37267,7909.545046,0,0,0
2060,2,16,15,85725.41824,42062.11498,31054.15195,44821.27679,7790.983577,0,0,0
2060,2,16,16,85644.6678,42594.16392,30546.35422,43477.89885,7648.518586,0,0,0
2060,2,16,17,85668.22363,40992.80179,30488.37731,43164.8931,7530.913257,0,0,0
2060,2,16,18,84503.90481,41840.46414,30980.44218,44140.41756,8431.424122,0,0,0
2060,2,16,19,85504.89738,44522.61315,34774.23535,50030.24538,8589.882743,0,0,0
2060,2,16,20,90249.35535,48225.22524,38583.58753,51341.98375,8466.453647,0,0,0
2060,2,16,21,89723.39095,47982.80007,38282.31624,51096.0817,8248.801214,0,0,0
2060,2,16,22,89609.87095,47666.92589,37431.5247,50801.85107,7817.668599,0,0,0
2060,2,16,23,89987.02506,46448.88933,36097.01279,49280.28324,7331.427501,0,0,0
2060,2,16,24,88620.26514,45741.51893,33858.86084,48026.52179,6698.809926,0,0,0
2060,2,17,1,83516.2982,42118.9619,31247.29241,45052.57596,6861.09311,0,0,0
2060,2,17,2,96316.41692,51012.20207,34303.72711,50940.75227,6627.273204,0,0,0
2060,2,17,3,94186.7435,49955.57947,33203.46973,49727.49641,6420.833696,0,0,0
2060,2,17,4,93033.72452,48298.76117,32330.5131,49012.30303,6403.62316,0,0,0
2060,2,17,5,89318.50875,47508.46727,31906.94269,48656.18402,6563.820218,0,0,0
2060,2,17,6,88896.67677,48172.20289,33054.65944,49924.89604,6682.555531,0,0,0
2060,2,17,7,90291.16479,50277.45126,35613.11859,50809.32636,6847.79406,0,0,0
2060,2,17,8,92368.68507,49133.55908,33376.27046,48227.22445,7566.464314,0,0,0
2060,2,17,9,96300.24945,49765.82897,33997.76203,49959.6648,8016.719746,0,0,0
2060,2,17,10,103147.6958,53051.04211,36107.44342,53027.66012,8249.409668,0,0,0
2060,2,17,11,108523.5545,53212.89068,36490.68207,54397.72308,8234.024492,0,0,0
2060,2,17,12,111521.0561,53520.85497,37099.74381,54947.93869,8104.771629,0,0,0
2060,2,17,13,110379.4239,52960.46949,37126.42883,54538.01502,8284.960724,0,0,0
2060,2,17,14,106719.5774,50296.57408,35927.86278,52357.66613,8303.822776,0,0,0
2060,2,17,15,110844.9776,53683.05123,37820.50019,55151.94439,8208.29561,0,0,0
2060,2,17,16,110599.5971,53039.74226,37225.34595,54700.38513,7965.696592,0,0,0
2060,2,17,17,110929.118,52757.15917,36624.02026,53547.01846,7729.877482,0,0,0
2060,2,17,18,106703.2361,52315.85669,36051.29188,52871.28762,8610.396311,0,0,0
2060,2,17,19,103709.559,53631.85423,38858.86919,56485.23938,8767.985712,0,0,0
2060,2,17,20,101269.4874,55907.73029,42648.4901,56693.6781,8756.859709,0,0,0
2060,2,17,21,101537.7284,55942.58597,42922.46793,57295.95993,8367.014996,0,0,0
2060,2,17,22,103560.1402,55846.27651,41902.61329,56515.0536,7826.273867,0,0,0
2060,2,17,23,102656.7609,54606.94409,39785.45662,54922.73134,7394.880487,0,0,0
2060,2,17,24,101365.71,53263.82692,37762.61021,53885.31849,7122.814945,0,0,0
2060,2,18,1,99455.60128,52149.48818,36405.93322,52086.20904,6855.182421,0,0,0
2060,2,18,2,96236.70954,50970.21879,34274.78212,50897.81285,6621.449437,0,0,0
2060,2,18,3,94107.73149,49913.50927,33174.87242,49685.25237,6415.183772,0,0,0
2060,2,18,4,92955.8425,48257.2125,32302.35041,48970.31976,6398.060159,0,0,0
2060,2,18,5,89242.01747,47467.35321,31879.12768,48614.37458,6558.083373,0,0,0
2060,2,18,6,88820.09858,48131.00191,33025.97521,49882.56508,6676.731764,0,0,0
2060,2,18,7,90213.63045,50234.94645,35583.56514,50767.25616,6841.883371,0,0,0
2060,2,18,8,92289.75999,49091.22812,33347.58623,48185.67578,7560.119015,0,0,0
2060,2,18,9,96218.97748,49723.67185,33968.81704,49916.98615,8009.939838,0,0,0
2060,2,18,10,103062.2516,53007.58116,36077.80305,52983.85148,8242.716681,0,0,0
2060,2,18,11,108434.1118,53169.6905,36460.95478,54353.39291,8227.418427,0,0,0
2060,2,18,12,111429.7881,53478.524,37070.01652,54903.5216,8098.165565,0,0,0
2060,2,18,13,110288.8513,52918.13853,37096.09309,54493.68485,8278.006972,0,0,0
2060,2,18,14,106630.5694,50254.15619,35897.96165,52314.37902,8297.12979,0,0,0
2060,2,18,15,110753.5358,53640.4595,37789.72984,55107.87499,8201.602624,0,0,0
2060,2,18,16,110508.416,52996.36824,37195.01021,54656.57649,7959.351293,0,0,0
2060,2,18,17,110838.7192,52713.87207,36594.20605,53503.20982,7723.445262,0,0,0
2060,2,18,18,106615.4449,52273.17804,36021.30382,52828.08744,8603.442559,0,0,0
2060,2,18,19,103624.3755,53588.39328,38827.31654,56438.99693,8760.945038,0,0,0
2060,2,18,20,101185.5209,55862.96552,42612.33059,56645.87105,8750.079801,0,0,0
2060,2,18,21,101453.0665,55898.51657,42886.04765,57247.97904,8360.235088,0,0,0
2060,2,18,22,103474.6091,55802.03326,41867.323,56468.46346,7819.754725,0,0,0
2060,2,18,23,102572.9682,54563.22237,39753.29552,54877.96657,7388.62211,0,0,0
2060,2,18,24,101282.6127,53220.53981,37732.27446,53841.50985,7116.643491,0,0,0
2060,2,19,1,99373.19932,52106.37492,36376.20593,52043.09578,6853.704749,0,0,0
2060,2,19,2,96215.67444,50959.26663,34266.95915,50886.42608,6619.971765,0,0,0
2060,2,19,3,94086.87023,49902.47019,33167.13637,49674.03944,6413.7061,0,0,0
2060,2,19,4,92934.8074,48246.26034,32294.96205,48959.10683,6396.582486,0,0,0
2060,2,19,5,89221.50391,47456.5749,31871.56548,48603.24858,6556.605701,0,0,0
2060,2,19,6,88799.84578,48119.96283,33018.32608,49871.43907,6675.16717,0,0,0
2060,2,19,7,90193.20381,50223.64661,35575.82909,50756.04323,6840.318776,0,0,0
2060,2,19,8,92269.1595,49080.01519,33339.85018,48174.54978,7558.380577,0,0,0
2060,2,19,9,96197.42084,49712.372,33961.08099,49905.6863,8008.2014,0,0,0
2060,2,19,10,103039.9127,52996.19439,36070.06701,52972.20395,8240.8044,0,0,0
2060,2,19,11,108410.8168,53158.5645,36452.87104,54342.09306,8225.766911,0,0,0
2060,2,19,12,111405.5369,53467.31108,37061.75894,54892.04791,8096.427127,0,0,0
2060,2,19,13,110264.7739,52906.49099,37088.09628,54481.86348,8276.181612,0,0,0
2060,2,19,14,106607.1004,50242.85635,35890.13868,52302.81841,8295.391352,0,0,0
2060,2,19,15,110729.4584,53629.15965,37781.47226,55096.14053,8199.951108,0,0,0
2060,2,19,16,110484.3386,52984.89454,37187.0134,54644.84203,7957.525934,0,0,0
2060,2,19,17,110814.6418,52702.65914,36586.38308,53491.64921,7721.793746,0,0,0
2060,2,19,18,106592.2368,52261.70435,36013.30701,52816.52683,8601.617199,0,0,0
2060,2,19,19,103601.4281,53576.91959,38819.05896,56426.82787,8759.032757,0,0,0
2060,2,19,20,101163.095,55851.31798,42602.85611,56633.18045,8748.254441,0,0,0
2060,2,19,21,101430.5537,55886.43443,42876.39932,57235.1146,8358.49665,0,0,0
2060,2,19,22,103452.0963,55790.55957,41858.28313,56456.20747,7818.016287,0,0,0
2060,2,19,23,102550.7162,54551.31407,39744.60333,54865.88442,7386.970594,0,0,0
2060,2,19,24,101260.6214,53208.80535,37724.01688,53829.94924,7114.991975,0,0,0
2060,2,20,1,99351.64269,52094.81431,36368.29604,52031.70901,6892.558837,0,0,0
2060,2,20,2,96742.50807,51235.33058,34458.70886,51168.92225,6657.869712,0,0,0
2060,2,20,3,94607.61933,50178.79491,33356.45227,49952.18952,6450.734829,0,0,0
2060,2,20,4,93450.94963,48518.06512,32480.19261,49235.51847,6433.524293,0,0,0
2060,2,20,5,89726.08553,47726.38047,32055.31837,48878.61715,6594.329805,0,0,0
2060,2,20,6,89304.25355,48393.59296,33206.85968,50150.02376,6713.412805,0,0,0
2060,2,20,7,90704.39149,50504.49126,35770.53414,51033.84562,6879.085943,0,0,0
2060,2,20,8,92789.1263,49358.51295,33529.51377,48448.44068,7600.972307,0,0,0
2060,2,20,9,96733.72896,49990.95668,34152.74378,50185.9225,8052.444646,0,0,0
2060,2,20,10,103605.1658,53280.25515,36267.37971,53260.1762,8285.482255,0,0,0
2060,2,20,11,109000.1472,53441.40835,36650.61836,54632.49912,8269.66247,0,0,0
2060,2,20,12,112013.2079,53747.37344,37262.72237,55185.3224,8140.844217,0,0,0
2060,2,20,13,110863.6658,53189.68254,37287.40819,54773.13876,8320.598702,0,0,0
2060,2,20,14,107198.0824,50522.22333,36086.49524,52590.26913,8339.28691,0,0,0
2060,2,20,15,111329.5672,53913.04657,37983.30491,55389.58886,8243.5859,0,0,0
2060,2,20,16,111086.4466,53267.39071,37386.673,54936.29116,8000.813039,0,0,0
2060,2,20,17,111416.0545,52987.06759,36785.34731,53782.92449,7764.907007,0,0,0
2060,2,20,18,107171.0497,52544.72205,36211.31509,53103.19525,8646.903508,0,0,0
2060,2,20,19,104169.8973,53865.32645,39026.62845,56732.87987,8806.057503,0,0,0
2060,2,20,20,101721.1336,56143.02787,42843.80361,56947.14235,8794.931501,0,0,0
2060,2,20,21,101986.8539,56183.53348,43119.69371,57552.90106,8402.652974,0,0,0
2060,2,20,22,104019.3486,56086.00711,42092.62456,56765.38866,7861.21647,0,0,0
2060,2,20,23,103109.8848,54842.93704,39961.64731,55165.24344,7428.780027,0,0,0
2060,2,20,24,101811.5324,53492.7792,37926.54491,54119.13839,7155.410657,0,0,0
2060,2,21,1,99892.29689,52379.22276,36566.47797,52315.16132,6874.82677,0,0,0
2060,2,21,2,96502.86439,51109.64151,34371.26543,51040.104,6640.572254,0,0,0
2060,2,21,3,94370.75715,50053.01892,33270.13882,49825.80508,6433.871981,0,0,0
2060,2,21,4,93215.91282,48394.46218,32395.79145,49109.48172,6416.661445,0,0,0
2060,2,21,5,89496.35095,47603.47291,31971.52566,48753.44962,6577.119269,0,0,0
2060,2,21,6,89074.17129,48268.77312,33121.15469,50022.7701,6696.028425,0,0,0
2060,2,21,7,90471.18004,50376.62915,35682.13457,50907.46118,6861.353876,0,0,0
2060,2,21,8,92552.00336,49231.60698,33443.02648,48323.79468,7581.501802,0,0,0
2060,2,21,9,96489.30458,49864.22456,34065.47419,50057.97347,8032.278766,0,0,0
2060,2,21,10,103346.66,53151.08921,36177.15478,53129.09797,8265.142531,0,0,0
2060,2,21,11,108730.1678,53313.02471,36560.56728,54500.63861,8249.409668,0,0,0
2060,2,21,12,111735.6663,53619.07671,37171.01977,55051.20191,8120.417571,0,0,0
2060,2,21,13,110590.2964,53060.69044,37196.74865,54641.01747,8300.432822,0,0,0
2060,2,21,14,106928.5376,50395.31735,35996.618,52458.84322,8319.468718,0,0,0
2060,2,21,15,111057.4147,53783.18526,37891.42846,55255.46837,8224.028473,0,0,0
2060,2,21,16,110812.4688,53139.18091,37295.31808,54802.95297,7981.081768,0,0,0
2060,2,21,17,111140.3382,52857.03243,36694.34008,53649.84707,7745.175736,0,0,0
2060,2,21,18,106906.8072,52415.1215,36121.09016,52972.63856,8626.216096,0,0,0
2060,2,21,19,103910.8701,53733.98746,38931.53589,56592.84869,8784.84856,0,0,0
2060,2,21,20,101466.6263,56010.47198,42733.58664,56804.32967,8773.201026,0,0,0
2060,2,21,21,101733.2158,56048.19608,43008.17292,57407.48072,8382.31325,0,0,0
2060,2,21,22,103760.1475,55949.88741,41985.27602,56624.40134,7841.572121,0,0,0
2060,2,21,23,102854.5083,54709.59885,39862.20866,55028.51529,7409.657209,0,0,0
2060,2,21,24,101560.8496,53363.70018,37833.88616,53987.3648,7137.157059,0,0,0
2060,2,22,1,99645.69947,52249.62221,36475.81843,52186.0823,6834.929619,0,0,0
2060,2,22,2,92517.66921,48883.91939,33648.07523,50537.95619,6663.085026,0,0,0
2060,2,22,3,90186.25005,48466.86812,32628.2206,49495.93647,6474.551429,0,0,0
2060,2,22,4,86842.01694,47319.15138,31687.98643,48382.29311,6402.927785,0,0,0
2060,2,22,5,85221.79276,46727.90863,31330.2159,47559.4035,6557.735685,0,0,0
2060,2,22,6,84318.41347,46880.6304,32277.92535,48807.60196,6655.609743,0,0,0
2060,2,22,7,86511.27912,49357.73066,34556.84368,49522.88226,6731.405638,0,0,0
2060,2,22,8,85677.00274,47242.57319,32421.17264,47715.34139,7393.055127,0,0,0
2060,2,22,9,87845.79102,47211.36822,32472.54348,46957.20859,7880.600054,0,0,0
2060,2,22,10,92581.64372,49887.60655,34332.41134,50668.68672,8197.864982,0,0,0
2060,2,22,11,97169.20767,50439.21291,35055.51461,51552.50858,8234.459101,0,0,0
2060,2,22,12,98757.96612,50436.34449,35528.28281,52869.2015,8081.215795,0,0,0
2060,2,22,13,99420.22406,49365.29286,35490.38487,52080.12451,8174.309148,0,0,0
2060,2,22,14,95250.05908,47841.37814,34356.4887,50128.81481,8167.790005,0,0,0
2060,2,22,15,95811.31377,49752.61684,35154.95326,51832.31018,8078.781982,0,0,0
2060,2,22,16,96450.53741,49013.86763,34315.2008,50484.49922,7852.002749,0,0,0
2060,2,22,17,94526.78196,48182.02506,33647.81447,48712.42248,7696.064864,0,0,0
2060,2,22,18,92330.52636,47734.72497,33399.21784,48755.10114,8568.499956,0,0,0
2060,2,22,19,90849.29029,49334.00098,36947.80433,53694.61184,8571.88991,0,0,0
2060,2,22,20,95512.73705,52516.38551,39868.81472,53843.24829,8468.88746,0,0,0
2060,2,22,21,95368.88131,52369.74827,39621.78269,54193.8043,8319.729483,0,0,0
2060,2,22,22,93611.14669,52305.25222,38964.82698,53511.64125,7870.169426,0,0,0
2060,2,22,23,93812.80549,50453.81579,37395.53903,51375.62252,7435.559935,0,0,0
2060,2,22,24,92161.63711,48922.77348,35465.00367,50699.10939,7235.900335,0,0,0
2060,2,23,1,92267.33414,48677.91449,34607.08454,49944.45347,6853.704749,0,0,0
2060,2,23,2,88269.88297,46439.15408,32652.47181,48053.98911,6582.943036,0,0,0
2060,2,23,3,85916.21181,45195.56248,31516.48953,46725.0402,6348.253911,0,0,0
2060,2,23,4,84263.30499,43521.70749,30704.20439,45415.47489,6264.635045,0,0,0
2060,2,23,5,82133.89233,42763.48777,30159.11716,45186.088,6349.557739,0,0,0
2060,2,23,6,80372.1593,44118.25248,31160.02282,46119.80303,6344.08166,0,0,0
2060,2,23,7,82246.1085,44708.1914,32789.3738,46099.89791,6576.771581,0,0,0
2060,2,23,8,80033.94619,43223.39154,30273.68023,42984.79093,7102.649065,0,0,0
2060,2,23,9,77643.59399,42267.51142,29761.97101,42941.93843,7655.733103,0,0,0
2060,2,23,10,80327.82913,42333.05053,30453.17395,43576.98982,7784.203669,0,0,0
2060,2,23,11,84386.12563,42524.19179,30705.94283,43378.11252,7851.046608,0,0,0
2060,2,23,12,86403.84366,42789.82511,30989.22129,43613.75778,7734.310499,0,0,0
2060,2,23,13,84496.25568,43059.7176,30966.88236,43951.44936,7842.702106,0,0,0
2060,2,23,14,86000.3522,41445.31719,30653.35508,43714.67411,7910.67503,0,0,0
2060,2,23,15,85739.41267,42069.32949,31059.28034,44828.839,7792.287405,0,0,0
2060,2,23,16,85658.83607,42601.29151,30551.48261,43485.28722,7649.735492,0,0,0
2060,2,23,17,85682.04421,40999.66862,30493.50571,43172.10762,7532.130164,0,0,0
2060,2,23,18,84517.89923,41847.59173,30985.65749,44147.719,8432.727951,0,0,0
2060,2,23,19,85519.15258,44530.00151,34779.71143,50038.2422,8591.099649,0,0,0
2060,2,23,20,90263.78439,48233.13514,38589.32438,51350.15441,8467.670554,0,0,0
2060,2,23,21,89738.08075,47990.79689,38288.31385,51103.99159,8250.105043,0,0,0
2060,2,23,22,89624.47383,47674.83579,37437.0877,50809.84789,7818.972428,0,0,0
2060,2,23,23,90001.4541,46456.62538,36102.57579,49288.19314,7332.644408,0,0,0
2060,2,23,24,88634.69417,45748.99421,33864.33692,48034.34476,6699.939911,0,0,0
2060,2,24,1,83530.03186,42126.00257,31252.4208,45059.96432,6862.223095,0,0,0
2060,2,24,2,96331.97594,51020.02504,34309.37704,50948.74908,6628.316267,0,0,0
2060,2,24,3,94201.86791,49963.57629,33208.85888,49735.66707,6421.876759,0,0,0
2060,2,24,4,93048.41432,48306.58414,32335.81534,49020.29985,6404.753145,0,0,0
2060,2,24,5,89333.0247,47516.1164,31912.24493,48664.26775,6564.950203,0,0,0
2060,2,24,6,88911.27965,48180.1997,33060.04859,49932.97978,6683.685516,0,0,0
2060,2,24,7,90305.76766,50285.44808,35618.68159,50817.32317,6848.837122,0,0,0
2060,2,24,8,92383.72256,49141.5559,33381.65962,48235.22126,7567.68122,0,0,0
2060,2,24,9,96315.72155,49773.73886,34003.32503,49967.57469,8018.023575,0,0,0
2060,2,24,10,103164.0371,53059.21277,36113.00642,53036.09154,8250.626574,0,0,0
2060,2,24,11,108540.765,53221.06134,36496.33199,54405.80681,8235.32832,0,0,0
2060,2,24,12,111538.0928,53528.93871,37105.48066,54956.45704,8105.988536,0,0,0
2060,2,24,13,110396.3737,52968.55323,37132.16568,54546.2726,8286.177631,0,0,0
2060,2,24,14,106736.701,50304.74474,35933.59962,52366.01063,8305.126604,0,0,0
2060,2,24,15,110861.9274,53690.78728,37826.06319,55160.28889,8209.425594,0,0,0
2060,2,24,16,110617.0684,53047.73908,37231.16972,54708.81655,7966.913499,0,0,0
2060,2,24,17,110946.5024,52765.24291,36629.58326,53555.53681,7731.181311,0,0,0
2060,2,24,18,106719.5774,52324.11427,36056.85488,52879.71905,8611.700139,0,0,0
2060,2,24,19,103726.248,53640.4595,38864.77987,56493.93157,8769.376462,0,0,0
2060,2,24,20,101285.3942,55916.16172,42655.35693,56702.45721,8758.163538,0,0,0
2060,2,24,21,101553.4613,55951.27816,42929.33476,57304.91288,8368.144981,0,0,0
2060,2,24,22,103576.4815,55854.79486,41909.30628,56523.74579,7827.577696,0,0,0
2060,2,24,23,102672.5807,54615.20167,39791.62808,54931.33661,7396.097393,0,0,0
2060,2,24,24,101381.7036,53272.0845,37768.43397,53893.66299,7124.031852,0,0,0
2060,2,25,1,99471.24722,52157.83268,36411.49622,52094.3797,6856.312406,0,0,0
2060,2,25,2,96251.83395,50977.95484,34280.2582,50905.89658,6622.579421,0,0,0
2060,2,25,3,94122.50821,49921.41917,33180.26158,49693.33611,6416.226835,0,0,0
2060,2,25,4,92970.44537,48265.1224,32307.73956,48978.22965,6399.103221,0,0,0
2060,2,25,5,89256.35959,47475.08926,31884.343,48622.28448,6559.213358,0,0,0
2060,2,25,6,88834.70146,48138.82488,33031.45129,49890.38805,6677.774827,0,0,0
2060,2,25,7,90228.23333,50242.94327,35589.04122,50775.07913,6843.013355,0,0,0
2060,2,25,8,92304.62363,49099.13801,33352.97539,48193.58567,7561.249,0,0,0
2060,2,25,9,96234.36265,49731.49482,33974.29312,49925.06989,8011.156745,0,0,0
2060,2,25,10,103078.4191,53015.83874,36083.36606,52991.93522,8243.933588,0,0,0
2060,2,25,11,108450.4531,53177.60039,36466.43086,54361.82433,8228.635334,0,0,0
2060,2,25,12,111446.9117,53486.4339,37075.4926,54911.77918,8099.469393,0,0,0
2060,2,25,13,110305.6272,52925.9615,37101.65609,54501.85551,8279.310801,0,0,0
2060,2,25,14,106647.1714,50262.23993,35903.61157,52322.37584,8298.433618,0,0,0
2060,2,25,15,110770.0509,53648.28247,37795.64053,55116.04564,8202.906452,0,0,0
2060,2,25,16,110525.3658,53004.36505,37200.66013,54664.83407,7960.5682,0,0,0
2060,2,25,17,110855.7559,52721.69504,36599.76905,53511.38048,7724.662168,0,0,0
2060,2,25,18,106632.134,52281.26178,36026.86682,52835.91041,8604.746387,0,0,0
2060,2,25,19,103640.6299,53596.65086,38833.1403,56447.68912,8762.248867,0,0,0
2060,2,25,20,101201.1668,55871.31002,42619.02358,56654.65016,8751.38363,0,0,0
2060,2,25,21,101468.9732,55906.77415,42892.65371,57257.01892,8361.451994,0,0,0
2060,2,25,22,103490.7766,55810.29084,41873.6683,56477.24257,7820.971632,0,0,0
2060,2,25,23,102588.788,54571.21919,39759.20621,54886.22415,7389.839017,0,0,0
2060,2,25,24,101298.3455,53228.53663,37737.83747,53849.76743,7117.773475,0,0,0
2060,2,26,1,99388.84526,52114.54558,36381.85585,52051.26644,6854.747811,0,0,0
2060,2,26,2,96230.88578,50967.00268,34272.52215,50894.42289,6621.014827,0,0,0
2060,2,26,3,94101.8208,49910.29316,33172.61245,49682.12318,6414.749163,0,0,0
2060,2,26,4,92949.75796,48254.08332,32300.3512,48967.01672,6397.625549,0,0,0
2060,2,26,5,89236.10679,47464.31095,31876.95464,48611.33232,6557.648764,0,0,0
2060,2,26,6,88814.27481,48127.87272,33023.71524,49879.34897,6676.297155,0,0,0
2060,2,26,7,90207.80669,50231.81726,35581.39209,50763.95312,6841.448761,0,0,0
2060,2,26,8,92284.02314,49088.01201,33345.41319,48182.54659,7559.597484,0,0,0
2060,2,26,9,96212.89294,49720.45574,33966.64399,49913.77004,8009.418307,0,0,0
2060,2,26,10,103055.9932,53004.53889,36075.63001,52980.46153,8242.19515,0,0,0
2060,2,26,11,108427.5927,53166.47439,36458.69481,54350.26372,8226.983818,0,0,0
2060,2,26,12,111423.1821,53475.39482,37067.58271,54900.21857,8097.730955,0,0,0
2060,2,26,13,110282.0714,52914.92242,37093.7462,54490.2949,8277.485441,0,0,0
2060,2,26,14,106623.9633,50251.027,35895.70168,52311.07599,8296.69518,0,0,0
2060,2,26,15,110746.7558,53636.8957,37787.55679,55104.7458,8201.168014,0,0,0
2060,2,26,16,110501.6361,52993.15213,37192.66332,54653.27346,7958.829762,0,0,0
2060,2,26,17,110831.8524,52710.65596,36591.94608,53499.90679,7722.92373,0,0,0
2060,2,26,18,106609.0127,52269.96193,36019.13077,52824.78441,8602.921027,0,0,0
2060,2,26,19,103617.7694,53585.17717,38824.96965,56435.52006,8760.423507,0,0,0
2060,2,26,20,101179.4364,55859.83633,42609.63601,56642.13341,8749.55827,0,0,0
2060,2,26,21,101446.6343,55895.0397,42883.43999,57244.50216,8359.713556,0,0,0
2060,2,26,22,103468.4376,55799.07792,41864.71535,56464.98658,7819.233194,0,0,0
2060,2,26,23,102566.6229,54559.91934,39750.77478,54874.66353,7388.100579,0,0,0
2060,2,26,24,101276.2674,53217.23678,37729.75373,53838.38066,7116.208881,0,0,0
2060,2,27,1,99367.2017,52103.07189,36373.94596,52039.96659,6893.688822,0,0,0
2060,2,27,2,96757.28479,51243.15355,34464.35878,51177.00598,6658.912775,0,0,0
2060,2,27,3,94622.48297,50186.79172,33361.84142,49960.01249,6451.864813,0,0,0
2060,2,27,4,93465.72635,48525.88809,32485.66869,49243.51528,6434.567356,0,0,0
2060,2,27,5,89740.6884,47734.20344,32060.62061,48886.61397,6595.459789,0,0,0
2060,2,27,6,89318.85643,48401.41593,33212.33576,50158.02057,6714.54279,0,0,0
2060,2,27,7,90719.34206,50512.575,35776.35791,51042.01628,6880.215928,0,0,0
2060,2,27,8,92803.8161,49366.59669,33534.90292,48456.26365,7602.102292,0,0,0
2060,2,27,9,96749.28798,49998.60581,34158.30678,50194.00624,8053.748475,0,0,0
2060,2,27,10,103621.5071,53288.07813,36273.20348,53268.60762,8286.699162,0,0,0
2060,2,27,11,109017.097,53449.40517,36656.44213,54640.93055,8270.879376,0,0,0
2060,2,27,12,112031.0269,53755.19641,37268.63306,55194.10151,8142.148045,0,0,0
2060,2,27,13,110881.1371,53197.76627,37293.31888,54781.13557,8321.728687,0,0,0
2060,2,27,14,107215.206,50530.22014,36091.8844,52598.52671,8340.503817,0,0,0
2060,2,27,15,111346.6908,53921.30415,37989.21559,55397.93336,8244.889729,0,0,0
2060,2,27,16,111103.6572,53275.38753,37392.236,54944.72258,8002.116867,0,0,0
2060,2,27,17,111433.3519,52995.41209,36790.91031,53791.44284,7766.123914,0,0,0
2060,2,27,18,107187.478,52552.71887,36217.05193,53111.27898,8648.207336,0,0,0
2060,2,27,19,104186.2387,53873.58403,39032.62606,56741.65898,8807.361332,0,0,0
2060,2,27,20,101737.2142,56151.54622,42850.67044,56956.18223,8796.235329,0,0,0
2060,2,27,21,102003.1083,56192.05182,43126.56054,57562.37555,8403.869881,0,0,0
2060,2,27,22,104035.8638,56094.26469,42099.31755,56774.42854,7862.520299,0,0,0
2060,2,27,23,103125.8784,54851.54231,39967.73184,55174.19639,7429.996934,0,0,0
2060,2,27,24,101827.526,53501.03678,37932.4556,54127.30905,7156.540642,0,0,0
2060,2,28,1,99908.02976,52387.7411,36572.30173,52323.33198,6875.956755,0,0,0
2060,2,28,2,96518.16265,51117.46448,34376.91535,51048.27465,6641.702239,0,0,0
2060,2,28,3,94385.88156,50060.92881,33275.52798,49833.71497,6434.915043,0,0,0
2060,2,28,4,93230.77646,48402.19823,32401.18061,49117.56545,6417.704507,0,0,0
2060,2,28,5,89510.77998,47611.29588,31977.00174,48761.35951,6578.249253,0,0,0
2060,2,28,6,89088.94801,48276.50916,33126.45692,50030.85384,6697.15841,0,0,0
2060,2,28,7,90486.04368,50384.88673,35687.61065,50915.45799,6862.48386,0,0,0
2060,2,28,8,92566.78008,49239.69072,33448.41563,48331.70457,7582.718709,0,0,0
2060,2,28,9,96504.68975,49872.22137,34070.95027,50066.14413,8033.582594,0,0,0
2060,2,28,10,103363.0883,53159.43372,36182.80471,53137.09479,8266.359438,0,0,0
2060,2,28,11,108747.1176,53320.84768,36566.13028,54508.89619,8250.626574,0,0,0
2060,2,28,12,111753.3114,53626.98661,37176.84353,55059.8941,8121.721399,0,0,0
2060,2,28,13,110607.1593,53068.94802,37202.48549,54649.18813,8301.649728,0,0,0
2060,2,28,14,106945.6612,50403.31417,36002.26792,52467.18772,8320.685624,0,0,0
2060,2,28,15,111074.6252,53791.44284,37897.07838,55263.98671,8225.332302,0,0,0
2060,2,28,16,110829.4186,53147.26465,37301.14185,54811.21055,7982.211753,0,0,0
2060,2,28,17,111157.4618,52865.29001,36700.07692,53658.19157,7746.392643,0,0,0
2060,2,28,18,106923.67,52423.466,36126.74008,52981.06998,8627.433003,0,0,0
2060,2,28,19,103927.2114,53741.98428,38937.35966,56601.36704,8786.152389,0,0,0
2060,2,28,20,101482.6199,56018.9034,42740.45347,56813.19571,8774.417933,0,0,0
2060,2,28,21,101749.0356,56056.80135,43014.95282,57416.5206,8383.704,0,0,0
2060,2,28,22,103776.4888,55958.31884,41991.96901,56633.26738,7842.789028,0,0,0
2060,2,28,23,102870.415,54717.85643,39868.55395,55037.03364,7410.874116,0,0,0
2060,2,28,24,101576.6694,53371.95776,37839.53609,53995.88314,7138.287043,0,0,0
2060,3,1,1,99661.08464,52257.5321,36481.64219,52194.33988,6836.059603,0,0,0
2060,3,1,2,92532.88054,48891.74236,33653.72516,50546.12685,6664.215011,0,0,0
2060,3,1,3,90201.02678,48474.69109,32633.60976,49503.84637,6475.594492,0,0,0
2060,3,1,4,86856.27214,47326.97435,31693.20174,48390.11609,6403.970848,0,0,0
2060,3,1,5,85235.78719,46735.64468,31335.43121,47567.05263,6558.86567,0,0,0
2060,3,1,6,84332.49482,46888.36645,32283.22759,48815.6857,6656.739727,0,0,0
2060,3,1,7,86525.53431,49365.72747,34562.40668,49530.79216,6732.535623,0,0,0
2060,3,1,8,85691.08409,47250.30924,32426.5618,47723.16436,7394.272033,0,0,0
2060,3,1,9,87860.22006,47219.01735,32477.93264,46964.94464,7881.81696,0,0,0
2060,3,1,10,92596.76813,49895.60336,34337.8005,50676.85738,8199.081889,0,0,0
2060,3,1,11,97184.50592,50447.03588,35060.99069,51560.67924,8235.76293,0,0,0
2060,3,1,12,98773.52514,50444.25438,35533.93274,52877.28523,8082.432701,0,0,0
2060,3,1,13,99436.13077,49373.20275,35496.12171,52088.29517,8175.612976,0,0,0
2060,3,1,14,95265.27041,47849.20111,34362.13863,50136.89855,8169.093834,0,0,0
2060,3,1,15,95826.87279,49760.35289,35160.42934,51840.48083,8080.08581,0,0,0
2060,3,1,16,96466.00951,49021.77752,34320.58996,50492.7568,7853.219656,0,0,0
2060,3,1,17,94542.16714,48189.67419,33653.20363,48720.4193,7697.28177,0,0,0
2060,3,1,18,92345.65077,47742.46102,33404.607,48763.09795,8569.716862,0,0,0
2060,3,1,19,90864.15394,49342.17164,36953.45426,53703.13019,8573.193738,0,0,0
2060,3,1,20,95528.20915,52524.55617,39875.16002,53851.76664,8470.017445,0,0,0
2060,3,1,21,95384.00572,52378.09277,39627.7803,54202.32265,8320.94639,0,0,0
2060,3,1,22,93626.44494,52313.24904,38971.08536,53519.98575,7871.386332,0,0,0
2060,3,1,23,93827.9299,50461.98645,37401.27588,51383.96702,7436.68992,0,0,0
2060,3,1,24,92176.50076,48930.68337,35470.56667,50707.19313,7237.117242,0,0,0
2060,3,2,1,92282.11086,48685.91131,34612.73446,49952.45028,6847.620216,0,0,0
2060,3,2,2,88190.43635,46397.08388,32623.17913,48011.04969,6577.032347,0,0,0
2060,3,2,3,85838.85132,45154.53535,31487.8053,46682.70924,6342.430144,0,0,0
2060,3,2,4,84186.98756,43481.98418,30676.30246,45374.18698,6258.8982,0,0,0
2060,3,2,5,82059.1395,42724.45984,30131.73677,45144.97394,6343.733972,0,0,0
2060,3,2,6,80298.71029,44078.18148,31131.7732,46077.99359,6338.257893,0,0,0
2060,3,2,7,82171.18182,44667.42503,32759.9942,46058.52309,6570.860892,0,0,0
2060,3,2,8,79961.10564,43184.10284,30246.12598,42945.67607,7096.303767,0,0,0
2060,3,2,9,77572.66572,42229.09194,29734.9383,42902.9105,7649.040117,0,0,0
2060,3,2,10,80254.72781,42294.37029,30425.35894,43537.35343,7777.249917,0,0,0
2060,3,2,11,84309.63436,42485.51154,30678.0409,43338.56305,7844.179778,0,0,0
2060,3,2,12,86326.2224,42750.8841,30961.14552,43573.94755,7727.530591,0,0,0
2060,3,2,13,84420.02517,43020.34198,30938.71967,43911.46528,7835.835276,0,0,0
2060,3,2,14,85923.07864,41407.41924,30625.54007,43674.77695,7903.895122,0,0,0
2060,3,2,15,85662.31294,42030.91002,31031.11765,44787.81186,7785.333653,0,0,0
2060,3,2,16,85581.82326,42562.52434,30523.75453,43445.47699,7642.955584,0,0,0
2060,3,2,17,85604.94449,40962.20528,30465.6907,43132.732,7525.350256,0,0,0
2060,3,2,18,84441.49488,41809.43302,30957.58172,44107.47416,8425.513433,0,0,0
2060,3,2,19,85441.96593,44489.66975,34749.54953,49994.6074,8584.058976,0,0,0
2060,3,2,20,90183.46855,48189.93495,38556.4679,51306.60654,8460.62988,0,0,0
2060,3,2,21,89658.28645,47947.77055,38256.06582,51060.26988,8243.064369,0,0,0
2060,3,2,22,89544.76645,47632.07021,37405.96966,50765.95233,7812.19252,0,0,0
2060,3,2,23,89921.48595,46414.64211,36071.45776,49244.64527,7326.125265,0,0,0
2060,3,2,24,88555.76909,45707.61939,33834.43578,47991.40534,6693.9423,0,0,0
2060,3,3,1,83454.23596,42087.58309,31224.17118,45019.02411,6856.05164,0,0,0
2060,3,3,2,96248.79169,50976.47717,34279.12822,50904.24507,6622.318656,0,0,0
2060,3,3,3,94119.37902,49919.76765,33179.13159,49691.68459,6416.052991,0,0,0
2060,3,3,4,92967.31619,48263.64472,32306.60958,48976.66505,6398.929377,0,0,0
2060,3,3,5,89253.49117,47473.61159,31883.21301,48620.63296,6558.952592,0,0,0
2060,3,3,6,88831.74612,48137.17336,33030.3213,49888.9973,6677.600983,0,0,0
2060,3,3,7,90225.19106,50241.37867,35588.08508,50773.60146,6842.75259,0,0,0
2060,3,3,8,92301.75521,49097.66034,33351.84541,48192.02108,7560.988234,0,0,0
2060,3,3,9,96231.05962,49729.93022,33973.16313,49923.41837,8010.982901,0,0,0
2060,3,3,10,103075.0291,53014.27415,36082.23607,52990.37062,8243.672822,0,0,0
2060,3,3,11,108447.237,53176.0358,36465.3878,54360.17282,8228.374568,0,0,0
2060,3,3,12,111443.3479,53484.95623,37074.36262,54910.04075,8099.208628,0,0,0
2060,3,3,13,110302.4111,52924.3969,37100.69995,54500.29092,8279.050035,0,0,0
2060,3,3,14,106644.0423,50260.50149,35902.48159,52320.81124,8298.172852,0,0,0
2060,3,3,15,110766.7479,53646.63096,37794.51054,55114.39413,8202.645686,0,0,0
2060,3,3,16,110521.8889,53002.9743,37199.44323,54663.26948,7960.307434,0,0,0
2060,3,3,17,110852.366,52720.21736,36598.63907,53509.81589,7724.401403,0,0,0
2060,3,3,18,106628.9178,52279.78411,36025.82376,52834.43274,8604.485622,0,0,0
2060,3,3,19,103637.5007,53594.91243,38832.01032,56446.12453,8761.988101,0,0,0
2060,3,3,20,101198.2984,55869.6585,42617.71975,56652.99865,8751.122864,0,0,0
2060,3,3,21,101465.844,55905.29648,42891.43681,57255.28048,8361.278151,0,0,0
2060,3,3,22,103487.5604,55808.55241,41872.4514,56475.50413,7820.710866,0,0,0
2060,3,3,23,102585.7458,54569.74151,39758.07622,54884.57263,7389.578251,0,0,0
2060,3,3,24,101295.1294,53226.97203,37736.70748,53848.20284,7117.599632,0,0,0
2060,3,4,1,99385.62915,52112.89406,36380.55203,52049.528,6850.227873,0,0,0
2060,3,4,2,96169.25815,50934.9285,34249.83554,50861.82718,6616.581811,0,0,0
2060,3,4,3,94041.41008,49878.21898,33150.53429,49649.35362,6410.403068,0,0,0
2060,3,4,4,92889.08648,48222.2699,32278.53381,48934.7687,6393.279454,0,0,0
2060,3,4,5,89177.26066,47432.7583,31855.48493,48579.08429,6553.302669,0,0,0
2060,3,4,6,88755.51561,48095.79854,33001.81092,49847.01402,6671.777216,0,0,0
2060,3,4,7,90148.17826,50198.87386,35558.44471,50731.7051,6836.8419,0,0,0
2060,3,4,8,92222.91705,49055.50322,33323.16118,48150.47241,7554.642936,0,0,0
2060,3,4,9,96150.22225,49687.68618,33944.0443,49881.08741,8004.376837,0,0,0
2060,3,4,10,102990.628,52970.90012,36052.76955,52946.90968,8237.15368,0,0,0
2060,3,4,11,108359.359,53133.61791,36435.31282,54316.88571,8221.942348,0,0,0
2060,3,4,12,111352.9492,53442.7991,37044.20072,54867.10133,8092.515641,0,0,0
2060,3,4,13,110212.6208,52881.80517,37070.36421,54456.13459,8272.270127,0,0,0
2060,3,4,14,106555.5558,50218.25745,35872.7543,52277.87183,8291.479866,0,0,0
2060,3,4,15,110677.0445,53604.47384,37763.74019,55070.67241,8196.126544,0,0,0
2060,3,4,16,110432.0986,52959.68719,37169.28133,54619.287,7953.788292,0,0,0
2060,3,4,17,110762.7495,52677.71256,36569.08562,53466.44186,7717.969182,0,0,0
2060,3,4,18,106541.6483,52236.93161,35996.18339,52791.31948,8597.705714,0,0,0
2060,3,4,19,103551.8826,53551.79916,38801.41381,56400.66438,8755.121271,0,0,0
2060,3,4,20,101114.5057,55825.67602,42582.25562,56605.88698,8744.256034,0,0,0
2060,3,4,21,101382.3121,55860.96631,42855.2773,57207.7342,8354.585164,0,0,0
2060,3,4,22,103403.2462,55764.65685,41837.76956,56429.26168,7814.191723,0,0,0
2060,3,4,23,102501.6923,54525.75903,39725.48051,54839.46016,7383.406796,0,0,0
2060,3,4,24,101212.2928,53183.85877,37706.02405,53804.82881,7111.428177,0,0,0
2060,3,5,1,99304.8787,52069.86772,36350.99858,52006.84935,6848.663279,0,0,0
2060,3,5,2,96148.13613,50923.54173,34242.09949,50850.17965,6615.104138,0,0,0
2060,3,5,3,94020.11422,49866.91914,33142.79824,49638.1407,6408.925396,0,0,0
2060,3,5,4,92868.1383,48211.40466,32271.14545,48923.46885,6391.801782,0,0,0
2060,3,5,5,89156.83401,47421.80614,31847.8358,48567.95829,6551.738074,0,0,0
2060,3,5,6,88735.08896,48084.75946,32994.16179,49835.62725,6670.212622,0,0,0
2060,3,5,7,90127.40393,50187.40017,35550.79559,50720.49218,6835.277306,0,0,0
2060,3,5,8,92201.96887,49044.29029,33315.51205,48139.52025,7552.991419,0,0,0
2060,3,5,9,96128.49178,49676.38633,33936.39517,49869.61371,8002.638399,0,0,0
2060,3,5,10,102967.9413,52959.42643,36044.85965,52935.43598,8235.415242,0,0,0
2060,3,5,11,108336.1508,53122.40499,36427.31601,54305.15126,8220.20391,0,0,0
2060,3,5,12,111328.4372,53431.6731,37036.2039,54855.27995,8090.690282,0,0,0
2060,3,5,13,110188.3696,52870.67917,37062.10663,54444.22629,8270.531689,0,0,0
2060,3,5,14,106531.4784,50207.04452,35864.93133,52266.13737,8289.654506,0,0,0
2060,3,5,15,110652.8802,53593.00014,37755.39569,55059.19872,8194.214262,0,0,0
2060,3,5,16,110407.8474,52947.95274,37161.28451,54607.20485,7952.049854,0,0,0
2060,3,5,17,110738.3244,52666.23887,36561.08881,53454.96817,7716.230744,0,0,0
2060,3,5,18,106518.4401,52225.63176,35988.18658,52779.75887,8596.054198,0,0,0
2060,3,5,19,103529.1091,53540.32547,38792.89547,56388.49531,8753.469755,0,0,0
2060,3,5,20,101092.1668,55813.76772,42572.52036,56593.19638,8742.343752,0,0,0
2060,3,5,21,101359.7124,55848.88417,42845.71589,57195.0436,8352.672883,0,0,0
2060,3,5,22,103380.7334,55753.00931,41828.29507,56416.65801,7812.540207,0,0,0
2060,3,5,23,102478.9187,54514.1115,39716.7014,54827.03033,7381.668358,0,0,0
2060,3,5,24,101190.0408,53172.55892,37698.11416,53793.44204,7109.863583,0,0,0
2060,3,6,1,99282.71362,52058.82864,36342.82792,51995.28873,6887.517367,0,0,0
2060,3,6,2,96674.27438,51199.51876,34433.84919,51131.98044,6652.915164,0,0,0
2060,3,6,3,94540.68947,50142.89616,33331.76645,49916.03001,6445.954124,0,0,0
2060,3,6,4,93384.19361,48483.03559,32456.28909,49199.61972,6428.743589,0,0,0
2060,3,6,5,89660.72026,47691.26402,32031.58869,48843.15302,6589.462178,0,0,0
2060,3,6,6,89238.97521,48357.86806,33182.43463,50114.03809,6708.545179,0,0,0
2060,3,6,7,90638.41777,50468.15791,35745.41372,50998.0338,6874.044473,0,0,0
2060,3,6,8,92721.32721,49322.35344,33505.00179,48413.15039,7595.409306,0,0,0
2060,3,6,9,96664.4522,49955.14486,34127.88411,50149.58915,8046.794723,0,0,0
2060,3,6,10,103531.9775,53243.40027,36241.73775,53222.8867,8279.571566,0,0,0
2060,3,6,11,108922.8737,53404.98808,36625.15025,54595.03579,8263.925625,0,0,0
2060,3,6,12,111935.4997,53710.60547,37236.99349,55147.42445,8135.107372,0,0,0
2060,3,6,13,110785.4361,53153.08842,37261.85315,54734.98004,8314.861857,0,0,0
2060,3,6,14,107121.8519,50485.97689,36060.94021,52553.41424,8333.636987,0,0,0
2060,3,6,15,111252.2936,53875.93092,37957.40218,55351.69091,8238.022899,0,0,0
2060,3,6,16,111008.5646,53231.14428,37360.59643,54898.48013,7995.163115,0,0,0
2060,3,6,17,111337.7378,52950.03886,36759.27074,53745.46115,7759.257084,0,0,0
2060,3,6,18,107096.8184,52507.6064,36185.67313,53066.25344,8641.253585,0,0,0
2060,3,6,19,104096.1007,53827.60235,38999.68266,56692.98272,8799.972971,0,0,0
2060,3,6,20,101648.9015,56105.91222,42812.51172,56906.4629,8788.760046,0,0,0
2060,3,6,21,101914.9695,56145.72245,43088.05414,57511.787,8397.003051,0,0,0
2060,3,6,22,103945.5519,56047.23994,42062.28882,56724.88306,7855.566547,0,0,0
2060,3,6,23,103037.4789,54805.03909,39933.57153,55126.73704,7423.303947,0,0,0
2060,3,6,24,101740.5172,53456.35892,37900.64218,54082.19659,7150.195343,0,0,0
2060,3,7,1,99821.97708,52342.71556,36540.92293,52278.5672,6869.872222,0,0,0
2060,3,7,2,96434.71763,51073.82969,34346.49269,51003.77064,6635.704628,0,0,0
2060,3,7,3,94303.65345,50017.46786,33245.62685,49789.81941,6429.091276,0,0,0
2060,3,7,4,93148.80911,48359.34573,32371.801,49073.93066,6411.88074,0,0,0
2060,3,7,5,89431.15953,47568.44338,31947.88291,48717.81164,6572.251642,0,0,0
2060,3,7,6,89009.15371,48233.22206,33096.64271,49986.87136,6691.073877,0,0,0
2060,3,7,7,90405.20632,50340.29579,35656.8403,50871.56243,6856.312406,0,0,0
2060,3,7,8,92484.89965,49195.70824,33418.42758,48288.50439,7575.938801,0,0,0
2060,3,7,9,96419.85398,49827.8912,34040.5276,50021.90088,8026.628843,0,0,0
2060,3,7,10,103274.0803,53114.9297,36151.68667,53091.63464,8259.405686,0,0,0
2060,3,7,11,108655.3281,53276.16983,36534.75147,54463.08835,8243.672822,0,0,0
2060,3,7,12,111657.002,53583.17797,37144.9432,55013.73857,8114.767647,0,0,0
2060,3,7,13,110513.3706,53023.83556,37170.93285,54603.55413,8294.782898,0,0,0
2060,3,7,14,106852.0464,50359.07092,35971.49757,52421.81449,8313.731872,0,0,0
2060,3,7,15,110979.7065,53746.24345,37865.61266,55217.65734,8218.37855,0,0,0
2060,3,7,16,110734.8475,53103.0214,37269.5892,54765.40271,7975.431845,0,0,0
2060,3,7,17,111063.3254,52820.786,36668.52427,53612.29681,7739.525813,0,0,0
2060,3,7,18,106831.9674,52378.70123,36095.4482,52935.52291,8620.305407,0,0,0
2060,3,7,19,103837.8557,53696.87181,38904.76395,56553.73384,8778.503262,0,0,0
2060,3,7,20,101394.3073,55973.00864,42702.4686,56763.91099,8767.116493,0,0,0
2060,3,7,21,101661.2444,56009.95044,42976.62027,57366.36667,8376.750248,0,0,0
2060,3,7,22,103686.9593,55911.90254,41955.20104,56584.33035,7836.00912,0,0,0
2060,3,7,23,102781.4069,54671.44014,39834.04596,54989.74813,7404.268052,0,0,0
2060,3,7,24,101489.3998,53327.45375,37807.37498,53950.24915,7131.854823,0,0,0
2060,3,8,1,99576.68348,52212.76732,36450.52415,52149.5751,6829.975071,0,0,0
2060,3,8,2,92450.91319,48848.45525,33623.56326,50502.05745,6658.130478,0,0,0
2060,3,8,3,90120.62402,48431.92552,32603.96939,49460.21157,6469.683803,0,0,0
2060,3,8,4,86777.95551,47284.2957,31664.60444,48346.9159,6398.14708,0,0,0
2060,3,8,5,85158.60054,46693.57448,31306.92083,47524.63475,6552.868059,0,0,0
2060,3,8,6,84256.00355,46846.03549,32254.10875,48772.05091,6650.742116,0,0,0
2060,3,8,7,86447.47845,49321.48422,34531.98402,49487.76582,6726.45109,0,0,0
2060,3,8,8,85613.81052,47207.63058,32397.44296,47680.39879,7387.752891,0,0,0
2060,3,8,9,87780.77344,47176.94715,32448.63996,46922.61368,7874.95013,0,0,0
2060,3,8,10,92514.19233,49851.79473,34307.81244,50632.17953,8192.128137,0,0,0
2060,3,8,11,97099.14862,50403.40109,35030.4811,51516.00139,8228.722256,0,0,0
2060,3,8,12,98687.47246,50400.18498,35503.07546,52832.52046,8075.478949,0,0,0
2060,3,8,13,99349.20887,49329.7418,35465.00367,52043.1827,8168.572302,0,0,0
2060,3,8,14,95180.95617,47806.43554,34331.71596,50092.56838,8162.05316,0,0,0
2060,3,8,15,95742.12394,49717.15271,35129.83283,51795.71606,8073.045136,0,0,0
2060,3,8,16,96381.26066,48978.31657,34290.34114,50448.25279,7846.439748,0,0,0
2060,3,8,17,94457.8529,48146.73477,33623.21557,48676.78451,7690.41494,0,0,0
2060,3,8,18,92262.90112,47699.95621,33374.70586,48719.46316,8562.502345,0,0,0
2060,3,8,19,90782.79504,49298.27608,36922.51006,53657.67004,8566.239986,0,0,0
2060,3,8,20,95443.80799,52479.35679,39840.91279,53805.26342,8463.237537,0,0,0
2060,3,8,21,95300.47378,52332.71954,39594.48921,54155.38483,8313.992638,0,0,0
2060,3,8,22,93543.69529,52267.96273,38937.96811,53474.5256,7864.432581,0,0,0
2060,3,8,23,93744.83257,50417.39552,37369.89707,51339.11532,7430.083855,0,0,0
2060,3,8,24,92094.53341,48887.1355,35439.62248,50662.77604,7230.685021,0,0,0
2060,3,9,1,92200.75197,48642.6242,34582.22487,49908.4678,7012.6849,0,0,0
2060,3,9,2,90320.02286,47522.63554,33410.43076,49164.50328,6737.316327,0,0,0
2060,3,9,3,87924.80303,46258.00885,32253.23953,47815.56234,6498.107263,0,0,0
2060,3,9,4,86238.43128,44549.38509,31425.65614,46482.70195,6412.663037,0,0,0
2060,3,9,5,84070.07761,43774.21561,30869.96445,46248.44744,6499.411092,0,0,0
2060,3,9,6,82271.57662,45156.09994,31892.33981,47197.98225,6493.84809,0,0,0
2060,3,9,7,84181.33764,45760.29406,33552.72191,47167.12498,6730.971028,0,0,0
2060,3,9,8,81924.23671,44241.7685,30988.8736,43998.82179,7266.496843,0,0,0
2060,3,9,9,79480.07986,43264.07099,30466.03839,43956.83851,7830.880728,0,0,0
2060,3,9,10,82222.81343,43332.3916,31171.58343,44606.5797,7959.612059,0,0,0
2060,3,9,11,86365.16341,43528.57432,31429.65455,44403.87784,8026.802686,0,0,0
2060,3,9,12,88421.30091,43800.20525,31717.01834,44645.60763,7909.979655,0,0,0
2060,3,9,13,86475.38038,44075.57383,31694.24481,44990.60065,8018.197418,0,0,0
2060,3,9,14,88006.68346,42426.14389,31373.503,44748.87085,8087.300328,0,0,0
2060,3,9,15,87743.22318,43064.32446,31788.38122,45886.6785,7967.43503,0,0,0
2060,3,9,16,87657.34435,43607.84709,31270.41363,44513.83404,7824.709273,0,0,0
2060,3,9,17,87684.63783,41970.32545,31210.78521,44193.87453,7705.452429,0,0,0
2060,3,9,18,86495.19857,42834.41604,31712.93302,45190.8687,8616.307,0,0,0
2060,3,9,19,87521.22466,45575.75887,35569.65764,51169.96531,8776.330214,0,0,0
2060,3,9,20,92343.47772,49355.38376,39446.28737,52502.0434,8651.249603,0,0,0
2060,3,9,21,91811.95032,49107.91712,39139.01846,52247.623,8429.251075,0,0,0
2060,3,9,22,91696.95264,48785.95841,38262.49804,51946.96016,7994.206975,0,0,0
2060,3,9,23,92081.4082,47544.36602,36906.95104,50409.31178,7501.620578,0,0,0
2060,3,9,24,90692.04858,46820.91506,34641.41869,49149.37887,6856.312406,0,0,0
2060,3,10,1,85493.42369,43122.38829,31987.1716,46123.01914,7021.37709,0,0,0
2060,3,10,2,98483.03216,52155.39887,35091.50028,52097.07428,6783.384933,0,0,0
2060,3,10,3,96321.45839,51082.52188,33980.20381,50869.56323,6573.294705,0,0,0
2060,3,10,4,95150.96811,49413.96912,33093.51352,50144.46076,6555.823404,0,0,0
2060,3,10,5,91390.81372,48617.32993,32661.59861,49786.6033,6718.975807,0,0,0
2060,3,10,6,90967.24331,49291.93078,33828.17741,51066.78902,6839.884167,0,0,0
2060,3,10,7,92384.59178,51431.94791,36417.05922,51955.21774,7007.730352,0,0,0
2060,3,10,8,94503.31305,50274.8436,34154.74298,49350.16845,7741.525017,0,0,0
2060,3,10,9,98505.19724,50906.33119,34782.84062,51109.29383,8196.908841,0,0,0
2060,3,10,10,105466.3375,54212.14483,36917.1209,54208.84179,8429.94645,0,0,0
2060,3,10,11,110961.2791,54376.7749,37306.18332,55595.68068,8414.300508,0,0,0
2060,3,10,12,114021.7991,54695.69134,37924.02417,56149.54701,8285.134568,0,0,0
2060,3,10,13,112856.7849,54118.70378,37950.18766,55733.53881,8466.019038,0,0,0
2060,3,10,14,109142.2645,51439.07551,36735.97567,53533.11096,8485.402621,0,0,0
2060,3,10,15,113325.207,54857.53992,38650.25663,56361.89721,8387.876251,0,0,0
2060,3,10,16,113076.8712,54197.80271,38049.10478,55900.42885,8145.10339,0,0,0
2060,3,10,17,113412.9982,53920.08725,37441.8684,54740.45612,7906.763545,0,0,0
2060,3,10,18,109096.6305,53478.00247,36860.53475,54046.99322,8798.060689,0,0,0
2060,3,10,19,106055.9287,54813.38359,39720.61288,57743.86847,8964.429202,0,0,0
2060,3,10,20,103569.1801,57116.8139,43648.52654,57989.42283,8952.260136,0,0,0
2060,3,10,21,103830.9889,57159.05794,43932.93499,58610.04518,8550.767889,0,0,0
2060,3,10,22,105892.9501,57077.87289,42873.35705,57800.71539,8002.899164,0,0,0
2060,3,10,23,104965.4935,55807.77011,40682.57753,56157.71767,7566.812001,0,0,0
2060,3,10,24,103633.3285,54434.57796,38597.66888,55075.80081,7288.488083,0,0,0
2060,3,11,1,101685.7564,53306.07096,37219.00066,53248.87635,7015.292557,0,0,0
2060,3,11,2,98401.23865,52112.6333,35062.03375,52053.78717,6777.474244,0,0,0
2060,3,11,3,96241.05564,51040.19092,33950.91113,50826.62381,6567.55786,0,0,0
2060,3,11,4,95071.26073,49372.07277,33064.65545,50101.86903,6550.086558,0,0,0
2060,3,11,5,91312.67093,48576.12895,32633.17515,49744.44618,6713.152039,0,0,0
2060,3,11,6,90889.53513,49250.03442,33799.05857,51024.19729,6833.973478,0,0,0
2060,3,11,7,92306.01439,51388.48696,36387.07117,51911.66987,7001.732741,0,0,0
2060,3,11,8,94422.73645,50231.90419,34125.71106,49308.01133,7734.918952,0,0,0
2060,3,11,9,98422.53452,50863.39178,34753.28717,51066.09364,8190.215855,0,0,0
2060,3,11,10,105378.6333,54167.55389,36886.78516,54164.68547,8423.166542,0,0,0
2060,3,11,11,110869.3157,54332.96626,37275.49989,55549.87284,8407.259835,0,0,0
2060,3,11,12,113926.9673,54651.27425,37893.34074,56104.2607,8278.180816,0,0,0
2060,3,11,13,112763.17,54075.5036,37919.50423,55688.16558,8459.152208,0,0,0
2060,3,11,14,109051.7788,51395.96225,36705.81377,53489.30232,8478.448869,0,0,0
2060,3,11,15,113230.7229,54813.47052,38618.96475,56315.65476,8381.096343,0,0,0
2060,3,11,16,112982.5609,54153.73331,38018.33443,55855.83792,8138.497326,0,0,0
2060,3,11,17,113319.4702,53876.97399,37411.01113,54696.12595,7900.157481,0,0,0
2060,3,11,18,109006.1448,53433.75923,36830.11208,54003.18458,8791.020015,0,0,0
2060,3,11,19,105967.0945,54768.87958,39687.66948,57695.71374,8956.693153,0,0,0
2060,3,11,20,103482.4321,57071.1799,43610.71551,57939.87735,8944.697931,0,0,0
2060,3,11,21,103743.98,57112.4678,43894.68936,58560.4997,8543.987981,0,0,0
2060,3,11,22,105804.2898,57031.36967,42836.58909,57752.29989,7996.380022,0,0,0
2060,3,11,23,104878.6585,55762.39688,40648.24338,56111.56214,7560.379781,0,0,0
2060,3,11,24,103548.5796,54390.07395,38566.46392,55030.68834,7282.229707,0,0,0
2060,3,12,1,101601.8768,53262.69693,37188.2303,53205.24156,7013.727963,0,0,0
2060,3,12,2,98379.68202,52101.07268,35054.21078,52042.48732,6775.90965,0,0,0
2060,3,12,3,96219.67285,51029.06491,33943.17508,50815.0632,6565.993266,0,0,0
2060,3,12,4,95049.87794,49360.85984,33057.09325,50090.56918,6548.521964,0,0,0
2060,3,12,5,91291.8966,48565.17679,32625.69987,49733.14633,6711.587445,0,0,0
2060,3,12,6,90868.93464,49238.8215,33791.32252,51012.89744,6832.408884,0,0,0
2060,3,12,7,92285.24005,51377.27404,36378.98743,51900.54387,7000.081225,0,0,0
2060,3,12,8,94401.35366,50220.51742,34117.80117,49296.88533,7733.180514,0,0,0
2060,3,12,9,98400.54328,50851.91809,34745.37728,51054.70687,8188.477417,0,0,0
2060,3,12,10,105355.512,54155.64559,36878.26681,54152.69025,8421.428104,0,0,0
2060,3,12,11,110845.1514,54321.40565,37267.59,55537.79069,8405.347553,0,0,0
2060,3,12,12,113902.1077,54639.27903,37884.90932,56092.26548,8276.355456,0,0,0
2060,3,12,13,112738.4842,54063.94299,37911.33357,55676.51804,8457.41377,0,0,0
2060,3,12,14,109028.0492,51384.57548,36697.73003,53477.39402,8476.623509,0,0,0
2060,3,12,15,113206.3848,54801.99683,38610.62024,56303.83338,8379.357905,0,0,0
2060,3,12,16,112957.962,54142.1727,38010.07685,55843.92962,8136.671966,0,0,0
2060,3,12,17,113294.5236,53865.67414,37403.10124,54684.21765,7898.332121,0,0,0
2060,3,12,18,108982.5021,53422.11169,36821.94142,53991.53705,8789.107733,0,0,0
2060,3,12,19,105943.8864,54757.14513,39679.06422,57683.19698,8954.693949,0,0,0
2060,3,12,20,103459.3108,57058.92391,43600.63257,57926.92599,8942.611806,0,0,0
2060,3,12,21,103721.2934,57100.5595,43884.69334,58547.3745,8542.075699,0,0,0
2060,3,12,22,105781.1686,57019.46137,42826.85384,57739.78314,7994.554662,0,0,0
2060,3,12,23,104855.9719,55750.40166,40639.29043,56099.13231,7558.728265,0,0,0
2060,3,12,24,103525.9799,54378.33949,38558.11942,55019.04081,7280.491269,0,0,0
2060,3,13,1,101579.8855,53251.13632,37180.23349,53193.59402,7053.625115,0,0,0
2060,3,13,2,98916.77243,52383.91654,35248.82891,52326.46117,6814.676816,0,0,0
2060,3,13,3,96747.89723,51307.12807,34134.75094,51097.99398,6603.891213,0,0,0
2060,3,13,4,95574.19083,49636.40226,33245.97453,50370.71846,6586.246068,0,0,0
2060,3,13,5,91805.95271,48837.93771,32812.66887,50011.29641,6750.006924,0,0,0
2060,3,13,6,91380.64386,49514.36392,33982.98531,51293.74209,6871.17605,0,0,0
2060,3,13,7,92802.94688,51663.07324,36577.08244,52185.12616,7039.717611,0,0,0
2060,3,13,8,94929.8388,50503.36127,34309.81165,49574.34003,7776.554542,0,0,0
2060,3,13,9,98947.45586,51133.0235,34939.21311,51338.41995,8232.199132,0,0,0
2060,3,13,10,105931.1088,54445.70397,37079.14332,54442.57478,8466.540569,0,0,0
2060,3,13,11,111448.4763,54612.50709,37468.72727,55833.67284,8450.720784,0,0,0
2060,3,13,12,114528.0323,54930.1197,38088.21964,56391.79834,8320.685624,0,0,0
2060,3,13,13,113355.1951,54354.26213,38114.73082,55971.53097,8502.439313,0,0,0
2060,3,13,14,109623.8118,51667.6801,36897.91116,53767.36547,8521.909818,0,0,0
2060,3,13,15,113828.2241,55094.66286,38816.62514,56605.9739,8423.948839,0,0,0
2060,3,13,16,113578.5844,54430.14495,38213.21333,56141.5502,8180.915212,0,0,0
2060,3,13,17,113913.0598,54148.69184,37604.76004,54977.31829,7941.706148,0,0,0
2060,3,13,18,109579.7424,53711.47469,37021.77487,54283.68155,8836.393246,0,0,0
2060,3,13,19,106525.4808,55051.46267,39897.15126,57996.89812,9004.239431,0,0,0
2060,3,13,20,104029.5185,57361.49904,43851.22841,58252.70926,8992.418053,0,0,0
2060,3,13,21,104293.5872,57404.17769,44135.98455,58874.20083,8587.709695,0,0,0
2060,3,13,22,106359.8076,57327.68642,43070.66976,58061.1334,8038.537143,0,0,0
2060,3,13,23,105427.918,56045.67535,40864.2443,56405.532,7601.319995,0,0,0
2060,3,13,24,104088.0169,54670.04938,38765.51507,55315.09679,7321.953014,0,0,0
2060,3,14,1,102130.4488,53536.58783,37381.45768,53482.8701,7035.371516,0,0,0
2060,3,14,2,98672.00036,52255.70674,35160.34242,52197.29523,6797.031671,0,0,0
2060,3,14,3,96507.29741,51180.04825,34047.6552,50969.34957,6586.593756,0,0,0
2060,3,14,4,95335.32946,49510.88704,33160.0957,50243.11711,6569.035532,0,0,0
2060,3,14,5,91571.78511,48713.81323,32727.39849,49884.6512,6732.448701,0,0,0
2060,3,14,6,91147.51933,49389.02254,33895.80264,51165.53229,6853.530905,0,0,0
2060,3,14,7,92567.38853,51532.3427,36487.03135,52055.69945,7021.637856,0,0,0
2060,3,14,8,94689.49975,50374.97763,34222.45514,49447.95559,7756.823271,0,0,0
2060,3,14,9,98698.16385,51005.596,34850.90046,51209.25401,8212.207095,0,0,0
2060,3,14,10,105669.6478,54314.19113,36987.78841,54310.01888,8446.027001,0,0,0
2060,3,14,11,111173.8901,54479.51658,37376.85082,55699.11774,8429.94645,0,0,0
2060,3,14,12,114242.32,54797.99842,37995.38705,56255.15712,8300.606666,0,0,0
2060,3,14,13,113074.4374,54220.92394,38021.55054,55837.32356,8481.925745,0,0,0
2060,3,14,14,109351.6594,51539.20953,36806.46933,53635.59187,8501.309329,0,0,0
2060,3,14,15,113544.9456,54961.15082,38723.1841,56468.28961,8403.609115,0,0,0
2060,3,14,16,113294.8713,54298.37135,38120.38074,56005.86512,8160.66241,0,0,0
2060,3,14,17,113630.4767,54020.04743,37512.88359,54843.80626,7921.974877,0,0,0
2060,3,14,18,109307.1554,53579.70109,36931.02841,54150.34336,8814.836615,0,0,0
2060,3,14,19,106260.4559,54916.90758,39797.278,57853.91159,8981.72666,0,0,0
2060,3,14,20,103769.9697,57223.72783,43737.01303,58104.59435,8969.81836,0,0,0
2060,3,14,21,104033.0823,57265.79803,44021.0738,58725.12978,8567.022284,0,0,0
2060,3,14,22,106095.3043,57186.95987,42959.32281,57913.54001,8018.371262,0,0,0
2060,3,14,23,105166.8915,55911.7287,40761.8503,56265.50083,7581.84949,0,0,0
2060,3,14,24,103831.6842,54537.9281,38670.50943,55180.02016,7303.177884,0,0,0
2060,3,15,1,101879.6792,53405.94422,37290.01585,53350.83574,6994.605146,0,0,0
2060,3,15,2,94648.73338,50007.03724,34429.24233,51691.4967,6820.065974,0,0,0
2060,3,15,3,92280.80703,49584.77065,33396.00173,50634.35257,6628.142423,0,0,0
2060,3,15,4,88882.07389,48422.10334,32438.12241,49504.80251,6555.041107,0,0,0
2060,3,15,5,87235.5993,47824.42837,32073.48505,48672.52533,6712.71743,0,0,0
2060,3,15,6,86312.74951,47980.88779,33038.92657,49939.412,6812.416847,0,0,0
2060,3,15,7,88542.29619,50506.14277,35343.83455,50653.1277,6889.429649,0,0,0
2060,3,15,8,87698.28456,48351.78353,33183.99922,48831.24472,7564.986641,0,0,0
2060,3,15,9,89914.27144,48312.23407,33236.06544,48064.15897,8058.007648,0,0,0
2060,3,15,10,94730.09228,51023.50191,35122.27063,51818.9242,8377.27178,0,0,0
2060,3,15,11,99387.88912,51589.01578,35852.41457,52715.6105,8414.648196,0,0,0
2060,3,15,12,101016.284,51581.5405,36328.57273,54046.03708,8261.057202,0,0,0
2060,3,15,13,101687.8425,50501.79668,36290.32709,53248.52866,8353.802867,0,0,0
2060,3,15,14,97457.61452,48952.84845,35148.52104,51281.22534,8347.457569,0,0,0
2060,3,15,15,98016.52233,50896.07441,35952.28783,52996.54208,8258.710311,0,0,0
2060,3,15,16,98665.30738,50141.15772,35106.36392,51639.25664,8029.062656,0,0,0
2060,3,15,17,96718.4307,49300.01452,34429.32926,49847.97016,7872.777083,0,0,0
2060,3,15,18,94486.10251,48845.15222,34176.47345,49888.30192,8754.59974,0,0,0
2060,3,15,19,92977.48605,50475.72011,37765.04402,54902.65238,8758.076616,0,0,0
2060,3,15,20,97701.77814,53696.35028,40777.06163,55074.5839,8653.944182,0,0,0
2060,3,15,21,97555.74935,53546.75769,40518.46899,55430.26831,8501.657016,0,0,0
2060,3,15,22,95770.46048,53479.21938,39837.43592,54721.85484,8047.490098,0,0,0
2060,3,15,23,95977.24768,51617.70001,38221.73167,52532.37914,7608.186825,0,0,0
2060,3,15,24,94302.2627,50060.66805,36266.9451,51844.04463,7404.702661,0,0,0
2060,3,16,1,94397.26833,49808.94223,35400.07301,51084.95569,6944.016601,0,0,0
2060,3,16,2,89437.50482,47056.03879,33084.21288,48687.12821,6670.821075,0,0,0
2060,3,16,3,87060.27783,45800.45197,31935.88768,47345.92332,6433.524293,0,0,0
2060,3,16,4,85387.90051,44106.17033,31114.64959,46022.71127,6348.862364,0,0,0
2060,3,16,5,83235.45355,43338.56305,30563.65168,45790.89056,6434.828121,0,0,0
2060,3,16,6,81452.77234,44708.88678,31576.90024,46734.08008,6429.26512,0,0,0
2060,3,16,7,83347.66972,45306.99636,33223.98329,46707.65582,6664.562698,0,0,0
2060,3,16,8,81109.34392,43802.72599,30680.47471,43561.86541,7195.568574,0,0,0
2060,3,16,9,78688.39521,42834.2422,30162.4202,43519.3606,7755.519442,0,0,0
2060,3,16,10,81406.1822,42901.60667,30861.79379,44162.66957,7884.598461,0,0,0
2060,3,16,11,85513.06804,43095.52942,31117.69186,43961.70614,7951.441401,0,0,0
2060,3,16,12,87552.77731,43364.81347,31403.57798,44200.74136,7834.792213,0,0,0
2060,3,16,13,85622.15503,43637.83515,31380.89136,44542.60519,7942.923055,0,0,0
2060,3,16,14,87142.07134,42003.18193,31063.19183,44302.96151,8010.809057,0,0,0
2060,3,16,15,86880.00181,42635.27797,31474.33241,45430.86006,7892.508354,0,0,0
2060,3,16,16,86796.29603,43173.93298,30960.45014,44070.27159,7749.434909,0,0,0
2060,3,16,17,86821.5903,41551.62267,30901.60402,43753.18051,7630.786518,0,0,0
2060,3,16,18,85643.27705,42409.02027,31399.75342,44741.22172,8537.642682,0,0,0
2060,3,16,19,86659.22019,45125.24267,35229.79302,50682.50731,8696.188224,0,0,0
2060,3,16,20,91448.79063,48872.18493,39076.60854,52004.50246,8572.759129,0,0,0
2060,3,16,21,90917.95859,48626.63057,38772.3819,51753.64586,8352.151351,0,0,0
2060,3,16,22,90804.78628,48306.49722,37906.81364,51457.06834,7919.280298,0,0,0
2060,3,16,23,91185.67804,47075.85699,36561.4365,49927.59062,7428.866949,0,0,0
2060,3,16,24,89805.96675,46359.01209,34306.8563,48670.09152,6788.947935,0,0,0
2060,3,17,1,84647.67363,42692.73335,31670.86282,45664.76689,6952.708791,0,0,0
2060,3,17,2,97554.61936,51665.50705,34755.28637,51603.87943,6716.628915,0,0,0
2060,3,17,3,95410.34306,50601.93071,33648.336,50381.75754,6508.01636,0,0,0
2060,3,17,4,94246.02423,48937.46328,32767.03487,49660.65347,6490.63198,0,0,0
2060,3,17,5,90505.51419,48143.77943,32338.8576,49304.27369,6652.654398,0,0,0
2060,3,17,6,90082.72607,48814.29495,33497.70035,50580.02639,6772.519696,0,0,0
2060,3,17,7,91490.33929,50938.14461,36073.6308,51465.15208,6939.062053,0,0,0
2060,3,17,8,93591.58926,49787.3856,33822.61441,48870.35957,7666.59834,0,0,0
2060,3,17,9,97562.87694,50418.96011,34447.7567,50618.35895,8119.982961,0,0,0
2060,3,17,10,104474.9932,53714.34311,36571.25867,53705.47708,8352.759805,0,0,0
2060,3,17,11,109914.4787,53875.32247,36957.36574,55084.05839,8337.548472,0,0,0
2060,3,17,12,112951.6167,54189.37129,37572.68586,55634.70861,8208.382532,0,0,0
2060,3,17,13,111792.0786,53623.24897,37598.58858,55223.56803,8387.876251,0,0,0
2060,3,17,14,108108.5893,50951.96519,36389.85267,53032.44082,8406.999069,0,0,0
2060,3,17,15,112259.11,54353.30599,38295.78913,55841.23504,8311.81959,0,0,0
2060,3,17,16,112012.9471,53702.08713,37698.11416,55386.28583,8068.438276,0,0,0
2060,3,17,17,112346.3795,53423.58936,37092.87698,54232.13686,7831.576103,0,0,0
2060,3,17,18,108065.9976,52978.98386,36515.10712,53546.06232,8717.397167,0,0,0
2060,3,17,19,105052.6761,54308.45429,39347.89178,57203.64887,8879.071898,0,0,0
2060,3,17,20,102585.3111,56596.41249,43217.39393,57431.29732,8867.598207,0,0,0
2060,3,17,21,102847.4676,56636.9181,43498.67319,58045.74822,8471.842805,0,0,0
2060,3,17,22,104893.0875,56547.2147,42456.74039,57246.41445,7927.798644,0,0,0
2060,3,17,23,103977.1046,55292.32325,40296.03585,55628.62408,7493.01531,0,0,0
2060,3,17,24,102664.3231,53934.42936,38238.68144,54567.82923,7217.125205,0,0,0
2060,3,18,1,100730.0501,52813.39764,36871.57383,52752.29155,6946.624258,0,0,0
2060,3,18,2,97474.47737,51622.91532,34726.08062,51561.02693,6710.805148,0,0,0
2060,3,18,3,95330.7226,50560.29512,33619.39101,50339.25273,6502.279514,0,0,0
2060,3,18,4,94167.09915,48895.82769,32738.69834,49618.84404,6484.982057,0,0,0
2060,3,18,5,90428.32754,48102.57845,32310.69491,49262.02965,6646.830631,0,0,0
2060,3,18,6,90005.53943,48772.57244,33468.84228,50537.26081,6766.695929,0,0,0
2060,3,18,7,91412.37035,50895.20519,36043.90351,51422.29958,6933.064442,0,0,0
2060,3,18,8,93512.49033,49744.96771,33793.75634,48828.28937,7660.079198,0,0,0
2060,3,18,9,97480.64883,50376.28146,34418.55094,50575.33261,8113.376897,0,0,0
2060,3,18,10,104388.1582,53671.57754,36541.18369,53662.2769,8346.15374,0,0,0
2060,3,18,11,109824.7753,53831.86152,36927.20384,55039.20669,8330.681642,0,0,0
2060,3,18,12,112858.958,54145.73649,37542.00243,55590.55229,8201.689546,0,0,0
2060,3,18,13,111700.7237,53580.30955,37567.90515,55179.7594,8381.009421,0,0,0
2060,3,18,14,108018.9728,50909.72115,36360.12538,52988.97987,8400.132239,0,0,0
2060,3,18,15,112166.9727,54309.41043,38264.58417,55797.07872,8305.126604,0,0,0
2060,3,18,16,111921.1576,53659.4954,37667.25688,55342.1295,8061.658368,0,0,0
2060,3,18,17,112254.59,53380.91071,37062.62816,54187.98054,7824.970039,0,0,0
2060,3,18,18,107976.7288,52935.69675,36485.29291,53502.07984,8710.356494,0,0,0
2060,3,18,19,104965.4066,54264.38489,39316.07837,57156.62413,8871.770458,0,0,0
2060,3,18,20,102499.3454,56551.82156,43180.62596,57383.14259,8860.296768,0,0,0
2060,3,18,21,102761.6757,56592.76177,43461.38369,57996.89812,8465.149819,0,0,0
2060,3,18,22,104806.4264,56501.5807,42421.01549,57198.86817,7921.279502,0,0,0
2060,3,18,23,103890.7911,55248.08001,40263.00553,55582.81624,7486.670011,0,0,0
2060,3,18,24,102580.7912,53891.40302,38207.30264,54523.15138,7210.866828,0,0,0
2060,3,19,1,100647.5613,52770.11053,36841.49885,52708.91752,6945.059664,0,0,0
2060,3,19,2,97452.83382,51611.26779,34718.25764,51549.64016,6709.240554,0,0,0
2060,3,19,3,95309.42673,50549.08219,33611.65496,50327.95288,6500.801842,0,0,0
2060,3,19,4,94146.15097,48884.78861,32731.04921,49607.63111,6483.504384,0,0,0
2060,3,19,5,90407.72705,48091.36552,32303.30655,49250.7298,6645.266037,0,0,0
2060,3,19,6,89984.93894,48761.44643,33461.10623,50526.04789,6765.131334,0,0,0
2060,3,19,7,91391.68294,50883.7315,36035.99362,51410.99973,6931.499848,0,0,0
2060,3,19,8,93491.45523,49733.75479,33785.93336,48817.33722,7658.34076,0,0,0
2060,3,19,9,97458.74451,50365.24238,34410.81489,50564.03276,8111.464615,0,0,0
2060,3,19,10,104365.037,53660.19077,36533.09996,53650.62936,8344.502224,0,0,0
2060,3,19,11,109801.2194,53820.38783,36919.20703,55027.733,8328.856283,0,0,0
2060,3,19,12,112833.8375,54133.91512,37533.571,55578.47014,8200.038029,0,0,0
2060,3,19,13,111675.7771,53568.74893,37559.7345,55167.8511,8379.270983,0,0,0
2060,3,19,14,107994.8955,50898.50822,36352.12856,52977.07157,8398.480723,0,0,0
2060,3,19,15,112142.4608,54297.84982,38256.23967,55785.25734,8303.214323,0,0,0
2060,3,19,16,111897.0802,53648.10863,37659.17315,55330.30812,8060.006851,0,0,0
2060,3,19,17,112230.2519,53369.43702,37054.4575,54175.98532,7823.144679,0,0,0
2060,3,19,18,107953.2599,52924.22306,36477.03533,53490.34538,8708.531134,0,0,0
2060,3,19,19,104942.2853,54252.9112,39307.56002,57144.10737,8869.771255,0,0,0
2060,3,19,20,102476.6588,56540.17402,43171.06455,57370.27815,8858.297564,0,0,0
2060,3,19,21,102738.7283,56581.11424,43451.30075,57984.03367,8463.411381,0,0,0
2060,3,19,22,104783.5659,56489.15087,42411.36716,57186.09065,7919.541064,0,0,0
2060,3,19,23,103867.9307,55236.17171,40254.1395,55570.56025,7485.018495,0,0,0
2060,3,19,24,102558.2784,53879.58164,38198.95813,54511.24308,7209.215312,0,0,0
2060,3,20,1,100625.4831,52758.37608,36833.50204,52697.44383,6984.696049,0,0,0
2060,3,20,2,97985.40429,51893.1555,34911.22426,51833.96169,6747.573111,0,0,0
2060,3,20,3,95832.60964,50825.92844,33802.3616,50608.62369,6538.352102,0,0,0
2060,3,20,4,94666.03084,49158.94028,32918.3659,49885.60734,6520.880801,0,0,0
2060,3,20,5,90916.74169,48364.12644,32488.62403,49528.87987,6683.42475,0,0,0
2060,3,20,6,90493.51896,49036.81501,33651.20442,50806.54485,6803.724657,0,0,0
2060,3,20,7,91905.99981,51168.05303,36233.04556,51692.19208,6970.962389,0,0,0
2060,3,20,8,94015.07275,50012.94792,33976.81385,49093.1404,7701.540943,0,0,0
2060,3,20,9,98000.26793,50645.04397,34603.43382,50846.35508,8155.881705,0,0,0
2060,3,20,10,104935.5054,53944.68614,36731.71649,53939.12314,8388.310861,0,0,0
2060,3,20,11,110400.5459,54108.09931,37120.17046,55320.3121,8372.751841,0,0,0
2060,3,20,12,113449.6792,54423.88657,37736.44671,55874.35228,8243.672822,0,0,0
2060,3,20,13,112285.1865,53852.72278,37762.43636,55457.99639,8423.948839,0,0,0
2060,3,20,14,108590.3105,51177.09291,36551.5274,53264.26153,8443.506266,0,0,0
2060,3,20,15,112752.9133,54589.29894,38460.4192,56082.791,8347.196803,0,0,0
2060,3,20,16,112505.6205,53930.86556,37861.52733,55624.53875,8103.815488,0,0,0
2060,3,20,17,112841.5736,53653.23702,37254.98632,54469.43364,7866.518706,0,0,0
2060,3,20,18,108544.1549,53210.45687,36675.21726,53779.88223,8754.686662,0,0,0
2060,3,20,19,105517.4475,54543.92571,39521.47482,57455.28777,8918.186752,0,0,0
2060,3,20,20,103043.0419,56835.88232,43417.14045,57689.54228,8906.365374,0,0,0
2060,3,20,21,103304.6768,56877.8656,43700.85352,58308.25235,8508.436924,0,0,0
2060,3,20,22,105358.0328,56792.76906,42650.14162,57503.61634,7962.741247,0,0,0
2060,3,20,23,104437.0953,55531.27155,40474.74727,55874.87382,7527.34946,0,0,0
2060,3,20,24,103114.8393,54165.12008,38406.52763,54803.56142,7250.155526,0,0,0
2060,3,21,1,101174.8295,53043.39298,37033.07471,52982.37381,6966.616294,0,0,0
2060,3,21,2,97742.97912,51764.9457,34823.43314,51704.10038,6730.10181,0,0,0
2060,3,21,3,95594.44364,50699.63092,33715.43971,50480.32697,6521.228488,0,0,0
2060,3,21,4,94429.25559,49034.29427,32833.09552,49758.61445,6503.844109,0,0,0
2060,3,21,5,90684.66022,48239.91505,32403.96211,49402.40851,6666.040371,0,0,0
2060,3,21,6,90261.78518,48911.47363,33564.71713,50678.94351,6786.079512,0,0,0
2060,3,21,7,91671.22376,51038.10479,36143.77677,51564.15612,6952.882635,0,0,0
2060,3,21,8,93776.38521,49885.86811,33889.89196,48967.45133,7681.722751,0,0,0
2060,3,21,9,97753.40974,50517.44262,34515.81654,50718.14528,8135.889669,0,0,0
2060,3,21,10,104675.9566,53814.39022,36640.88311,53807.43647,8368.318824,0,0,0
2060,3,21,11,110125.1774,53976.06495,37028.38093,55186.19162,8352.759805,0,0,0
2060,3,21,12,113168.6607,54291.33067,37643.61413,55738.92797,8224.115395,0,0,0
2060,3,21,13,112005.9934,53722.86146,37669.86454,55326.04895,8403.522193,0,0,0
2060,3,21,14,108318.8534,51050.10001,36460.17248,53133.70483,8422.905776,0,0,0
2060,3,21,15,112475.1109,54456.65612,38367.4997,55947.10591,8327.117845,0,0,0
2060,3,21,16,112227.8181,53802.48192,37768.9555,55490.33134,8083.823452,0,0,0
2060,3,21,17,112561.1635,53523.3757,37163.63141,54335.66084,7846.787435,0,0,0
2060,3,21,18,108274.1755,53080.16095,36584.99233,53648.45632,8733.825406,0,0,0
2060,3,21,19,105254.7696,54410.84828,39423.86152,57313.25739,8896.021668,0,0,0
2060,3,21,20,102784.4492,56700.71877,43304.2289,57543.86118,8884.547978,0,0,0
2060,3,21,21,103047.1272,56741.83283,43586.55123,58160.05052,8488.010278,0,0,0
2060,3,21,22,105094.6594,56652.99865,42541.3154,57358.28293,7943.096898,0,0,0
2060,3,21,23,104177.3726,55395.49955,40374.26556,55736.58108,7507.965876,0,0,0
2060,3,21,24,102860.4189,54034.91107,38311.60891,54670.65784,7231.467318,0,0,0
2060,3,22,1,100924.0598,52913.18398,36942.06749,52852.86018,6926.023768,0,0,0
2060,3,22,2,93740.05186,49526.18529,34095.80993,51198.82338,6752.875347,0,0,0
2060,3,22,3,91386.46762,49107.13482,33067.78464,50147.76379,6562.342546,0,0,0
2060,3,22,4,88010.76879,47950.55205,32117.38061,49026.12361,6489.936605,0,0,0
2060,3,22,5,86374.46405,47355.83242,31755.61167,48196.62794,6646.482943,0,0,0
2060,3,22,6,85460.30645,47511.07493,32713.49099,49456.90854,6745.313142,0,0,0
2060,3,22,7,87674.03335,50015.90327,35008.14218,50169.92887,6821.978256,0,0,0
2060,3,22,8,86833.75936,47877.27689,32857.86826,48354.99964,7491.18995,0,0,0
2060,3,22,9,89029.92804,47842.68197,32909.67371,47590.60847,7981.777143,0,0,0
2060,3,22,10,93813.06626,50539.52078,34784.7529,51329.29315,8301.128197,0,0,0
2060,3,22,11,98441.39657,51095.38632,35512.98456,52218.85186,8337.89616,0,0,0
2060,3,22,12,100052.2332,51091.56176,35986.62198,53544.23696,8184.913619,0,0,0
2060,3,22,13,100720.141,50016.59864,35948.55019,52749.3362,8277.485441,0,0,0
2060,3,22,14,96511.12197,48478.25489,34810.48178,50790.20354,8270.879376,0,0,0
2060,3,22,15,97073.76742,50407.31258,35613.5532,52501.2611,8182.479806,0,0,0
2060,3,22,16,97718.20637,49658.30658,34768.41158,51146.58332,7953.70137,0,0,0
2060,3,22,17,95782.28186,48822.46561,34095.63609,49363.90211,7797.415797,0,0,0
2060,3,22,18,93564.55655,48369.95021,33844.77949,49404.40772,8674.544672,0,0,0
2060,3,22,19,92067.58762,49986.08906,37415.87875,54383.81557,8678.195391,0,0,0
2060,3,22,20,96766.58543,53190.29099,40385.30464,54547.22874,8575.279864,0,0,0
2060,3,22,21,96619.68743,53042.08915,40131.4927,54898.7409,8423.166542,0,0,0
2060,3,22,22,94850.39219,52979.1577,39464.71482,54201.97496,7971.346515,0,0,0
2060,3,22,23,95054.65865,51121.54981,37867.43802,52038.66276,7534.303211,0,0,0
2060,3,22,24,93387.67049,49575.12232,35924.73359,51354.67434,7332.73133,0,0,0
2060,3,23,1,93487.28298,49326.87338,35061.59914,50599.32305,6767.391304,0,0,0
2060,3,23,2,87155.54423,45850.69283,32240.37509,47449.4473,6499.150326,0,0,0
2060,3,23,3,84826.12428,44620.0526,31116.56187,46132.75439,6267.068858,0,0,0
2060,3,23,4,83192.68797,42965.66811,30313.31661,44837.00965,6184.579977,0,0,0
2060,3,23,5,81085.52732,42216.92288,29774.40084,44610.1435,6268.459608,0,0,0
2060,3,23,6,79344.74246,43556.30241,30763.31128,45534.38404,6262.983529,0,0,0
2060,3,23,7,81197.83041,44138.67912,32375.01711,45519.34655,6493.065793,0,0,0
2060,3,23,8,79011.39698,42673.34977,29886.79086,42435.87914,7013.727963,0,0,0
2060,3,23,9,76650.68515,41728.33489,29381.2531,42393.20049,7560.553625,0,0,0
2060,3,23,10,79302.4115,41792.22248,30064.37229,43020.16814,7687.720362,0,0,0
2060,3,23,11,83312.81403,41980.75608,30314.18583,42823.37696,7754.476379,0,0,0
2060,3,23,12,85310.71386,42243.34713,30594.6828,43055.97996,7638.522567,0,0,0
2060,3,23,13,83424.50867,42509.76275,30572.51771,43389.58621,7746.044955,0,0,0
2060,3,23,14,84912.43773,40914.91977,30263.07575,43155.67938,7814.191723,0,0,0
2060,3,23,15,84654.54046,41531.1091,30664.22031,44256.28445,7695.804098,0,0,0
2060,3,23,16,84575.18076,42056.98659,30162.07251,42929.16091,7554.642936,0,0,0
2060,3,23,17,84596.99816,40475.09496,30104.53021,42619.71895,7438.167592,0,0,0
2060,3,23,18,83445.80454,41313.80436,30591.37976,43583.59588,8334.071596,0,0,0
2060,3,23,19,84433.32422,43964.40072,34351.01262,49423.96514,8490.009482,0,0,0
2060,3,23,20,89134.32124,47625.89876,38127.94294,50727.53285,8367.884215,0,0,0
2060,3,23,21,88611.74679,47385.03818,37830.58313,50481.97849,8152.230985,0,0,0
2060,3,23,22,88500.48676,47071.9455,36992.48219,50190.70321,7722.402199,0,0,0
2060,3,23,23,88875.03322,45866.51262,35664.31558,48676.08913,7240.594117,0,0,0
2060,3,23,24,87519.22545,45168.52977,33442.15726,47428.06452,6615.19106,0,0,0
2060,3,24,1,82466.8032,41587.43449,30854.23158,44484.62828,6775.822728,0,0,0
2060,3,24,2,95160.09491,50403.22725,33882.15591,50323.78063,6544.088947,0,0,0
2060,3,24,3,93043.02516,49351.73305,32789.19996,49117.65237,6339.909409,0,0,0
2060,3,24,4,91902.52293,47702.12926,31925.19629,48406.80509,6322.959638,0,0,0
2060,3,24,5,88212.60143,46918.26758,31505.62429,48052.85912,6481.331337,0,0,0
2060,3,24,6,87792.24714,47576.17943,32641.43273,49315.57354,6599.023587,0,0,0
2060,3,24,7,89172.39303,49660.65347,35185.63669,50195.39699,6762.523678,0,0,0
2060,3,24,8,91226.70518,48525.10579,32960.78379,47628.24565,7473.370961,0,0,0
2060,3,24,9,95122.02312,49152.85574,33577.6685,49346.08312,7921.453346,0,0,0
2060,3,24,10,101907.4073,52423.90061,35676.39773,52393.39103,8152.839439,0,0,0
2060,3,24,11,107231.7212,52588.09608,36057.20256,53759.19481,8137.367341,0,0,0
2060,3,24,12,110189.4126,52899.3634,36660.44054,54306.1074,8007.940634,0,0,0
2060,3,24,13,109059.341,52333.67568,36686.0825,53895.22758,8188.129729,0,0,0
2060,3,24,14,105432.2641,49683.07932,35495.77402,51729.2208,8206.731016,0,0,0
2060,3,24,15,109518.6363,53059.82122,37375.19931,54507.94004,8111.116928,0,0,0
2060,3,24,16,109275.0812,52411.1231,36784.30424,54058.0323,7870.690957,0,0,0
2060,3,24,17,109606.5144,52132.62533,36188.02002,52913.53167,7635.393379,0,0,0
2060,3,24,18,105430.7864,51694.45204,35620.68079,52239.19158,8510.436128,0,0,0
2060,3,24,19,102467.532,53002.71353,38405.13688,55815.68,8666.982466,0,0,0
2060,3,24,20,100052.0593,55256.51143,42121.48263,56009.95044,8655.769542,0,0,0
2060,3,24,21,100315.9542,55293.97477,42393.89586,56602.75779,8270.097079,0,0,0
2060,3,24,22,102318.8955,55205.31443,41394.81556,55836.62818,7730.920545,0,0,0
2060,3,24,23,101429.3368,53971.8927,39311.29767,54269.6002,7303.960181,0,0,0
2060,3,24,24,100159.5817,52635.8162,37319.30853,53252.87476,7034.763063,0,0,0
2060,3,25,1,98269.55197,51528.69198,35972.97524,51462.80519,6769.998961,0,0,0
2060,3,25,2,95080.47445,50361.15705,33853.03707,50281.1889,6538.352102,0,0,0
2060,3,25,3,92964.10008,49309.92361,32760.7765,49075.6691,6334.346407,0,0,0
2060,3,25,4,91824.55399,47661.10213,31897.29436,48365.43027,6317.396637,0,0,0
2060,3,25,5,88136.45785,46877.32737,31478.07005,48011.57122,6475.681414,0,0,0
2060,3,25,6,87716.10355,47534.97845,32613.09619,49273.24257,6593.19982,0,0,0
2060,3,25,7,89095.03254,49618.06174,35156.17017,50153.23987,6756.612988,0,0,0
2060,3,25,8,91147.95394,48483.29636,32932.09956,47586.95775,7467.025662,0,0,0
2060,3,25,9,95040.40346,49110.69862,33548.7235,49303.83908,7914.847282,0,0,0
2060,3,25,10,101822.3107,52380.70043,35646.4966,52349.58239,8146.146453,0,0,0
2060,3,25,11,107143.0609,52544.37436,36027.30143,53715.29926,8130.587433,0,0,0
2060,3,25,12,110097.71,52856.94551,36630.27864,54261.60339,8001.421492,0,0,0
2060,3,25,13,108968.7684,52290.4755,36655.9206,53850.54973,8181.349821,0,0,0
2060,3,25,14,105343.7776,49640.57451,35465.95981,51685.32525,8200.124951,0,0,0
2060,3,25,15,109427.1945,53017.22949,37344.86356,54463.6968,8104.33702,0,0,0
2060,3,25,16,109183.1178,52367.74907,36754.05542,54013.35444,7864.084893,0,0,0
2060,3,25,17,109515.2464,52089.59899,36157.59736,52870.07072,7628.874237,0,0,0
2060,3,25,18,105342.3868,51651.51263,35590.9535,52195.38294,8503.65622,0,0,0
2060,3,25,19,102381.7401,52959.51335,38373.67115,55770.48062,8659.767949,0,0,0
2060,3,25,20,99968.26663,55211.39897,42085.41005,55963.09954,8648.81579,0,0,0
2060,3,25,21,100231.5531,55249.12307,42357.64943,56555.5592,8263.317171,0,0,0
2060,3,25,22,102233.799,55161.59272,41359.78604,55790.29881,7724.401403,0,0,0
2060,3,25,23,101344.501,53928.43175,39278.96272,54224.66158,7297.701805,0,0,0
2060,3,25,24,100076.3975,52592.70294,37288.79894,53208.63151,7028.765452,0,0,0
2060,3,26,1,98188.45384,51486.36102,35942.81335,51419.77885,6768.434367,0,0,0
2060,3,26,2,95059.17859,50350.11797,33845.2141,50269.71521,6536.787508,0,0,0
2060,3,26,3,92943.06498,49298.88453,32753.21429,49064.36925,6332.868735,0,0,0
2060,3,26,4,91803.9535,47650.23689,31889.906,48354.39119,6315.918965,0,0,0
2060,3,26,5,88116.46582,46866.54905,31470.76861,48000.27137,6474.203741,0,0,0
2060,3,26,6,87695.85075,47524.02629,32605.53399,49262.11657,6591.635226,0,0,0
2060,3,26,7,89074.43206,49606.84882,35148.17335,50142.11387,6755.048394,0,0,0
2060,3,26,8,91127.00576,48472.25728,32924.45043,47575.83174,7465.287224,0,0,0
2060,3,26,9,95018.75991,49099.22493,33540.98746,49292.62615,7913.195765,0,0,0
2060,3,26,10,101799.5372,52369.31366,35638.49978,52338.28254,8144.321093,0,0,0
2060,3,26,11,107119.3312,52532.63991,36019.39154,53703.5648,8128.762073,0,0,0
2060,3,26,12,110073.4588,52845.21105,36622.10798,54250.04277,7999.683054,0,0,0
2060,3,26,13,108944.778,52279.08873,36647.83686,53839.07604,8179.524461,0,0,0
2060,3,26,14,105320.2217,49629.36159,35458.13684,51673.76463,8198.386513,0,0,0
2060,3,26,15,109402.6825,53005.7558,37336.69291,54452.13619,8102.598582,0,0,0
2060,3,26,16,109158.6928,52356.18846,36745.97169,54001.44614,7862.346455,0,0,0
2060,3,26,17,109490.8213,52078.21223,36149.60054,52858.5101,7627.222721,0,0,0
2060,3,26,18,105319.1787,51640.2997,35583.04361,52183.73541,8501.83086,0,0,0
2060,3,26,19,102358.8796,52948.2135,38365.58741,55758.13771,8657.942589,0,0,0
2060,3,26,20,99945.84078,55199.40374,42075.84864,55950.49587,8646.99043,0,0,0
2060,3,26,21,100209.388,55237.30169,42348.17494,56542.78168,8261.578733,0,0,0
2060,3,26,22,102211.1993,55150.20595,41350.31155,55777.9559,7722.749887,0,0,0
2060,3,26,23,101321.9014,53916.61037,39270.09669,54212.66636,7296.050288,0,0,0
2060,3,26,24,100053.9716,52581.66386,37280.7152,53196.89705,7027.113936,0,0,0
2060,3,27,1,98167.07106,51475.32194,35934.99038,51408.13131,6807.114611,0,0,0
2060,3,27,2,95585.66452,50626.96421,34036.61612,50550.12526,6574.511612,0,0,0
2060,3,27,3,93462.94485,49573.64465,32941.13944,49340.95473,6369.549776,0,0,0
2060,3,27,4,92317.40115,47921.17245,32073.83274,48628.54285,6352.513084,0,0,0
2060,3,27,5,88617.91825,47134.61619,31652.34845,48273.81459,6511.493236,0,0,0
2060,3,27,6,88197.21626,47794.61416,32792.76376,49538.35436,6629.620095,0,0,0
2060,3,27,7,89582.57747,49887.4327,35342.53072,50421.39392,6793.728639,0,0,0
2060,3,27,8,91644.97335,48747.97354,33112.98403,47847.20191,7507.270501,0,0,0
2060,3,27,9,95553.59034,49377.63577,33731.60718,49570.77623,7956.395949,0,0,0
2060,3,27,10,102364.0949,52654.24364,35834.59558,52625.90711,8188.564339,0,0,0
2060,3,27,11,107706.2278,52818.17834,36214.87889,53993.36241,8173.005319,0,0,0
2060,3,27,12,110679.826,53127.18569,36821.07221,54542.96957,8043.752457,0,0,0
2060,3,27,13,109545.2344,52564.62717,36847.58338,54131.74207,8223.593864,0,0,0
2060,3,27,14,105903.12,49908.03319,35653.62419,51960.25921,8242.108228,0,0,0
2060,3,27,15,110005.4859,53291.12039,37538.35171,54746.45373,8147.015672,0,0,0
2060,3,27,16,109761.7569,52641.03152,36945.71821,54293.06911,7905.720482,0,0,0
2060,3,27,17,110093.1032,52361.40377,36348.21708,53145.70006,7669.814451,0,0,0
2060,3,27,18,105897.6439,51923.14356,35779.13941,52471.35997,8547.291013,0,0,0
2060,3,27,19,102922.5681,53234.70808,38571.1577,56061.66897,8703.924273,0,0,0
2060,3,27,20,100497.4471,55495.11204,42314.2754,56260.45936,8692.624426,0,0,0
2060,3,27,21,100763.6889,55532.22769,42586.9494,56856.74358,8305.995823,0,0,0
2060,3,27,22,102775.9309,55441.13354,41580.82843,56084.61636,7765.95007,0,0,0
2060,3,27,23,101880.8961,54205.19107,39485.14146,54507.59236,7337.251268,0,0,0
2060,3,27,24,100603.0573,52866.68076,37482.11324,53485.56468,7067.184931,0,0,0
2060,3,28,1,98703.55301,51756.07967,36131.9554,51691.75747,6789.469466,0,0,0
2060,3,28,2,95345.23855,50500.75362,33949.69422,50422.61083,6557.387998,0,0,0
2060,3,28,3,93225.90883,49448.56404,32855.43445,49215.17874,6352.860771,0,0,0
2060,3,28,4,92083.49433,47797.48258,31990.21387,48503.80993,6335.824079,0,0,0
2060,3,28,5,88389.83519,47012.66477,31569.68573,48149.16858,6494.543465,0,0,0
2060,3,28,6,87968.95935,47671.61968,32707.49337,49412.6653,6612.409559,0,0,0
2060,3,28,7,89351.2783,49759.91828,35254.21807,50293.8795,6776.083494,0,0,0
2060,3,28,8,91409.15424,48622.3714,33027.19212,47723.85974,7488.060762,0,0,0
2060,3,28,9,95310.9044,49251.25133,33644.7722,49444.30487,7936.577756,0,0,0
2060,3,28,10,102107.0669,52524.73002,35745.15295,52495.00273,8168.398459,0,0,0
2060,3,28,11,107438.3346,52687.88242,36125.6101,53861.32804,8152.839439,0,0,0
2060,3,28,12,110403.3274,52998.54128,36730.23882,54408.936,8023.499654,0,0,0
2060,3,28,13,109270.4743,52433.98355,36756.66308,53998.66464,8203.25414,0,0,0
2060,3,28,14,105637.2259,49780.95338,35564.79001,51830.31097,8222.463879,0,0,0
2060,3,28,15,109730.9865,53160.21601,37446.47526,54611.63787,8126.936713,0,0,0
2060,3,28,16,109486.8229,52512.30018,36854.53714,54160.07861,7886.076133,0,0,0
2060,3,28,17,109818.8646,52232.41167,36257.99215,53014.62183,7650.430867,0,0,0
2060,3,28,18,105634.2706,51794.58607,35689.69678,52340.19483,8526.516679,0,0,0
2060,3,28,19,102666.4093,53103.10833,38477.19513,55922.33317,8683.063018,0,0,0
2060,3,28,20,100245.5475,55361.42616,42205.62303,56118.68974,8671.937015,0,0,0
2060,3,28,21,100511.9631,55397.84644,42477.77549,56713.40937,8285.916865,0,0,0
2060,3,28,22,102517.8597,55307.79535,41476.43523,55944.84594,7746.218799,0,0,0
2060,3,28,23,101625.4326,54073.5044,39386.74587,54373.55879,7318.476138,0,0,0
2060,3,28,24,100353.2437,52736.73253,37390.23679,53353.79108,7048.931332,0,0,0
2060,3,29,1,98458.86787,51627.34834,36042.16508,51562.85229,6749.746159,0,0,0
2060,3,29,2,91381.16539,48281.0291,33230.06783,49922.72299,6579.726926,0,0,0
2060,3,29,3,89068.43444,47869.10623,32220.29614,48888.78702,6393.018688,0,0,0
2060,3,29,4,85756.36244,46730.1686,31289.36261,47782.4451,6322.264263,0,0,0
2060,3,29,5,84151.69727,46143.70655,30935.93817,46966.42232,6475.333726,0,0,0
2060,3,29,6,83258.40093,46294.77681,31873.73853,48202.88632,6572.251642,0,0,0
2060,3,29,7,85430.14455,48744.40974,34135.88093,48920.16582,6647.352162,0,0,0
2060,3,29,8,84603.08269,46652.80811,32015.76891,47120.53484,7302.134821,0,0,0
2060,3,29,9,86746.75054,46624.9931,32066.35745,46369.26888,7785.159809,0,0,0
2060,3,29,10,91436.53464,49277.76251,33911.36166,50050.06358,8100.512456,0,0,0
2060,3,29,11,95984.63604,49830.93347,34628.72809,50928.93089,8137.80195,0,0,0
2060,3,29,12,97557.83547,49823.97972,35097.9325,52241.88616,7984.645566,0,0,0
2060,3,29,13,98208.35896,48762.4895,35060.55608,51453.50454,8076.956622,0,0,0
2060,3,29,14,94075.04886,47248.83156,33934.39597,49512.45163,8070.524401,0,0,0
2060,3,29,15,94634.73896,49147.1189,34727.29752,51207.68941,7982.211753,0,0,0
2060,3,29,16,95270.22496,48411.41195,33893.45575,49866.91914,7756.736349,0,0,0
2060,3,29,17,93359.68163,47583.91548,33231.63242,48108.05453,7601.667682,0,0,0
2060,3,29,18,91183.41807,47141.83071,32984.51346,48149.16858,8468.452851,0,0,0
2060,3,29,19,89716.78488,48725.54769,36511.19564,53057.56125,8471.929727,0,0,0
2060,3,29,20,94341.98601,51882.11642,39393.96039,53192.63788,8370.231106,0,0,0
2060,3,29,21,94205.51863,51736.26148,39151.79598,53540.49932,8222.811567,0,0,0
2060,3,29,22,92459.34461,51672.11312,38502.83709,52871.54839,7774.64226,0,0,0
2060,3,29,23,92659.09114,49833.54113,36954.67116,50759.34626,7344.031176,0,0,0
2060,3,29,24,91022.61256,48315.71094,35037.17409,50087.8746,7147.326921,0,0,0
2060,3,30,1,91132.56876,48075.11113,34182.90567,49332.52331,7073.008698,0,0,0
2060,3,30,2,91093.71467,47932.21153,33697.44687,49583.03222,6795.640921,0,0,0
2060,3,30,3,88685.02195,46659.9357,32532.9542,48227.48521,6554.954185,0,0,0
2060,3,30,4,86984.82962,44939.57749,31698.85167,46886.71494,6468.901506,0,0,0
2060,3,30,5,84803.87228,44157.97579,31139.24849,46651.15659,6556.258013,0,0,0
2060,3,30,6,82991.63762,45549.42153,32169.44682,47605.8198,6550.695012,0,0,0
2060,3,30,7,84913.82848,46159.09173,33840.4334,47570.79027,6789.295622,0,0,0
2060,3,30,8,82640.90776,44627.96249,31260.06993,44382.66889,7329.08061,0,0,0
2060,3,30,9,80177.19348,43641.83355,30732.80169,44341.64176,7896.332917,0,0,0
2060,3,30,10,82941.22292,43711.19723,31443.90974,44996.85903,8025.498858,0,0,0
2060,3,30,11,87113.64788,43909.37916,31703.54545,44793.1141,8093.558704,0,0,0
2060,3,30,12,89185.17055,44183.35698,31992.73461,45036.93002,7975.344923,0,0,0
2060,3,30,13,87225.08175,44460.81168,31969.78722,45384.53069,8084.866514,0,0,0
2060,3,30,14,88766.46777,42798.43038,31646.00315,45141.14938,8154.404033,0,0,0
2060,3,30,15,88501.96443,43441.91319,32064.44517,46287.47537,8033.582594,0,0,0
2060,3,30,16,88413.82563,43989.3473,31542.91378,44904.2872,7890.422228,0,0,0
2060,3,30,17,88442.59678,42338.43969,31482.67691,44581.72004,7770.817696,0,0,0
2060,3,30,18,87244.03072,43208.70174,31988.47543,45586.71103,8685.322987,0,0,0
2060,3,30,19,88279.09669,45972.29657,35867.27822,51597.27336,8848.04078,0,0,0
2060,3,30,20,93130.55551,49779.56263,39769.63683,52940.30361,8720.700199,0,0,0
2060,3,30,21,92594.76893,49531.48753,39462.36792,52684.05786,8497.832453,0,0,0
2060,3,30,22,92480.98817,49206.6604,38576.63378,52379.65737,8060.789149,0,0,0
2060,3,30,23,92868.83368,47955.41967,37210.22154,50833.14296,7566.029704,0,0,0
2060,3,30,24,91469.99957,47226.57956,34933.82395,49568.77702,6915.332375,0,0,0
2060,3,31,1,86236.519,43500.49855,32265.4086,46525.72829,7081.78781,0,0,0
2060,3,31,2,99297.83803,52584.96689,35386.86089,52527.51152,6842.144136,0,0,0
2060,3,31,3,97122.26984,51505.65768,34270.43603,51297.91435,6630.663158,0,0,0
2060,3,31,4,95946.65117,49832.2373,33379.66041,50569.42192,6613.104935,0,0,0
2060,3,31,5,92168.76471,49031.07816,32945.57245,50209.04373,6777.126556,0,0,0
2060,3,31,6,91743.10817,49709.41666,34118.23578,51492.53248,6898.64337,0,0,0
2060,3,31,7,93170.45266,51864.99281,36716.85285,52385.56806,7068.05415,0,0,0
2060,3,31,8,95304.38526,50702.93395,34445.93134,49770.52275,7807.324894,0,0,0
2060,3,31,9,99335.8229,51331.64004,35076.46279,51539.12261,8263.317171,0,0,0
2060,3,31,10,106338.4249,54651.27425,37220.82601,54648.31891,8498.440906,0,0,0
2060,3,31,11,111879.7828,54818.42506,37612.40917,56043.76306,8482.62112,0,0,0
2060,3,31,12,114966.814,55138.12381,38231.72769,56604.32238,8351.455976,0,0,0
2060,3,31,13,113794.0638,54560.18011,38257.28273,56180.75197,8534.513494,0,0,0
2060,3,31,14,110045.9915,51866.20972,37038.81156,53973.37037,8554.157843,0,0,0
2060,3,31,15,114267.7881,55301.88466,38962.39317,56818.23718,8456.196863,0,0,0
2060,3,31,16,114018.8438,54637.19291,38357.41676,56353.72655,8211.685564,0,0,0
2060,3,31,17,114354.5362,54352.9583,37748.18117,55183.41012,7972.041891,0,0,0
2060,3,31,18,110001.9221,53916.08884,37162.76219,54489.68645,8869.771255,0,0,0
2060,3,31,19,106936.9691,55258.42371,40051.00302,58220.11355,9039.616644,0,0,0
2060,3,31,20,104431.793,57578.54302,44030.11367,58481.57462,9027.447578,0,0,0
2060,3,31,21,104697.6871,57620.09169,44313.91367,59105.15232,8619.088501,0,0,0
2060,3,31,22,106771.1221,57542.47043,43244.51356,58289.47722,8069.655182,0,0,0
2060,3,31,23,105834.8863,56256.11326,41024.6152,56624.74903,7631.568815,0,0,0
2060,3,31,24,104486.9015,54876.9235,38911.7177,55525.01318,7351.07185,0,0,0
2060,4,1,1,102522.2928,53738.42048,37524.0096,53686.70195,7075.703277,0,0,0
2060,4,1,2,99215.87068,52541.85363,35357.22052,52484.48518,6836.320369,0,0,0
2060,4,1,3,97041.69324,51462.63134,34240.9695,51254.97493,6624.926313,0,0,0
2060,4,1,4,95866.42226,49790.34094,33350.80234,50526.65634,6607.281167,0,0,0
2060,4,1,5,92090.96961,48989.5295,32916.80131,50166.452,6771.302789,0,0,0
2060,4,1,6,91665.05231,49667.25954,34089.20387,51449.33229,6892.732681,0,0,0
2060,4,1,7,93091.26681,51821.53186,36686.77787,52342.80248,7061.969617,0,0,0
2060,4,1,8,95223.98251,50659.99453,34416.55174,49728.36563,7800.631907,0,0,0
2060,4,1,9,99252.03019,51288.87447,35047.08319,51496.27012,8256.624185,0,0,0
2060,4,1,10,106250.4599,54606.5964,37190.40335,54604.07566,8491.74792,0,0,0
2060,4,1,11,111787.4717,54774.44258,37581.55189,55998.56368,8475.667369,0,0,0
2060,4,1,12,114872.8514,55094.0544,38200.43581,56559.20992,8344.936834,0,0,0
2060,4,1,13,113699.8404,54516.02378,38226.94699,56135.90028,8527.559742,0,0,0
2060,4,1,14,109955.1581,51823.79183,37008.30197,53928.43175,8547.291013,0,0,0
2060,4,1,15,114173.3909,55258.51064,38931.53589,56772.6901,8449.243111,0,0,0
2060,4,1,16,113924.5335,54592.6889,38326.21179,56307.83179,8204.992578,0,0,0
2060,4,1,17,114259.6174,54309.32351,37717.3239,55138.99303,7965.522748,0,0,0
2060,4,1,18,109912.2187,53872.2802,37132.42644,54445.53012,8862.643659,0,0,0
2060,4,1,19,106848.2218,55214.61508,40018.32039,58171.8719,9032.054439,0,0,0
2060,4,1,20,104345.6534,57531.43135,43991.86804,58432.63759,9019.798451,0,0,0
2060,4,1,21,104611.3737,57573.84924,44275.84188,59055.78068,8612.395514,0,0,0
2060,4,1,22,106682.5487,57496.3149,43207.39791,58240.62712,8062.875274,0,0,0
2060,4,1,23,105748.399,56210.82695,40990.54182,56577.81121,7625.136595,0,0,0
2060,4,1,24,104401.4573,54833.02794,38880.59966,55479.81379,7344.813473,0,0,0
2060,4,2,1,102438.1524,53695.13337,37493.67385,53642.80639,7074.138682,0,0,0
2060,4,2,2,99194.31405,52530.46686,35349.2237,52472.92456,6834.755775,0,0,0
2060,4,2,3,97020.22353,51451.24457,34233.23345,51243.67508,6623.361719,0,0,0
2060,4,2,4,95845.21331,49779.30186,33343.24014,50515.18265,6605.716573,0,0,0
2060,4,2,5,92070.36912,48978.22965,32909.15218,50155.06523,6769.738195,0,0,0
2060,4,2,6,91644.19105,49655.95969,34081.3809,51438.11937,6891.168087,0,0,0
2060,4,2,7,93070.23171,51809.7974,36678.86798,52331.50264,7060.318101,0,0,0
2060,4,2,8,95202.5128,50648.43392,34408.64184,49717.23963,7798.893469,0,0,0
2060,4,2,9,99230.12587,51277.4877,35039.26021,51484.79643,8254.711903,0,0,0
2060,4,2,10,106227.4256,54595.20963,37182.23269,54592.25429,8489.92256,0,0,0
2060,4,2,11,111762.9598,54762.70813,37573.46816,55986.91614,8473.755087,0,0,0
2060,4,2,12,114848.4264,55081.88534,38192.61284,56547.12778,8343.198396,0,0,0
2060,4,2,13,113675.3284,54504.46317,38218.60248,56123.99198,8525.734382,0,0,0
2060,4,2,14,109931.4284,51812.23122,37000.13132,53916.61037,8545.378731,0,0,0
2060,4,2,15,114148.2705,55246.51541,38923.36523,56760.60796,8447.417752,0,0,0
2060,4,2,16,113899.3262,54580.69367,38317.95421,56295.83657,8203.25414,0,0,0
2060,4,2,17,114234.3232,54297.41521,37709.06632,55127.25857,7963.697388,0,0,0
2060,4,2,18,109887.8806,53860.89343,37124.34271,54433.88259,8860.644456,0,0,0
2060,4,2,19,106825.3613,55202.7937,40009.71512,58159.09438,9029.968313,0,0,0
2060,4,2,20,104322.4453,57519.08844,43981.61125,58420.12084,9017.799247,0,0,0
2060,4,2,21,104588.0786,57561.59325,44265.75894,59042.74239,8610.657076,0,0,0
2060,4,2,22,106658.9928,57484.05892,43197.66265,58227.58883,8061.136836,0,0,0
2060,4,2,23,105725.5386,56198.83173,40981.3281,56565.4683,7623.311235,0,0,0
2060,4,2,24,104378.5968,54821.11964,38872.08131,55468.07933,7343.161957,0,0,0
2060,4,3,1,102415.5527,53683.92045,37485.50319,53631.15886,7114.122756,0,0,0
2060,4,3,2,99732.88213,52814.78839,35544.27644,52756.37687,6873.522941,0,0,0
2060,4,3,3,97551.66402,51733.13229,34425.59161,51526.17125,6661.259666,0,0,0
2060,4,3,4,96371.61233,50054.9312,33532.99064,50796.37499,6643.614521,0,0,0
2060,4,3,5,92583.29524,49253.07669,33097.59885,50435.38835,6808.41844,0,0,0
2060,4,3,6,92159.29022,49932.63209,34273.39137,51719.05094,6930.196019,0,0,0
2060,4,3,7,93590.98081,52095.5966,36877.8322,52615.38956,7100.302174,0,0,0
2060,4,3,8,95732.30177,50932.06008,34601.60846,49995.30278,7842.180575,0,0,0
2060,4,3,9,99778.60305,51560.67924,35233.18297,51768.07489,8299.215915,0,0,0
2060,4,3,10,106806.76,54885.96338,37383.02228,54885.09416,8535.035025,0,0,0
2060,4,3,11,112373.3253,55054.85263,37775.21388,56284.01519,8519.041396,0,0,0
2060,4,3,12,115474.5248,55372.72601,38394.88009,56849.78983,8387.007032,0,0,0
2060,4,3,13,114294.9077,54795.82537,38422.6951,56422.5687,8571.368378,0,0,0
2060,4,3,14,110528.8426,52095.07507,37200.74706,54211.36253,8590.925806,0,0,0
2060,4,3,15,114772.2828,55538.57299,39130.4132,57064.48691,8492.617139,0,0,0
2060,4,3,16,114520.2093,54874.05508,38522.22067,56597.80324,8247.149698,0,0,0
2060,4,3,17,114857.727,54588.25588,37911.50742,55418.36001,8007.071416,0,0,0
2060,4,3,18,110484.3386,54148.77876,37325.91459,54725.07095,8908.712265,0,0,0
2060,4,3,19,107407.9119,55492.33054,40228.41061,58476.62007,9080.469936,0,0,0
2060,4,3,20,104892.6529,57829.3127,44234.03245,58745.64335,9068.040105,0,0,0
2060,4,3,21,105160.9808,57871.12213,44518.18013,59371.13333,8655.856463,0,0,0
2060,4,3,22,107242.7603,57788.19864,43443.73855,58549.19986,8105.032395,0,0,0
2060,4,3,23,106300.2661,56499.23381,41207.93348,56874.38872,7665.989887,0,0,0
2060,4,3,24,104943.9368,55115.8718,39080.95464,55765.2653,7384.623703,0,0,0
2060,4,4,1,102969.419,53968.67659,37686.64047,53921.91261,7095.869157,0,0,0
2060,4,4,2,99488.28391,52684.49246,35455.87687,52627.03709,6855.790874,0,0,0
2060,4,4,3,97309.76038,51604.92249,34338.06126,51397.61376,6643.962208,0,0,0
2060,4,4,4,96133.01172,49929.93751,33446.59027,50668.51288,6626.403985,0,0,0
2060,4,4,5,92349.64918,49127.90916,33011.89386,50307.35239,6790.773294,0,0,0
2060,4,4,6,91924.86186,49806.8561,34185.86102,51591.71036,6912.463952,0,0,0
2060,4,4,7,93354.29248,51965.82221,36787.25959,52485.44132,7082.048575,0,0,0
2060,4,4,8,95491.35427,50803.1549,34514.07811,49868.48373,7822.449304,0,0,0
2060,4,4,9,99529.48489,51430.99177,35144.95724,51639.43048,8279.050035,0,0,0
2060,4,4,10,106542.1698,54754.18978,37291.58044,54752.01673,8514.347613,0,0,0
2060,4,4,11,112095.6099,54920.9929,37683.94589,56149.80778,8498.440906,0,0,0
2060,4,4,12,115188.2041,55240.77857,38303.09057,56711.58401,8367.014996,0,0,0
2060,4,4,13,114012.6723,54662.66102,38329.68867,56287.31822,8550.680967,0,0,0
2060,4,4,14,110257.2117,51965.90913,37108.78369,54077.15512,8570.325316,0,0,0
2060,4,4,15,114487.5267,55404.71327,39035.40756,56926.80263,8471.842805,0,0,0
2060,4,4,16,114237.5393,54740.97765,38429.73577,56460.03203,8227.331505,0,0,0
2060,4,4,17,114575.3178,54456.30844,37819.28328,55286.49949,7987.427067,0,0,0
2060,4,4,18,110213.49,54017.70054,37233.77738,54591.55891,8886.981791,0,0,0
2060,4,4,19,107142.9739,55361.07848,40129.05888,58331.37358,9057.261789,0,0,0
2060,4,4,20,104632.7565,57686.50002,44119.1217,58597.18074,9045.179645,0,0,0
2060,4,4,21,104900.3021,57730.22173,44403.00862,59221.36689,8635.255974,0,0,0
2060,4,4,22,106977.5616,57649.99282,43331.34853,58402.47569,8084.953436,0,0,0
2060,4,4,23,106038.1966,56363.37488,41104.32258,56733.66217,7646.693226,0,0,0
2060,4,4,24,104686.5611,54981.75131,38985.60131,55630.10175,7365.674729,0,0,0
2060,4,5,1,102718.3016,53838.72835,37594.6771,53788.9221,7054.755099,0,0,0
2060,4,5,2,95444.2426,50427.82614,34721.90836,52121.15164,6878.825177,0,0,0
2060,4,5,3,93064.84256,50005.2988,33684.40859,51060.18295,6685.68472,0,0,0
2060,4,5,4,89646.29122,48834.20006,32720.27089,49926.02603,6612.322637,0,0,0
2060,4,5,5,87992.08058,48234.26512,32352.85203,49090.01121,6770.955102,0,0,0
2060,4,5,6,87061.92935,48394.20141,33324.37809,50362.46088,6871.17605,0,0,0
2060,4,5,7,89304.68816,50937.36231,35639.54284,51075.91582,6948.53654,0,0,0
2060,4,5,8,88457.46042,48769.61709,33470.23303,49248.20906,7629.656534,0,0,0
2060,4,5,9,90690.9186,48724.15694,33522.64694,48479.81948,8124.763666,0,0,0
2060,4,5,10,95534.38061,51452.11379,35417.45739,52249.1876,8445.157782,0,0,0
2060,4,5,11,100218.254,52022.23452,36150.38284,53149.26385,8483.05573,0,0,0
2060,4,5,12,101859.861,52011.71697,36629.23558,54486.20957,8327.900142,0,0,0
2060,4,5,13,102538.1995,50925.71478,36590.46841,53684.26814,8421.25426,0,0,0
2060,4,5,14,98285.89329,49370.94278,35444.14242,51709.7503,8414.474352,0,0,0
2060,4,5,15,98845.49647,51322.25248,36251.29916,53429.84774,8325.55325,0,0,0
2060,4,5,16,99498.9753,50565.42351,35401.37684,52070.12849,8095.818674,0,0,0
2060,4,5,17,97537.40883,49717.84808,34722.16913,50273.01824,7938.14235,0,0,0
2060,4,5,18,95296.38845,49262.29041,34468.18334,50311.3508,8825.701852,0,0,0
2060,4,5,19,93778.03673,50904.24507,38072.13909,55357.77544,8829.526416,0,0,0
2060,4,5,20,98521.62548,54138.95659,41121.8808,55538.31223,8723.307856,0,0,0
2060,4,5,21,98378.55204,53989.88553,40861.72356,55898.86426,8570.586081,0,0,0
2060,4,5,22,96580.74642,53920.60878,40169.65141,55179.32479,8114.072272,0,0,0
2060,4,5,23,96787.96822,52049.61492,38532.82515,52962.9033,7672.943639,0,0,0
2060,4,5,24,95101.77032,50487.88918,36567.08642,52275.61186,7468.155647,0,0,0
2060,4,6,1,95195.73289,50233.38186,35696.38976,51509.65609,7159.409065,0,0,0
2060,4,6,2,92200.14351,48517.10898,34108.41361,50181.92409,6879.172865,0,0,0
2060,4,6,3,89771.98029,47235.61943,32932.96878,48817.07645,6636.313081,0,0,0
2060,4,6,4,88054.14281,45498.65914,32090.17405,47465.18017,6549.478105,0,0,0
2060,4,6,5,85854.32342,44708.71293,31525.5294,47227.70954,6637.703832,0,0,0
2060,4,6,6,84025.31283,46113.63157,32566.59298,48189.58727,6632.053908,0,0,0
2060,4,6,7,85963.14963,46730.95089,34252.70396,48146.21324,6872.914488,0,0,0
2060,4,6,8,83668.75921,45182.08959,31649.13234,44933.40604,7418.436321,0,0,0
2060,4,6,9,81177.40376,44184.2262,31115.95342,44893.59581,7989.513192,0,0,0
2060,4,6,10,83971.76894,44254.71986,31834.18906,45556.37528,8120.243727,0,0,0
2060,4,6,11,88187.48101,44455.50944,32096.08474,45351.06576,8188.738183,0,0,0
2060,4,6,12,90278.1265,44733.05106,32387.62079,45598.5324,8069.742104,0,0,0
2060,4,6,13,88300.04486,45012.76573,32364.15188,45949.52303,8180.219837,0,0,0
2060,4,6,14,89853.16534,43332.65236,32036.63016,45703.96867,8248.888136,0,0,0
2060,4,6,15,89587.27125,43983.52354,32459.41828,46861.68143,8128.675151,0,0,0
2060,4,6,16,89495.22096,44536.52065,31932.7585,45464.49884,7983.341737,0,0,0
2060,4,6,17,89527.38207,42867.09868,31872.08701,45138.36788,7864.084893,0,0,0
2060,4,6,18,88315.69081,43745.96599,32382.4924,46154.05026,8784.935482,0,0,0
2060,4,6,19,89366.48963,46540.76578,36293.80397,52204.07513,8952.607824,0,0,0
2060,4,6,20,94257.32408,50385.32134,40239.71046,53571.87812,8821.442679,0,0,0
2060,4,6,21,93716.93064,50137.33316,39926.09625,53311.37319,8595.793432,0,0,0
2060,4,6,22,93600.62914,49808.50762,39030.45301,52994.28211,8155.881705,0,0,0
2060,4,6,23,93993.34227,48546.31474,37640.65878,51436.29401,7657.906151,0,0,0
2060,4,6,24,92580.86143,47808.43474,35351.65752,50167.84275,7000.168147,0,0,0
2060,4,7,1,87302.87685,44043.06504,32664.38011,47103.06354,7168.188176,0,0,0
2060,4,7,2,100463.3738,53196.46245,35807.21518,53141.0932,6925.849924,0,0,0
2060,4,7,3,98269.29121,52113.76328,34684.61887,51907.14993,6712.71743,0,0,0
2060,4,7,4,97085.32803,50425.91386,33789.14948,51175.0937,6694.898441,0,0,0
2060,4,7,5,93276.49738,49623.01629,33352.10617,50814.10706,6860.658501,0,0,0
2060,4,7,6,92852.92697,50306.13549,34531.63633,52097.59581,6983.218377,0,0,0
2060,4,7,7,94291.39746,52481.70368,37148.24623,53001.32278,7154.367594,0,0,0
2060,4,7,8,96447.75591,51313.64721,34861.93954,50370.97922,7900.505168,0,0,0
2060,4,7,9,100520.1338,51942.61406,35495.25249,52150.70509,8358.148962,0,0,0
2060,4,7,10,107592.534,55280.93648,37654.82705,55284.84797,8596.401885,0,0,0
2060,4,7,11,113197.9534,55445.56656,38048.58325,56688.37586,8580.408256,0,0,0
2060,4,7,12,116321.8395,55762.65764,38671.72634,57259.45273,8447.504674,0,0,0
2060,4,7,13,115134.5733,55187.23468,38698.84597,56829.01549,8632.126785,0,0,0
2060,4,7,14,111344.3439,52476.48836,37470.63955,54603.64105,8651.59729,0,0,0
2060,4,7,15,115612.296,55930.85152,39414.30012,57475.80134,8553.636311,0,0,0
2060,4,7,16,115363.4386,55268.50665,38799.24076,57007.63999,8306.951964,0,0,0
2060,4,7,17,115703.4771,54981.92516,38184.70294,55813.94156,8066.439072,0,0,0
2060,4,7,18,111291.3215,54537.05888,37598.15397,55120.6525,8975.207517,0,0,0
2060,4,7,19,108192.6428,55888.08594,40525.85735,58907.57884,9148.616704,0,0,0
2060,4,7,20,105664.5194,58252.79618,44575.37474,59185.29431,9136.621482,0,0,0
2060,4,7,21,105939.5403,58288.60801,44861.7824,59817.65112,8717.657933,0,0,0
2060,4,7,22,108032.6196,58204.38069,43779.86553,58986.417,8164.660817,0,0,0
2060,4,7,23,107080.7379,56910.37439,41517.37544,57294.48226,7724.140637,0,0,0
2060,4,7,24,105712.0657,55519.27633,39367.0146,56166.67063,7440.688327,0,0,0
2060,4,8,1,103724.5095,54360.78127,37960.00984,54314.53882,7162.103643,0,0,0
2060,4,8,2,100380.711,53152.47996,35777.14021,53097.63225,6919.939235,0,0,0
2060,4,8,3,98188.28,52070.5631,34655.50003,51864.12359,6706.893663,0,0,0
2060,4,8,4,97003.88222,50383.49598,33760.11756,51131.98044,6689.074674,0,0,0
2060,4,8,5,93197.74614,49580.85917,33323.07426,50771.16764,6854.747811,0,0,0
2060,4,8,6,92774.34957,50263.89144,34502.51749,52054.65639,6977.220766,0,0,0
2060,4,8,7,94212.29853,52438.06888,37117.30203,52957.42723,7148.283062,0,0,0
2060,4,8,8,96366.7447,51270.44703,34832.3861,50328.30057,7893.812182,0,0,0
2060,4,8,9,100436.428,51899.32696,35465.69905,52107.0703,8351.369054,0,0,0
2060,4,8,10,107502.8306,55235.7371,37624.14362,55239.21397,8589.535055,0,0,0
2060,4,8,11,113104.5123,55402.27945,38017.72598,56642.56802,8573.28066,0,0,0
2060,4,8,12,116227.0946,55718.58824,38640.08677,57213.21028,8440.550922,0,0,0
2060,4,8,13,115039.8284,55143.51296,38667.2064,56783.03381,8625.173033,0,0,0
2060,4,8,14,111251.1636,52433.3751,37439.95612,54558.70243,8644.73046,0,0,0
2060,4,8,15,115516.7689,55886.86904,39382.92131,57428.60274,8546.682559,0,0,0
2060,4,8,16,115267.7376,55224.08956,38767.94888,56962.006,8300.085134,0,0,0
2060,4,8,17,115608.9061,54936.72577,38153.41106,55769.52447,8059.833008,0,0,0
2060,4,8,18,111200.4012,54493.51101,37566.94901,55076.49618,8967.819156,0,0,0
2060,4,8,19,108103.6348,55843.49501,40492.3055,58857.77259,9140.967577,0,0,0
2060,4,8,20,105576.8152,58204.8153,44536.86834,59135.57498,9128.711589,0,0,0
2060,4,8,21,105851.5753,58241.67018,44822.75446,59766.97565,8710.617259,0,0,0
2060,4,8,22,107943.6985,58156.3998,43741.79374,58937.21921,8157.880909,0,0,0
2060,4,8,23,106992.1645,56863.78425,41482.25899,57247.63135,7717.621495,0,0,0
2060,4,8,24,105624.5353,55473.72926,39334.59273,56121.12355,7434.343028,0,0,0
2060,4,9,1,103638.4569,54315.92957,37929.15256,54270.29557,7160.452127,0,0,0
2060,4,9,2,100358.7198,53140.57166,35769.31724,53085.89779,6918.374641,0,0,0
2060,4,9,3,98166.81029,52059.00249,34647.67706,51852.6499,6705.329069,0,0,0
2060,4,9,4,96982.58635,50372.28305,33752.38151,51120.59367,6687.597001,0,0,0
2060,4,9,5,93177.05873,49569.90701,33315.42513,50759.8678,6853.183217,0,0,0
2060,4,9,6,92753.57524,50252.76544,34494.86837,52043.26962,6975.56925,0,0,0
2060,4,9,7,94191.43728,52426.68211,37109.2183,52945.86661,7146.631546,0,0,0
2060,4,9,8,96345.62268,51258.71257,34824.73697,50316.9138,7892.160666,0,0,0
2060,4,9,9,100414.4367,51887.85327,35457.78915,52095.85737,8349.80446,0,0,0
2060,4,9,10,107479.1009,55224.00264,37616.05989,55227.3926,8587.709695,0,0,0
2060,4,9,11,113080.435,55390.97961,38009.4684,56630.48588,8571.542222,0,0,0
2060,4,9,12,116201.9742,55707.11455,38632.08995,57201.30198,8438.725562,0,0,0
2060,4,9,13,115015.1426,55131.95235,38659.03574,56770.77782,8623.260752,0,0,0
2060,4,9,14,111226.7386,52422.16218,37432.13315,54546.96798,8642.905101,0,0,0
2060,4,9,15,115491.9092,55875.56919,39374.40296,57416.17291,8544.857199,0,0,0
2060,4,9,16,115242.791,55212.26819,38759.77822,56949.83693,8298.346696,0,0,0
2060,4,9,17,115583.6118,54925.16516,38145.2404,55757.35541,8058.09457,0,0,0
2060,4,9,18,111176.5846,54482.12424,37558.9522,55065.10941,8965.906874,0,0,0
2060,4,9,19,108080.3397,55831.49979,40483.43946,58845.25584,9139.055295,0,0,0
2060,4,9,20,105553.8678,58192.55931,44526.69848,59122.18901,9126.712386,0,0,0
2060,4,9,21,105828.541,58229.24035,44812.75844,59753.85044,8708.704978,0,0,0
2060,4,9,22,107919.708,58143.88304,43731.79772,58924.00708,8156.142471,0,0,0
2060,4,9,23,106968.6955,56851.35442,41472.95835,57234.85383,7715.883057,0,0,0
2060,4,9,24,105602.3702,55461.9948,39326.24823,56109.21525,7432.691512,0,0,0
2060,4,10,1,103615.7702,54304.45588,37921.06883,54258.64804,7200.523122,0,0,0
2060,4,10,2,100903.6332,53426.28394,35964.19613,53372.04468,6957.576417,0,0,0
2060,4,10,3,98700.16306,52339.49945,34840.29599,52135.05915,6743.661626,0,0,0
2060,4,10,4,97514.54837,50647.82547,33942.91431,51402.65523,6725.842637,0,0,0
2060,4,10,5,93691.81021,49844.75405,33505.08871,51040.62553,6892.124228,0,0,0
2060,4,10,6,93268.06595,50530.82859,34687.66114,52325.85271,7015.205636,0,0,0
2060,4,10,7,94711.57792,52711.52518,37309.48635,53233.05656,7186.615619,0,0,0
2060,4,10,8,96875.75934,51541.81719,35018.05127,50596.19386,7935.36085,0,0,0
2060,4,10,9,100964.2177,52171.04481,35652.32036,52381.04812,8393.78694,0,0,0
2060,4,10,10,108065.4761,55513.27872,37817.80561,55521.44938,8632.648317,0,0,0
2060,4,10,11,113692.3651,55679.82108,38212.60487,56930.01874,8616.654687,0,0,0
2060,4,10,12,116831.2887,55997.69446,38837.22563,57505.18094,8484.011871,0,0,0
2060,4,10,13,115637.5903,55421.57612,38864.51911,57071.9622,8669.068592,0,0,0
2060,4,10,14,111834.8442,52706.48371,37633.1835,54840.24246,8688.539097,0,0,0
2060,4,10,15,116119.0507,56162.75914,39584.66704,57723.78951,8590.317352,0,0,0
2060,4,10,16,115867.151,55503.10886,38965.52235,57253.80281,8342.242255,0,0,0
2060,4,10,17,116208.1456,55215.74506,38348.81149,56054.01985,8101.990128,0,0,0
2060,4,10,18,111773.6512,54766.35885,37761.48022,55358.90543,9015.365434,0,0,0
2060,4,10,19,108660.5434,56126.51271,40703.52571,59169.30068,9189.035387,0,0,0
2060,4,10,20,106131.8115,58505.82583,44780.4235,59450.84071,9176.953243,0,0,0
2060,4,10,21,106405.8763,58540.94228,45069.09112,60085.63133,8754.947427,0,0,0
2060,4,10,22,108506.5178,58456.36727,43981.08972,59248.74729,8200.298795,0,0,0
2060,4,10,23,107549.5077,57155.66798,41703.3883,57546.90345,7758.909396,0,0,0
2060,4,10,24,106172.6648,55759.52846,39539.03304,56408.13966,7474.500945,0,0,0
2060,4,11,1,104177.4595,54595.03579,38124.11838,54549.22795,7182.269524,0,0,0
2060,4,11,2,100655.2973,53297.37877,35875.79656,53242.53105,6939.757428,0,0,0
2060,4,11,3,98457.99865,52213.20193,34752.93948,52007.11011,6726.190324,0,0,0
2060,4,11,4,97273.16626,50523.09254,33856.16626,51274.7062,6708.458257,0,0,0
2060,4,11,5,93458.07722,49719.93421,33418.94911,50913.28495,6874.39216,0,0,0
2060,4,11,6,93033.98528,50404.35723,34599.7831,52197.29523,6997.212803,0,0,0
2060,4,11,7,94475.3242,52582.18539,37218.47912,53102.67372,7168.448942,0,0,0
2060,4,11,8,96634.55107,51413.2597,34929.99939,50469.11405,7915.716501,0,0,0
2060,4,11,9,100714.578,52042.22656,35563.92079,52251.1868,8373.534138,0,0,0
2060,4,11,10,107799.1474,55383.06972,37725.92917,55388.37195,8612.134749,0,0,0
2060,4,11,11,113413.5197,55548.1344,38119.77229,56794.76826,8596.401885,0,0,0
2060,4,11,12,116544.7072,55865.83394,38743.69767,57365.75821,8463.411381,0,0,0
2060,4,11,13,115355.268,55290.15021,38771.42576,56934.88636,8648.033493,0,0,0
2060,4,11,14,111558.1718,52577.14392,37541.82858,54706.81735,8667.851685,0,0,0
2060,4,11,15,115833.773,56032.02861,39488.35757,57583.41065,8569.716862,0,0,0
2060,4,11,16,115583.5249,55371.16142,38871.55978,57115.51007,8322.33714,0,0,0
2060,4,11,17,115924.4326,55084.05839,38256.23967,55919.20398,8081.91117,0,0,0
2060,4,11,18,111501.151,54637.27983,37669.60378,55224.08956,8992.852663,0,0,0
2060,4,11,19,108396.9962,55992.91375,40602.87015,59021.88114,9166.348771,0,0,0
2060,4,11,20,105868.7858,58363.27392,44664.81737,59301.24812,9154.179706,0,0,0
2060,4,11,21,106143.1114,58399.43343,44952.52886,59934.99568,8734.086172,0,0,0
2060,4,11,22,108239.5806,58315.64072,43867.65665,59100.98007,8180.39368,0,0,0
2060,4,11,23,107285.6997,57017.72293,41598.73434,57404.69922,7739.265047,0,0,0
2060,4,11,24,105913.3768,55624.88644,39441.50667,56271.93305,7455.551972,0,0,0
2060,4,12,1,103922.3438,54462.9145,38031.45964,54416.67205,7141.068544,0,0,0
2060,4,12,2,96582.48485,51030.02106,35139.30732,52734.38563,6963.052497,0,0,0
2060,4,12,3,94183.44046,50604.01683,34095.11456,51666.46319,6768.347445,0,0,0
2060,4,12,4,90739.07333,49426.65972,33124.3708,50527.35172,6694.203066,0,0,0
2060,4,12,5,89074.25821,48821.07486,32753.6489,49686.29543,6854.400124,0,0,0
2060,4,12,6,88135.0671,48985.00956,33732.73716,50965.61193,6955.316448,0,0,0
2060,4,12,7,90394.68877,51553.3778,36062.76557,51677.84996,7033.806922,0,0,0
2060,4,12,8,89543.63646,49367.72667,33878.59211,49845.10174,7722.228355,0,0,0
2060,4,12,9,91798.73819,49312.96588,33933.09214,49072.97452,8219.856222,0,0,0
2060,4,12,10,96681.4889,52066.56469,35838.15938,52864.76848,8542.684152,0,0,0
2060,4,12,11,101406.2156,52630.77473,36575.51784,53771.01619,8580.842865,0,0,0
2060,4,12,12,103064.4246,52623.03868,37058.36899,55108.48344,8423.166542,0,0,0
2060,4,12,13,103754.6714,51529.90889,37018.81952,54305.15126,8518.346021,0,0,0
2060,4,12,14,99473.24642,49967.48777,35864.40979,52323.67967,8511.566112,0,0,0
2060,4,12,15,100030.0681,51925.49045,36678.1726,54048.81858,8420.906573,0,0,0
2060,4,12,16,100686.6761,51171.44298,35821.81806,52683.4494,8190.998152,0,0,0
2060,4,12,17,98709.98523,50317.34841,35140.52423,50877.82081,8031.844156,0,0,0
2060,4,12,18,96454.27505,49860.8346,34884.97385,50917.28335,8929.138911,0,0,0
2060,4,12,19,94924.62349,51515.56678,38515.87538,56012.99271,8933.137319,0,0,0
2060,4,12,20,99699.24336,54768.5319,41618.72637,56204.6555,8824.137258,0,0,0
2060,4,12,21,99551.47613,54618.76546,41354.83149,56570.77053,8668.199373,0,0,0
2060,4,12,22,97740.02377,54549.22795,40650.85104,55839.58352,8209.077907,0,0,0
2060,4,12,23,97943.94254,52665.63041,38980.99445,53583.43874,7766.036992,0,0,0
2060,4,12,24,96245.83634,51098.51551,36995.52445,52890.06275,7559.336718,0,0,0
2060,4,13,1,96337.27818,50839.48825,36119.35172,52119.23936,7352.723366,0,0,0
2060,4,13,2,94663.0755,49819.72054,35023.17966,51511.65529,7065.79418,0,0,0
2060,4,13,3,92188.5829,48517.54359,33824.61361,50125.07717,6817.806005,0,0,0
2060,4,13,4,90439.45354,46746.24915,32964.52143,48752.05887,6729.058747,0,0,0
2060,4,13,5,88195.91243,45938.3101,32387.01234,48510.15523,6819.283677,0,0,0
2060,4,13,6,86330.13389,47371.6522,33451.89251,49483.41972,6813.372988,0,0,0
2060,4,13,7,88298.39335,48007.1382,35165.8185,49426.92049,7059.275038,0,0,0
2060,4,13,8,85961.8458,46420.90048,32516.52596,46160.5694,7618.530531,0,0,0
2060,4,13,9,83412.33961,45394.43979,31971.43874,46124.75758,8197.864982,0,0,0
2060,4,13,10,86270.59239,45467.19342,32704.10342,46805.18219,8328.682439,0,0,0
2060,4,13,11,90577.74628,45674.06753,32971.21441,46597.09117,8396.829207,0,0,0
2060,4,13,12,92713.85193,45958.82367,33267.2704,46852.12002,8278.180816,0,0,0
2060,4,13,13,90694.22163,46245.1444,33243.36688,47210.15132,8388.050095,0,0,0
2060,4,13,14,92286.10927,44526.52463,32908.02219,46960.33778,8458.80452,0,0,0
2060,4,13,15,92008.82842,45193.21559,33339.93711,48142.99713,8336.940019,0,0,0
2060,4,13,16,91910.25898,45757.94717,32801.62979,46715.30495,8191.606605,0,0,0
2060,4,13,17,91948.93923,44048.45419,32739.30679,46382.65485,8069.829026,0,0,0
2060,4,13,18,90702.73997,44945.1405,33260.9251,47420.15462,9013.887762,0,0,0
2060,4,13,19,91786.74297,47810.34702,37236.47196,53562.05595,9189.991528,0,0,0
2060,4,13,20,96757.54556,51733.65382,41301.37452,54995.65882,9052.654929,0,0,0
2060,4,13,21,96212.54525,51481.75416,40977.93814,54725.6794,8813.098177,0,0,0
2060,4,13,22,96095.54838,51145.88795,40042.65852,54386.77092,8363.798886,0,0,0
2060,4,13,23,96496.08449,49859.00924,38610.53332,52772.54435,7862.433377,0,0,0
2060,4,13,24,95055.78863,49104.70101,36282.76489,51494.70552,7189.049432,0,0,0
2060,4,14,1,89678.27848,45256.49473,33550.46194,48389.15994,7361.850165,0,0,0
2060,4,14,2,103084.1559,54555.74709,36740.061,54509.07003,7113.514302,0,0,0
2060,4,14,3,100823.0566,53449.31825,35603.20949,53253.57013,6895.514182,0,0,0
2060,4,14,4,99621.44826,51740.17296,34696.17948,52512.99556,6877.434427,0,0,0
2060,4,14,5,95735.34403,50926.84476,34254.4424,52147.05437,7046.671363,0,0,0
2060,4,14,6,95302.82067,51625.87067,35447.88006,53441.32143,7172.01274,0,0,0
2060,4,14,7,96764.23854,53841.07524,38100.47562,54378.60026,7347.594974,0,0,0
2060,4,14,8,98975.35779,52657.28591,35780.18247,51699.23275,8106.596989,0,0,0
2060,4,14,9,103140.7421,53281.73283,36423.92605,53507.03439,8571.107613,0,0,0
2060,4,14,10,110374.6432,56662.90774,38616.18325,56689.67969,8813.793552,0,0,0
2060,4,14,11,116141.2158,56835.10002,39014.98091,58134.66932,8797.19147,0,0,0
2060,4,14,12,119375.0581,57166.4463,39660.37601,58731.90969,8661.593309,0,0,0
2060,4,14,13,118131.2057,56567.72827,39686.97411,58281.13272,8851.256891,0,0,0
2060,4,14,14,114236.9308,53822.47396,38431.21345,55992.04453,8871.770458,0,0,0
2060,4,14,15,118628.6597,57340.11625,40438.24008,58960.94889,8769.376462,0,0,0
2060,4,14,16,118367.981,56647.52257,39791.01962,58469.66632,8517.650645,0,0,0
2060,4,14,17,118721.5792,56361.11491,39158.14128,57235.80997,8274.790862,0,0,0
2060,4,14,18,114173.3909,55913.81483,38557.59789,56514.18438,9213.112753,0,0,0
2060,4,14,19,110987.4426,57296.82915,41596.82206,60457.39629,9395.561817,0,0,0
2060,4,14,20,108415.8582,59767.93179,45798.62661,60762.23138,9382.43661,0,0,0
2060,4,14,21,108698.7021,59810.17583,46097.81179,61421.09937,8942.090274,0,0,0
2060,4,14,22,110862.6227,59721.5155,44974.08549,60554.92266,8372.577997,0,0,0
2060,4,14,23,109865.194,58386.74283,42629.45421,58791.27734,7928.667863,0,0,0
2060,4,14,24,108458.9715,56949.05463,40393.56222,57614.00715,7641.217146,0,0,0
2060,4,15,1,106431.1705,55759.44153,38930.14514,55701.03002,7355.504867,0,0,0
2060,4,15,2,102999.3201,54511.41692,36709.98602,54465.17447,7107.516691,0,0,0
2060,4,15,3,100739.6985,53406.11806,35573.65604,53209.7615,6889.603493,0,0,0
2060,4,15,4,99539.56783,51697.66815,34666.79988,52469.62153,6871.523738,0,0,0
2060,4,15,5,95655.8105,50884.60072,34225.14972,52104.46264,7040.58683,0,0,0
2060,4,15,6,95223.20021,51583.45278,35418.32661,53397.86048,7165.928207,0,0,0
2060,4,15,7,96684.87885,53797.26661,38069.70527,54333.74856,7341.336597,0,0,0
2060,4,15,8,98893.56428,52613.99881,35750.71595,51656.38025,8099.990925,0,0,0
2060,4,15,9,103055.7325,53238.70649,36393.85108,53463.05191,8564.240783,0,0,0
2060,4,15,10,110284.5921,56618.22989,38584.89136,56644.13261,8806.405191,0,0,0
2060,4,15,11,116045.3409,56789.55295,38983.60211,58087.12305,8790.063874,0,0,0
2060,4,15,12,119274.8371,57119.85616,39628.12798,58683.84188,8654.813401,0,0,0
2060,4,15,13,118032.984,56522.26811,39654.72609,58233.67337,8844.216217,0,0,0
2060,4,15,14,114142.7075,53779.09993,38400.44309,55947.88821,8864.642863,0,0,0
2060,4,15,15,118530.0903,57294.22149,40404.34054,58912.35955,8762.248867,0,0,0
2060,4,15,16,118270.1069,56603.10548,39758.7716,58422.03312,8510.696894,0,0,0
2060,4,15,17,118622.3144,56316.6109,39126.0671,57190.00213,8268.097876,0,0,0
2060,4,15,18,114079.1676,55868.8762,38527.00138,56469.24575,9205.637469,0,0,0
2060,4,15,19,110895.9138,57251.28207,41561.61869,60406.98159,9387.304237,0,0,0
2060,4,15,20,108326.7633,59717.9517,45758.81638,60711.03439,9374.265952,0,0,0
2060,4,15,21,108608.7379,59759.84805,46057.3931,61368.51162,8934.528069,0,0,0
2060,4,15,22,110769.8771,59670.14465,44935.66601,60503.98642,8365.971933,0,0,0
2060,4,15,23,109774.6213,58338.76194,42593.55546,58742.688,7922.148721,0,0,0
2060,4,15,24,108369.5289,56902.8991,40360.27113,57566.89548,7634.784926,0,0,0
2060,4,16,1,106343.0317,55714.50291,38898.59249,55656.0914,7353.853351,0,0,0
2060,4,16,2,102976.8074,54499.68246,36702.07613,54453.09233,7105.865175,0,0,0
2060,4,16,3,100717.3595,53394.47053,35565.92,53198.20088,6888.038898,0,0,0
2060,4,16,4,99517.75043,51686.19446,34659.15075,52457.88708,6869.959144,0,0,0
2060,4,16,5,95634.25387,50873.56164,34217.41367,52093.24971,7038.935314,0,0,0
2060,4,16,6,95201.7305,51571.97909,35410.59056,53386.29987,7164.276691,0,0,0
2060,4,16,7,96663.2353,53785.61907,38061.53461,54321.84026,7339.598159,0,0,0
2060,4,16,8,98871.65996,52602.61204,35742.89298,51644.99348,8098.165565,0,0,0
2060,4,16,9,103033.0458,53227.31972,36385.85426,53451.66514,8562.415423,0,0,0
2060,4,16,10,110260.6017,56606.40851,38576.7207,56631.87663,8804.579831,0,0,0
2060,4,16,11,116019.699,56777.12312,38975.43145,58074.78014,8788.151592,0,0,0
2060,4,16,12,119248.4998,57107.33941,39619.43579,58670.54283,8652.901119,0,0,0
2060,4,16,13,118006.6466,56509.9252,39646.20774,58220.89585,8842.390857,0,0,0
2060,4,16,14,114117.8478,53767.45239,38392.27244,55936.06683,8862.730581,0,0,0
2060,4,16,15,118504.1876,57281.79166,40395.38758,58899.32126,8760.423507,0,0,0
2060,4,16,16,118243.7696,56591.11026,39750.4271,58409.34252,8508.871534,0,0,0
2060,4,16,17,118595.7163,56304.7026,39117.54875,57178.09383,8266.272516,0,0,0
2060,4,16,18,114054.0472,55857.05483,38518.7438,56457.16361,9203.551344,0,0,0
2060,4,16,19,110871.7495,57239.37377,41552.23112,60393.59561,9385.044267,0,0,0
2060,4,16,20,108302.7728,59704.73957,45748.12499,60697.30073,9372.092904,0,0,0
2060,4,16,21,108585.1821,59746.37516,46046.61479,61354.69104,8932.528865,0,0,0
2060,4,16,22,110745.452,59656.8456,44925.23538,60490.42661,8364.146573,0,0,0
2060,4,16,23,109750.1963,58326.24519,42583.90713,58730.08433,7920.497205,0,0,0
2060,4,16,24,108346.4076,56890.64312,40351.4051,57554.11797,7632.959566,0,0,0
2060,4,17,1,106319.8236,55702.50769,38890.24799,55643.92233,7395.228174,0,0,0
2060,4,17,2,103542.0605,54794.43462,36901.12727,54745.41067,7146.196936,0,0,0
2060,4,17,3,101267.0536,53678.9659,35761.05966,53486.69466,6927.066831,0,0,0
2060,4,17,4,100060.9254,51967.90834,34852.03045,52743.42551,6908.900154,0,0,0
2060,4,17,5,96161.69594,51150.40788,34409.77183,52376.26741,7078.919387,0,0,0
2060,4,17,6,95726.04339,51850.99838,35605.46946,53672.53368,7204.434608,0,0,0
2060,4,17,7,97192.06813,54072.80902,38265.888,54617.54856,7381.059905,0,0,0
2060,4,17,8,99411.53187,52889.10661,35938.98878,51927.92426,8142.582655,0,0,0
2060,4,17,9,103594.7351,53511.20664,36583.51466,53740.50661,8607.440966,0,0,0
2060,4,17,10,110855.8428,56904.63754,38781.85638,56933.14793,8851.778422,0,0,0
2060,4,17,11,116656.5757,57079.87209,39184.91323,58391.002,8835.437105,0,0,0
2060,4,17,12,119913.3654,57419.38902,39834.21981,58993.10999,8698.535115,0,0,0
2060,4,17,13,118655.9532,56809.37114,39860.20945,58535.98773,8889.850213,0,0,0
2060,4,17,14,114736.6448,54056.12002,38597.58196,56230.81899,8910.798391,0,0,0
2060,4,17,15,119157.9272,57592.79821,40619.38531,59223.3661,8807.361332,0,0,0
2060,4,17,16,118894.9015,56891.7731,39965.03726,58728.08512,8554.50553,0,0,0
2060,4,17,17,119254.2366,56599.19399,39327.46514,57482.05971,8310.689606,0,0,0
2060,4,17,18,114677.6248,56153.11081,38722.22796,56756.08802,9254.835264,0,0,0
2060,4,17,19,111473.8575,57542.7312,41785.96411,60726.33264,9439.109688,0,0,0
2060,4,17,20,108892.9725,60035.912,46012.97601,61037.25227,9426.245247,0,0,0
2060,4,17,21,109176.6856,60080.15525,46314.24731,61702.11787,8981.987425,0,0,0
2060,4,17,22,111355.2091,59993.49412,45182.08959,60828.9874,8408.389819,0,0,0
2060,4,17,23,110347.9582,58642.98858,42824.85463,59053.69455,7963.610466,0,0,0
2060,4,17,24,108939.5627,57199.73739,40571.83903,57866.08066,7675.72514,0,0,0
2060,4,18,1,106903.5041,56000.73672,39098.77362,55942.06444,7376.539966,0,0,0
2060,4,18,2,103284.5109,54660.66182,36810.64158,54611.89863,7127.856416,0,0,0
2060,4,18,3,101016.3709,53548.84382,35672.05163,53356.05105,6909.334764,0,0,0
2060,4,18,4,99813.28489,51840.30699,34764.41317,52614.25957,6891.255009,0,0,0
2060,4,18,5,95922.39996,51024.80574,34322.15455,52247.36224,7060.839632,0,0,0
2060,4,18,6,95487.87739,51724.35318,35517.06989,53542.49852,7186.181009,0,0,0
2060,4,18,7,96952.25061,53942.5131,38172.79464,54483.1673,7362.110931,0,0,0
2060,4,18,8,99166.93365,52759.2453,35849.28538,51799.10601,8122.329852,0,0,0
2060,4,18,9,103339.6194,53382.0407,36493.81126,53609.60223,8587.275086,0,0,0
2060,4,18,10,110584.9073,56769.03938,38688.50227,56795.63748,8830.482557,0,0,0
2060,4,18,11,116368.8642,56942.62241,39089.64683,58246.71165,8813.793552,0,0,0
2060,4,18,12,119612.181,57277.70633,39736.1719,58846.82044,8677.760782,0,0,0
2060,4,18,13,118361.288,56673.42529,39763.63922,58392.30583,8868.119739,0,0,0
2060,4,18,14,114456.0609,53924.60719,38503.88015,56096.26389,8888.807151,0,0,0
2060,4,18,15,118861.8712,57451.02859,40518.38207,59076.46809,8786.152389,0,0,0
2060,4,18,16,118597.9763,56754.17574,39867.25013,58583.18632,8533.731197,0,0,0
2060,4,18,17,118954.1822,56465.0735,39232.28566,57344.20158,8290.610647,0,0,0
2060,4,18,18,114395.4764,56018.1211,38629.65614,56619.79448,9231.279429,0,0,0
2060,4,18,19,111200.8358,57404.6123,41679.65863,60576.04468,9414.771556,0,0,0
2060,4,18,20,108624.9923,59884.40713,45892.76303,60882.9659,9401.559428,0,0,0
2060,4,18,21,108908.01,59928.99807,46192.99127,61545.05,8959.648498,0,0,0
2060,4,18,22,111079.4929,59840.85926,45065.78809,60674.44027,8388.137017,0,0,0
2060,4,18,23,110077.0226,58499.48053,42715.50689,58905.23195,7944.053039,0,0,0
2060,4,18,24,108670.0179,57059.79313,40472.05269,57724.31104,7656.254635,0,0,0
2060,4,19,1,106638.5662,55865.48625,39004.28952,55806.29244,7333.861314,0,0,0
2060,4,19,2,99113.21592,52357.75305,36063.80863,54095.66948,7151.673016,0,0,0
2060,4,19,3,96663.75683,51926.01198,35006.92527,53015.49105,6952.187259,0,0,0
2060,4,19,4,93168.71422,50734.66045,34023.40399,51860.29903,6876.65213,0,0,0
2060,4,19,5,91475.99718,50124.3818,33646.51064,51008.55135,7040.15222,0,0,0
2060,4,19,6,90518.63939,50295.70486,34637.42028,52296.47311,7143.850045,0,0,0
2060,4,19,7,92809.72679,52906.75176,37001.69591,53019.75023,7223.470504,0,0,0
2060,4,19,8,91957.45757,50696.67558,34785.62212,51166.92304,7926.929425,0,0,0
2060,4,19,9,94261.93094,50629.91956,34843.33826,50391.40587,8428.294934,0,0,0
2060,4,19,10,99226.12746,53417.41791,36772.13518,54220.48933,8758.163538,0,0,0
2060,4,19,11,104045.4252,53997.01313,37521.6627,55141.25299,8797.539157,0,0,0
2060,4,19,12,105751.8759,53983.10562,38014.85755,56508.7083,8637.168255,0,0,0
2060,4,19,13,106455.5087,52876.32909,37973.91734,55686.07945,8733.912328,0,0,0
2060,4,19,14,102109.5876,51291.3952,36800.47172,53678.79206,8726.958576,0,0,0
2060,4,19,15,102659.4555,53281.38514,37625.79514,55423.92301,8634.734442,0,0,0
2060,4,19,16,103326.5811,52508.21486,36758.40152,54040.73484,8399.002254,0,0,0
2060,4,19,17,101321.6406,51646.90577,36065.72091,52218.76493,8240.022103,0,0,0
2060,4,19,18,99020.55717,51186.39355,35807.38903,52255.01137,9166.348771,0,0,0
2060,4,19,19,97466.56748,52871.11378,39514.60799,57483.97199,9170.173335,0,0,0
2060,4,19,20,102317.1571,56162.67222,42738.36734,57703.27594,9055.436429,0,0,0
2060,4,19,21,102160.9584,56007.86432,42464.38952,58081.82081,8889.067916,0,0,0
2060,4,19,22,100314.2158,55939.02218,41738.67859,57318.99423,8417.864306,0,0,0
2060,4,19,23,100520.3076,54030.39114,39998.24143,54981.57747,7970.65114,0,0,0
2060,4,19,24,98783.17347,52440.85038,37944.97235,54259.34342,7762.038585,0,0,0
2060,4,20,1,98875.31068,52175.65167,37056.10902,53473.22177,7160.625971,0,0,0
2060,4,20,2,92216.48483,48525.80117,34114.49814,50190.87705,6880.476693,0,0,0
2060,4,20,3,89787.97392,47244.2247,32938.87947,48825.85556,6637.529988,0,0,0
2060,4,20,4,88069.9626,45506.91672,32095.9109,47473.95928,6550.695012,0,0,0
2060,4,20,5,85869.96936,44716.97051,31531.26625,47236.14097,6638.920738,0,0,0
2060,4,20,6,84040.43724,46122.14992,32572.41674,48198.19253,6633.270815,0,0,0
2060,4,20,7,85978.70865,46739.46924,34258.87541,48154.73159,6874.131395,0,0,0
2060,4,20,8,83684.14438,45190.17333,31654.95611,44941.66362,7419.74015,0,0,0
2060,4,20,9,81192.18049,44192.22301,31121.69026,44901.85339,7990.903942,0,0,0
2060,4,20,10,83986.98028,44262.89052,31839.92591,45564.89363,8121.721399,0,0,0
2060,4,20,11,88203.30079,44463.59318,32101.82159,45359.41026,8190.215855,0,0,0
2060,4,20,12,90294.20705,44741.1348,32393.44456,45606.87691,8071.132854,0,0,0
2060,4,20,13,88315.86465,45021.11023,32370.14949,45957.95445,8181.610587,0,0,0
2060,4,20,14,89869.24589,43340.64918,32042.36701,45712.40009,8250.278887,0,0,0
2060,4,20,15,89603.17796,43991.52035,32465.24204,46870.37362,8130.065901,0,0,0
2060,4,20,16,89511.38844,44544.69131,31938.66919,45472.84334,7984.732488,0,0,0
2060,4,20,17,89543.63646,42874.83473,31877.9977,45146.88622,7865.562565,0,0,0
2060,4,20,18,88331.59751,43753.87588,32388.31616,46162.48168,8786.413154,0,0,0
2060,4,20,19,89382.91787,46549.1972,36300.49696,52213.20193,8954.172418,0,0,0
2060,4,20,20,94273.75232,50394.36121,40246.75113,53581.17877,8822.920352,0,0,0
2060,4,20,21,93733.35888,50146.28612,39933.05,53320.76076,8597.09726,0,0,0
2060,4,20,22,93617.23122,49817.19981,39037.146,53003.32199,8157.185534,0,0,0
2060,4,20,23,94009.77051,48555.18077,37646.91716,51445.07312,7659.296901,0,0,0
2060,4,20,24,92597.37659,47817.04001,35357.82897,50176.70878,7001.471976,0,0,0
2060,4,21,1,87318.60971,44051.14877,32670.2908,47111.66881,7169.492005,0,0,0
2060,4,21,2,100480.8451,53205.24156,35813.56048,53150.04615,6927.153753,0,0,0
2060,4,21,3,98286.15406,52122.71624,34690.87725,51916.18981,6713.934336,0,0,0
2060,4,21,4,97102.2778,50434.51913,33795.32093,51184.13358,6696.115347,0,0,0
2060,4,21,5,93292.8387,49632.05617,33358.10378,50823.06002,6861.875407,0,0,0
2060,4,21,6,92869.44213,50315.17536,34537.89471,52106.288,6984.522205,0,0,0
2060,4,21,7,94307.91262,52490.65663,37154.76537,53010.36266,7155.671423,0,0,0
2060,4,21,8,96464.35799,51322.68709,34868.111,50379.75833,7901.895919,0,0,0
2060,4,21,9,100537.4312,51951.4801,35501.33703,52159.91881,8359.539713,0,0,0
2060,4,21,10,107610.9614,55290.15021,37661.17235,55294.40938,8597.705714,0,0,0
2060,4,21,11,113217.0762,55454.60644,38055.10239,56698.11111,8581.885928,0,0,0
2060,4,21,12,116341.7446,55772.04521,38678.24548,57268.92722,8448.982346,0,0,0
2060,4,21,13,115154.1307,55196.10071,38705.19127,56838.40306,8633.517536,0,0,0
2060,4,21,14,111363.2929,52485.52824,37476.98485,54612.76785,8653.074963,0,0,0
2060,4,21,15,115631.8534,55940.15216,39420.9931,57485.1889,8555.027062,0,0,0
2060,4,21,16,115383.083,55277.72037,38805.58606,57017.11448,8308.342715,0,0,0
2060,4,21,17,115723.643,54990.96503,38190.96132,55822.98144,8067.829822,0,0,0
2060,4,21,18,111310.1836,54546.18568,37604.76004,55129.86623,8976.772111,0,0,0
2060,4,21,19,108210.9833,55897.73427,40532.55034,58917.92255,9150.094376,0,0,0
2060,4,21,20,105682.8599,58262.61836,44583.45848,59195.81186,9138.186076,0,0,0
2060,4,21,21,105957.7069,58298.69095,44869.86613,59828.16867,8719.048683,0,0,0
2060,4,21,22,108051.4816,58214.11594,43787.77542,58996.93455,8166.138489,0,0,0
2060,4,21,23,107099.1653,56920.28348,41524.7638,57304.21751,7725.444465,0,0,0
2060,4,21,24,105730.3193,55529.01158,39373.62067,56175.97127,7442.079077,0,0,0
2060,4,22,1,103741.807,54369.90807,37966.52898,54323.66562,7163.32055,0,0,0
2060,4,22,2,100397.7477,53161.60676,35783.48551,53106.67212,6921.156142,0,0,0
2060,4,22,3,98204.88208,52079.6899,34661.58457,51873.07655,6708.110569,0,0,0
2060,4,22,4,97021.09275,50392.36201,33766.20209,51141.02032,6690.378502,0,0,0
2060,4,22,5,93214.00053,49589.7252,33329.24571,50780.1206,6855.964718,0,0,0
2060,4,22,6,92790.95166,50272.75748,34508.68895,52063.60935,6978.524594,0,0,0
2060,4,22,7,94228.90062,52447.10876,37123.82118,52966.55402,7149.499968,0,0,0
2060,4,22,8,96383.86832,51279.31306,34838.64447,50337.25353,7895.202933,0,0,0
2060,4,22,9,100453.8993,51908.45376,35471.8705,52116.19709,8352.759805,0,0,0
2060,4,22,10,107521.6057,55244.95082,37630.402,55248.77538,8590.925806,0,0,0
2060,4,22,11,113123.7221,55411.5801,38023.98435,56652.04251,8574.845254,0,0,0
2060,4,22,12,116246.8259,55727.88889,38646.60591,57222.94553,8442.028594,0,0,0
2060,4,22,13,115059.4727,55152.72669,38673.98631,56792.59522,8626.476862,0,0,0
2060,4,22,14,111270.6341,52442.5019,37446.47526,54568.09,8646.121211,0,0,0
2060,4,22,15,115536.587,55896.2566,39389.52737,57437.99031,8548.160232,0,0,0
2060,4,22,16,115287.7297,55233.47713,38774.55494,56971.39356,8301.475885,0,0,0
2060,4,22,17,115628.4635,54946.20026,38159.9302,55778.56435,8061.136836,0,0,0
2060,4,22,18,111219.2633,54502.72473,37573.55508,55085.7099,8969.38375,0,0,0
2060,4,22,19,108121.9753,55852.36104,40499.0854,58868.29014,9142.445249,0,0,0
2060,4,22,20,105594.8949,58214.81131,44544.95208,59146.00561,9130.363106,0,0,0
2060,4,22,21,105870.2635,58251.49235,44830.8382,59777.4932,8712.094932,0,0,0
2060,4,22,22,107962.1259,58166.56966,43749.61671,58947.38907,8159.271659,0,0,0
2060,4,22,23,107010.8527,56873.5195,41489.38659,57257.19276,7719.012245,0,0,0
2060,4,22,24,105642.8758,55483.20374,39341.37264,56130.85881,7435.646857,0,0,0
2060,4,23,1,103656.2758,54325.05637,37935.49786,54279.33545,7161.755956,0,0,0
2060,4,23,2,100376.1911,53149.95923,35775.57561,53095.11151,6919.591548,0,0,0
2060,4,23,3,98183.76006,52068.12928,34653.84852,51861.60285,6706.545975,0,0,0
2060,4,23,4,96999.36228,50381.14909,33758.55297,51129.63355,6688.813908,0,0,0
2060,4,23,5,93193.31312,49578.5992,33321.50966,50768.73383,6854.400124,0,0,0
2060,4,23,6,92769.91656,50261.54455,34500.86598,52052.22258,6976.873078,0,0,0
2060,4,23,7,94207.7786,52435.63507,37115.5636,52955.08033,7147.935374,0,0,0
2060,4,23,8,96362.57245,51268.01321,34830.8215,50325.86676,7893.464495,0,0,0
2060,4,23,9,100431.7342,51896.89315,35463.96061,52104.7234,8351.021367,0,0,0
2060,4,23,10,107498.0499,55233.30328,37622.40518,55236.69324,8589.100446,0,0,0
2060,4,23,11,113099.5578,55400.01949,38015.98754,56639.96036,8572.932973,0,0,0
2060,4,23,12,116221.9662,55716.32827,38638.43525,57210.77647,8440.203234,0,0,0
2060,4,23,13,115034.7869,55141.16607,38665.64181,56780.59999,8624.738424,0,0,0
2060,4,23,14,111246.2091,52431.28898,37438.21768,54556.35554,8644.295851,0,0,0
2060,4,23,15,115511.6405,55884.52215,39381.09595,57426.08201,8546.334872,0,0,0
2060,4,23,16,115262.6092,55221.74267,38766.21044,56959.48526,8299.737447,0,0,0
2060,4,23,17,115603.6038,54934.20503,38151.67262,55767.00374,8059.398398,0,0,0
2060,4,23,18,111195.5336,54491.42488,37565.38442,55074.23621,8967.471468,0,0,0
2060,4,23,19,108098.941,55840.88735,40490.56706,58855.16494,9140.532968,0,0,0
2060,4,23,20,105572.0345,58202.38148,44534.78221,59132.96732,9128.27698,0,0,0
2060,4,23,21,105847.0554,58239.23637,44820.66834,59764.19415,8710.269572,0,0,0
2060,4,23,22,107938.7439,58153.79214,43739.79453,58934.43771,8157.533221,0,0,0
2060,4,23,23,106987.3838,56861.26352,41480.43363,57245.11062,7717.273807,0,0,0
2060,4,23,24,105619.8415,55471.29544,39332.76737,56118.68974,7433.995341,0,0,0
2060,4,24,1,103633.6762,54313.49576,37927.50105,54267.94868,7201.826951,0,0,0
2060,4,24,2,100920.6699,53435.41074,35970.45451,53380.99763,6958.880245,0,0,0
2060,4,24,3,98716.93898,52348.10472,34846.46744,52143.92518,6744.965454,0,0,0
2060,4,24,4,97531.41122,50656.43074,33948.91192,51411.52127,6727.059543,0,0,0
2060,4,24,5,93708.15152,49853.44624,33511.17324,51049.6654,6893.341134,0,0,0
2060,4,24,6,93284.23343,50539.78155,34693.83259,52334.80567,7016.422542,0,0,0
2060,4,24,7,94728.00616,52720.47813,37315.65781,53242.09644,7187.919447,0,0,0
2060,4,24,8,96892.62219,51550.77015,35024.1358,50605.14682,7936.664678,0,0,0
2060,4,24,9,100981.4283,52179.91085,35658.23105,52390.26184,8395.264613,0,0,0
2060,4,24,10,108083.6427,55522.40552,37824.06399,55530.6631,8634.125989,0,0,0
2060,4,24,11,113711.3141,55689.0348,38218.86325,56939.23246,8618.045438,0,0,0
2060,4,24,12,116851.3677,56006.56049,38843.8317,57514.5685,8485.402621,0,0,0
2060,4,24,13,115656.8,55430.61599,38871.2121,57081.089,8670.459342,0,0,0
2060,4,24,14,111854.1408,52715.6105,37639.44188,54849.28234,8689.929848,0,0,0
2060,4,24,15,116138.8689,56171.97286,39591.2731,57733.17708,8591.795024,0,0,0
2060,4,24,16,115886.6215,55512.14873,38971.86765,57263.36422,8343.633005,0,0,0
2060,4,24,17,116227.79,55224.35033,38355.15679,56063.66818,8103.293957,0,0,0
2060,4,24,18,111792.8609,54775.39873,37767.99936,55367.85838,9017.01695,0,0,0
2060,4,24,19,108678.3624,56135.72643,40710.39254,59179.47054,9190.599981,0,0,0
2060,4,24,20,106149.7174,58515.73493,44788.33339,59461.18441,9178.604759,0,0,0
2060,4,24,21,106424.0429,58550.85137,45077.00102,60095.97503,8756.338178,0,0,0
2060,4,24,22,108525.206,58466.10252,43988.82577,59259.00408,8201.602624,0,0,0
2060,4,24,23,107567.5874,57165.57708,41710.5159,57556.37794,7760.300147,0,0,0
2060,4,24,24,106190.3969,55768.91602,39545.81295,56417.61415,7475.891696,0,0,0
2060,4,25,1,104195.1047,54604.33643,38130.5506,54558.35475,7183.573352,0,0,0
2060,4,25,2,100672.334,53306.33172,35881.96802,53251.57093,6940.974334,0,0,0
2060,4,25,3,98475.03534,52221.89412,34759.11094,52016.06307,6727.407231,0,0,0
2060,4,25,4,97290.11603,50531.87166,33862.16387,51283.65915,6709.675163,0,0,0
2060,4,25,5,93474.41854,49728.71332,33424.94672,50921.97714,6875.609067,0,0,0
2060,4,25,6,93050.23968,50413.04942,34605.95455,52206.07434,6998.516631,0,0,0
2060,4,25,7,94491.49167,52591.13835,37224.7375,53111.62667,7169.75277,0,0,0
2060,4,25,8,96650.97931,51422.29958,34936.08392,50477.80624,7917.107251,0,0,0
2060,4,25,9,100731.7017,52051.26644,35570.00532,52260.13976,8375.01181,0,0,0
2060,4,25,10,107817.6617,55392.37036,37732.18754,55397.41183,8613.525499,0,0,0
2060,4,25,11,113432.3817,55557.34812,38126.11758,56803.89506,8597.705714,0,0,0
2060,4,25,12,116564.3516,55875.04766,38750.04297,57375.49347,8464.889053,0,0,0
2060,4,25,13,115374.6515,55299.10316,38777.9449,56944.62162,8649.511165,0,0,0
2060,4,25,14,111577.4684,52586.1838,37548.26081,54716.11799,8669.41628,0,0,0
2060,4,25,15,115853.4174,56040.7208,39494.87671,57592.79821,8571.194535,0,0,0
2060,4,25,16,115603.0823,55380.37514,38877.992,57124.89763,8323.727891,0,0,0
2060,4,25,17,115943.99,55092.92442,38262.58496,55928.50463,8083.214998,0,0,0
2060,4,25,18,111520.1869,54646.31971,37676.036,55233.30328,8994.417257,0,0,0
2060,4,25,19,108414.9021,56002.30132,40609.8239,59032.051,9167.826444,0,0,0
2060,4,25,20,105886.6048,58373.18301,44672.72727,59311.5049,9155.831222,0,0,0
2060,4,25,21,106161.5388,58409.34252,44960.35183,59945.16554,8735.563844,0,0,0
2060,4,25,22,108257.9211,58325.46289,43875.47962,59111.14993,8181.697509,0,0,0
2060,4,25,23,107303.8664,57027.45818,41606.03578,57414.5214,7740.655798,0,0,0
2060,4,25,24,105931.1958,55634.01324,39448.28658,56281.32061,7456.8558,0,0,0
2060,4,26,1,103939.9889,54472.56283,38037.80494,54425.88577,7142.372373,0,0,0
2060,4,26,2,96599.26078,51038.88709,35145.5657,52743.33859,6964.356325,0,0,0
2060,4,26,3,94200.04255,50612.79594,34101.19909,51675.50307,6769.564351,0,0,0
2060,4,26,4,90755.15388,49435.52576,33130.45533,50536.47852,6695.419972,0,0,0
2060,4,26,5,89090.33876,48829.68012,32759.55959,49694.98762,6855.61703,0,0,0
2060,4,26,6,88151.14765,48993.78867,33738.73477,50974.56488,6956.533354,0,0,0
2060,4,26,7,90410.94316,51562.41768,36069.19779,51686.716,7035.023828,0,0,0
2060,4,26,8,89559.80393,49376.67963,33884.5028,49853.88085,7723.532184,0,0,0
2060,4,26,9,91815.42719,49321.74499,33939.35052,49081.84055,8221.246973,0,0,0
2060,4,26,10,96698.52559,52075.51765,35844.33084,52873.63452,8544.161824,0,0,0
2060,4,26,11,101423.6,52639.81461,36581.60238,53780.40376,8582.233616,0,0,0
2060,4,26,12,103082.4175,52631.81779,37064.80121,55117.78408,8424.383449,0,0,0
2060,4,26,13,103772.925,51538.94877,37025.0779,54314.36498,8519.823693,0,0,0
2060,4,26,14,99490.45696,49976.61457,35870.75509,52332.89339,8512.956863,0,0,0
2060,4,26,15,100047.4525,51934.61725,36684.43098,54058.11922,8422.297323,0,0,0
2060,4,26,16,100704.669,51180.30902,35827.98952,52692.83697,8192.388902,0,0,0
2060,4,26,17,98727.36961,50326.30137,35146.52184,50886.59992,8033.147985,0,0,0
2060,4,26,18,96471.65943,49869.87448,34891.1453,50926.32323,8930.790427,0,0,0
2060,4,26,19,94941.66018,51524.60666,38522.3076,56022.64104,8934.614991,0,0,0
2060,4,26,20,99716.8885,54777.83254,41625.76705,56214.73844,8825.528009,0,0,0
2060,4,26,21,99568.59974,54627.89226,41362.04601,56580.50578,8669.677045,0,0,0
2060,4,26,22,97757.14739,54558.61551,40657.97863,55849.05801,8210.468657,0,0,0
2060,4,26,23,97960.97924,52674.84413,38987.68744,53592.47861,7767.34082,0,0,0
2060,4,26,24,96262.87303,51107.72923,37001.86975,52899.10263,7560.553625,0,0,0
2060,4,27,1,96354.22795,50848.35429,36125.78394,52128.36616,7193.047839,0,0,0
2060,4,27,2,92635.18761,48747.0174,34269.56681,50417.30859,6912.029342,0,0,0
2060,4,27,3,90198.76681,47462.22482,33090.03665,49047.33256,6668.30034,0,0,0
2060,4,27,4,88475.54018,45718.65847,32244.3735,47692.48093,6581.117676,0,0,0
2060,4,27,5,86267.98473,44925.23538,31677.64272,47454.31493,6669.69109,0,0,0
2060,4,27,6,84431.84655,46335.71702,32722.53086,48418.80031,6663.954245,0,0,0
2060,4,27,7,86376.28941,46956.33938,34414.37869,48372.55786,6905.684044,0,0,0
2060,4,27,8,84073.11988,45400.17663,31802.02796,45150.45002,7453.726612,0,0,0
2060,4,27,9,81571.07304,44397.61946,31266.93676,45110.90056,8026.368077,0,0,0
2060,4,27,10,84377.43344,44468.63465,31987.60621,45776.89614,8157.533221,0,0,0
2060,4,27,11,88609.48682,44670.38038,32250.80572,45570.97816,8225.679989,0,0,0
2060,4,27,12,90708.04221,44949.05198,32542.68946,45819.57479,8106.596989,0,0,0
2060,4,27,13,88723.44143,45230.1574,32519.48131,46172.13001,8217.248565,0,0,0
2060,4,27,14,90280.73416,43543.1772,32190.30808,45925.53259,8286.351474,0,0,0
2060,4,27,15,90013.3624,44196.56911,32614.48694,47087.93913,8165.790802,0,0,0
2060,4,27,16,89920.70366,44752.00004,32086.26257,45685.10661,8020.1097,0,0,0
2060,4,27,17,89953.21245,43075.10278,32025.06955,45357.67182,7900.679012,0,0,0
2060,4,27,18,88737.08817,43957.36004,32537.12645,46377.35261,8824.65879,0,0,0
2060,4,27,19,89793.71076,46764.3289,36461.65016,52443.54496,8994.417257,0,0,0
2060,4,27,20,94699.23501,50622.96581,40425.6364,53822.12627,8861.165987,0,0,0
2060,4,27,21,94158.84157,50374.28226,40109.24069,53558.75292,8633.517536,0,0,0
2060,4,27,22,94040.71471,50043.8052,39208.12137,53237.75035,8192.997356,0,0,0
2060,4,27,23,94434.29706,48778.65697,37810.85186,51672.28696,7694.152582,0,0,0
2060,4,27,24,93017.55704,48037.90855,35515.59222,50403.0534,7033.459234,0,0,0
2060,4,28,1,87721.92732,44256.80598,32820.83953,47330.10354,7201.913873,0,0,0
2060,4,28,2,100921.4522,53435.84535,35970.62835,53381.43224,6958.967167,0,0,0
2060,4,28,3,98717.8082,52348.53933,34846.72821,52144.35979,6744.965454,0,0,0
2060,4,28,4,97532.10659,50656.86535,33949.34653,51412.0428,6727.146465,0,0,0
2060,4,28,5,93708.93382,49853.88085,33511.52093,51050.18694,6893.428056,0,0,0
2060,4,28,6,93285.01572,50540.21616,34694.09336,52335.24028,7016.422542,0,0,0
2060,4,28,7,94728.87537,52720.82582,37315.91857,53242.53105,7188.006369,0,0,0
2060,4,28,8,96893.23064,51551.29168,35024.48349,50605.66835,7936.7516,0,0,0
2060,4,28,9,100982.2106,52180.43238,35658.66566,52390.69645,8395.264613,0,0,0
2060,4,28,10,108084.3381,55522.84013,37824.41168,55531.09771,8634.212911,0,0,0
2060,4,28,11,113712.0095,55689.29556,38219.21094,56939.58015,8618.13236,0,0,0
2060,4,28,12,116852.2369,56006.82126,38844.09246,57515.00311,8485.489543,0,0,0
2060,4,28,13,115657.7562,55430.78984,38871.47286,57081.43668,8670.546264,0,0,0
2060,4,28,14,111855.01,52716.04511,37639.70264,54849.63003,8689.929848,0,0,0
2060,4,28,15,116139.3035,56172.40747,39591.53387,57733.78553,8591.881946,0,0,0
2060,4,28,16,115887.4038,55512.58334,38972.12842,57263.7119,8343.719927,0,0,0
2060,4,28,17,116228.6592,55224.69802,38355.50447,56063.92894,8103.380879,0,0,0
2060,4,28,18,111793.6432,54775.92026,37768.26013,55368.37991,9017.01695,0,0,0
2060,4,28,19,108679.2316,56136.07412,40710.74023,59179.73131,9190.686903,0,0,0
2060,4,28,20,106150.4997,58516.16953,44788.768,59461.44518,9178.604759,0,0,0
2060,4,28,21,106424.5645,58551.28598,45077.26178,60096.40964,8756.4251,0,0,0
2060,4,28,22,108525.8144,58466.36329,43989.17346,59259.43869,8201.689546,0,0,0
2060,4,28,23,107568.3697,57165.92477,41710.86359,57556.81254,7760.387069,0,0,0
2060,4,28,24,106191.0922,55769.26371,39545.98679,56418.04876,7475.891696,0,0,0
2060,4,29,1,104195.9739,54604.68412,38130.81137,54558.87628,7195.742418,0,0,0
2060,4,29,2,100838.6156,53392.99286,35941.4226,53338.4059,6952.969556,0,0,0
2060,4,29,3,98636.97084,52306.29529,34817.60937,52101.42037,6739.141687,0,0,0
2060,4,29,4,97452.22537,50615.14284,33920.48846,51369.27722,6721.322698,0,0,0
2060,4,29,5,93630.53027,49812.41911,33482.66286,51007.24752,6887.517367,0,0,0
2060,4,29,6,93206.87294,50497.62443,34664.97452,52292.38778,7010.511853,0,0,0
2060,4,29,7,94649.95029,52677.62563,37285.75667,53199.41779,7181.921836,0,0,0
2060,4,29,8,96812.65404,51508.5261,34995.10389,50563.16354,7930.145536,0,0,0
2060,4,29,9,100899.1132,52137.49296,35629.11222,52347.32242,8388.397783,0,0,0
2060,4,29,10,107995.8516,55479.37918,37793.90209,55486.33293,8627.085315,0,0,0
2060,4,29,11,113619.9592,55645.22616,38188.35366,56895.24998,8611.352452,0,0,0
2060,4,29,12,116755.7536,55963.62107,38812.71366,57468.93451,8478.535791,0,0,0
2060,4,29,13,115563.4459,55387.50273,38840.18098,57036.2373,8663.418669,0,0,0
2060,4,29,14,111762.3513,52672.67109,37609.3669,54805.73447,8683.149939,0,0,0
2060,4,29,15,116045.3409,56128.59884,39559.54661,57686.76078,8585.102038,0,0,0
2060,4,29,16,115793.1805,55468.51394,38940.48885,57217.12177,8337.026941,0,0,0
2060,4,29,17,116134.7835,55181.49783,38324.56028,56018.9034,8096.774814,0,0,0
2060,4,29,18,111702.7229,54732.45931,37737.66362,55323.78898,9009.454745,0,0,0
2060,4,29,19,108591.3535,56091.65703,40677.10145,59130.53351,9183.21162,0,0,0
2060,4,29,20,106063.2301,58468.53633,44750.2616,59411.55201,9170.955632,0,0,0
2060,4,29,21,106337.7295,58504.60892,45038.49461,60045.90802,8749.55827,0,0,0
2060,4,29,22,108436.8064,58419.94699,43951.44936,59210.24089,8195.083481,0,0,0
2060,4,29,23,107480.2309,57119.16079,41675.92098,57509.61395,7753.867926,0,0,0
2060,4,29,24,106105.2134,55724.49893,39513.56492,56372.67553,7469.633319,0,0,0
2060,4,30,1,104110.3558,54560.9624,38099.95409,54514.98072,7194.090902,0,0,0
2060,4,30,2,100816.0159,53381.69301,35933.42578,53326.75837,6951.31804,0,0,0
2060,4,30,3,98615.41421,52295.08236,34809.87333,52089.85976,6737.577093,0,0,0
2060,4,30,4,97430.58181,50604.19068,33912.75241,51357.97738,6719.758104,0,0,0
2060,4,30,5,93610.0167,49801.20618,33474.92681,50995.94767,6885.865851,0,0,0
2060,4,30,6,93186.01168,50486.32458,34656.97771,52280.74025,7008.947259,0,0,0
2060,4,30,7,94628.65443,52666.15194,37277.49909,53187.77026,7180.27032,0,0,0
2060,4,30,8,96791.01049,51497.05241,34987.28092,50551.60293,7928.49402,0,0,0
2060,4,30,9,100877.0351,52125.93235,35621.1154,52335.76181,8386.659345,0,0,0
2060,4,30,10,107972.1219,55467.64472,37785.73143,55474.77232,8625.346877,0,0,0
2060,4,30,11,113595.0126,55633.57863,38180.00916,56883.08091,8609.527092,0,0,0
2060,4,30,12,116730.0247,55952.06046,38804.28223,57456.07006,8476.710431,0,0,0
2060,4,30,13,115538.4124,55375.94212,38831.57571,57023.98131,8661.506387,0,0,0
2060,4,30,14,111737.5786,52661.02355,37601.28316,54793.82617,8681.237658,0,0,0
2060,4,30,15,116019.699,56117.03822,39551.11518,57674.41787,8583.189757,0,0,0
2060,4,30,16,115767.7124,55456.77948,38932.05742,57204.77886,8335.201581,0,0,0
2060,4,30,17,116108.8808,55169.58953,38316.04193,56006.73433,8094.949455,0,0,0
2060,4,30,18,111678.3848,54720.98562,37729.49296,55311.79376,9007.455542,0,0,0
2060,4,30,19,108568.0585,56079.40104,40668.23542,59117.4083,9181.125494,0,0,0
2060,4,30,20,106039.7612,58455.75882,44739.74405,59398.4268,9168.869506,0,0,0
2060,4,30,21,106314.4344,58491.8314,45028.32475,60032.69589,8747.73291,0,0,0
2060,4,30,22,108412.9898,58407.34332,43941.45334,59196.94184,8193.345043,0,0,0
2060,4,30,23,107456.5882,57107.33941,41666.62034,57497.18412,7752.042566,0,0,0
2060,4,30,24,106081.6576,55712.50371,39504.61197,56360.41954,7467.981803,0,0,0
2060,5,1,1,104087.8431,54549.40179,38091.87036,54503.07242,7234.77035,0,0,0
2060,5,1,2,101366.4054,53663.31996,36130.21696,53614.55678,6991.041348,0,0,0
2060,5,1,3,99149.46235,52576.79623,35003.62224,52373.13823,6776.083494,0,0,0
2060,5,1,4,97964.0215,50878.77695,34104.58904,51640.21278,6758.177583,0,0,0
2060,5,1,5,94127.98429,50076.22707,33665.28577,51277.31386,6924.893783,0,0,0
2060,5,1,6,93701.54546,50766.47386,34850.03124,52563.41026,7048.670566,0,0,0
2060,5,1,7,95150.18582,52951.42961,37478.02791,53476.78557,7220.689003,0,0,0
2060,5,1,8,97325.05863,51780.59165,35181.81213,50832.27374,7971.607281,0,0,0
2060,5,1,9,101428.1199,52409.38466,35816.77659,52620.77871,8431.424122,0,0,0
2060,5,1,10,108558.3232,55757.61617,37989.12867,55771.69752,8671.067796,0,0,0
2060,5,1,11,114212.1581,55925.28852,38384.53639,57182.7007,8654.900323,0,0,0
2060,5,1,12,117366.6407,56242.20576,39011.93865,57764.38204,8521.99674,0,0,0
2060,5,1,13,116166.0754,55666.34818,39037.9283,57327.94719,8707.488071,0,0,0
2060,5,1,14,112348.9003,52945.25816,37803.81119,55085.79682,8727.306264,0,0,0
2060,5,1,15,116648.492,56410.6604,39763.5523,57983.16446,8628.041456,0,0,0
2060,5,1,16,116396.8531,55746.66402,39141.27843,57511.0047,8379.09714,0,0,0
2060,5,1,17,116741.933,55459.2133,38520.743,56306.00643,8139.366545,0,0,0
2060,5,1,18,112282.6658,55010.34862,37931.32561,55606.19823,9057.522555,0,0,0
2060,5,1,19,109153.2167,56375.89164,40891.27701,59441.88775,9231.887883,0,0,0
2060,5,1,20,106618.2265,58772.8499,44997.20671,59728.99078,9219.544973,0,0,0
2060,5,1,21,106895.1596,58808.48788,45285.70049,60367.25828,8794.409969,0,0,0
2060,5,1,22,109004.6672,58717.74142,44192.04917,59524.81124,8237.15368,0,0,0
2060,5,1,23,108042.0071,57415.65138,41898.96257,57811.92832,7795.503515,0,0,0
2060,5,1,24,106659.2536,56011.16735,39720.17827,56662.47313,7509.96508,0,0,0
2060,5,2,1,104655.6169,54843.45857,38295.78913,54795.91229,7216.169064,0,0,0
2060,5,2,2,101115.8095,53535.284,36040.07895,53483.56547,6972.874671,0,0,0
2060,5,2,3,98905.29874,52448.8472,34915.22267,52244.58074,6758.52527,0,0,0
2060,5,2,4,97720.37942,50753.87018,34016.97177,51512.43759,6740.706281,0,0,0
2060,5,2,5,93891.90442,49950.71185,33578.53772,51149.53867,6907.161716,0,0,0
2060,5,2,6,93467.03018,50638.95944,34762.32705,52434.41816,7030.50389,0,0,0
2060,5,2,7,94912.54135,52821.13369,37386.49915,53344.40352,7202.174638,0,0,0
2060,5,2,8,97082.19885,51650.90417,35092.89103,50704.67239,7952.223698,0,0,0
2060,5,2,9,101176.8287,52280.65333,35727.59473,52490.9174,8410.997476,0,0,0
2060,5,2,10,108290.9515,55625.58181,37896.46993,55636.62089,8650.20654,0,0,0
2060,5,2,11,113930.705,55792.6457,38291.35611,57046.05947,8634.212911,0,0,0
2060,5,2,12,117076.8431,56109.73678,38917.97608,57623.48164,8501.39625,0,0,0
2060,5,2,13,115879.407,55533.18383,38944.40033,57188.43754,8686.539894,0,0,0
2060,5,2,14,112070.2287,52816.87452,37711.23936,54952.89324,8706.358086,0,0,0
2060,5,2,15,116362.5189,56276.01838,39666.37362,57841.74253,8607.527888,0,0,0
2060,5,2,16,116109.0547,55614.28196,39046.01203,57371.23429,8359.105103,0,0,0
2060,5,2,17,116452.0485,55326.39664,38427.56273,56169.97366,8119.02682,0,0,0
2060,5,2,18,112006.9495,54877.53196,37839.44916,55472.07774,9034.662096,0,0,0
2060,5,2,19,108885.758,56240.46732,40789.14378,59294.64205,9208.679736,0,0,0
2060,5,2,20,106354.3316,58627.42956,44879.60138,59578.6159,9196.423748,0,0,0
2060,5,2,21,106630.3086,58663.76292,45168.79054,60214.62343,8772.679495,0,0,0
2060,5,2,22,108734.7747,58576.84102,44077.92072,59374.34944,8217.422409,0,0,0
2060,5,2,23,107774.4615,57274.22945,41792.83094,57668.59411,7775.685323,0,0,0
2060,5,2,24,106395.4456,55875.30842,39622.13037,56524.26732,7490.75534,0,0,0
2060,5,3,1,104395.8074,54709.33808,38203.04346,54662.40026,7174.794241,0,0,0
2060,5,3,2,97027.61189,51264.44941,35302.54664,52974.02931,6996.430506,0,0,0
2060,5,3,3,94622.74374,50837.83674,34256.26776,51905.41149,6800.856235,0,0,0
2060,5,3,4,91167.94597,49659.08888,33283.35095,50763.34467,6726.364168,0,0,0
2060,5,3,5,89498.87168,49050.63559,32911.2383,49919.76765,6887.082758,0,0,0
2060,5,3,6,88556.29062,49217.43871,33892.93422,51201.17027,6988.694457,0,0,0
2060,5,3,7,90821.82297,51795.02068,36229.30792,51913.32138,7067.532618,0,0,0
2060,5,3,8,89969.98837,49603.02425,34038.78917,50079.61702,7758.474787,0,0,0
2060,5,3,9,92234.47766,49544.09121,34094.24534,49305.9252,8256.537263,0,0,0
2060,5,3,10,97132.09202,52306.99066,36003.48483,53105.97675,8581.016709,0,0,0
2060,5,3,11,101871.7693,52870.33148,36743.27711,54013.87598,8618.480047,0,0,0
2060,5,3,12,103539.279,52862.76928,37225.95441,55354.47241,8461.325255,0,0,0
2060,5,3,13,104235.0018,51767.55336,37187.53493,54546.62029,8556.678578,0,0,0
2060,5,3,14,99938.53934,50202.26382,36030.08293,52564.45332,8549.985591,0,0,0
2060,5,3,15,100495.4479,52164.87336,36846.01879,54293.24296,8458.80452,0,0,0
2060,5,3,16,101154.1421,51408.30516,35987.57812,52923.87537,8227.853037,0,0,0
2060,5,3,17,99171.27975,50552.99368,35304.45893,51115.5522,8068.872885,0,0,0
2060,5,3,18,96907.83352,50095.34988,35049.16931,51154.75398,8970.948344,0,0,0
2060,5,3,19,95374.35739,51754.94969,38689.37148,56271.67228,8974.772908,0,0,0
2060,5,3,20,100162.0155,55012.60859,41814.38757,56467.76808,8863.773644,0,0,0
2060,5,3,21,100010.9453,54862.66831,41549.53654,56834.92618,8706.705774,0,0,0
2060,5,3,22,98196.10297,54794.52154,40842.16614,56098.87155,8245.932792,0,0,0
2060,5,3,23,98399.23945,52908.22943,39160.31433,53828.55849,7802.631111,0,0,0
2060,5,3,24,96696.35254,51337.63765,37163.37064,53131.01026,7595.14854,0,0,0
2060,5,4,1,96785.70825,51076.00274,36285.1987,52359.31764,7279.882815,0,0,0
2060,5,4,2,93738.31342,49330.00257,34679.83817,51013.07128,6995.648208,0,0,0
2060,5,4,3,91281.11828,48037.12626,33489.35585,49633.88153,6749.572315,0,0,0
2060,5,4,4,89543.89723,46277.74012,32636.39126,48269.20773,6661.607354,0,0,0
2060,5,4,5,87317.13204,45476.14637,32062.88058,48029.21636,6750.963065,0,0,0
2060,5,4,6,85464.04409,46899.84014,33119.67702,48998.91706,6745.22622,0,0,0
2060,5,4,7,87421.95985,47528.807,34824.04159,48945.8947,6989.215988,0,0,0
2060,5,4,8,85100.53671,45955.25987,32191.00346,45700.40487,7543.343089,0,0,0
2060,5,4,9,82572.15254,44939.66442,31650.00156,45662.07231,8119.809117,0,0,0
2060,5,4,10,85406.84948,45011.89651,32377.45093,46336.23855,8250.713496,0,0,0
2060,5,4,11,89681.40767,45216.07605,32642.82348,46129.01675,8319.381796,0,0,0
2060,5,4,12,91797.6082,45498.05069,32936.35873,46381.09025,8200.472639,0,0,0
2060,5,4,13,89795.53612,45781.67684,32912.71598,46736.77466,8310.689606,0,0,0
2060,5,4,14,91370.12631,44077.8338,32580.84817,46488.26495,8379.357905,0,0,0
2060,5,4,15,91096.67002,44738.44022,33009.11236,47662.05827,8259.057998,0,0,0
2060,5,4,16,91002.62052,45299.43415,32475.93344,46245.31825,8113.550741,0,0,0
2060,5,4,17,91038.08466,43604.28329,32413.78428,45915.01504,7992.381615,0,0,0
2060,5,4,18,89807.44442,44494.53738,32931.0565,46944.69184,8926.618176,0,0,0
2060,5,4,19,90878.14836,47333.40657,36883.30828,53051.30288,9101.070426,0,0,0
2060,5,4,20,95820.17981,51228.98528,40900.83842,54459.17686,8964.863811,0,0,0
2060,5,4,21,95278.22177,50977.08562,40579.40124,54190.93588,8730.696218,0,0,0
2060,5,4,22,95161.39874,50643.30553,39661.76676,53861.9365,8286.438396,0,0,0
2060,5,4,23,95555.24186,49367.29206,38245.11366,52271.35268,7786.029028,0,0,0
2060,5,4,24,94127.89737,48618.89452,35933.94731,50997.85995,7118.208085,0,0,0
2060,5,5,1,88786.19904,44800.15477,33217.63799,47906.3088,7289.009615,0,0,0
2060,5,5,2,102095.4193,54042.82097,36390.3742,53994.1447,7043.020643,0,0,0
2060,5,5,3,99858.91888,52947.77889,35259.17262,52747.85853,6827.106648,0,0,0
2060,5,5,4,98669.21886,51244.37046,34357.01024,52013.0208,6808.939971,0,0,0
2060,5,5,5,94812.14655,50439.47368,33915.96852,51648.73113,6976.699235,0,0,0
2060,5,5,6,94382.57853,51132.15429,35104.97317,52936.73981,7101.171393,0,0,0
2060,5,5,7,95835.99959,53330.75678,37742.3574,53860.11114,7274.667502,0,0,0
2060,5,5,8,98028.95216,52153.66043,35437.10174,51201.51796,8029.062656,0,0,0
2060,5,5,9,102154.3524,52781.4973,36074.32618,52999.58435,8491.052545,0,0,0
2060,5,5,10,109331.6673,56140.50714,38256.7612,56163.3676,8731.391593,0,0,0
2060,5,5,11,115029.7455,56308.2664,38651.7343,57585.23601,8715.137198,0,0,0
2060,5,5,12,118216.9976,56633.18045,39286.35108,58172.30651,8581.97285,0,0,0
2060,5,5,13,117000.5257,56049.41299,39314.68762,57733.17708,8767.89879,0,0,0
2060,5,5,14,113153.1886,53319.54385,38071.35679,55471.81697,8788.412358,0,0,0
2060,5,5,15,117488.1575,56803.80814,40048.91689,58396.65192,8688.104488,0,0,0
2060,5,5,16,117228.8695,56129.46805,39416.99469,57915.88691,8437.943265,0,0,0
2060,5,5,17,117579.6863,55842.2781,38790.6355,56701.67491,8197.343451,0,0,0
2060,5,5,18,113082.9557,55394.89109,38198.87121,55992.65299,9124.365495,0,0,0
2060,5,5,19,109930.5592,56766.43172,41189.59296,59872.7596,9301.164635,0,0,0
2060,5,5,20,107383.4868,59195.72493,45337.24518,60168.03329,9288.387116,0,0,0
2060,5,5,21,107663.0277,59232.05829,45630.43274,60813.68915,8856.298361,0,0,0
2060,5,5,22,109792.0926,59139.31262,44524.17774,59960.28995,8295.391352,0,0,0
2060,5,5,23,108817.7851,57828.26963,42209.27375,58226.89346,7852.350437,0,0,0
2060,5,5,24,107422.4279,56410.22579,40006.23824,57066.05151,7565.85586,0,0,0
2060,5,6,1,105410.099,55234.08558,38564.8124,55180.02016,7282.664316,0,0,0
2060,5,6,2,102010.2359,53999.01233,36360.12538,53949.81454,7036.93611,0,0,0
2060,5,6,3,99775.99539,52904.66563,35229.53225,52703.78913,6821.109037,0,0,0
2060,5,6,4,98587.33843,51201.6918,34327.54371,51969.38601,6803.029282,0,0,0
2060,5,6,5,94732.43917,50397.40348,33886.76277,51605.61786,6970.614702,0,0,0
2060,5,6,6,94303.47961,51089.91024,35075.15896,52893.45271,7095.08686,0,0,0
2060,5,6,7,95756.6399,53286.60045,37711.23936,53815.34636,7268.322203,0,0,0
2060,5,6,8,97946.89789,52110.63409,35407.46138,51158.4047,8022.282748,0,0,0
2060,5,6,9,102069.7774,52738.38404,36044.16428,52955.94955,8484.098793,0,0,0
2060,5,6,10,109241.4424,56095.56851,38225.38239,56117.82052,8724.263997,0,0,0
2060,5,6,11,114934.3052,56263.50162,38620.3555,57538.73279,8708.096524,0,0,0
2060,5,6,12,118117.1244,56587.19877,39254.01613,58124.49946,8574.845254,0,0,0
2060,5,6,13,116903.4339,56005.43051,39282.09191,57685.45695,8760.858116,0,0,0
2060,5,6,14,113059.5737,53275.73522,38039.97798,55427.48681,8781.197841,0,0,0
2060,5,6,15,117390.0227,56758.43491,40015.45196,58348.14951,8681.150736,0,0,0
2060,5,6,16,117131.517,56084.61636,39384.4859,57869.036,8430.989513,0,0,0
2060,5,6,17,117482.3337,55798.29562,38759.25669,56655.51938,8190.650464,0,0,0
2060,5,6,18,112988.7324,55349.77863,38168.01394,55946.93207,9116.803289,0,0,0
2060,5,6,19,109839.4651,56720.97157,41154.73728,59822.25798,9293.167821,0,0,0
2060,5,6,20,107294.6527,59146.3533,45297.60879,60117.09706,9280.216458,0,0,0
2060,5,6,21,107573.0635,59182.86049,45589.92714,60761.18832,8849.083843,0,0,0
2060,5,6,22,109700.3031,59089.94098,44485.32365,59909.09295,8288.611444,0,0,0
2060,5,6,23,108727.6471,57780.81028,42172.9404,58179.08641,7845.831294,0,0,0
2060,5,6,24,107333.5068,56363.80949,39972.68639,57019.11368,7559.42364,0,0,0
2060,5,7,1,105322.4817,55188.36466,38532.91207,55134.99462,7281.0128,0,0,0
2060,5,7,2,101987.7231,53987.3648,36352.12856,53938.167,7035.371516,0,0,0
2060,5,7,3,99754.09107,52893.19194,35221.7962,52692.40236,6819.544443,0,0,0
2060,5,7,4,98565.52104,51190.21811,34319.80766,51958.08616,6801.464688,0,0,0
2060,5,7,5,94711.57792,50386.19056,33878.9398,51594.2311,6969.050108,0,0,0
2060,5,7,6,94282.35758,51078.78424,35067.33599,52881.8921,7093.522266,0,0,0
2060,5,7,7,95735.34403,53274.95292,37703.41639,53803.52498,7266.670687,0,0,0
2060,5,7,8,97925.60202,52098.98656,35399.46456,51147.01793,8020.54431,0,0,0
2060,5,7,9,102047.7861,52726.91035,36036.16746,52944.04125,8482.273433,0,0,0
2060,5,7,10,109217.7997,56083.83406,38217.03789,56106.08606,8722.438637,0,0,0
2060,5,7,11,114909.0979,56251.33256,38612.35868,57526.4768,8706.271164,0,0,0
2060,5,7,12,118091.2216,56574.94278,39245.49779,58111.72194,8573.019894,0,0,0
2060,5,7,13,116877.6181,55993.86989,39273.39972,57673.02712,8759.032757,0,0,0
2060,5,7,14,113034.801,53264.00076,38031.63348,55415.40466,8779.198637,0,0,0
2060,5,7,15,117363.7723,56746.61353,40006.41209,58335.98044,8679.238454,0,0,0
2060,5,7,16,117105.3535,56072.53421,39376.48909,57856.34541,8429.164153,0,0,0
2060,5,7,17,117456.431,55786.73501,38750.73834,56643.43724,8188.825105,0,0,0
2060,5,7,18,112964.1335,55338.04417,38159.75636,55935.02377,9114.717164,0,0,0
2060,5,7,19,109816.17,56709.06327,41145.61048,59808.95893,9290.994773,0,0,0
2060,5,7,20,107271.0968,59132.96732,45287.09124,60103.62416,9278.043411,0,0,0
2060,5,7,21,107549.16,59169.82221,45579.32266,60747.28082,8847.171561,0,0,0
2060,5,7,22,109676.1388,59076.72886,44475.06687,59895.96775,8286.786084,0,0,0
2060,5,7,23,108703.7436,57768.2066,42163.20514,58166.48274,7844.005935,0,0,0
2060,5,7,24,107310.1248,56351.81427,39963.82036,57006.33616,7557.772124,0,0,0
2060,5,8,1,105299.5343,55176.28252,38524.74141,55123.08632,7322.387624,0,0,0
2060,5,8,2,102548.5432,54275.85858,36550.39741,54229.96381,7075.355589,0,0,0
2060,5,8,3,100297.9614,53177.60039,35417.02278,52978.3754,6858.311609,0,0,0
2060,5,8,4,99105.56679,51470.97584,34512.16582,52240.8431,6840.405698,0,0,0
2060,5,8,5,95234.50006,50662.08066,34070.77643,51877.16187,7008.686493,0,0,0
2060,5,8,6,94801.36824,51357.71661,35261.8672,53167.43053,7133.680183,0,0,0
2060,5,8,7,96259.65692,53564.83745,37906.20518,54096.45178,7308.132432,0,0,0
2060,5,8,8,98461.56245,52383.48193,35594.34346,51429.25333,8064.613712,0,0,0
2060,5,8,9,102603.4778,53010.1019,36235.04477,53231.66581,8527.47282,0,0,0
2060,5,8,10,109805.5655,56379.28159,38420.60898,56404.40202,8768.507243,0,0,0
2060,5,8,11,115536.1524,56548.25776,38818.53743,57835.48415,8752.513614,0,0,0
2060,5,8,12,118744.2659,56874.38872,39457.5003,58425.68384,8618.13236,0,0,0
2060,5,8,13,117515.2771,56283.05905,39484.18532,57983.16446,8805.970582,0,0,0
2060,5,8,14,113648.5565,53550.84302,38236.42147,55709.54836,8826.48415,0,0,0
2060,5,8,15,118006.9943,57046.05947,40226.84602,58652.54999,8725.30706,0,0,0
2060,5,8,16,117749.2709,56368.06867,39587.79622,58168.39502,8474.36354,0,0,0
2060,5,8,17,118098.3492,56079.05335,38958.22092,56945.31699,8232.633741,0,0,0
2060,5,8,18,113581.7136,55632.70941,38362.45823,56231.34052,9164.958021,0,0,0
2060,5,8,19,110412.5411,57006.16232,41375.25814,60139.43598,9343.930209,0,0,0
2060,5,8,20,107854.082,59458.05522,45547.42233,60438.18655,9331.15269,0,0,0
2060,5,8,21,108134.6659,59493.51936,45843.0437,61090.44847,8895.065527,0,0,0
2060,5,8,22,110279.203,59401.72983,44729.83495,60232.96395,8330.681642,0,0,0
2060,5,8,23,109294.8125,58083.3854,42401.54499,58485.0515,7887.466884,0,0,0
2060,5,8,24,107896.4999,56656.47552,40183.1243,57315.34351,7600.276932,0,0,0
2060,5,9,1,105877.3911,55474.33771,38732.65859,55417.75155,7303.612494,0,0,0
2060,5,9,2,102293.9489,54144.9542,36460.86786,54097.06023,7057.275834,0,0,0
2060,5,9,3,100050.0601,53047.91292,35327.84092,52848.86177,6840.753386,0,0,0
2060,5,9,4,98860.09935,51343.11373,34424.72239,52112.45945,6822.673631,0,0,0
2060,5,9,5,94996.76866,50536.47852,33983.68068,51748.95207,6990.69366,0,0,0
2060,5,9,6,94565.28836,51231.24525,35173.46763,53038.09075,7115.25274,0,0,0
2060,5,9,7,96021.83861,53433.15077,37814.06797,53962.85282,7289.27038,0,0,0
2060,5,9,8,98218.78959,52253.79446,35506.03081,51301.21738,8044.708597,0,0,0
2060,5,9,9,102350.7089,52881.1098,36144.90676,53101.54373,8506.785408,0,0,0
2060,5,9,10,109539.3238,56244.03112,38328.64561,56268.45617,8747.819832,0,0,0
2060,5,9,11,115251.2225,56414.22419,38725.00946,57694.58375,8731.391593,0,0,0
2060,5,9,12,118448.2099,56739.39901,39361.71237,58283.56654,8597.792635,0,0,0
2060,5,9,13,117225.4795,56152.41544,39389.35353,57842.52482,8784.84856,0,0,0
2060,5,9,14,113371.1018,53421.06863,38143.50196,55575.94941,8804.840597,0,0,0
2060,5,9,15,117715.806,56909.50517,40127.32045,58508.34656,8704.358883,0,0,0
2060,5,9,16,117457.2133,56234.73047,39492.26906,58027.23386,8453.936894,0,0,0
2060,5,9,17,117805.4224,55945.54132,38863.3022,56808.76269,8212.641705,0,0,0
2060,5,9,18,113302.6073,55499.7189,38270.84254,56098.00233,9142.097562,0,0,0
2060,5,9,19,110142.5617,56871.34646,41270.86494,59990.71262,9319.939765,0,0,0
2060,5,9,20,107591.0563,59309.85339,45428.94778,60286.59476,9307.162246,0,0,0
2060,5,9,21,107869.3803,59346.79519,45723.52609,60935.46673,8873.074287,0,0,0
2060,5,9,22,110005.1382,59253.528,44614.22883,60079.37295,8310.86345,0,0,0
2060,5,9,23,109026.7453,57940.65965,42293.58799,58339.89193,7867.648691,0,0,0
2060,5,9,24,107630.5189,56519.052,40084.12026,57174.96465,7580.806427,0,0,0
2060,5,10,1,105614.9739,55340.39106,38638.00064,55284.76105,7260.933842,0,0,0
2060,5,10,2,98161.07345,51859.34289,35716.46872,53583.26489,7080.831669,0,0,0
2060,5,10,3,95733.6056,51430.03563,34665.14836,52507.95409,6883.171272,0,0,0
2060,5,10,4,92256.4689,50245.72477,33686.8424,51361.45425,6808.244596,0,0,0
2060,5,10,5,90575.13863,49636.1415,33311.3398,50512.92268,6970.267014,0,0,0
2060,5,10,6,89625.34305,49805.11767,34298.5118,51798.41063,7073.008698,0,0,0
2060,5,10,7,91904.43522,52400.25786,36649.74914,52514.38631,7152.542235,0,0,0
2060,5,10,8,91051.47063,50198.96079,34445.40981,50672.59821,7850.438155,0,0,0
2060,5,10,9,93339.16807,50135.07319,34502.25673,49897.51564,8350.152148,0,0,0
2060,5,10,10,98273.28962,52909.7071,36422.5353,53713.73466,8677.065407,0,0,0
2060,5,10,11,103056.0801,53480.00168,37167.1952,54628.76148,8715.571807,0,0,0
2060,5,10,12,104742.278,53473.83022,37654.82705,55983.35234,8557.373953,0,0,0
2060,5,10,13,105444.5201,52370.53057,37615.19067,55165.59113,8652.727275,0,0,0
2060,5,10,14,101119.3733,50794.46271,36449.22032,53174.73197,8646.034289,0,0,0
2060,5,10,15,101673.0658,52771.67513,37270.28457,54909.51921,8554.94014,0,0,0
2060,5,10,16,102336.2799,52005.54552,36407.67166,53532.5025,8321.467921,0,0,0
2060,5,10,17,100342.2916,51150.84249,35718.72869,51717.92096,8162.574691,0,0,0
2060,5,10,18,98056.85409,50690.06951,35463.26523,51753.99354,9077.079982,0,0,0
2060,5,10,19,96514.59885,52361.66453,39136.32388,56930.45335,9081.078389,0,0,0
2060,5,10,20,101334.7658,55634.18708,42315.92692,57138.45745,8967.55839,0,0,0
2060,5,10,21,101178.3933,55481.29146,42046.29519,57510.57009,8805.188285,0,0,0
2060,5,10,22,99351.99037,55413.75315,41327.19033,56763.30254,8339.634598,0,0,0
2060,5,10,23,99554.34455,53521.46342,39613.87279,54457.69919,7894.420635,0,0,0
2060,5,10,24,97833.55173,51938.87642,37588.15796,53744.0704,7685.895002,0,0,0
2060,5,11,1,97923.68974,51674.89462,36705.37916,52966.20634,5826.20099,0,0,0
2060,5,11,2,75031.33019,39465.32327,27759.55124,40851.46678,5593.511069,0,0,0
2060,5,11,3,73008.13609,38399.31311,26782.8968,39706.61846,5393.590703,0,0,0
2060,5,11,4,71599.04519,36972.49015,26088.13006,38585.67366,5322.575512,0,0,0
2060,5,11,5,69778.29219,36327.61659,25623.18483,38389.7517,5394.720688,0,0,0
2060,5,11,6,68280.10636,37483.33015,26474.58482,39188.56395,5390.026905,0,0,0
2060,5,11,7,69876.7747,38001.73235,27867.59516,39186.56474,5588.295755,0,0,0
2060,5,11,8,67993.61178,36732.1511,25718.36431,36518.584,6042.201907,0,0,0
2060,5,11,9,65962.76855,35909.52226,25283.84174,36481.12066,6524.53152,0,0,0
2060,5,11,10,68245.94605,35962.28385,25871.52069,37020.21027,6636.921535,0,0,0
2060,5,11,11,71712.30443,36124.13243,26086.91316,36850.62565,6695.76766,0,0,0
2060,5,11,12,73449.61241,36350.21628,26329.51217,37050.54602,6593.373664,0,0,0
2060,5,11,13,71819.82682,36579.86394,26310.38936,37337.56212,6688.379298,0,0,0
2060,5,11,14,73115.05002,35207.45409,26044.84296,37136.25101,6748.529252,0,0,0
2060,5,11,15,72885.40236,35737.15614,26389.83597,38083.35201,6643.875287,0,0,0
2060,5,11,16,72818.4725,36189.58461,25956.44339,36941.63288,6519.316206,0,0,0
2060,5,11,17,72836.37841,34829.34383,25907.33251,36675.56495,6416.661445,0,0,0
2060,5,11,18,71834.69046,35553.75093,26327.2522,37504.45217,7217.125205,0,0,0
2060,5,11,19,72687.13352,37850.92285,29612.63919,42606.4199,7361.067868,0,0,0
2060,5,11,20,76790.02095,41012.18537,33036.75352,43828.45487,7248.677854,0,0,0
2060,5,11,21,76331.68178,40802.44283,32765.29644,43606.63019,7051.538989,0,0,0
2060,5,11,22,76234.41618,40532.28957,31994.03843,43321.7002,6667.344199,0,0,0
2060,5,11,23,76566.45783,39492.96443,30784.4333,41934.68747,6242.643805,0,0,0
2060,5,11,24,75362.15493,38880.42582,28802.61402,40826.43327,5693.732018,0,0,0
2060,5,12,1,70973.81598,35785.91932,26551.68455,38280.05627,4841.984337,0,0,0
2060,5,12,2,68128.2538,36080.49763,24216.52775,35999.13874,4675.181215,0,0,0
2060,5,12,3,66565.13731,35302.98125,23424.23465,35115.83841,4529.32627,0,0,0
2060,5,12,4,65734.51165,34091.46384,22802.83,34599.60925,4517.244126,0,0,0
2060,5,12,5,63037.67283,33520.73465,22502.25408,34339.19125,4630.329515,0,0,0
2060,5,12,6,62729.01317,33994.54592,23318.27686,35256.04343,4714.469913,0,0,0
2060,5,12,7,63720.70511,35524.80594,25184.14232,35932.46964,4832.336007,0,0,0
2060,5,12,8,65204.72268,34691.57262,23548.01143,34028.44546,5351.085895,0,0,0
2060,5,12,9,68054.71787,35143.74034,23994.78999,35276.64392,5683.040624,0,0,0
2060,5,12,10,73105.74938,37593.1125,25548.69276,37549.8254,5858.970546,0,0,0
2060,5,12,11,77113.10965,37721.84384,25836.40425,38586.28211,5847.062246,0,0,0
2060,5,12,12,79341.7002,37961.48751,26295.96032,39006.63641,5749.014345,0,0,0
2060,5,12,13,78471.00354,37528.18185,26315.51775,38689.89302,5885.916335,0,0,0
2060,5,12,14,75721.31621,35533.58505,25415.70226,37045.15686,5900.519213,0,0,0
2060,5,12,15,78830.59943,38081.00512,26842.78598,39163.70428,5827.244053,0,0,0
2060,5,12,16,78646.6727,37584.24647,26389.92289,38816.97283,5644.708067,0,0,0
2060,5,12,17,78896.05162,37368.4194,25936.36443,37939.84396,5470.081974,0,0,0
2060,5,12,18,75732.52914,37034.46547,25506.27488,37425.09248,6138.163683,0,0,0
2060,5,12,19,73514.97767,38028.06968,27643.0759,40187.4704,6261.418935,0,0,0
2060,5,12,20,71744.11784,39752.07861,30475.77364,40346.62439,6252.639823,0,0,0
2060,5,12,21,71963.76948,39782.5882,30673.26019,40793.5768,5949.80393,0,0,0
2060,5,12,22,73482.46888,39724.87206,29924.34112,40213.46005,5540.662555,0,0,0
2060,5,12,23,72801.87042,38784.11635,28343.40563,39011.7648,5226.874503,0,0,0
2060,5,12,24,71854.07404,37775.38773,26802.88883,38206.86803,5030.257169,0,0,0
2060,5,13,1,70445.33084,36937.72139,25772.69049,36845.6711,4562.443513,0,0,0
2060,5,13,2,64188.17108,33992.98133,22816.65058,33917.27235,4405.375643,0,0,0
2060,5,13,3,62716.23565,33260.57741,22070.59993,33085.69055,4268.039044,0,0,0
2060,5,13,4,61934.37318,32119.90134,21485.44171,32599.44945,4256.652275,0,0,0
2060,5,13,5,59394.51532,31582.37632,21202.42401,32354.41662,4363.1316,0,0,0
2060,5,13,6,59103.84849,32028.54643,21970.63975,33217.63799,4442.404372,0,0,0
2060,5,13,7,60037.73736,33469.62458,23727.85284,33854.51474,4553.316714,0,0,0
2060,5,13,8,61435.0938,32684.9806,22187.24912,32061.75059,5041.817781,0,0,0
2060,5,13,9,64119.06817,33110.81098,22607.69034,33237.02158,5354.388927,0,0,0
2060,5,13,10,68879.95438,35417.37047,24071.10742,35377.56024,5520.062065,0,0,0
2060,5,13,11,72656.45009,35538.45268,24341.95605,36353.51931,5508.84914,0,0,0
2060,5,13,12,74758.56927,35764.10192,24774.56634,36749.44856,5416.538084,0,0,0
2060,5,13,13,73937.59194,35356.26438,24793.0807,36451.30645,5545.443259,0,0,0
2060,5,13,14,71345.23325,33477.88216,23945.76604,34902.35823,5559.263841,0,0,0
2060,5,13,15,74275.97889,35876.57886,25289.66551,36897.56348,5490.247854,0,0,0
2060,5,13,16,74102.22202,35408.85213,24863.3136,36570.91098,5318.316339,0,0,0
2060,5,13,17,74338.12805,35205.71565,24436.09247,35744.80526,5153.860108,0,0,0
2060,5,13,18,71354.9685,34891.23222,24031.12334,35260.21568,5783.000807,0,0,0
2060,5,13,19,69265.62684,35826.77261,26043.10452,37861.35348,5899.041541,0,0,0
2060,5,13,20,67594.20566,37452.82056,28712.12833,38012.33682,5890.870883,0,0,0
2060,5,13,21,67799.68902,37481.59171,28899.01041,38433.90803,5605.593213,0,0,0
2060,5,13,22,69229.72809,37425.44016,28192.50922,37886.64775,5220.35536,0,0,0
2060,5,13,23,68588.85294,36538.74988,26702.58096,36754.31619,4924.907828,0,0,0
2060,5,13,24,67696.86042,35588.86738,25252.02832,35996.35724,4739.677263,0,0,0
2060,5,14,1,66370.25841,34800.13807,24282.06686,34714.52,4519.938705,0,0,0
2060,5,14,2,63588.84459,33675.28179,22603.60501,33600.44203,4364.348507,0,0,0
2060,5,14,3,62130.64283,32949.91855,21864.59503,32776.68321,4228.315736,0,0,0
2060,5,14,4,61355.99487,31819.84695,21284.91289,32295.13589,4217.01589,0,0,0
2060,5,14,5,58840.12745,31287.53725,21004.58977,32052.27611,4322.452152,0,0,0
2060,5,14,6,58552.24212,31729.5351,21765.59099,32907.32682,4401.029548,0,0,0
2060,5,14,7,59477.17804,33156.87959,23506.202,33538.46672,4510.898827,0,0,0
2060,5,14,8,60861.40927,32379.62397,21980.11423,31762.4785,4994.793034,0,0,0
2060,5,14,9,63520.08937,32801.54287,22396.55705,32926.53656,5304.408836,0,0,0
2060,5,14,10,68236.38464,35086.11112,23846.32739,35046.99626,5468.517379,0,0,0
2060,5,14,11,71977.93775,35206.23718,24114.56837,36013.74161,5457.391377,0,0,0
2060,5,14,12,74060.58643,35429.8003,24543.09332,36406.10706,5365.94954,0,0,0
2060,5,14,13,73247.34515,35025.61348,24561.34692,36110.57261,5493.637808,0,0,0
2060,5,14,14,70678.9769,33165.13717,23722.11599,34576.31418,5507.284546,0,0,0
2060,5,14,15,73582.25522,35541.06033,25053.32487,36552.48354,5438.963934,0,0,0
2060,5,14,16,73410.32371,35077.85354,24630.97136,36229.221,5268.683936,0,0,0
2060,5,14,17,73643.709,34876.54242,24207.92248,35410.93825,5105.792298,0,0,0
2060,5,14,18,70688.62523,34565.10126,23806.60408,34930.78169,5728.935386,0,0,0
2060,5,14,19,68618.66715,35491.86254,25799.63628,37507.40751,5843.933058,0,0,0
2060,5,14,20,66962.54422,37102.61223,28443.62658,37656.91318,5835.762399,0,0,0
2060,5,14,21,67165.85454,37131.20954,28628.77022,38074.5729,5553.26623,0,0,0
2060,5,14,22,68582.59456,37075.31876,27928.70126,37532.3541,5171.679097,0,0,0
2060,5,14,23,67947.71702,36197.0599,26452.94127,36410.627,4878.926144,0,0,0
2060,5,14,24,67064.50361,35256.13035,25016.12229,35659.96949,4695.520939,0,0,0
2060,5,15,1,65749.98374,34474.70249,24055.11379,34390.30132,4568.528046,0,0,0
2060,5,15,2,64274.04991,34038.35456,22847.16017,33962.47174,4411.286332,0,0,0
2060,5,15,3,62800.11529,33305.16835,22099.97953,33129.84688,4273.688967,0,0,0
2060,5,15,4,62017.03591,32162.75384,21514.03902,32642.99733,4262.302199,0,0,0
2060,5,15,5,59473.70117,31624.62037,21230.67363,32397.52989,4368.955368,0,0,0
2060,5,15,6,59182.59973,32071.39892,22000.01935,33261.96816,4448.315061,0,0,0
2060,5,15,7,60117.79243,33514.30243,23759.57933,33899.80105,4559.401247,0,0,0
2060,5,15,8,61517.06115,32728.6154,22216.80256,32104.51617,5048.597689,0,0,0
2060,5,15,9,64204.59932,33154.96731,22637.85224,33281.35175,5361.603445,0,0,0
2060,5,15,10,68971.7439,35464.74291,24103.26852,35424.84575,5527.450426,0,0,0
2060,5,15,11,72753.28108,35585.99895,24374.46484,36402.02173,5516.237502,0,0,0
2060,5,15,12,74858.26869,35811.90897,24807.68358,36798.47251,5423.839524,0,0,0
2060,5,15,13,74036.33522,35403.46297,24826.11102,36499.89579,5552.918543,0,0,0
2060,5,15,14,71440.41273,33522.56001,23977.7533,34948.94836,5566.652203,0,0,0
2060,5,15,15,74374.98293,35924.55975,25323.30428,36946.84819,5497.549293,0,0,0
2060,5,15,16,74201.05222,35456.22456,24896.43084,36619.93493,5325.443935,0,0,0
2060,5,15,17,74437.30593,35252.7404,24468.68818,35792.61231,5160.726938,0,0,0
2060,5,15,18,71450.14798,34937.82236,24063.19752,35307.24043,5790.649934,0,0,0
2060,5,15,19,69358.19866,35874.57966,26077.9602,37911.94203,5906.951434,0,0,0
2060,5,15,20,67684.51751,37502.71373,28750.5478,38063.01229,5898.693854,0,0,0
2060,5,15,21,67890.0878,37531.65872,28937.60373,38485.19195,5613.068496,0,0,0
2060,5,15,22,69322.21299,37475.33333,28230.1464,37937.14938,5227.309112,0,0,0
2060,5,15,23,68680.3817,36587.68691,26738.21894,36803.34014,4931.513893,0,0,0
2060,5,15,24,67787.43304,35636.41366,25285.75402,36044.33812,4746.022562,0,0,0
2060,5,16,1,66458.7449,34846.55437,24314.48873,34760.84937,4671.791261,0,0,0
2060,5,16,2,65730.07863,34809.87333,23364.43238,34731.81746,4510.985749,0,0,0
2060,5,16,3,64222.50523,34059.91119,22600.30198,33880.06978,4370.259196,0,0,0
2060,5,16,4,63421.60686,32891.33319,22000.88857,33382.18115,4358.611662,0,0,0
2060,5,16,5,60820.03445,32340.94373,21711.09096,33131.06378,4467.698644,0,0,0
2060,5,16,6,60522.32694,32797.89215,22497.9949,34015.32025,4548.883697,0,0,0
2060,5,16,7,61479.07628,34273.82598,24297.79973,34667.58218,4662.490618,0,0,0
2060,5,16,8,62910.07149,33470.23303,22719.73267,32831.53092,5162.899986,0,0,0
2060,5,16,9,65659.41113,33906.32019,23150.43067,34035.05153,5483.033336,0,0,0
2060,5,16,10,70534.16502,36268.68354,24649.31188,36227.48256,5652.704882,0,0,0
2060,5,16,11,74400.62489,36392.80801,24926.76658,37227.17131,5641.231191,0,0,0
2060,5,16,12,76552.98494,36623.93334,25369.89442,37632.83581,5546.660166,0,0,0
2060,5,16,13,75712.79787,36206.1867,25388.66955,37327.30534,5678.694529,0,0,0
2060,5,16,14,73058.55079,34282.43125,24521.01516,35740.80685,5692.775877,0,0,0
2060,5,16,15,76059.18163,36739.19178,25897.42342,37784.25376,5622.108374,0,0,0
2060,5,16,16,75881.33943,36260.1652,25460.64088,37449.86522,5446.09153,0,0,0
2060,5,16,17,76122.98231,36051.98725,25023.16297,36603.85438,5277.636891,0,0,0
2060,5,16,18,73068.28604,35729.94162,24608.37167,36107.44342,5921.902,0,0,0
2060,5,16,19,70928.44275,36688.25554,26669.20295,38771.68652,6040.898079,0,0,0
2060,5,16,20,69218.42825,38353.07066,29402.72281,38925.97289,6032.466655,0,0,0
2060,5,16,21,69429.12693,38382.71103,29593.86406,39357.62704,5740.322155,0,0,0
2060,5,16,22,70893.76091,38325.4295,28870.58695,38797.4154,5345.696737,0,0,0
2060,5,16,23,70237.41366,37417.44335,27344.5861,37637.79036,5043.12161,0,0,0
2060,5,16,24,69323.86451,36444.3527,25858.91702,36861.31704,4853.371106,0,0,0
2060,5,17,1,67964.75371,35636.50058,24865.22588,35548.53562,5085.974106,0,0,0
2060,5,17,2,68892.29728,36388.375,25038.98275,37655.26166,4956.808165,0,0,0
2060,5,17,3,67118.22134,36075.71693,24270.41933,36860.10014,4815.907768,0,0,0
2060,5,17,4,64604.52697,35208.49715,23566.69964,36013.22008,4762.624644,0,0,0
2060,5,17,5,63388.05501,34760.76245,23300.11018,35385.81782,4877.970003,0,0,0
2060,5,17,6,62714.58414,34874.71706,24009.04518,36322.66204,4951.158242,0,0,0
2060,5,17,7,64359.14645,36758.05383,25746.35316,36894.95582,5008.092085,0,0,0
2060,5,17,8,63730.87497,35163.47161,24117.34987,35499.07706,5510.587578,0,0,0
2060,5,17,9,65352.75067,35142.87112,24155.16089,34928.17403,5885.307881,0,0,0
2060,5,17,10,68924.97992,37195.09713,25567.55481,37746.52965,6136.859855,0,0,0
2060,5,17,11,72437.4069,37627.96819,26126.02801,38431.0396,6166.674066,0,0,0
2060,5,17,12,73672.56707,37614.66914,26493.79456,39467.14863,6044.114189,0,0,0
2060,5,17,13,74183.05938,36779.52354,26462.5896,38843.31017,6117.997803,0,0,0
2060,5,17,14,70974.51136,35615.11779,25587.98146,37326.69689,6112.782489,0,0,0
2060,5,17,15,71397.821,37073.05879,26203.47542,38647.12744,6042.201907,0,0,0
2060,5,17,16,71891.45046,36505.71956,25558.94955,37600.41394,5863.142797,0,0,0
2060,5,17,17,70411.77899,35870.05972,25050.63029,36246.77922,5742.408281,0,0,0
2060,5,17,18,68740.87934,35537.67038,24857.66367,36278.33187,6438.304997,0,0,0
2060,5,17,19,67622.71604,36754.40311,27615.08705,40167.99989,6441.260342,0,0,0
2060,5,17,20,71201.98596,39198.90765,29962.23906,40322.54703,6357.554554,0,0,0
2060,5,17,21,71098.28814,39084.43151,29762.23178,40599.21943,6235.690053,0,0,0
2060,5,17,22,69741.08962,39033.5822,29237.48428,40054.4799,5877.224145,0,0,0
2060,5,17,23,69890.76913,37595.72016,27974.24833,38343.24849,5542.922524,0,0,0
2060,5,17,24,68614.66874,36424.70835,26441.38066,37786.33988,5391.069968,0,0,0
2060,5,18,1,68704.80675,36235.21861,25773.9074,37191.7941,6496.542669,0,0,0
2060,5,18,2,83665.19541,44009.68703,30951.75795,45552.20303,6237.428491,0,0,0
2060,5,18,3,81415.65669,42822.94235,29866.27729,44279.57952,6014.299978,0,0,0
2060,5,18,4,79844.97799,41232.27162,29092.06394,43030.338,5935.027207,0,0,0
2060,5,18,5,77814.65629,40512.99291,28573.66174,42811.99019,6015.516885,0,0,0
2060,5,18,6,76142.45281,41801.95774,29523.71809,43702.67888,6010.301571,0,0,0
2060,5,18,7,77924.2648,42363.73396,31075.96935,43696.15974,6231.517802,0,0,0
2060,5,18,8,75823.62329,40957.25073,28680.40183,40724.03928,6735.577889,0,0,0
2060,5,18,9,73557.04787,40045.96155,28195.29072,40682.14292,7262.498436,0,0,0
2060,5,18,10,76104.72871,40105.50305,28851.20336,41283.99014,7385.579844,0,0,0
2060,5,18,11,79962.75716,40286.03983,29091.36857,41094.76117,7450.162814,0,0,0
2060,5,18,12,81889.81564,40538.28718,29361.95644,41317.88969,7338.033565,0,0,0
2060,5,18,13,80074.71256,40794.35909,29340.57365,41638.10996,7441.992156,0,0,0
2060,5,18,14,81511.53154,39262.79525,29044.08305,41413.50377,7507.878954,0,0,0
2060,5,18,15,81259.97957,39854.038,29429.06014,42470.30021,7393.142049,0,0,0
2060,5,18,16,81185.57442,40359.05423,28945.86131,41196.19903,7256.674669,0,0,0
2060,5,18,17,81205.39261,38840.78943,28890.92667,40899.27382,7145.240795,0,0,0
2060,5,18,18,80093.83538,39648.38079,29359.26186,41824.38359,8019.588169,0,0,0
2060,5,18,19,81042.32713,42198.58236,32998.85558,47480.47842,8173.787616,0,0,0
2060,5,18,20,85589.55931,45721.35305,36690.0809,48771.00784,8053.661553,0,0,0
2060,5,18,21,85083.93463,45488.22852,36401.93481,48531.62494,7840.702902,0,0,0
2060,5,18,22,84975.36918,45186.34876,35581.39209,48239.30659,7418.957853,0,0,0
2060,5,18,23,85338.61579,44025.24605,34279.99743,46746.50991,6955.142604,0,0,0
2060,5,18,24,84020.87982,43354.55668,32111.55684,45526.82184,6349.210052,0,0,0
2060,5,19,1,79146.64746,39908.53803,29610.55306,42689.95185,6504.713328,0,0,0
2060,5,19,2,91452.09366,48439.83541,32534.60572,48342.39596,6280.628674,0,0,0
2060,5,19,3,89386.91628,47409.81092,31475.20162,47168.95034,6084.185184,0,0,0
2060,5,19,4,88281.18281,45800.62582,30640.49064,46479.57276,6067.930789,0,0,0
2060,5,19,5,84690.09151,45039.45076,30236.73842,46134.75359,6220.217955,0,0,0
2060,5,19,6,84278.77709,45675.97982,31332.30202,47361.13466,6333.56411,0,0,0
2060,5,19,7,85609.89904,47694.21937,33812.2707,48237.22047,6491.848887,0,0,0
2060,5,19,8,87592.15293,46596.30887,31640.87476,45722.48303,7178.792648,0,0,0
2060,5,19,9,91364.47638,47204.15371,32238.63666,47387.73276,7613.402139,0,0,0
2060,5,19,10,97959.58849,50419.65549,34294.07878,50369.24079,7841.311356,0,0,0
2060,5,19,11,103111.1886,50582.11251,34666.53912,51709.7503,7826.013102,0,0,0
2060,5,19,12,105969.3545,50887.03453,35257.78187,52242.92922,7699.280974,0,0,0
2060,5,19,13,104868.3148,50332.29898,35282.64153,51840.56776,7875.906271,0,0,0
2060,5,19,14,101333.1143,47718.20981,34113.19431,49713.58891,7894.333714,0,0,0
2060,5,19,15,105323.4379,51046.18853,35955.67779,52441.19807,7800.631907,0,0,0
2060,5,19,16,105086.1411,50405.57414,35378.51638,51995.89719,7563.422047,0,0,0
2060,5,19,17,105409.9251,50129.1625,34794.66199,50872.25781,7334.904377,0,0,0
2060,5,19,18,101351.8025,49691.42382,34238.44877,50215.99748,8193.866575,0,0,0
2060,5,19,19,98486.85672,50977.34638,36962.92874,53712.95236,8345.458365,0,0,0
2060,5,19,20,96162.99977,53183.07647,40486.65557,53850.20204,8334.853894,0,0,0
2060,5,19,21,96438.62911,53219.93136,40744.03131,54424.75579,7956.656715,0,0,0
2060,5,19,22,98382.98505,53135.18251,39803.18869,53698.17564,7427.389277,0,0,0
2060,5,19,23,97520.54598,51930.70576,37829.19238,52203.81437,7015.727167,0,0,0
2060,5,19,24,96311.81006,50632.8749,35904.30695,51225.16072,6756.091457,0,0,0
2060,5,20,1,94483.32101,49554.43491,34584.57177,49461.68925,6499.063404,0,0,0
2060,5,20,2,91373.42934,48398.1129,32506.3561,48301.02114,6275.152595,0,0,0
2060,5,20,3,89309.72963,47368.95763,31447.56046,47128.01012,6078.882948,0,0,0
2060,5,20,4,88204.95231,45760.55482,30613.63177,46439.06716,6062.541632,0,0,0
2060,5,20,5,84616.03405,45000.16206,30210.14032,46094.59568,6214.828797,0,0,0
2060,5,20,6,84204.80655,45636.08266,31304.92163,47319.93368,6328.001109,0,0,0
2060,5,20,7,85535.14621,47652.93147,33783.32571,48195.84564,6486.198963,0,0,0
2060,5,20,8,87515.66166,46555.89019,31613.14668,45682.49896,7172.708115,0,0,0
2060,5,20,9,91285.89899,47163.03965,32210.47396,47346.6187,7606.882996,0,0,0
2060,5,20,10,97875.79578,50377.06376,34264.7861,50326.38829,7834.792213,0,0,0
2060,5,20,11,103024.1798,50539.34694,34637.42028,51666.37627,7819.493959,0,0,0
2060,5,20,12,105880.7811,50844.61665,35227.88073,52199.20751,7692.67491,0,0,0
2060,5,20,13,104779.3937,50289.70725,35252.82732,51796.41143,7869.213285,0,0,0
2060,5,20,14,101246.1924,47676.57422,34083.90163,49671.25794,7887.901493,0,0,0
2060,5,20,15,105235.0383,51003.85756,35925.86358,52396.95483,7794.025843,0,0,0
2060,5,20,16,104997.9153,50363.41702,35348.70217,51952.43624,7557.076749,0,0,0
2060,5,20,17,105321.8733,50086.74462,34765.10855,50829.05763,7328.646,0,0,0
2060,5,20,18,101266.2713,49648.65825,34209.15609,50172.7973,8187.26051,0,0,0
2060,5,20,19,98403.58554,50934.23312,36932.41916,53668.10066,8338.765379,0,0,0
2060,5,20,20,96081.64088,53139.09399,40453.19064,53804.91573,8328.073985,0,0,0
2060,5,20,21,96357.09637,53176.20964,40709.78409,54379.29564,7950.224494,0,0,0
2060,5,20,22,98299.88772,53091.72156,39770.41913,53653.32394,7420.957056,0,0,0
2060,5,20,23,97438.23094,51887.5925,37798.33511,52160.2665,7009.816478,0,0,0
2060,5,20,24,96230.71193,50590.71778,35874.40581,51181.96053,6750.180768,0,0,0
2060,5,21,1,94402.91826,49512.27779,34555.10524,49419.70597,6497.585732,0,0,0
2060,5,21,2,91352.74193,48386.9869,32498.88082,48289.89514,6273.674922,0,0,0
2060,5,21,3,89289.12914,47358.09239,31440.34594,47117.14489,6077.405276,0,0,0
2060,5,21,4,88184.61258,45750.03727,30606.50417,46428.37577,6061.150881,0,0,0
2060,5,21,5,84596.38971,44989.64451,30203.01272,46083.81736,6213.351125,0,0,0
2060,5,21,6,84185.24913,45625.56511,31297.53326,47309.06844,6326.523436,0,0,0
2060,5,21,7,85515.24109,47642.06623,33775.67658,48184.80656,6484.634369,0,0,0
2060,5,21,8,87495.40885,46545.1988,31605.75832,45671.89449,7171.056599,0,0,0
2060,5,21,9,91264.69005,47152.17441,32202.99868,47335.57962,7605.144558,0,0,0
2060,5,21,10,97853.80454,50365.76391,34257.13697,50315.00152,7832.966853,0,0,0
2060,5,21,11,103001.3193,50527.96017,34629.68423,51654.90258,7817.755521,0,0,0
2060,5,21,12,105857.3122,50833.3168,35220.05776,52187.47305,7690.936472,0,0,0
2060,5,21,13,104756.3594,50278.4074,35244.8305,51785.11158,7867.387925,0,0,0
2060,5,21,14,101223.1581,47665.62206,34076.16558,49660.13194,7886.163055,0,0,0
2060,5,21,15,105211.7432,50992.38387,35918.04061,52385.48114,7792.287405,0,0,0
2060,5,21,16,104974.4464,50352.03025,35341.05305,51940.7887,7555.338311,0,0,0
2060,5,21,17,105298.2305,50075.44477,34757.3725,50817.49701,7326.994484,0,0,0
2060,5,21,18,101243.4978,49637.44532,34201.33312,50161.23668,8185.435151,0,0,0
2060,5,21,19,98381.42046,50922.93328,36924.33542,53656.54005,8337.026941,0,0,0
2060,5,21,20,96059.99732,53127.44646,40444.41153,53793.00743,8326.335547,0,0,0
2060,5,21,21,96335.45282,53164.47519,40700.83113,54367.21349,7948.399134,0,0,0
2060,5,21,22,98277.89648,53080.07402,39761.72694,53641.50256,7419.30554,0,0,0
2060,5,21,23,97416.67431,51876.37958,37790.25137,52148.61896,7008.164962,0,0,0
2060,5,21,24,96209.24222,50579.41793,35866.49592,51170.313,6748.616174,0,0,0
2060,5,22,1,94381.53547,49501.23871,34547.28227,49408.3192,6535.04907,0,0,0
2060,5,22,2,91868.71032,48659.92166,32685.15445,48563.95988,6310.008276,0,0,0
2060,5,22,3,89797.10072,47627.6372,31621.66502,47386.68969,6112.608645,0,0,0
2060,5,22,4,88686.67347,46012.97601,30783.651,46694.87831,6096.267328,0,0,0
2060,5,22,5,85083.15233,45248.58484,30377.9865,46348.84223,6249.336791,0,0,0
2060,5,22,6,84670.44716,45887.80848,31478.33081,47579.83015,6363.117555,0,0,0
2060,5,22,7,86007.21903,47914.21869,33966.2963,48456.61134,6522.010785,0,0,0
2060,5,22,8,87998.25203,46811.52749,31788.12046,45935.00707,7211.214516,0,0,0
2060,5,22,9,91784.39607,47421.54537,32388.0554,47606.34133,7647.997054,0,0,0
2060,5,22,10,98400.54328,50646.3478,34449.23437,50597.15,7876.427803,0,0,0
2060,5,22,11,103571.7878,50808.28329,34822.99853,51939.74564,7861.042627,0,0,0
2060,5,22,12,106440.5581,51111.37995,35415.37127,52474.83685,7734.049733,0,0,0
2060,5,22,13,105335.8677,50558.46976,35440.05709,52070.91079,7910.761952,0,0,0
2060,5,22,14,101792.1488,47937.51376,34268.87143,49939.84661,7929.276317,0,0,0
2060,5,22,15,105791.86,51271.31624,36114.31025,52673.27954,7835.661432,0,0,0
2060,5,22,16,105553.694,50632.09261,35536.54039,52228.06558,7597.843119,0,0,0
2060,5,22,17,105879.0426,50354.29022,34951.12141,51101.29701,7368.369308,0,0,0
2060,5,22,18,101806.3171,49916.46462,34393.34359,50442.86363,8229.156865,0,0,0
2060,5,22,19,98930.24532,51205.86406,37125.03808,53949.20608,8380.748656,0,0,0
2060,5,22,20,96597.87003,53415.41871,40667.3662,54089.67187,8370.144184,0,0,0
2060,5,22,21,96871.84785,53452.36051,40925.95885,54666.1379,7991.599318,0,0,0
2060,5,22,22,98822.11448,53364.5694,39977.72786,53937.99316,7461.201895,0,0,0
2060,5,22,23,97955.93777,52159.74497,37991.82325,52434.59201,7047.975191,0,0,0
2060,5,22,24,96743.11652,50857.22032,36062.76557,51452.37456,6787.122575,0,0,0
2060,5,23,1,94909.06447,49776.95497,34741.20503,49686.73004,6518.012378,0,0,0
2060,5,23,2,91633.93427,48536.05795,32600.4056,48438.96619,6293.406193,0,0,0
2060,5,23,3,89566.14923,47504.64271,31539.17614,47263.95597,6096.615016,0,0,0
2060,5,23,4,88458.32964,45893.37148,30702.90056,46573.62226,6080.273699,0,0,0
2060,5,23,5,84861.67534,45130.63183,30298.36604,46228.28156,6232.908552,0,0,0
2060,5,23,6,84449.66554,45768.37779,31396.1027,47456.40106,6346.515473,0,0,0
2060,5,23,7,85783.13438,47790.18114,33879.37441,48333.35609,6504.974093,0,0,0
2060,5,23,8,87769.4736,46690.18452,31705.19697,45815.14177,7192.873995,0,0,0
2060,5,23,9,91547.70775,47298.9855,32303.74116,47483.173,7628.613471,0,0,0
2060,5,23,10,98152.29433,50518.31184,34361.96478,50468.50559,7856.522688,0,0,0
2060,5,23,11,103310.9351,50680.85579,34734.77281,51809.71048,7841.311356,0,0,0
2060,5,23,12,106175.0986,50984.82167,35326.27632,52343.93247,7714.66615,0,0,0
2060,5,23,13,105072.5813,50431.04225,35351.13599,51940.87563,7891.117603,0,0,0
2060,5,23,14,101533.4693,47814.08467,34181.16724,49812.59295,7909.71889,0,0,0
2060,5,23,15,105527.7043,51144.23643,36025.12838,52542.72285,7816.017083,0,0,0
2060,5,23,16,105290.6683,50504.57818,35447.2716,52097.24812,7578.372614,0,0,0
2060,5,23,17,105614.887,50227.47117,34862.89568,50972.39184,7349.507256,0,0,0
2060,5,23,18,101549.5498,49789.90633,34306.24785,50314.9146,8209.164829,0,0,0
2060,5,23,19,98680.8664,51076.61119,37033.50932,53816.12866,8360.843541,0,0,0
2060,5,23,20,96352.0549,53284.77509,40565.31989,53954.59524,8350.325991,0,0,0
2060,5,23,21,96627.33655,53321.02153,40822.9564,54530.88743,7971.694203,0,0,0
2060,5,23,22,98573.77862,53235.5773,39879.67996,53802.82961,7442.165999,0,0,0
2060,5,23,23,97710.29648,52030.14442,37900.03373,52304.90454,7029.808514,0,0,0
2060,5,23,24,96500.25674,50730.57512,35973.14909,51323.99091,6769.651273,0,0,0
2060,5,24,1,94668.55158,49651.61359,34653.15314,49559.91099,6479.505977,0,0,0
2060,5,24,2,87753.47997,46358.57748,31902.16199,47952.98586,6315.049746,0,0,0
2060,5,24,3,85508.72195,45960.47519,30925.50754,46948.69025,6135.208338,0,0,0
2060,5,24,4,82311.82146,44859.17474,30029.082,45876.33479,6067.235414,0,0,0
2060,5,24,5,80764.17706,44291.31398,29689.04354,45084.65014,6214.48111,0,0,0
2060,5,24,6,79906.34485,44438.12506,30592.16206,46278.52241,6307.835228,0,0,0
2060,5,24,7,81999.94569,46801.53147,32789.89533,46989.71738,6380.328091,0,0,0
2060,5,24,8,81201.82882,44788.07263,30729.93327,45231.72199,7013.988729,0,0,0
2060,5,24,9,83263.35547,44767.12445,30778.69645,44505.31569,7479.629337,0,0,0
2060,5,24,10,87791.46484,47344.70642,32565.8976,48074.06806,7790.20128,0,0,0
2060,5,24,11,92199.7089,47879.27609,33264.92351,48930.68337,7826.447711,0,0,0
2060,5,24,12,93730.22969,47870.93159,33723.17575,50217.47515,7675.898983,0,0,0
2060,5,24,13,94361.97804,46831.86722,33685.88626,49444.0441,7766.993133,0,0,0
2060,5,24,14,90341.2318,45363.40867,32589.19267,47547.84289,7760.560912,0,0,0
2060,5,24,15,90887.18824,47204.32755,33361.49374,49204.40043,7673.639014,0,0,0
2060,5,24,16,91505.81139,46490.35108,32549.99089,47892.92283,7452.335861,0,0,0
2060,5,24,17,89650.5504,45689.53963,31908.76805,46182.90833,7302.569431,0,0,0
2060,5,24,18,87546.95354,45264.05694,31669.03746,46223.93546,8152.752517,0,0,0
2060,5,24,19,86132.21272,46790.49239,35109.14542,51028.10877,8156.316315,0,0,0
2060,5,24,20,90621.38108,49855.2716,37908.29131,51141.36801,8056.182288,0,0,0
2060,5,24,21,90489.6944,49711.76355,37670.29915,51479.75496,7909.979655,0,0,0
2060,5,24,22,88794.71739,49651.09206,37049.85064,50843.39974,7469.720241,0,0,0
2060,5,24,23,88986.20633,47855.72026,35545.92796,48787.08839,7054.494333,0,0,0
2060,5,24,24,87398.7517,46391.17319,33664.93808,48121.52742,6864.74383,0,0,0
2060,5,25,1,87513.31476,46160.39555,32829.4448,47378.60596,6910.638592,0,0,0
2060,5,25,2,89006.28529,46828.2165,32924.79812,48453.04754,6638.399207,0,0,0
2060,5,25,3,86637.75048,45576.97577,31781.07978,47116.18875,6401.971644,0,0,0
2060,5,25,4,84971.89231,43889.99557,30962.88396,45798.36585,6317.744325,0,0,0
2060,5,25,5,82828.13753,43125.77825,30414.14601,45567.32744,6403.275472,0,0,0
2060,5,25,6,81052.9316,44490.36512,31422.87464,46507.30085,6397.799393,0,0,0
2060,5,25,7,82940.61447,45085.86705,33063.35163,46483.22348,6632.227752,0,0,0
2060,5,25,8,80711.67623,43588.37659,30530.09983,43348.64599,7161.408268,0,0,0
2060,5,25,9,78301.85353,42624.58658,30014.3922,43305.70657,7718.838401,0,0,0
2060,5,25,10,81007.21069,42691.42952,30710.72353,43946.14712,7847.48281,0,0,0
2060,5,25,11,85096.71215,42884.22229,30965.31777,43745.96599,7914.412672,0,0,0
2060,5,25,12,87128.4246,43152.11558,31250.50852,43983.52354,7797.763485,0,0,0
2060,5,25,13,85205.97298,43423.92036,31227.8219,44323.99661,7906.06817,0,0,0
2060,5,25,14,86720.58705,41796.74242,30911.94772,44085.30908,7973.780329,0,0,0
2060,5,25,15,86458.86522,42425.97004,31320.91525,45208.42693,7855.479625,0,0,0
2060,5,25,16,86376.11557,42962.19123,30809.20604,43853.83606,7712.753868,0,0,0
2060,5,25,17,86400.27986,41347.61697,30750.79452,43538.22265,7594.453165,0,0,0
2060,5,25,18,85227.8773,42201.45078,31246.8578,44521.91777,8498.875515,0,0,0
2060,5,25,19,86237.82283,44904.89566,35063.68527,50444.86284,8657.160292,0,0,0
2060,5,25,20,91010.35657,48636.01814,38896.41945,51762.07728,8533.90504,0,0,0
2060,5,25,21,90482.82757,48391.41991,38594.01816,51513.13297,8314.948779,0,0,0
2060,5,25,22,90368.43835,48073.11192,37733.05676,51218.03312,7882.338492,0,0,0
2060,5,25,23,90748.02628,46846.55702,36393.24262,49691.16306,7393.142049,0,0,0
2060,5,25,24,89373.96492,46133.53669,34143.7039,48435.66316,6756.091457,0,0,0
2060,5,26,1,84234.27308,42483.07773,31516.22876,45441.29069,6919.24386,0,0,0
2060,5,26,2,97103.58163,51425.51569,34590.83014,51362.75808,6683.946282,0,0,0
2060,5,26,3,94964.78141,50367.15466,33486.05282,50143.33077,6476.202945,0,0,0
2060,5,26,4,93804.1133,48704.1649,32607.70704,49425.00821,6458.905487,0,0,0
2060,5,26,5,90072.20852,47912.21949,32181.2682,49068.01997,6620.319452,0,0,0
2060,5,26,6,89650.37655,48580.73581,33336.19946,50341.33886,6739.663218,0,0,0
2060,5,26,7,91054.16521,50697.71864,35905.87154,51225.42148,6905.770966,0,0,0
2060,5,26,8,93146.02761,49549.56729,33660.15738,48636.01814,7630.178065,0,0,0
2060,5,26,9,97103.40779,50181.22872,34284.16969,50378.28066,8082.432701,0,0,0
2060,5,26,10,103992.229,53473.56946,36402.97787,53458.61889,8315.557232,0,0,0
2060,5,26,11,109408.1586,53634.80958,36787.43343,54834.15793,8300.085134,0,0,0
2060,5,26,12,112430.9545,53944.25153,37400.66742,55385.93814,8171.006115,0,0,0
2060,5,26,13,111277.9356,53383.95298,37426.22246,54973.58065,8350.412913,0,0,0
2060,5,26,14,107604.2685,50713.71227,36221.57187,52787.40799,8369.188043,0,0,0
2060,5,26,15,111742.7939,54108.447,38122.29302,55589.68307,8273.921643,0,0,0
2060,5,26,16,111498.891,53460.79194,37525.2265,55137.42843,8030.888016,0,0,0
2060,5,26,17,111831.715,53182.72879,36922.33622,53983.71408,7794.634296,0,0,0
2060,5,26,18,107569.7605,52738.38404,36345.87019,53300.42104,8678.108469,0,0,0
2060,5,26,19,104563.3059,54064.20375,39169.78882,56942.53549,8838.653215,0,0,0
2060,5,26,20,102104.8069,56345.12128,43010.43289,57161.31791,8827.092603,0,0,0
2060,5,26,21,102368.9625,56386.49611,43288.58296,57772.46577,8433.336404,0,0,0
2060,5,26,22,104408.5849,56290.96894,42254.03853,56979.12961,7890.94376,0,0,0
2060,5,26,23,103495.818,55043.81355,40110.80529,55371.33526,7457.464253,0,0,0
2060,5,26,24,102191.3811,53689.22269,38065.35918,54318.27646,7182.704133,0,0,0
2060,5,27,1,100265.7134,52573.31936,36701.9892,52509.51868,6913.333171,0,0,0
2060,5,27,2,97023.35272,51383.27165,34561.45054,51319.64482,6678.122514,0,0,0
2060,5,27,3,94885.33479,50325.17138,33457.10782,50100.73904,6470.553022,0,0,0
2060,5,27,4,93725.27514,48662.52931,32579.28357,49382.67724,6453.255564,0,0,0
2060,5,27,5,89994.93496,47870.93159,32153.10551,49025.68901,6614.582607,0,0,0
2060,5,27,6,89573.45067,48539.10022,33307.34139,50298.83405,6733.752529,0,0,0
2060,5,27,7,90976.19627,50654.77922,35875.79656,51183.0036,6899.773355,0,0,0
2060,5,27,8,93066.05946,49507.32324,33630.95162,48594.2087,7623.745845,0,0,0
2060,5,27,9,97021.17967,50138.98468,34254.96393,50335.34124,8075.652793,0,0,0
2060,5,27,10,103906.0894,53431.23849,36372.72905,53414.54949,8308.951168,0,0,0
2060,5,27,11,109318.4552,53592.044,36757.09769,54789.48007,8293.392148,0,0,0
2060,5,27,12,112338.3827,53900.00829,37370.07091,55342.1295,8164.226207,0,0,0
2060,5,27,13,111185.7984,53341.27433,37395.45211,54928.03358,8343.719927,0,0,0
2060,5,27,14,107513.8697,50671.20746,36191.4969,52743.42551,8362.495057,0,0,0
2060,5,27,15,111651.2651,54065.50758,38091.87036,55545.43982,8267.228657,0,0,0
2060,5,27,16,111407.0146,53417.50483,37494.54307,55092.57673,8024.108108,0,0,0
2060,5,27,17,111739.4039,53139.00707,36891.73971,53939.03622,7787.94131,0,0,0
2060,5,27,18,107480.6655,52694.92309,36315.88213,53256.09087,8671.241639,0,0,0
2060,5,27,19,104475.3409,54020.65588,39137.36695,56896.29304,8831.438698,0,0,0
2060,5,27,20,102019.7103,56299.48729,42973.83877,57113.85855,8820.138851,0,0,0
2060,5,27,21,102283.4314,56342.16594,43251.0327,57723.61567,8426.382652,0,0,0
2060,5,27,22,104323.4014,56245.42187,42218.31363,56931.75718,7884.424617,0,0,0
2060,5,27,23,103409.5915,54999.04877,40077.42728,55325.09281,7451.032033,0,0,0
2060,5,27,24,102106.8061,53645.41405,38034.24114,54274.3809,7176.6196,0,0,0
2060,5,28,1,100182.0076,52530.37994,36671.82731,52466.14466,6911.681655,0,0,0
2060,5,28,2,97001.96993,51372.05872,34553.71449,51308.17113,6676.55792,0,0,0
2060,5,28,3,94864.12585,50314.04538,33449.37178,50089.35227,6468.988427,0,0,0
2060,5,28,4,93704.67465,48651.49023,32571.80829,49371.55124,6451.69097,0,0,0
2060,5,28,5,89974.59523,47859.89251,32145.63022,49014.47608,6613.018013,0,0,0
2060,5,28,6,89553.02403,48528.06114,33299.77919,50287.62112,6732.274857,0,0,0
2060,5,28,7,90955.42193,50642.95784,35867.71283,51171.52991,6898.208761,0,0,0
2060,5,28,8,93044.93744,49496.11032,33623.30249,48583.16962,7622.007407,0,0,0
2060,5,28,9,96999.27535,50127.68483,34247.22788,50323.86755,8073.914355,0,0,0
2060,5,28,10,103882.9682,53419.85172,36364.81916,53402.98888,8307.21273,0,0,0
2060,5,28,11,109294.4648,53580.39647,36749.10087,54777.39793,8291.566788,0,0,0
2060,5,28,12,112314.0446,53888.36075,37361.81333,55330.30812,8162.400848,0,0,0
2060,5,28,13,111161.721,53329.62679,37387.54222,54916.38604,8341.981489,0,0,0
2060,5,28,14,107489.9662,50659.73377,36183.67393,52731.69106,8360.756619,0,0,0
2060,5,28,15,111627.2747,54053.86005,38083.78662,55533.70536,8265.403297,0,0,0
2060,5,28,16,111382.6765,53406.20499,37486.19857,55080.49459,8022.282748,0,0,0
2060,5,28,17,111715.4135,53127.18569,36883.56905,53927.041,7786.202872,0,0,0
2060,5,28,18,107457.3705,52683.36248,36308.23301,53244.35641,8669.503201,0,0,0
2060,5,28,19,104451.7851,54009.09527,39129.02245,56883.68937,8829.439494,0,0,0
2060,5,28,20,101997.0237,56287.49207,42964.19044,57101.08103,8818.139647,0,0,0
2060,5,28,21,102260.6579,56330.0838,43241.03668,57710.49046,8424.557292,0,0,0
2060,5,28,22,104300.454,56233.33972,42208.92606,56919.24042,7882.686179,0,0,0
2060,5,28,23,103386.6441,54987.40123,40068.64816,55313.09759,7449.380517,0,0,0
2060,5,28,24,102084.0326,53633.94036,38026.24432,54262.64645,7174.968084,0,0,0
2060,5,29,1,100160.1902,52518.90625,36664.09126,52454.49712,6950.883431,0,0,0
2060,5,29,2,97530.45507,51652.81646,34746.59418,51590.84114,6714.803555,0,0,0
2060,5,29,3,95386.43953,50589.50088,33639.73073,50369.06694,6506.277922,0,0,0
2060,5,29,4,94222.29455,48925.12037,32758.60345,49648.0498,6488.980464,0,0,0
2060,5,29,5,90482.39296,48131.52344,32330.42618,49291.75694,6650.91596,0,0,0
2060,5,29,6,90059.51793,48801.7782,33489.182,50567.24887,6770.781258,0,0,0
2060,5,29,7,91467.04422,50925.28017,36064.85169,51452.28764,6937.323615,0,0,0
2060,5,29,8,93567.85958,49774.60808,33814.00914,48857.84282,7664.686059,0,0,0
2060,5,29,9,97538.19112,50406.00875,34438.97759,50605.4945,8118.070679,0,0,0
2060,5,29,10,104449.0036,53701.73944,36562.30571,53692.4388,8350.847523,0,0,0
2060,5,29,11,109887.5329,53862.11034,36948.49971,55070.67241,8335.462347,0,0,0
2060,5,29,12,112923.5409,54176.15916,37563.47214,55621.32264,8206.383328,0,0,0
2060,5,29,13,111764.6982,53610.47145,37589.28794,55210.52975,8385.877048,0,0,0
2060,5,29,14,108081.9912,50939.44844,36380.98663,53019.48946,8404.912943,0,0,0
2060,5,29,15,112231.7296,54340.09386,38286.57541,55828.3706,8309.907309,0,0,0
2060,5,29,16,111985.5667,53689.39653,37688.90044,55373.0737,8066.439072,0,0,0
2060,5,29,17,112318.9122,53410.638,37083.8371,54218.92473,7829.576899,0,0,0
2060,5,29,18,108039.3126,52965.77173,36506.06725,53533.02403,8715.311042,0,0,0
2060,5,29,19,105026.8603,54295.416,39338.50422,57189.56752,8876.89885,0,0,0
2060,5,29,20,102559.7561,56582.85268,43206.44177,57416.95521,8865.338238,0,0,0
2060,5,29,21,102821.9125,56623.70597,43487.63411,58031.31919,8469.843601,0,0,0
2060,5,29,22,104866.8371,56533.82873,42445.96208,57231.98541,7925.886363,0,0,0
2060,5,29,23,103951.028,55279.19805,40286.03983,55614.8035,7491.18995,0,0,0
2060,5,29,24,102639.2896,53921.39108,38229.29388,54554.35634,7215.299845,0,0,0
2060,5,30,1,100705.3643,52800.44628,36862.62087,52739.60095,6932.97752,0,0,0
2060,5,30,2,97289.85526,51525.12819,34658.97691,51462.54442,6697.419176,0,0,0
2060,5,30,3,95149.05583,50464.42026,33553.24344,50241.81328,6489.328152,0,0,0
2060,5,30,4,93986.91005,48800.64821,32673.59383,49522.36073,6472.030694,0,0,0
2060,5,30,5,90251.70224,48008.09434,32246.3727,49165.45942,6633.618503,0,0,0
2060,5,30,6,89828.82721,48677.30604,33402.95548,50439.90829,6753.223034,0,0,0
2060,5,30,7,91234.44122,50796.8096,35975.14829,51324.59937,6919.504626,0,0,0
2060,5,30,8,93330.99741,49647.96287,33727.26108,48732.84913,7645.302475,0,0,0
2060,5,30,9,97293.07137,50279.27662,34351.88184,50477.54547,8097.991721,0,0,0
2060,5,30,10,104191.8017,53573.09503,36472.16771,53561.09981,8330.855486,0,0,0
2060,5,30,11,109618.7704,53733.63978,36857.75325,54937.59499,8315.557232,0,0,0
2060,5,30,12,112645.6516,54045.77631,37471.94338,55488.76674,8186.652057,0,0,0
2060,5,30,13,111491.2419,53483.13087,37497.49842,55077.45232,8365.798089,0,0,0
2060,5,30,14,107813.4025,50812.45554,36291.19631,52888.58508,8384.747063,0,0,0
2060,5,30,15,111955.6656,54209.88486,38194.00359,55693.46781,8289.741428,0,0,0
2060,5,30,16,111711.5889,53560.57828,37597.19783,55241.3001,8046.533957,0,0,0
2060,5,30,17,112044.7606,53282.51512,36992.9168,54086.10807,7810.019472,0,0,0
2060,5,30,18,107774.3746,52837.73577,36415.84232,53401.59812,8694.275942,0,0,0
2060,5,30,19,104765.3123,54164.68547,39242.71629,57050.40557,8855.081454,0,0,0
2060,5,30,20,102303.4234,56448.81911,43096.13788,57272.40409,8843.868529,0,0,0
2060,5,30,21,102566.1883,56490.36778,43375.41794,57885.55116,8449.503877,0,0,0
2060,5,30,22,104608.5922,56396.4052,42338.00508,57089.34658,7906.242014,0,0,0
2060,5,30,23,103694.4346,55146.55523,40187.99193,55477.37997,7472.154054,0,0,0
2060,5,30,24,102387.1292,53790.74746,38136.28745,54420.75738,7196.785481,0,0,0
2060,5,31,1,100458.2454,52671.80187,36772.48286,52609.65271,6892.819603,0,0,0
2060,5,31,2,93294.49021,49291.58309,33932.83137,50957.61511,6720.105791,0,0,0
2060,5,31,3,90948.90279,48874.01029,32907.32682,49909.94548,6530.268366,0,0,0
2060,5,31,4,87584.24303,47720.29594,31960.48658,48791.26065,6458.210112,0,0,0
2060,5,31,5,85953.58822,47126.44553,31600.28224,47963.76418,6614.234919,0,0,0
2060,5,31,6,85043.34211,47281.34035,32554.25007,49221.08943,6712.630508,0,0,0
2060,5,31,7,87249.68065,49775.65114,34843.94671,49934.37053,6788.861013,0,0,0
2060,5,31,8,86411.5797,47645.36926,32698.27965,48121.26665,7455.551972,0,0,0
2060,5,31,9,88597.83929,47611.90433,32750.34587,47359.22237,7944.922258,0,0,0
2060,5,31,10,93364.81003,50303.0063,34619.94898,51088.25873,8263.230249,0,0,0
2060,5,31,11,97977.05979,50856.26418,35346.52912,51976.60053,8300.432822,0,0,0
2060,5,31,12,99580.24728,50850.96194,35818.94964,53298.33491,8147.189515,0,0,0
2060,5,31,13,100247.4598,49779.0411,35781.83399,52505.08567,8239.674415,0,0,0
2060,5,31,14,96051.30513,48245.99958,34644.98248,50549.16911,8233.329116,0,0,0
2060,5,31,15,96614.55903,50168.36428,35446.66315,52257.27134,8144.755702,0,0,0
2060,5,31,16,97254.73881,49423.70438,34603.43382,50905.37505,7916.672641,0,0,0
2060,5,31,17,95323.76885,48588.90647,33932.65753,49126.60533,7760.387069,0,0,0
2060,5,31,18,93113.60574,48138.1295,33682.23554,49167.54554,8635.690583,0,0,0
2060,5,31,19,91622.98211,49748.96612,37245.33799,54131.56823,8639.428225,0,0,0
2060,5,31,20,96308.33319,52944.56278,40194.94568,54290.20069,8536.512697,0,0,0
2060,5,31,21,96164.3036,52797.14324,39943.82832,54641.539,8385.007829,0,0,0
2060,5,31,22,94398.57216,52733.8641,39282.26575,53949.20608,7934.578552,0,0,0
2060,5,31,23,94602.05633,50877.99466,37696.46264,51796.75912,7497.969858,0,0,0
2060,5,31,24,92940.71809,49337.04324,35757.06125,51114.76991,7297.614883,0,0,0
2060,6,1,1,93040.93903,49089.92429,34895.66524,50360.11399,6629.011642,0,0,0
2060,6,1,2,85370.86382,44908.89406,31581.68095,46479.74661,6365.203681,0,0,0
2060,6,1,3,83080.90641,43699.72354,30476.90362,45184.69725,6137.55523,0,0,0
2060,6,1,4,81479.37044,42077.84784,29687.91355,43912.16066,6056.630943,0,0,0
2060,6,1,5,79410.19465,41343.96625,29159.34149,43689.37983,6138.859058,0,0,0
2060,6,1,6,77704.26548,42658.05151,30128.6945,44597.10522,6133.556822,0,0,0
2060,6,1,7,79521.45468,43229.73684,31710.58612,44586.93535,6359.20607,0,0,0
2060,6,1,8,77378.4822,41794.48245,29268.68924,41558.92411,6871.61066,0,0,0
2060,6,1,9,75065.66434,40866.59119,28773.58211,41516.50622,7408.092615,0,0,0
2060,6,1,10,77664.45525,40928.04497,29442.88072,42130.69635,7533.173227,0,0,0
2060,6,1,11,81597.93191,41112.58016,29688.00048,41937.64282,7598.973104,0,0,0
2060,6,1,12,83560.01991,41369.78206,29963.71674,42165.37819,7484.496964,0,0,0
2060,6,1,13,81709.01809,41631.24313,29941.81242,42492.20453,7590.715523,0,0,0
2060,6,1,14,83172.60901,40068.3874,29638.80268,42262.99148,7657.645385,0,0,0
2060,6,1,15,82917.3194,40671.88614,30031.95043,43341.34455,7541.083119,0,0,0
2060,6,1,16,82840.56736,41187.07223,29539.19019,42041.25372,7402.095004,0,0,0
2060,6,1,17,82861.3417,39637.51555,29483.12556,41738.24398,7288.053474,0,0,0
2060,6,1,18,81729.79243,40460.75285,29960.67447,42682.12888,8174.743757,0,0,0
2060,6,1,19,82697.75468,43059.7176,33659.63585,48431.92552,8328.334751,0,0,0
2060,6,1,20,87321.7389,46652.02581,37391.01909,49727.32257,8208.469454,0,0,0
2060,6,1,21,86807.94356,46415.16364,37100.52611,49486.20122,7992.816224,0,0,0
2060,6,1,22,86697.81352,46107.28627,36273.81193,49196.14285,7567.159689,0,0,0
2060,6,1,23,87066.18852,44923.3231,34957.11902,47690.39481,7094.826094,0,0,0
2060,6,1,24,85729.93818,44239.94314,32762.86262,46456.2777,6478.984446,0,0,0
2060,6,2,1,80766.43703,40727.34231,30217.26791,43565.25536,6637.356144,0,0,0
2060,6,2,2,93269.63055,49402.06082,33193.99524,49313.22664,6409.273083,0,0,0
2060,6,2,3,91180.3758,48363.34414,32117.55445,48122.04895,6208.918108,0,0,0
2060,6,2,4,90054.21569,46730.69013,31267.8929,47421.97998,6192.316026,0,0,0
2060,6,2,5,86412.10124,45956.73755,30855.8831,47072.81472,6347.645458,0,0,0
2060,6,2,6,85995.39766,46604.56645,31972.04719,48318.23168,6463.16466,0,0,0
2060,6,2,7,87350.51005,48656.09709,34485.13311,49195.79516,6624.230938,0,0,0
2060,6,2,8,89369.35806,47538.62917,32285.74832,46653.32964,7322.735311,0,0,0
2060,6,2,9,93201.39686,48156.20926,32893.59316,48346.48129,7764.646242,0,0,0
2060,6,2,10,99886.90773,51404.30675,34972.15651,51363.45346,7993.337756,0,0,0
2060,6,2,11,105131.6012,51563.80843,35348.26756,52714.74129,7978.126423,0,0,0
2060,6,2,12,108025.6658,51869.07814,35945.33408,53252.2663,7851.394296,0,0,0
2060,6,2,13,106912.8917,51314.25566,35970.62835,52849.81792,8028.280359,0,0,0
2060,6,2,14,103341.2709,48678.78371,34791.0982,50701.19551,8047.316254,0,0,0
2060,6,2,15,107368.884,52030.57902,36650.87913,53453.66434,7952.919073,0,0,0
2060,6,2,16,107127.4149,51389.09542,36067.19858,53007.32039,7714.144619,0,0,0
2060,6,2,17,107451.199,51114.76991,35478.65041,51873.77192,7481.454697,0,0,0
2060,6,2,18,103345.617,50673.64127,34915.7442,51207.68941,8348.587553,0,0,0
2060,6,2,19,100434.168,51972.08059,37670.12531,54740.3692,8502.613157,0,0,0
2060,6,2,20,98063.89476,54192.76124,41278.77483,54903.34776,8491.921764,0,0,0
2060,6,2,21,98332.39651,54232.65839,41545.88582,55484.85526,8110.508474,0,0,0
2060,6,2,22,100308.6528,54148.95261,40574.18592,54742.71609,7575.764957,0,0,0
2060,6,2,23,99427.69935,52931.69834,38549.42723,53213.7599,7156.45372,0,0,0
2060,6,2,24,98195.58144,51610.31165,36597.68293,52218.85186,6892.298071,0,0,0
2060,6,3,1,96341.45043,50524.83098,35265.69176,50442.77671,6631.619299,0,0,0
2060,6,3,2,93190.61854,49360.16447,33165.48486,49270.9826,6403.62316,0,0,0
2060,6,3,3,91102.40686,48321.62163,32089.5656,48080.41336,6203.52895,0,0,0
2060,6,3,4,89977.11597,46690.27145,31240.33866,47380.779,6186.926868,0,0,0
2060,6,3,5,86336.91379,45916.57963,30828.76347,47031.8745,6342.082456,0,0,0
2060,6,3,6,85920.38406,46564.06085,31944.14526,48276.59609,6457.514737,0,0,0
2060,6,3,7,87274.36647,48614.4615,34455.92736,49154.07265,6618.494092,0,0,0
2060,6,3,8,89291.7368,47497.42819,32257.58563,46612.82403,7316.390013,0,0,0
2060,6,3,9,93121.34179,48114.57367,32864.99585,48304.67186,7757.953255,0,0,0
2060,6,3,10,99802.59349,51361.54117,34942.60306,51320.34019,7986.731691,0,0,0
2060,6,3,11,105043.3755,51520.69517,35318.71412,52671.19341,7971.433437,0,0,0
2060,6,3,12,107935.0932,51825.79103,35915.60679,53208.63151,7844.788232,0,0,0
2060,6,3,13,106823.3621,51271.31624,35940.81414,52806.18312,8021.500451,0,0,0
2060,6,3,14,103253.219,48637.14812,34761.80552,50658.2561,8040.536346,0,0,0
2060,6,3,15,107279.789,51987.63961,36620.63031,53408.89956,7946.226087,0,0,0
2060,6,3,16,107038.32,51346.76445,36037.29745,52963.07715,7707.451633,0,0,0
2060,6,3,17,107362.0171,51071.83049,35448.92312,51830.13713,7475.022477,0,0,0
2060,6,3,18,103258.4343,50631.04954,34886.10383,51164.66308,8341.894567,0,0,0
2060,6,3,19,100349.5061,51928.79348,37639.18111,54696.03903,8495.746327,0,0,0
2060,6,3,20,97980.88435,54149.12645,41244.09299,54857.36608,8484.88109,0,0,0
2060,6,3,21,98249.03841,54188.58899,41510.59553,55438.61281,8103.728566,0,0,0
2060,6,3,22,100224.8601,54104.10091,40539.50409,54696.99517,7569.245814,0,0,0
2060,6,3,23,99344.34125,52888.49816,38517.78766,53169.34281,7150.369187,0,0,0
2060,6,3,24,98113.35332,51567.98068,36567.26026,52175.73859,6886.387382,0,0,0
2060,6,4,1,96260.3523,50482.4131,35236.31216,50400.09806,6630.054705,0,0,0
2060,6,4,2,93169.67037,49348.95154,33157.57496,49259.68276,6402.145488,0,0,0
2060,6,4,3,91081.89329,48310.49563,32082.0034,48069.37428,6202.051278,0,0,0
2060,6,4,4,89956.77624,46679.40621,31233.12414,47370.00069,6185.449196,0,0,0
2060,6,4,5,86317.0956,45905.97516,30821.63587,47021.00927,6340.604784,0,0,0
2060,6,4,6,85900.56587,46553.28253,31936.58306,48265.55701,6455.950143,0,0,0
2060,6,4,7,87254.28751,48603.42242,34448.27823,49143.03357,6617.01642,0,0,0
2060,6,4,8,89271.31015,47486.47603,32250.11035,46602.04572,7314.825418,0,0,0
2060,6,4,9,93100.04592,48103.53459,32857.34673,48293.45893,7756.301739,0,0,0
2060,6,4,10,99780.68917,51350.32825,34934.69317,51308.77958,7984.906331,0,0,0
2060,6,4,11,105019.6458,51509.48225,35310.7173,52659.45896,7969.694999,0,0,0
2060,6,4,12,107911.6243,51814.40426,35907.60998,53196.98398,7843.049794,0,0,0
2060,6,4,13,106799.5455,51259.92948,35932.81733,52794.62251,8019.675091,0,0,0
2060,6,4,14,103230.3585,48625.76135,34753.89562,50647.13009,8038.710986,0,0,0
2060,6,4,15,107255.9724,51976.42668,36612.45965,53397.25203,7944.400727,0,0,0
2060,6,4,16,107014.5903,51335.55153,36029.38756,52951.51654,7705.713195,0,0,0
2060,6,4,17,107338.4613,51060.3568,35440.92631,51818.57652,7473.370961,0,0,0
2060,6,4,18,103235.5739,50619.66277,34878.28086,51153.10246,8340.069207,0,0,0
2060,6,4,19,100326.9064,51917.31979,37630.92353,54684.04381,8494.007889,0,0,0
2060,6,4,20,97958.54542,54138.00045,41234.96619,54845.19701,8483.05573,0,0,0
2060,6,4,21,98227.22101,54176.94146,41501.20797,55426.44374,8101.990128,0,0,0
2060,6,4,22,100202.7819,54092.27953,40530.46421,54684.82611,7567.507376,0,0,0
2060,6,4,23,99322.17616,52876.93755,38509.617,53157.69528,7148.717671,0,0,0
2060,6,4,24,98091.53593,51556.85468,36559.26345,52164.17798,6884.735866,0,0,0
2060,6,5,1,96238.79567,50471.28709,35228.40227,50388.79821,6668.039574,0,0,0
2060,6,5,2,93689.11563,49624.49396,33346.63009,49537.57206,6439.087294,0,0,0
2060,6,5,3,91594.29788,48582.82193,32266.53858,48342.48289,6237.950022,0,0,0
2060,6,5,4,90464.74782,46945.82183,31413.40015,47640.32779,6221.261018,0,0,0
2060,6,5,5,86811.59428,46169.95696,30999.91268,47290.29331,6377.285825,0,0,0
2060,6,5,6,86393.76072,46820.21968,32120.42287,48539.44791,6493.239637,0,0,0
2060,6,5,7,87754.26227,48878.44331,34640.98408,49417.70677,6654.827446,0,0,0
2060,6,5,8,89780.7594,47757.23775,32434.99322,46869.33056,7356.026398,0,0,0
2060,6,5,9,93626.87955,48376.73011,33045.27187,48568.47982,7799.762688,0,0,0
2060,6,5,10,100335.077,51630.21676,35128.96361,51592.57958,8028.80189,0,0,0
2060,6,5,11,105598.1111,51789.71845,35505.68312,52945.69277,8013.155948,0,0,0
2060,6,5,12,108501.824,52098.03042,36103.87962,53485.47776,7886.510743,0,0,0
2060,6,5,13,107386.1814,51539.20953,36129.08697,53081.37785,8063.831415,0,0,0
2060,6,5,14,103805.1731,48901.39069,34947.55761,50929.27858,8082.606545,0,0,0
2060,6,5,15,107841.7391,52257.70594,36811.07619,53688.70115,7987.60091,0,0,0
2060,6,5,16,107598.1839,51614.83159,36225.22259,53240.44493,7748.826456,0,0,0
2060,6,5,17,107925.0972,51340.67992,35636.67442,52105.67954,7515.441159,0,0,0
2060,6,5,18,103807.9546,50899.02975,35072.5513,51436.55477,8383.964766,0,0,0
2060,6,5,19,100884.945,52201.29363,37833.97308,54979.3175,8539.468042,0,0,0
2060,6,5,20,98505.54493,54425.36424,41464.26616,55147.07676,8528.342039,0,0,0
2060,6,5,21,98770.48287,54467.95597,41731.89869,55733.1042,8146.407218,0,0,0
2060,6,5,22,100753.9537,54385.55401,40754.11425,54984.8805,7610.186028,0,0,0
2060,6,5,23,99870.21873,53162.21522,38716.57804,53446.27598,7188.788666,0,0,0
2060,6,5,24,98629.93016,51835.70013,36759.09689,52447.80414,6923.763799,0,0,0
2060,6,6,1,96769.10617,50748.04642,35422.67271,50668.5998,6650.742116,0,0,0
2060,6,6,2,93452.25346,49499.06566,33260.57741,49410.92686,6422.224446,0,0,0
2060,6,6,3,91360.73874,48459.13207,32182.39819,48218.01073,6221.608705,0,0,0
2060,6,6,4,90233.18788,46824.6527,31331.25896,47516.8987,6204.919701,0,0,0
2060,6,6,5,86586.03195,46049.65706,30918.55379,47167.64651,6360.59682,0,0,0
2060,6,6,6,86168.98069,46698.52903,32036.71709,48414.62806,6476.289867,0,0,0
2060,6,6,7,87526.43997,48752.92809,34553.10604,49292.71308,6637.61691,0,0,0
2060,6,6,8,89547.89563,47633.63481,32350.67898,46747.55298,7337.251268,0,0,0
2060,6,6,9,93386.97511,48252.17103,32959.74072,48443.22537,7779.944496,0,0,0
2060,6,6,10,100082.1343,51503.05002,35040.30328,51463.2398,8008.63601,0,0,0
2060,6,6,11,105334.0423,51661.76941,35416.93586,52816.0053,7993.424678,0,0,0
2060,6,6,12,108231.6707,51968.51679,36014.26315,53353.09571,7866.69255,0,0,0
2060,6,6,13,107117.9404,51412.0428,36040.07895,52951.16885,8043.9263,0,0,0
2060,6,6,14,103542.9297,48775.70163,34859.15804,50800.63417,8062.70143,0,0,0
2060,6,6,15,107574.8889,52129.49614,36720.32973,53555.71065,7967.869639,0,0,0
2060,6,6,16,107332.116,51487.75177,36136.12765,53108.06287,7729.095185,0,0,0
2060,6,6,17,107656.8562,51213.77395,35547.75332,51974.94901,7496.23142,0,0,0
2060,6,6,18,103545.7112,50771.68917,34984.15173,51307.47575,8363.885807,0,0,0
2060,6,6,19,100630.4377,52071.95385,37741.22742,54844.41471,8518.606786,0,0,0
2060,6,6,20,98255.99216,54293.32988,41359.17759,55009.56632,8507.654627,0,0,0
2060,6,6,21,98522.75546,54334.96547,41626.89703,55592.89918,8126.32826,0,0,0
2060,6,6,22,100502.1409,54252.73735,40652.24179,54848.41312,7590.802445,0,0,0
2060,6,6,23,99620.23135,53031.05007,38621.65933,53314.5893,7170.535068,0,0,0
2060,6,6,24,98384.54965,51708.27263,36667.8289,52318.81204,6906.031731,0,0,0
2060,6,7,1,96527.55021,50622.18351,35334.01237,50540.82461,6611.714184,0,0,0
2060,6,7,2,89529.81588,47298.55089,32551.72933,48917.12355,6444.215686,0,0,0
2060,6,7,3,87249.94141,46893.58176,31557.77743,47897.44277,6260.984325,0,0,0
2060,6,7,4,83993.84711,45773.1585,30644.05443,46808.57215,6191.62065,0,0,0
2060,6,7,5,82417.25772,45196.17094,30297.23606,46003.76229,6341.734768,0,0,0
2060,6,7,6,81541.78036,45344.72046,31217.82588,47219.88657,6436.914247,0,0,0
2060,6,7,7,83674.93066,47751.5009,33449.63254,47934.81918,6510.710939,0,0,0
2060,6,7,8,82861.68938,45698.57951,31357.94398,46154.31102,7154.715282,0,0,0
2060,6,7,9,84963.63472,45675.54521,31407.40254,45414.95336,7629.221924,0,0,0
2060,6,7,10,89572.84222,48290.59051,33223.89637,49042.46493,7942.401523,0,0,0
2060,6,7,11,94052.70993,48831.24472,33933.17906,49909.51087,7978.561033,0,0,0
2060,6,7,12,95606.52578,48825.42095,34397.60276,51210.73168,7828.099227,0,0,0
2060,6,7,13,96243.05484,47777.22978,34359.53097,50429.99919,7919.36722,0,0,0
2060,6,7,14,92165.28783,46284.34618,33247.62605,48509.28601,7913.021922,0,0,0
2060,6,7,15,92719.41493,48156.20926,34030.01005,50187.05249,7825.752336,0,0,0
2060,6,7,16,93346.73027,47428.93374,33207.46813,48858.71204,7601.146151,0,0,0
2060,6,7,17,91463.91504,46615.17093,32554.7716,47123.75095,7448.511298,0,0,0
2060,6,7,18,89322.42023,46181.08297,32311.73797,47164.34348,8307.821183,0,0,0
2060,6,7,19,87882.9936,47735.85496,35796.52379,52020.75685,8311.298059,0,0,0
2060,6,7,20,92440.48256,50849.31043,38630.00383,52139.49216,8210.990189,0,0,0
2060,6,7,21,92306.36207,50704.3247,38389.31709,52487.52744,8062.962196,0,0,0
2060,6,7,22,90586.09079,50641.82786,37759.22025,51831.09327,7618.96514,0,0,0
2060,6,7,23,90782.36043,48821.68331,36235.65322,49754.52912,7195.220887,0,0,0
2060,6,7,24,89170.56767,47331.84198,34337.0182,49085.31743,7002.688882,0,0,0
2060,6,8,1,89283.30538,47097.06593,33491.5289,48336.31143,6849.619419,0,0,0
2060,6,8,2,88216.33908,46410.81754,32632.82746,48025.21796,6578.944629,0,0,0
2060,6,8,3,85864.14559,45168.09516,31497.19286,46696.52982,6344.342425,0,0,0
2060,6,8,4,84212.10799,43495.02247,30685.42926,45387.7468,6260.723559,0,0,0
2060,6,8,5,82083.82532,42737.23736,30140.6028,45158.35991,6345.646254,0,0,0
2060,6,8,6,80322.78766,44091.21977,31140.98693,46091.72725,6340.170174,0,0,0
2060,6,8,7,82195.78072,44680.811,32769.55561,46071.99598,6572.773174,0,0,0
2060,6,8,8,79984.92224,43197.0542,30255.16586,42958.54051,7098.389892,0,0,0
2060,6,8,9,77595.96079,42241.69562,29743.71741,42915.77494,7651.126243,0,0,0
2060,6,8,10,80278.71826,42307.06089,30434.39882,43550.39172,7779.509886,0,0,0
2060,6,8,11,84334.49403,42498.20214,30687.1677,43351.42749,7846.439748,0,0,0
2060,6,8,12,86351.69052,42763.66162,30970.27232,43586.89891,7729.79056,0,0,0
2060,6,8,13,84445.05868,43033.20642,30948.02031,43924.50357,7838.095245,0,0,0
2060,6,8,14,85948.28599,41419.84907,30634.75379,43687.90216,7906.155092,0,0,0
2060,6,8,15,85687.69414,42043.51369,31040.41829,44801.28475,7787.593623,0,0,0
2060,6,8,16,85606.85677,42575.21494,30532.88133,43458.60219,7645.215553,0,0,0
2060,6,8,17,85630.32568,40974.46127,30474.8175,43145.50952,7527.523303,0,0,0
2060,6,8,18,84466.61531,41821.94977,30966.79544,44120.77321,8427.947246,0,0,0
2060,6,8,19,85467.17328,44502.88188,34759.3717,50008.8626,8586.492789,0,0,0
2060,6,8,20,90209.89281,48204.10322,38567.42006,51321.03557,8463.063693,0,0,0
2060,6,8,21,89684.27609,47961.85189,38266.75722,51074.43815,8245.41126,0,0,0
2060,6,8,22,89570.84302,47646.06464,37416.31336,50780.38136,7814.365567,0,0,0
2060,6,8,23,89947.73637,46428.37577,36081.62762,49259.16122,7328.298313,0,0,0
2060,6,8,24,88581.67181,45721.35305,33844.17104,48005.48669,6695.854582,0,0,0
2060,6,9,1,83479.09563,42100.27369,31233.3849,45032.497,6858.137766,0,0,0
2060,6,9,2,96275.8244,50990.9062,34288.95039,50918.76103,6624.317859,0,0,0
2060,6,9,3,94146.49866,49934.02284,33188.86685,49706.0267,6417.965273,0,0,0
2060,6,9,4,92994.08813,48277.63915,32316.17099,48990.92025,6400.841659,0,0,0
2060,6,9,5,89279.30697,47487.5191,31892.77442,48634.88815,6560.951796,0,0,0
2060,6,9,6,88857.73576,48151.16779,33040.05656,49903.42633,6679.600187,0,0,0
2060,6,9,7,90251.70224,50255.89463,35598.0811,50787.76972,6844.751793,0,0,0
2060,6,9,8,92328.61408,49111.91553,33361.66758,48206.10243,7563.248203,0,0,0
2060,6,9,9,96258.70078,49744.27234,33982.89839,49937.93433,8013.24287,0,0,0
2060,6,9,10,103104.3218,53028.87703,36092.31901,53005.32119,8246.019714,0,0,0
2060,6,9,11,108477.4859,53190.81252,36475.38382,54375.12338,8230.634538,0,0,0
2060,6,9,12,111474.2052,53499.12449,37084.35863,54925.25208,8101.468597,0,0,0
2060,6,9,13,110333.1815,52938.56517,37110.86981,54515.15456,8281.310004,0,0,0
2060,6,9,14,106674.0303,50275.01745,35912.56453,52335.41412,8300.432822,0,0,0
2060,6,9,15,110797.9528,53661.58152,37804.85425,55129.34469,8204.818734,0,0,0
2060,6,9,16,110553.2677,53017.75102,37209.78693,54678.0462,7962.480482,0,0,0
2060,6,9,17,110883.1363,52734.90717,36608.80893,53524.67953,7726.57445,0,0,0
2060,6,9,18,106658.5582,52294.21314,36035.9067,52849.12254,8606.832513,0,0,0
2060,6,9,19,103666.4457,53609.51531,38842.78863,56461.50971,8764.24807,0,0,0
2060,6,9,20,101226.635,55884.95676,42629.88882,56669.33996,8753.556677,0,0,0
2060,6,9,21,101494.8759,55919.98628,42903.77972,57271.44795,8363.451198,0,0,0
2060,6,9,22,103516.5924,55823.67682,41884.44662,56491.58468,7822.970835,0,0,0
2060,6,9,23,102613.9954,54584.34439,39769.1153,54899.5232,7391.751298,0,0,0
2060,6,9,24,101323.2921,53241.66183,37746.79042,53862.89264,7119.685757,0,0,0
2060,6,10,1,99413.87876,52127.49694,36390.89573,52064.04396,6852.227076,0,0,0
2060,6,10,2,96196.29086,50949.09677,34259.83155,50876.08237,6618.581014,0,0,0
2060,6,10,3,94068.00818,49892.47417,33160.18262,49663.86958,6412.31535,0,0,0
2060,6,10,4,92916.03227,48236.35125,32288.09522,48948.93697,6395.191736,0,0,0
2060,6,10,5,89203.07646,47446.57888,31864.87249,48593.33948,6555.21495,0,0,0
2060,6,10,6,88781.41834,48109.96681,33011.37233,49861.18229,6673.77642,0,0,0
2060,6,10,7,90174.60252,50213.38982,35568.52765,50745.87337,6838.928026,0,0,0
2060,6,10,8,92249.94976,49069.84533,33332.89643,48164.64068,7556.902905,0,0,0
2060,6,10,9,96177.68957,49702.20214,33954.12724,49895.51644,8006.549884,0,0,0
2060,6,10,10,103019.2253,52985.58992,36062.85249,52961.51255,8239.326727,0,0,0
2060,6,10,11,108389.1732,53148.30771,36445.48268,54331.57551,8224.202317,0,0,0
2060,6,10,12,111383.2849,53456.88045,37054.4575,54881.61728,8094.775611,0,0,0
2060,6,10,13,110242.7827,52896.23421,37080.62099,54471.08516,8274.530096,0,0,0
2060,6,10,14,106585.7177,50232.59956,35882.92416,52292.38778,8293.739836,0,0,0
2060,6,10,15,110707.641,53619.16364,37774.0839,55085.53606,8198.299591,0,0,0
2060,6,10,16,110462.4343,52974.46392,37179.53811,54634.32448,7955.961339,0,0,0
2060,6,10,17,110793.2591,52692.48928,36579.25548,53480.95782,7720.14223,0,0,0
2060,6,10,18,106571.1148,52251.44757,36006.00557,52805.92236,8599.878761,0,0,0
2060,6,10,19,103580.6538,53566.40204,38811.6706,56415.78879,8757.468162,0,0,0
2060,6,10,20,101142.4946,55840.62659,42594.16392,56621.79369,8746.516003,0,0,0
2060,6,10,21,101410.7355,55875.65611,42867.53329,57223.38014,8356.845134,0,0,0
2060,6,10,22,103431.8435,55779.9551,41849.50401,56444.90762,7816.451693,0,0,0
2060,6,10,23,102530.1157,54540.88344,39736.60651,54854.93226,7385.492922,0,0,0
2060,6,10,24,101240.7163,53198.37473,37716.5416,53819.60553,7113.514302,0,0,0
2060,6,11,1,99332.17218,52084.29676,36361.34229,52021.3653,6850.662482,0,0,0
2060,6,11,2,96175.08192,50938.14461,34252.00858,50864.6956,6617.01642,0,0,0
2060,6,11,3,94047.06001,49881.34817,33152.53349,49652.39589,6410.837678,0,0,0
2060,6,11,4,92894.82332,48225.22524,32280.61993,48937.81097,6393.714064,0,0,0
2060,6,11,5,89182.5629,47435.71364,31857.48413,48582.12656,6553.650356,0,0,0
2060,6,11,6,88761.07861,48098.8408,33003.81013,49850.05629,6672.211825,0,0,0
2060,6,11,7,90153.82819,50202.00305,35560.70468,50734.74737,6837.27651,0,0,0
2060,6,11,8,92228.74082,49058.54548,33325.2473,48153.6016,7555.164467,0,0,0
2060,6,11,9,96156.30679,49690.90229,33946.21735,49884.21659,8004.898368,0,0,0
2060,6,11,10,102996.7994,52974.11623,36055.02952,52950.12579,8237.588289,0,0,0
2060,6,11,11,108365.8781,53136.83402,36437.57279,54320.0149,8222.463879,0,0,0
2060,6,11,12,111359.2945,53445.84137,37046.46069,54870.14359,8093.037173,0,0,0
2060,6,11,13,110218.9661,52884.84744,37072.53726,54459.26378,8272.791658,0,0,0
2060,6,11,14,106562.0749,50221.29971,35875.01427,52280.82717,8291.914476,0,0,0
2060,6,11,15,110683.8244,53607.68995,37766.00016,55073.8016,8196.561154,0,0,0
2060,6,11,16,110438.6177,52962.81638,37171.5413,54622.59003,7954.222901,0,0,0
2060,6,11,17,110769.3555,52680.92867,36571.34559,53469.39721,7718.403792,0,0,0
2060,6,11,18,106547.7328,52240.14772,35998.1826,52794.53559,8598.227245,0,0,0
2060,6,11,19,103558.2279,53555.27604,38803.49994,56403.88049,8755.642803,0,0,0
2060,6,11,20,101120.2425,55828.89213,42584.60251,56609.27693,8744.690643,0,0,0
2060,6,11,21,101388.3966,55864.00858,42857.79803,57211.12416,8355.019774,0,0,0
2060,6,11,22,103409.5046,55767.69911,41840.29029,56432.47779,7814.713255,0,0,0
2060,6,11,23,102508.0376,54529.06207,39727.91432,54842.93704,7383.841406,0,0,0
2060,6,11,24,101218.2035,53186.72719,37708.37094,53807.958,7111.949708,0,0,0
2060,6,12,1,99310.52863,52073.17075,36353.25855,52009.97854,6889.603493,0,0,0
2060,6,12,2,96701.82862,51213.77395,34443.84521,51146.67024,6654.914368,0,0,0
2060,6,12,3,94567.37449,50157.23828,33341.58862,49930.45904,6447.866406,0,0,0
2060,6,12,4,93411.22632,48497.20386,32465.93742,49213.96184,6430.65587,0,0,0
2060,6,12,5,89686.88375,47705.43229,32041.06318,48857.40821,6591.461382,0,0,0
2060,6,12,6,89265.22562,48372.12325,33192.34372,50128.64097,6710.457461,0,0,0
2060,6,12,7,90664.7551,50482.58694,35755.40973,51012.28899,6876.043677,0,0,0
2060,6,12,8,92748.35992,49336.8694,33514.73704,48427.31866,7597.669275,0,0,0
2060,6,12,9,96692.26721,49969.48698,34137.88013,50164.19203,8049.054692,0,0,0
2060,6,12,10,103561.531,53258.17699,36252.16838,53237.75035,8281.918458,0,0,0
2060,6,12,11,108953.644,53419.50404,36635.32011,54610.1602,8266.272516,0,0,0
2060,6,12,12,111966.0962,53725.55604,37247.07643,55162.89655,8137.367341,0,0,0
2060,6,12,13,110816.9018,53167.6913,37272.19686,54750.2783,8317.034904,0,0,0
2060,6,12,14,107152.5354,50500.31901,36071.11007,52568.10404,8335.896956,0,0,0
2060,6,12,15,111283.4986,53891.05533,37967.83281,55366.90224,8240.195946,0,0,0
2060,6,12,16,111039.6826,53245.31255,37371.11398,54913.77839,7997.423085,0,0,0
2060,6,12,17,111368.9428,52964.90251,36770.04905,53760.23788,7761.517053,0,0,0
2060,6,12,18,107126.5457,52522.47005,36195.84299,53081.20401,8643.513554,0,0,0
2060,6,12,19,104125.741,53842.9006,39010.46098,56708.88943,8802.406784,0,0,0
2060,6,12,20,101677.4988,56120.86279,42825.02848,56922.7173,8791.193859,0,0,0
2060,6,12,21,101944.0014,56160.84686,43100.57089,57528.38908,8399.176098,0,0,0
2060,6,12,22,103975.2792,56063.05972,42074.63173,56741.22437,7857.913438,0,0,0
2060,6,12,23,103066.3369,54820.25042,39944.87138,55142.03529,7425.476995,0,0,0
2060,6,12,24,101769.1145,53471.22257,37910.98589,54097.06023,7152.281469,0,0,0
2060,6,13,1,99849.96593,52357.1446,36551.26663,52293.257,6871.871425,0,0,0
2060,6,13,2,96462.18495,51088.1718,34356.4887,51018.2866,6637.61691,0,0,0
2060,6,13,3,94330.59924,50031.80998,33255.44902,49804.24845,6431.003558,0,0,0
2060,6,13,4,93175.84182,48373.34016,32381.53626,49088.09893,6413.793022,0,0,0
2060,6,13,5,89457.23609,47582.43781,31957.35739,48731.97991,6574.250846,0,0,0
2060,6,13,6,89035.23028,48247.47725,33106.46489,50001.38731,6693.073081,0,0,0
2060,6,13,7,90431.63057,50354.89867,35667.09709,50885.64378,6858.311609,0,0,0
2060,6,13,8,92511.6716,49210.22419,33428.33668,48302.67266,7578.19877,0,0,0
2060,6,13,9,96447.84283,49842.32024,34050.52362,50036.24299,8028.975734,0,0,0
2060,6,13,10,103303.1122,53129.1849,36161.85653,53106.84597,8261.665655,0,0,0
2060,6,13,11,108685.6638,53291.20731,36545.09518,54477.95199,8246.019714,0,0,0
2060,6,13,12,111688.5546,53597.52008,37155.46075,55028.86298,8117.114539,0,0,0
2060,6,13,13,110544.054,53038.17767,37181.18963,54618.59162,8297.042868,0,0,0
2060,6,13,14,106882.9036,50373.76072,35981.66743,52436.85198,8315.991842,0,0,0
2060,6,13,15,111010.39,53761.1071,37875.6956,55232.43407,8220.638519,0,0,0
2060,6,13,16,110766.0525,53117.71121,37279.93291,54780.52712,7977.778736,0,0,0
2060,6,13,17,111094.0958,52835.12811,36678.86798,53627.07353,7741.785782,0,0,0
2060,6,13,18,106861.8685,52393.30411,36105.70498,52950.38655,8622.73922,0,0,0
2060,6,13,19,103866.8876,53711.82238,38915.62919,56569.29286,8781.110919,0,0,0
2060,6,13,20,101422.9046,55988.13305,42714.89843,56780.07846,8769.463384,0,0,0
2060,6,13,21,101690.1025,56025.07486,42989.22394,57382.88183,8379.010218,0,0,0
2060,6,13,22,103716.252,55926.85311,41967.19626,56600.49782,7838.269089,0,0,0
2060,6,13,23,102810.6127,54686.73839,39845.34581,55005.39407,7406.441099,0,0,0
2060,6,13,24,101517.7364,53342.14355,37818.1533,53964.85202,7133.940948,0,0,0
2060,6,14,1,99604.23772,52227.3702,36460.78094,52164.17798,6831.974274,0,0,0
2060,6,14,2,92477.9459,48862.71045,33633.47236,50516.39956,6660.129681,0,0,0
2060,6,14,3,90146.78751,48445.83302,32613.79157,49474.55369,6471.683006,0,0,0
2060,6,14,4,86803.59747,47298.37704,31673.90508,48361.17109,6400.059362,0,0,0
2060,6,14,5,85184.06866,46707.22122,31316.22147,47538.54225,6554.867263,0,0,0
2060,6,14,6,84281.03706,46859.85607,32263.67016,48786.39302,6652.654398,0,0,0
2060,6,14,7,86473.12041,49336.00018,34541.89311,49501.76024,6728.450293,0,0,0
2060,6,14,8,85639.19172,47221.62501,32407.09129,47694.30629,7389.839017,0,0,0
2060,6,14,9,87806.93694,47190.68081,32458.37521,46936.34734,7877.2101,0,0,0
2060,6,14,10,92541.39889,49865.96299,34317.63462,50646.69548,8194.388106,0,0,0
2060,6,14,11,97127.22439,50417.83013,35040.47712,51530.69119,8231.069147,0,0,0
2060,6,14,12,98715.809,50414.78786,35513.24533,52847.12334,8077.738919,0,0,0
2060,6,14,13,99377.37157,49343.997,35475.17353,52057.78558,8171.006115,0,0,0
2060,6,14,14,95208.68425,47820.42997,34341.71198,50107.08434,8164.400051,0,0,0
2060,6,14,15,95769.85203,49731.32097,35139.65501,51810.40586,8075.392027,0,0,0
2060,6,14,16,96408.8149,48992.65868,34300.33716,50462.94259,7848.699717,0,0,0
2060,6,14,17,94485.32022,48161.07688,33633.03775,48691.12662,7692.67491,0,0,0
2060,6,14,18,92289.93383,47713.86372,33384.61496,48733.80527,8564.936158,0,0,0
2060,6,14,19,90809.48006,49312.53127,36932.593,53672.35984,8568.586878,0,0,0
2060,6,14,20,95471.36223,52493.95966,39851.86495,53820.56167,8465.497506,0,0,0
2060,6,14,21,95327.59341,52347.84395,39605.1806,54170.85692,8316.252607,0,0,0
2060,6,14,22,93570.81493,52282.82637,38948.92027,53489.56309,7866.69255,0,0,0
2060,6,14,23,93772.03912,50431.9984,37380.24078,51353.63128,7432.343825,0,0,0
2060,6,14,24,92121.21843,48901.39069,35449.79234,50677.46584,7232.771147,0,0,0
2060,6,15,1,92227.69775,48656.79247,34592.13397,49922.72299,7004.948852,0,0,0
2060,6,15,2,90219.88883,47469.61318,33373.40204,49110.52478,6729.754122,0,0,0
2060,6,15,3,87827.01589,46206.02955,32216.9931,47762.10537,6490.718902,0,0,0
2060,6,15,4,86141.68721,44498.97039,31390.27893,46430.28805,6405.44852,0,0,0
2060,6,15,5,83974.89813,43724.75705,30835.28261,46196.2943,6492.109652,0,0,0
2060,6,15,6,82178.48326,45105.16371,31856.44107,47145.3945,6486.546651,0,0,0
2060,6,15,7,84086.67969,45708.92321,33515.25857,47115.05876,6723.495745,0,0,0
2060,6,15,8,81831.49105,44191.7884,30953.67023,43949.01554,7258.326185,0,0,0
2060,6,15,9,79390.11569,43215.04703,30431.44347,43907.11919,7822.27546,0,0,0
2060,6,15,10,82129.89392,43283.28072,31136.46699,44556.07808,7951.267557,0,0,0
2060,6,15,11,86268.50626,43479.37653,31394.10349,44353.63698,8018.110497,0,0,0
2060,6,15,12,88322.47071,43750.74669,31681.38037,44594.93217,7901.461309,0,0,0
2060,6,15,13,86378.46246,44025.8545,31658.60683,44939.66442,8009.418307,0,0,0
2060,6,15,14,87908.98324,42378.07608,31338.03887,44698.10846,8078.608138,0,0,0
2060,6,15,15,87645.08836,43015.47436,31752.5694,45834.87305,7959.17745,0,0,0
2060,6,15,16,87559.20953,43558.56238,31235.12334,44463.33241,7816.277849,0,0,0
2060,6,15,17,87586.32916,41922.60533,31175.58184,44143.80752,7696.934083,0,0,0
2060,6,15,18,86398.54142,42786.08747,31677.38196,45139.75863,8607.354044,0,0,0
2060,6,15,19,87423.08983,45524.56187,35531.06431,51114.94375,8767.116493,0,0,0
2060,6,15,20,92242.12679,49300.3622,39403.95641,52445.19648,8642.470491,0,0,0
2060,6,15,21,91710.2517,49053.15632,39097.4698,52191.55838,8420.732729,0,0,0
2060,6,15,22,91595.1671,48731.63222,38221.64475,51891.76475,7985.601707,0,0,0
2060,6,15,23,91980.14419,47491.34366,36868.35772,50354.63791,7493.276075,0,0,0
2060,6,15,24,90591.13226,46768.32731,34603.25997,49094.96576,6848.750201,0,0,0
2060,6,16,1,85397.20115,43073.45126,31951.09902,46070.95292,7013.641041,0,0,0
2060,6,16,2,98377.50897,52100.11654,35053.51541,52041.44426,6775.735806,0,0,0
2060,6,16,3,96218.02133,51027.93493,33942.56663,50814.02014,6565.819422,0,0,0
2060,6,16,4,95048.05258,49359.81678,33056.39787,50089.61304,6548.435042,0,0,0
2060,6,16,5,91290.15816,48564.22065,32624.83065,49732.10327,6711.413601,0,0,0
2060,6,16,6,90867.02236,49237.77844,33790.62715,51011.9413,6832.321962,0,0,0
2060,6,16,7,92283.41469,51376.23098,36378.37898,51899.5008,6999.994303,0,0,0
2060,6,16,8,94399.35446,50219.47435,34117.1058,49295.84226,7733.006671,0,0,0
2060,6,16,9,98398.71792,50850.96194,34744.76882,51053.75073,8188.303573,0,0,0
2060,6,16,10,105353.4259,54154.68945,36877.57144,54151.82103,8421.341182,0,0,0
2060,6,16,11,110843.1522,54320.53643,37266.98154,55536.74763,8405.173709,0,0,0
2060,6,16,12,113900.1954,54638.23597,37884.30086,56091.30934,8276.181612,0,0,0
2060,6,16,13,112736.3112,54062.98685,37910.46435,55675.38806,8457.239926,0,0,0
2060,6,16,14,109025.963,51383.53241,36697.12158,53476.61172,8476.536588,0,0,0
2060,6,16,15,113204.4725,54801.04069,38610.01179,56302.87724,8379.184062,0,0,0
2060,6,16,16,112955.8759,54141.12963,38009.38148,55843.0604,8136.585044,0,0,0
2060,6,16,17,113292.4375,53864.80492,37402.40586,54683.34844,7898.158277,0,0,0
2060,6,16,18,108980.5898,53420.98171,36821.24605,53990.49398,8788.93389,0,0,0
2060,6,16,19,105941.6264,54756.10206,39678.36884,57682.24084,8954.520106,0,0,0
2060,6,16,20,103457.3116,57057.88085,43599.9372,57925.796,8942.524884,0,0,0
2060,6,16,21,103719.555,57099.42952,43883.99796,58546.33143,8541.901855,0,0,0
2060,6,16,22,105779.2563,57018.41831,42826.15846,57738.827,7994.380818,0,0,0
2060,6,16,23,104853.9727,55749.35859,40638.59505,56098.35002,7558.641343,0,0,0
2060,6,16,24,103524.0676,54377.38335,38557.42404,55018.08466,7280.404347,0,0,0
2060,6,17,1,101577.7994,53250.2671,37179.53811,53192.7248,7007.556508,0,0,0
2060,6,17,2,98296.237,52057.43789,35023.96196,51998.331,6769.912039,0,0,0
2060,6,17,3,96137.35781,50985.43012,33913.44779,50771.34149,6560.169499,0,0,0
2060,6,17,4,94968.43213,49318.35504,33027.5398,50047.02131,6542.698197,0,0,0
2060,6,17,5,91212.44998,48522.41121,32596.40719,49689.77231,6705.589834,0,0,0
2060,6,17,6,90789.22726,49196.05593,33761.59523,50968.91496,6826.324351,0,0,0
2060,6,17,7,92204.66345,51332.85695,36348.04324,51856.30062,6993.90977,0,0,0
2060,6,17,8,94319.47323,50176.44802,34088.07388,49253.85899,7726.487528,0,0,0
2060,6,17,9,98315.7075,50807.84868,34715.3023,51010.46363,8181.523665,0,0,0
2060,6,17,10,105266.8517,54110.79389,36847.32262,54107.31702,8414.38743,0,0,0
2060,6,17,11,110751.015,54276.20626,37236.73272,55491.80901,8398.567645,0,0,0
2060,6,17,12,113806.059,54594.16657,37853.96512,56046.10995,8269.488626,0,0,0
2060,6,17,13,112642.4355,54018.91745,37879.694,55629.75406,8450.286174,0,0,0
2060,6,17,14,108935.7381,51340.50608,36666.87276,53432.28155,8469.495914,0,0,0
2060,6,17,15,113110.2492,54756.88436,38579.32836,56256.80864,8372.404154,0,0,0
2060,6,17,16,112862.261,54097.58176,37978.78497,55798.29562,8129.805136,0,0,0
2060,6,17,17,113198.4749,53821.08321,37371.80935,54638.58366,7891.639135,0,0,0
2060,6,17,18,108889.5826,53377.52076,36790.82338,53946.25074,8781.63245,0,0,0
2060,6,17,19,105854.096,54711.85882,39645.51236,57635.04225,8946.9579,0,0,0
2060,6,17,20,103370.9113,57011.98609,43562.03925,57876.07668,8934.875757,0,0,0
2060,6,17,21,103632.9808,57053.53475,43845.83925,58497.13364,8534.774259,0,0,0
2060,6,17,22,105691.8998,56970.43742,42789.91203,57689.71613,7987.687832,0,0,0
2060,6,17,23,104767.7462,55704.07229,40604.34782,56051.8468,7552.209122,0,0,0
2060,6,17,24,103438.5365,54332.44473,38525.52371,54973.31989,7274.059048,0,0,0
2060,6,18,1,101493.8329,53207.50153,37149.55006,53148.74232,7005.991914,0,0,0
2060,6,18,2,98274.68037,52045.9642,35015.96515,51987.03115,6768.347445,0,0,0
2060,6,18,3,96116.23579,50974.39104,33905.62482,50759.95472,6558.604904,0,0,0
2060,6,18,4,94947.04934,49307.05519,33019.80375,50035.63454,6541.133603,0,0,0
2060,6,18,5,91191.93642,48511.45906,32588.93191,49678.47246,6704.02524,0,0,0
2060,6,18,6,90768.80062,49185.19069,33753.77226,50957.61511,6824.759757,0,0,0
2060,6,18,7,92183.8022,51321.5571,36340.13334,51844.82693,6992.345176,0,0,0
2060,6,18,8,94298.09045,50164.97432,34080.16399,49242.47222,7724.74909,0,0,0
2060,6,18,9,98294.15087,50796.46191,34707.47933,50998.98994,8179.785227,0,0,0
2060,6,18,10,105243.5566,54099.3202,36839.3258,54095.49564,8412.475149,0,0,0
2060,6,18,11,110726.1554,54264.29796,37228.82283,55479.72687,8396.829207,0,0,0
2060,6,18,12,113781.2862,54582.51903,37845.62062,56034.20165,8267.663266,0,0,0
2060,6,18,13,112617.402,54007.35683,37871.69719,55617.585,8448.460814,0,0,0
2060,6,18,14,108912.1823,51329.11931,36658.7021,53420.37325,8467.757476,0,0,0
2060,6,18,15,113085.5634,54745.1499,38570.98386,56244.46573,8370.578794,0,0,0
2060,6,18,16,112837.4013,54085.58654,37970.70123,55786.21348,8127.892854,0,0,0
2060,6,18,17,113173.4414,53809.17491,37363.37793,54626.8492,7889.900697,0,0,0
2060,6,18,18,108865.5052,53366.04707,36782.73965,53934.95089,8779.633246,0,0,0
2060,6,18,19,105830.6271,54700.64589,39636.82017,57622.17781,8944.871775,0,0,0
2060,6,18,20,103347.877,56999.81702,43551.95631,57863.21224,8932.963475,0,0,0
2060,6,18,21,103610.2942,57041.10492,43835.84323,58483.83459,8533.035821,0,0,0
2060,6,18,22,105668.7786,56958.18143,42780.35062,57676.93861,7985.949394,0,0,0
2060,6,18,23,104745.4072,55692.07706,40595.56871,56039.50389,7550.470684,0,0,0
2060,6,18,24,103416.2845,54320.71028,38517.43997,54961.49851,7272.407532,0,0,0
2060,6,19,1,101471.5809,53196.46245,37141.46632,53137.26863,7045.715222,0,0,0
2060,6,19,2,98810.81463,52328.63421,35210.58328,52270.74423,6807.027689,0,0,0
2060,6,19,3,96643.67787,51251.93266,34097.02684,51042.62473,6596.41593,0,0,0
2060,6,19,4,95470.23224,49582.24992,33208.77196,50315.6969,6578.857707,0,0,0
2060,6,19,5,91704.60177,48784.13305,32775.81399,49956.44869,6742.357797,0,0,0
2060,6,19,6,91280.07522,49460.38542,33945.34813,51238.54669,6863.440001,0,0,0
2060,6,19,7,92701.24826,51606.31324,36538.48911,52129.75691,7031.89464,0,0,0
2060,6,19,8,94825.70637,50447.9051,34271.82678,49519.75307,7767.949274,0,0,0
2060,6,19,9,98839.75963,51078.00194,34900.96747,51282.87686,8223.85463,0,0,0
2060,6,19,10,105817.6758,54388.16167,37039.50694,54385.55401,8457.761458,0,0,0
2060,6,19,11,111330.0887,54554.70403,37428.65627,55775.43516,8441.767828,0,0,0
2060,6,19,12,114404.3424,54873.27278,38047.88788,56333.03914,8311.993434,0,0,0
2060,6,19,13,113233.8521,54296.11138,38074.48598,55913.11945,8493.660201,0,0,0
2060,6,19,14,109505.9458,51612.39777,36858.70939,53710.77932,8512.956863,0,0,0
2060,6,19,15,113705.4034,55036.85979,38775.85877,56546.4324,8415.256649,0,0,0
2060,6,19,16,113455.9376,54373.2111,38172.6208,56082.96484,8172.223022,0,0,0
2060,6,19,17,113790.5869,54093.32259,37565.21058,54919.34139,7933.10088,0,0,0
2060,6,19,18,109461.7025,53654.10624,36983.09462,54225.87849,8827.005681,0,0,0
2060,6,19,19,106411.4393,54992.79039,39853.86415,57934.48819,8994.591101,0,0,0
2060,6,19,20,103917.2154,57302.30523,43801.68293,58188.21321,8982.422035,0,0,0
2060,6,19,21,104180.7626,57343.85389,44086.26522,58809.3571,8578.582896,0,0,0
2060,6,19,22,106244.81,57266.58033,43022.51503,57997.41965,8029.758031,0,0,0
2060,6,19,23,105315.0934,55986.7423,40819.82721,56344.86052,7592.975493,0,0,0
2060,6,19,24,103976.583,54612.68093,38724.7487,55256.51143,7313.869278,0,0,0
2060,6,20,1,102020.9273,53480.34936,37342.08206,53425.76241,7027.548545,0,0,0
2060,6,20,2,98566.5641,52199.9898,35122.18371,52141.49137,6789.382544,0,0,0
2060,6,20,3,96403.68651,51125.54822,34010.01802,50913.63263,6579.205394,0,0,0
2060,6,20,4,95232.58777,49456.99546,33122.89313,50187.92171,6561.647171,0,0,0
2060,6,20,5,91470.95571,48660.00858,32690.71745,49829.97733,6724.973418,0,0,0
2060,6,20,6,91047.12453,49335.04404,33858.07854,51110.7715,6845.881778,0,0,0
2060,6,20,7,92465.34222,51476.365,36447.65573,51999.98252,7013.814885,0,0,0
2060,6,20,8,94585.45424,50318.99993,34184.81796,49393.28171,7748.304925,0,0,0
2060,6,20,9,98590.64147,50949.96599,34812.82867,51153.71092,8203.514905,0,0,0
2060,6,20,10,105556.3016,54257.34421,36948.41279,54253.25888,8437.074046,0,0,0
2060,6,20,11,111054.7201,54421.88737,37337.38828,55641.83621,8421.341182,0,0,0
2060,6,20,12,114119.0647,54741.1515,37955.75066,56196.7456,8291.914476,0,0,0
2060,6,20,13,112952.6598,54163.64241,37981.91416,55779.43357,8472.885868,0,0,0
2060,6,20,14,109234.8364,51483.23183,36767.18063,53578.57111,8492.617139,0,0,0
2060,6,20,15,113422.2119,54902.91315,38682.50465,56408.92196,8394.916925,0,0,0
2060,6,20,16,113173.0068,54242.04596,38080.65743,55947.62744,8152.057142,0,0,0
2060,6,20,17,113508.6122,53964.33049,37473.24721,54786.43781,7913.456531,0,0,0
2060,6,20,18,109188.7677,53522.76725,36891.73971,54092.36645,8805.275206,0,0,0
2060,6,20,19,106146.1536,54858.84375,39754.59935,57792.54473,8971.991407,0,0,0
2060,6,20,20,103658.362,57163.83864,43687.64139,58040.61983,8959.996185,0,0,0
2060,6,20,21,103920.1707,57206.34345,43972.13677,58660.98142,8557.808562,0,0,0
2060,6,20,22,105981.9582,57125.59301,42910.99423,57850.26087,8009.592151,0,0,0
2060,6,20,23,105055.023,55853.57795,40717.60706,56205.09011,7573.504987,0,0,0
2060,6,20,24,103720.5981,54480.03812,38629.65614,55121.95633,7295.007226,0,0,0
2060,6,21,1,101770.9399,53350.3142,37250.46638,53293.72805,6986.869097,0,0,0
2060,6,21,2,94545.81786,49952.45028,34391.17054,51635.86669,6812.416847,0,0,0
2060,6,21,3,92179.28226,49530.44447,33358.71224,50579.15717,6620.66714,0,0,0
2060,6,21,4,88782.89601,48368.38561,32401.70214,49450.21556,6547.652745,0,0,0
2060,6,21,5,87137.72524,47771.23217,32037.32554,48618.45991,6705.242147,0,0,0
2060,6,21,6,86215.83159,47927.43082,33001.98477,49884.73812,6804.76772,0,0,0
2060,6,21,7,88443.37907,50450.51276,35305.50199,50598.19306,6881.6936,0,0,0
2060,6,21,8,87599.80205,48297.97887,33146.88357,48777.26622,7556.729061,0,0,0
2060,6,21,9,89813.96356,48258.95094,33198.94979,48010.52816,8049.315458,0,0,0
2060,6,21,10,94625.786,50968.30651,35083.85115,51763.64188,8368.57959,0,0,0
2060,6,21,11,99280.54057,51533.47269,35814.25586,52659.11127,8405.608319,0,0,0
2060,6,21,12,100907.5447,51525.91048,36289.19711,53988.84247,8252.191168,0,0,0
2060,6,21,13,101578.5817,50446.51435,36251.29916,53191.85558,8345.284521,0,0,0
2060,6,21,14,97349.91829,48899.13072,35110.01464,51225.24764,8338.852301,0,0,0
2060,6,21,15,97909.52147,50840.4444,35913.52067,52940.21669,8249.844277,0,0,0
2060,6,21,16,98558.48036,50086.31001,35068.03136,51583.45278,8020.370466,0,0,0
2060,6,21,17,96612.12522,49245.68833,34391.25746,49793.03552,7864.084893,0,0,0
2060,6,21,18,94381.53547,48791.17372,34138.57551,49833.19344,8745.646784,0,0,0
2060,6,21,19,92874.22283,50420.17702,37725.23379,54844.06702,8749.297504,0,0,0
2060,6,21,20,97595.29881,53639.24259,40732.81839,55014.43395,8644.904304,0,0,0
2060,6,21,21,97449.70463,53489.73693,40474.39959,55370.37912,8492.790982,0,0,0
2060,6,21,22,95666.32805,53422.45938,39794.40958,54661.70488,8038.710986,0,0,0
2060,6,21,23,95872.41987,51561.54846,38181.57376,52476.74913,7599.842323,0,0,0
2060,6,21,24,94198.47795,50005.90725,36228.4387,51788.58846,7396.358159,0,0,0
2060,6,22,1,94293.65743,49754.26836,35361.47969,51029.84721,6928.196815,0,0,0
2060,6,22,2,89233.49913,46948.0818,33008.67775,48576.21587,6655.435899,0,0,0
2060,6,22,3,86860.0967,45694.66802,31862.61252,47237.18403,6418.573726,0,0,0
2060,6,22,4,85190.67472,44003.86326,31042.76518,45916.31886,6334.085641,0,0,0
2060,6,22,5,83042.57385,43237.73365,30492.89725,45684.93277,6419.877555,0,0,0
2060,6,22,6,81263.19568,44605.53664,31503.88585,46626.64462,6414.314553,0,0,0
2060,6,22,7,83154.79002,45202.34239,33148.01355,46601.1765,6649.264444,0,0,0
2060,6,22,8,80920.98416,43701.11429,30609.28567,43460.86216,7179.401101,0,0,0
2060,6,22,9,78505.16385,42734.97739,30092.27422,43418.09659,7738.048141,0,0,0
2060,6,22,10,81217.12707,42802.0811,30790.34399,44060.10173,7866.953316,0,0,0
2060,6,22,11,85315.66841,42995.48232,31045.54668,43859.39907,7933.796255,0,0,0
2060,6,22,12,87351.81388,43264.07099,31331.08512,44097.82583,7817.320912,0,0,0
2060,6,22,13,85424.75539,43536.39729,31308.31158,44439.0812,7925.451753,0,0,0
2060,6,22,14,86942.23789,41905.39479,30991.56818,44199.87214,7993.337756,0,0,0
2060,6,22,15,86680.34221,42536.10009,31401.57878,45325.33688,7875.123974,0,0,0
2060,6,22,16,86597.07104,43073.62511,30888.73958,43967.79067,7731.963608,0,0,0
2060,6,22,17,86622.10454,41454.96552,30830.24114,43651.30804,7613.575983,0,0,0
2060,6,22,18,85446.31203,42310.79853,31327.26055,44637.35005,8519.21524,0,0,0
2060,6,22,19,86459.90828,45020.84947,35151.21562,50569.68268,8677.760782,0,0,0
2060,6,22,20,91241.30805,48760.57722,38991.42508,51889.41786,8554.418608,0,0,0
2060,6,22,21,90711.69293,48515.10978,38687.80689,51639.51741,8334.68005,0,0,0
2060,6,22,22,90597.56448,48195.84564,37825.10705,51343.54834,7901.722075,0,0,0
2060,6,22,23,90978.717,46967.20461,36481.29451,49815.54829,7412.004101,0,0,0
2060,6,22,24,89600.91799,46252.44584,34229.23505,48559.09226,6773.388915,0,0,0
2060,6,23,1,84452.09935,42593.2947,31597.58766,45558.98294,6936.802083,0,0,0
2060,6,23,2,97341.31302,51552.1609,34677.5782,51489.92482,6701.156817,0,0,0
2060,6,23,3,95199.55745,50491.19221,33571.67089,50268.93291,6492.978871,0,0,0
2060,6,23,4,94037.32475,48827.15939,32691.67359,49549.30652,6475.594492,0,0,0
2060,6,23,5,90300.81312,48034.5186,32264.19169,49192.23136,6637.356144,0,0,0
2060,6,23,6,89877.93808,48703.73029,33421.296,50466.68023,6756.960676,0,0,0
2060,6,23,7,91284.07363,50824.27692,35994.35803,51351.719,6923.242267,0,0,0
2060,6,23,8,93381.49903,49674.90866,33745.86237,48759.62107,7649.474726,0,0,0
2060,6,23,9,97345.22451,50306.30933,34370.39621,50504.75202,8102.163972,0,0,0
2060,6,23,10,104246.3017,53600.82312,36491.11668,53589.61019,8335.201581,0,0,0
2060,6,23,11,109676.6604,53760.67249,36877.22375,54966.10537,8319.903327,0,0,0
2060,6,23,12,112704.8454,54073.41748,37491.76157,55517.01636,8190.824308,0,0,0
2060,6,23,13,111549.045,53509.64204,37517.05584,55106.22347,8370.057262,0,0,0
2060,6,23,14,107871.2056,50839.48825,36310.40605,52916.40009,8388.919314,0,0,0
2060,6,23,15,112015.0333,54237.35218,38213.21333,55721.89127,8294.000601,0,0,0
2060,6,23,16,111769.6527,53587.78483,37616.66834,55269.28895,8050.706208,0,0,0
2060,6,23,17,112103.6936,53309.8086,37012.30038,54114.09692,7814.191723,0,0,0
2060,6,23,18,107830.7869,52865.02925,36435.13898,53429.58698,8698.622037,0,0,0
2060,6,23,19,104820.6816,54192.50048,39263.31678,57080.56746,8859.862158,0,0,0
2060,6,23,20,102358.3581,56477.85102,43119.95448,57303.0006,8848.301546,0,0,0
2060,6,23,21,102620.5145,56518.26971,43399.32146,57916.49536,8453.936894,0,0,0
2060,6,23,22,104663.5268,56425.61096,42360.95246,57120.03001,7910.414265,0,0,0
2060,6,23,23,103749.2823,55174.89177,40209.02703,55506.58573,7476.152461,0,0,0
2060,6,23,24,102441.1946,53818.91016,38155.67103,54449.61545,7200.696966,0,0,0
2060,6,24,1,100510.8331,52698.74766,36792.04029,52637.29387,6930.804472,0,0,0
2060,6,24,2,97260.30182,51509.56917,34648.28552,51446.9854,6695.33305,0,0,0
2060,6,24,3,95119.76315,50449.03509,33542.63897,50226.34118,6487.242026,0,0,0
2060,6,24,4,93958.22583,48785.5238,32663.16321,49506.88863,6469.944568,0,0,0
2060,6,24,5,90223.27878,47992.96993,32236.11592,49150.16116,6631.532377,0,0,0
2060,6,24,6,89800.75144,48662.09471,33392.43793,50424.34927,6751.049987,0,0,0
2060,6,24,7,91206.19161,50781.25058,35964.19613,51308.95343,6917.331578,0,0,0
2060,6,24,8,93301.87857,49632.49078,33716.65661,48717.72472,7642.955584,0,0,0
2060,6,24,9,97263.431,50263.7176,34341.19045,50461.98645,8095.557908,0,0,0
2060,6,24,10,104160.1621,53557.70985,36461.12862,53545.10618,8328.421673,0,0,0
2060,6,24,11,109585.827,53718.08076,36846.4534,54921.60136,8313.123419,0,0,0
2060,6,24,12,112611.9259,54029.8696,37460.9043,55472.59927,8184.131322,0,0,0
2060,6,24,13,111457.2554,53467.57185,37486.19857,55061.28485,8363.277354,0,0,0
2060,6,24,14,107780.4592,50796.8096,36280.418,52872.93914,8382.226328,0,0,0
2060,6,24,15,111922.0268,54193.54354,38182.96451,55677.21342,8287.220693,0,0,0
2060,6,24,16,111678.3848,53544.75849,37585.81107,55225.13263,8044.013222,0,0,0
2060,6,24,17,112011.2956,53266.43457,36981.79079,54069.85368,7807.585659,0,0,0
2060,6,24,18,107742.4743,52822.17675,36404.97708,53385.86526,8691.581364,0,0,0
2060,6,24,19,104733.7597,54148.86568,39231.2426,57033.10811,8852.386875,0,0,0
2060,6,24,20,102272.4792,56432.47779,43082.57806,57254.84587,8841.347794,0,0,0
2060,6,24,21,102535.331,56474.11338,43361.59735,57867.90602,8447.070064,0,0,0
2060,6,24,22,104577.3872,56379.89004,42324.79295,57072.22296,7903.8082,0,0,0
2060,6,24,23,103663.3165,55130.5616,40175.82287,55460.95174,7469.807163,0,0,0
2060,6,24,24,102356.5327,53775.0146,38125.07452,54404.58991,7194.525511,0,0,0
2060,6,25,1,100427.9966,52656.15593,36761.18302,52593.83293,6929.239878,0,0,0
2060,6,25,2,97239.09287,51498.09548,34640.54947,51435.33787,6693.768456,0,0,0
2060,6,25,3,95098.9019,50437.73524,33534.98984,50215.04134,6485.764354,0,0,0
2060,6,25,4,93937.45149,48774.31088,32655.601,49495.84955,6468.466896,0,0,0
2060,6,25,5,90202.76522,47981.93085,32228.64064,49139.03516,6630.054705,0,0,0
2060,6,25,6,89780.23787,48650.9687,33384.7888,50412.87558,6749.572315,0,0,0
2060,6,25,7,91185.41727,50770.12458,35956.28624,51297.65358,6915.766984,0,0,0
2060,6,25,8,93280.58271,49620.93016,33709.00749,48706.5118,7641.217146,0,0,0
2060,6,25,9,97241.78745,50252.50468,34333.4544,50450.59968,8093.81947,0,0,0
2060,6,25,10,104137.1278,53546.14924,36453.21873,53533.2848,8326.683235,0,0,0
2060,6,25,11,109561.4888,53706.78091,36838.54351,54909.43229,8311.384981,0,0,0
2060,6,25,12,112587.5009,54018.13515,37452.64672,55460.69097,8182.305962,0,0,0
2060,6,25,13,111432.7435,53456.18508,37478.11483,55049.46347,8361.538916,0,0,0
2060,6,25,14,107756.8164,50785.24899,36272.33426,52861.29161,8380.400968,0,0,0
2060,6,25,15,111897.6887,54181.896,38174.79385,55665.13127,8285.482255,0,0,0
2060,6,25,16,111654.1335,53533.54557,37577.55348,55213.05048,8042.187862,0,0,0
2060,6,25,17,111986.7836,53255.0478,36973.79398,54058.37999,7805.760299,0,0,0
2060,6,25,18,107719.2661,52810.78998,36396.7195,53373.87004,8689.842926,0,0,0
2060,6,25,19,104710.8992,54137.30507,39222.98502,57020.67828,8850.561515,0,0,0
2060,6,25,20,102249.5318,56421.17795,43072.75589,57242.32912,8839.34859,0,0,0
2060,6,25,21,102512.6444,56462.03124,43351.68826,57854.95466,8445.157782,0,0,0
2060,6,25,22,104554.0921,56367.8079,42315.23154,57059.2716,7902.069763,0,0,0
2060,6,25,23,103640.4561,55118.6533,40166.86991,55448.78267,7468.155647,0,0,0
2060,6,25,24,102334.0199,53763.1063,38117.16463,54392.68161,7192.960917,0,0,0
2060,6,26,1,100405.8315,52644.943,36753.01236,52582.35923,6968.70242,0,0,0
2060,6,26,2,97769.83798,51779.72243,34833.25532,51718.44249,6732.101013,0,0,0
2060,6,26,3,95621.04174,50713.97303,33725.17496,50494.66908,6523.14077,0,0,0
2060,6,26,4,94455.94061,49048.2887,32842.65693,49772.6958,6505.75639,0,0,0
2060,6,26,5,90710.82371,48254.08332,32413.43659,49416.48986,6668.039574,0,0,0
2060,6,26,6,90287.77483,48925.46806,33574.27854,50693.1987,6788.078716,0,0,0
2060,6,26,7,91697.82186,51052.62075,36153.94664,51578.41131,6954.96876,0,0,0
2060,6,26,8,93802.98332,49900.1233,33899.71413,48981.53268,7683.98272,0,0,0
2060,6,26,9,97781.22475,50531.69781,34525.63872,50732.4874,8138.149638,0,0,0
2060,6,26,10,104705.1624,53828.73233,36650.96605,53822.21319,8370.491872,0,0,0
2060,6,26,11,110156.3823,53990.92859,37038.81156,55200.88142,8355.106696,0,0,0
2060,6,26,12,113200.2133,54306.1074,37654.13168,55753.87853,8226.288443,0,0,0
2060,6,26,13,112037.1114,53737.46434,37680.38209,55340.99952,8405.782162,0,0,0
2060,6,26,14,108349.4499,51064.3552,36470.34235,53148.39464,8424.991902,0,0,0
2060,6,26,15,112506.2289,54471.51977,38377.75648,55962.57801,8329.290892,0,0,0
2060,6,26,16,112258.4146,53816.65019,37779.47305,55505.02114,8086.083421,0,0,0
2060,6,26,17,112592.5424,53537.6309,37173.88819,54350.61141,7849.047405,0,0,0
2060,6,26,18,108304.3374,53094.32921,36595.07527,53663.40688,8736.085375,0,0,0
2060,6,26,19,105284.0622,54425.79885,39434.81368,57329.16409,8898.542403,0,0,0
2060,6,26,20,102813.2204,56715.58241,43316.83258,57560.28942,8887.068713,0,0,0
2060,6,26,21,103075.8114,56756.95724,43599.24182,58176.91337,8490.444091,0,0,0
2060,6,26,22,105123.8652,56668.81843,42553.65831,57374.62425,7945.269946,0,0,0
2060,6,26,23,104206.5784,55410.7978,40385.04387,55751.96625,7510.138924,0,0,0
2060,6,26,24,102888.7555,54049.77472,38322.30031,54685.6084,7233.553444,0,0,0
2060,6,27,1,100952.1356,52927.61301,36952.41119,52867.46306,6950.709587,0,0,0
2060,6,27,2,97527.67357,51651.42571,34745.4642,51589.45039,6714.629712,0,0,0
2060,6,27,3,95383.83188,50588.0232,33638.60075,50367.67619,6506.104078,0,0,0
2060,6,27,4,94219.77382,48923.6427,32757.56039,49646.57212,6488.80662,0,0,0
2060,6,27,5,90479.7853,48130.04577,32329.38312,49290.19234,6650.655195,0,0,0
2060,6,27,6,90056.6495,48800.30052,33488.05202,50565.68428,6770.520492,0,0,0
2060,6,27,7,91464.43657,50923.8025,36063.80863,51450.5492,6937.062849,0,0,0
2060,6,27,8,93565.165,49773.13041,33812.96608,48856.36515,7664.512215,0,0,0
2060,6,27,9,97535.23578,50404.53108,34437.93452,50603.92991,8117.809914,0,0,0
2060,6,27,10,104445.8744,53700.26177,36561.34957,53690.8742,8350.673679,0,0,0
2060,6,27,11,109884.4906,53860.71959,36947.54357,55069.0209,8335.201581,0,0,0
2060,6,27,12,112920.4118,54174.76841,37562.516,55619.93189,8206.122562,0,0,0
2060,6,27,13,111761.569,53608.99377,37588.24488,55209.05208,8385.616282,0,0,0
2060,6,27,14,108079.1228,50937.97076,36379.94357,53017.92487,8404.652178,0,0,0
2060,6,27,15,112228.6873,54338.52927,38285.53235,55826.80601,8309.646543,0,0,0
2060,6,27,16,111982.5245,53687.83194,37687.85737,55371.33526,8066.178306,0,0,0
2060,6,27,17,112315.87,53409.07341,37082.88096,54217.44706,7829.316134,0,0,0
2060,6,27,18,108036.4441,52964.20713,36505.11111,53531.54636,8715.050276,0,0,0
2060,6,27,19,105023.7312,54293.85141,39337.635,57188.00293,8876.638085,0,0,0
2060,6,27,20,102557.1484,56581.375,43205.31178,57415.30369,8865.077472,0,0,0
2060,6,27,21,102819.131,56622.2283,43486.4172,58029.66767,8469.582836,0,0,0
2060,6,27,22,104864.0556,56532.09029,42444.83209,57230.50774,7925.625597,0,0,0
2060,6,27,23,103948.1596,55277.63345,40285.08369,55613.32582,7490.929184,0,0,0
2060,6,27,24,102636.2474,53919.9134,38228.25081,54552.87867,7215.039079,0,0,0
2060,6,28,1,100702.5828,52798.9686,36861.57781,52738.03635,6910.377826,0,0,0
2060,6,28,2,93529.35318,49414.92527,34018.88405,51084.78185,6737.403249,0,0,0
2060,6,28,3,91179.24582,48996.83093,32991.8149,50035.02609,6547.218136,0,0,0
2060,6,28,4,87808.67537,47841.37814,32043.14931,48915.03743,6474.899116,0,0,0
2060,6,28,5,86175.23906,47247.52773,31682.16266,48086.23713,6631.184689,0,0,0
2060,6,28,6,85262.73298,47402.42256,32638.21662,49345.56159,6729.841044,0,0,0
2060,6,28,7,87472.89608,49902.38327,34929.99939,50058.06039,6806.332314,0,0,0
2060,6,28,8,86634.01284,47767.14684,32782.33313,48244.0873,7474.327102,0,0,0
2060,6,28,9,88825.22697,47733.2473,32834.05166,47481.1738,7964.21892,0,0,0
2060,6,28,10,93601.41143,50426.95693,34706.52319,51215.42546,8283.309208,0,0,0
2060,6,28,11,98221.31032,50982.64862,35433.79871,52104.20187,8320.337937,0,0,0
2060,6,28,12,99828.93083,50977.25946,35907.43613,53428.19623,8167.09463,0,0,0
2060,6,28,13,100496.2302,49904.38247,35869.71203,52634.25161,8259.57953,0,0,0
2060,6,28,14,96293.46954,48368.38561,34731.90438,50675.90124,8252.886544,0,0,0
2060,6,28,15,96855.68038,50294.40103,35534.36735,52385.22037,8164.660817,0,0,0
2060,6,28,16,97498.8155,49547.30732,34690.44264,51032.80256,7936.056225,0,0,0
2060,6,28,17,95564.97711,48711.90095,34018.62329,49251.68594,7779.944496,0,0,0
2060,6,28,18,93350.90252,48260.42861,33767.85361,49292.45231,8656.117229,0,0,0
2060,6,28,19,91856.80202,49873.61212,37334.6937,54264.64565,8659.767949,0,0,0
2060,6,28,20,96550.06299,53073.90257,40295.60124,54425.53809,8557.026265,0,0,0
2060,6,28,21,96404.20804,52926.04842,40042.31083,54776.8764,8404.999865,0,0,0
2060,6,28,22,94636.56432,52862.68236,39378.74906,54082.37043,7954.13598,0,0,0
2060,6,28,23,94840.83078,51006.63906,37786.25296,51924.01278,7517.005754,0,0,0
2060,6,28,24,93176.5372,49462.21078,35845.63466,51241.41511,7316.129247,0,0,0
2060,6,29,1,93275.97585,49214.48337,34983.10867,50486.32458,7078.397855,0,0,0
2060,6,29,2,91162.9045,47968.6318,33722.91499,49620.32171,6800.856235,0,0,0
2060,6,29,3,88752.64719,46695.92137,32557.81387,48264.25318,6559.995655,0,0,0
2060,6,29,4,87051.4118,44974.25933,31723.27672,46922.78752,6473.856054,0,0,0
2060,6,29,5,84869.23754,44192.22301,31163.15201,46686.96841,6561.386405,0,0,0
2060,6,29,6,83056.13367,45584.36413,32194.30649,47642.24007,6555.736482,0,0,0
2060,6,29,7,84979.10682,46194.7297,33866.07536,47606.6021,6794.510936,0,0,0
2060,6,29,8,82704.9692,44662.29664,31284.32114,44416.8292,7334.643611,0,0,0
2060,6,29,9,80239.34264,43675.55925,30756.61829,44375.88898,7902.243606,0,0,0
2060,6,29,10,83005.37128,43745.09677,31468.24787,45031.62778,8031.409547,0,0,0
2060,6,29,11,87180.23005,43943.2787,31728.05743,44827.79593,8099.382471,0,0,0
2060,6,29,12,89252.96963,44217.51729,32017.07274,45071.87262,7981.16869,0,0,0
2060,6,29,13,87292.01161,44495.23275,31994.2992,45419.64714,8090.864125,0,0,0
2060,6,29,14,88834.09301,42831.72146,31670.25436,45176.26582,8160.2278,0,0,0
2060,6,29,15,88569.67659,43475.63889,32088.95715,46323.28719,8039.580205,0,0,0
2060,6,29,16,88481.01626,44023.50761,31567.16499,44939.22981,7896.072152,0,0,0
2060,6,29,17,88510.04817,42371.29617,31506.84119,44616.40188,7776.641463,0,0,0
2060,6,29,18,87310.78674,43242.07974,32012.90049,45622.00132,8691.233676,0,0,0
2060,6,29,19,88346.89577,46007.7607,35893.52863,51634.64978,8854.299157,0,0,0
2060,6,29,20,93200.70148,49817.37365,39798.92951,52979.50539,8726.958576,0,0,0
2060,6,29,21,92664.82798,49569.12471,39490.96523,52722.65118,8503.830064,0,0,0
2060,6,29,22,92550.78645,49244.12374,38604.62263,52417.81608,8066.699838,0,0,0
2060,6,29,23,92938.63196,47992.10071,37237.16733,50870.69322,7571.766549,0,0,0
2060,6,29,24,91539.36324,47262.82599,34959.63976,49605.9796,6920.547688,0,0,0
2060,6,30,1,86302.75349,43534.22424,32290.18134,46561.45319,7087.263889,0,0,0
2060,6,30,2,99370.59166,52622.691,35413.02438,52565.49639,6847.35945,0,0,0
2060,6,30,3,97193.71964,51543.99024,34296.42567,51335.72537,6635.79155,0,0,0
2060,6,30,4,96017.8402,49869.43987,33405.12853,50607.14602,6618.146405,0,0,0
2060,6,30,5,92237.95454,49067.93305,32970.7798,50246.68091,6782.34187,0,0,0
2060,6,30,6,91812.21108,49746.61923,34144.13851,51530.16966,6903.945606,0,0,0
2060,6,30,7,93240.94632,51903.75998,36743.53787,52423.90061,7073.356385,0,0,0
2060,6,30,8,95375.66122,50741.26651,34471.92099,49807.89917,7813.235583,0,0,0
2060,6,30,9,99409.35883,51369.45107,35102.62628,51577.36825,8269.314782,0,0,0
2060,6,30,10,106415.1769,54691.17141,37248.03257,54687.52069,8504.525439,0,0,0
2060,6,30,11,111961.6632,54857.453,37639.61572,56084.35559,8488.792575,0,0,0
2060,6,30,12,115051.3021,55177.32558,38258.58656,56645.00183,8357.453587,0,0,0
2060,6,30,13,113877.0742,54599.99033,38284.92389,56221.51835,8540.858792,0,0,0
2060,6,30,14,110126.2204,51904.19458,37065.75735,54012.83291,8560.329297,0,0,0
2060,6,30,15,114351.4939,55340.91259,38990.2951,56859.00355,8462.194474,0,0,0
2060,6,30,16,114102.2888,54676.65545,38384.88408,56394.84061,8217.94394,0,0,0
2060,6,30,17,114439.1112,54392.247,37775.04004,55222.69881,7978.039502,0,0,0
2060,6,30,18,110082.0641,53954.85601,37189.96874,54527.93208,8876.203475,0,0,0
2060,6,30,19,107015.7203,55297.62549,40080.55646,58262.70528,9046.396552,0,0,0
2060,6,30,20,104508.4581,57619.57016,44063.75245,58525.47018,9034.227486,0,0,0
2060,6,30,21,104775.0476,57662.50957,44347.81321,59149.04788,8625.346877,0,0,0
2060,6,30,22,106849.6995,57583.58449,43277.37004,58333.0251,8075.392027,0,0,0
2060,6,30,23,105912.5076,56296.70579,41055.29863,56666.64539,7637.305661,0,0,0
2060,6,30,24,104563.0451,54916.82065,38939.44579,55564.64956,7356.54793,0,0,0
2060,7,1,1,102596.9587,53776.83996,37551.04231,53725.55604,7081.092434,0,0,0
2060,7,1,2,99288.53739,52579.92542,35383.64478,52522.38312,6841.535683,0,0,0
2060,7,1,3,97112.79535,51500.61621,34266.95915,51292.9598,6629.967783,0,0,0
2060,7,1,4,95937.2636,49827.28275,33376.27046,50564.55429,6612.409559,0,0,0
2060,7,1,5,92159.72483,49026.29746,32942.1825,50204.00226,6776.518103,0,0,0
2060,7,1,6,91734.15522,49704.46211,34114.84583,51487.57793,6897.947995,0,0,0
2060,7,1,7,93161.49971,51859.95134,36713.4629,52380.70043,7067.358774,0,0,0
2060,7,1,8,95295.08462,50697.89248,34442.54138,49765.74205,7806.542596,0,0,0
2060,7,1,9,99326.34841,51326.59857,35073.24668,51534.16806,8262.534874,0,0,0
2060,7,1,10,106328.1681,54646.14586,37217.34914,54643.27744,8497.658609,0,0,0
2060,7,1,11,111869.3522,54813.47052,37608.93229,56038.72159,8481.838823,0,0,0
2060,7,1,12,114956.1226,55133.3431,38228.07697,56599.28091,8350.760601,0,0,0
2060,7,1,13,113783.2854,54555.22556,38253.9797,56175.97127,8533.731197,0,0,0
2060,7,1,14,110035.474,51861.42901,37035.33468,53968.41582,8553.462467,0,0,0
2060,7,1,15,114257.1836,55297.01704,38958.91629,56812.84802,8455.414566,0,0,0
2060,7,1,16,114008.4132,54632.15144,38353.85296,56348.51124,8210.903267,0,0,0
2060,7,1,17,114343.4101,54347.82991,37744.53045,55178.36865,7971.346515,0,0,0
2060,7,1,18,109991.4046,53911.04737,37159.19839,54484.55805,8868.902036,0,0,0
2060,7,1,19,106926.6253,55253.72993,40047.26538,58214.55055,9038.747425,0,0,0
2060,7,1,20,104421.797,57573.24078,44025.76758,58476.18546,9026.491437,0,0,0
2060,7,1,21,104687.778,57614.78945,44309.48065,59099.32855,8618.306203,0,0,0
2060,7,1,22,106761.1261,57537.08127,43240.16746,58283.74038,8068.785963,0,0,0
2060,7,1,23,105825.1511,56251.07179,41020.87756,56619.35987,7630.786518,0,0,0
2060,7,1,24,104477.2532,54871.88203,38908.32775,55519.79786,7350.289553,0,0,0
2060,7,2,1,102512.4706,53733.46593,37520.70656,53681.39971,7079.440918,0,0,0
2060,7,2,2,99266.80691,52568.36481,35375.73488,52511.08328,6839.971089,0,0,0
2060,7,2,3,97091.1518,51489.0556,34259.2231,51281.39918,6628.490111,0,0,0
2060,7,2,4,95915.88082,49816.15675,33368.62133,50553.34137,6610.931887,0,0,0
2060,7,2,5,92138.86358,49015.25838,32934.53337,50192.61549,6774.953509,0,0,0
2060,7,2,6,91713.38088,49693.24918,34107.28362,51476.10424,6896.383401,0,0,0
2060,7,2,7,93140.11692,51848.56457,36705.37916,52369.31366,7065.79418,0,0,0
2060,7,2,8,95273.78875,50686.67956,34434.71841,49754.4422,7804.804158,0,0,0
2060,7,2,9,99304.18333,51315.12488,35065.33678,51522.7813,8260.796436,0,0,0
2060,7,2,10,106305.0469,54634.23756,37209.2654,54631.45606,8495.746327,0,0,0
2060,7,2,11,111845.5356,54802.08375,37600.76163,56026.81329,8479.926542,0,0,0
2060,7,2,12,114931.2629,55121.69557,38219.81939,56586.938,8349.109085,0,0,0
2060,7,2,13,113758.2519,54543.4911,38245.89596,56164.23681,8531.992759,0,0,0
2060,7,2,14,110010.7881,51849.95532,37027.16403,53956.50752,8551.550186,0,0,0
2060,7,2,15,114231.8024,55285.3695,38950.83255,56800.67895,8453.502285,0,0,0
2060,7,2,16,113983.2927,54620.06929,38345.24769,56336.16833,8209.164829,0,0,0
2060,7,2,17,114318.2897,54336.44314,37736.01211,55166.54727,7969.608077,0,0,0
2060,7,2,18,109967.3272,53899.48676,37151.2885,54472.8236,8867.076676,0,0,0
2060,7,2,19,106903.2434,55242.25624,40038.31242,58201.85995,9036.661299,0,0,0
2060,7,2,20,104399.0235,57560.46326,44015.51079,58462.97333,9024.579155,0,0,0
2060,7,2,21,104664.8306,57602.62039,44299.31079,59086.37719,8616.567765,0,0,0
2060,7,2,22,106737.3964,57524.65144,43230.17144,58270.70209,8067.047525,0,0,0
2060,7,2,23,105802.1167,56238.8158,41011.48999,56607.01696,7629.135002,0,0,0
2060,7,2,24,104454.5666,54859.88681,38899.8094,55507.80264,7348.638037,0,0,0
2060,7,3,1,102489.8709,53721.90532,37512.44898,53669.92602,7119.511913,0,0,0
2060,7,3,2,99805.89652,52852.51249,35570.35301,52794.79635,6878.738255,0,0,0
2060,7,3,3,97623.46151,51771.03024,34451.66818,51564.15612,6666.388058,0,0,0
2060,7,3,4,96442.71444,50092.04685,33558.45876,50834.35986,6648.742913,0,0,0
2060,7,3,5,92652.39815,49289.93158,33122.98005,50472.85169,6813.720676,0,0,0
2060,7,3,6,92228.6539,49970.09543,34299.20717,51756.77505,6935.498255,0,0,0
2060,7,3,7,93661.30062,52134.62454,36904.86492,52653.54827,7105.691332,0,0,0
2060,7,3,8,95804.44694,50970.13187,34627.5981,50032.85304,7848.004342,0,0,0
2060,7,3,9,99853.18204,51598.75103,35259.43338,51806.14668,8305.126604,0,0,0
2060,7,3,10,106885.2505,54924.99131,37410.22883,54924.73055,8541.380324,0,0,0
2060,7,3,11,112455.5534,55094.0544,37802.50736,56324.34695,8525.125929,0,0,0
2060,7,3,12,115559.5344,55411.92779,38422.60818,56890.90388,8393.091565,0,0,0
2060,7,3,13,114378.9612,54835.46176,38450.42319,56463.16122,8577.452911,0,0,0
2060,7,3,14,110609.7669,52132.97302,37227.69284,54250.65123,8597.010338,0,0,0
2060,7,3,15,114856.8578,55577.60092,39158.83666,57105.42713,8498.527828,0,0,0
2060,7,3,16,114604.9581,54913.77839,38549.94876,56638.39577,8252.973465,0,0,0
2060,7,3,17,114941.4328,54627.37073,37938.80089,55457.82255,8012.982105,0,0,0
2060,7,3,18,110564.9152,54187.89362,37353.38191,54764.9681,8915.318329,0,0,0
2060,7,3,19,107485.8808,55531.35847,40258.1379,58519.47257,9087.336766,0,0,0
2060,7,3,20,104969.4919,57871.55674,44268.01891,58789.5389,9074.993856,0,0,0
2060,7,3,21,105239.2105,57913.62694,44552.34044,59415.46349,8661.940996,0,0,0
2060,7,3,22,107321.9461,57829.13885,43477.02964,58592.40004,8111.030006,0,0,0
2060,7,3,23,106377.7136,56540.0871,41238.79076,56916.28508,7671.726732,0,0,0
2060,7,3,24,105020.602,55156.02972,39109.98655,55805.77091,7390.099782,0,0,0
2060,7,4,1,103043.8242,54007.35683,37713.84702,53961.80976,7101.258315,0,0,0
2060,7,4,2,99560.86369,52723.34655,35482.04036,52665.28273,6861.006188,0,0,0
2060,7,4,3,97380.94941,51643.0812,34364.22475,51435.59863,6649.0906,0,0,0
2060,7,4,4,96203.93999,49966.96624,33472.05839,50706.58467,6631.532377,0,0,0
2060,7,4,5,92418.92593,49164.85096,33037.27506,50345.42419,6795.988608,0,0,0
2060,7,4,6,91994.4863,49844.40636,34211.67682,51629.86907,6917.679266,0,0,0
2060,7,4,7,93424.35153,52004.24169,36814.03153,52523.68695,7087.524655,0,0,0
2060,7,4,8,95563.06483,50841.48746,34539.89391,49905.94707,7828.359993,0,0,0
2060,7,4,9,99603.10774,51469.41125,35171.29458,51677.24151,8285.134568,0,0,0
2060,7,4,10,106620.921,54793.47848,37318.52623,54791.47928,8520.432146,0,0,0
2060,7,4,11,112178.4464,54960.97698,37711.32629,56189.35724,8504.525439,0,0,0
2060,7,4,12,115272.9529,55280.41495,38330.55789,56752.87191,8372.751841,0,0,0
2060,7,4,13,114097.0735,54701.94972,38357.15599,56327.47614,8556.7655,0,0,0
2060,7,4,14,110337.2668,52003.54631,37135.64255,54116.87842,8576.236005,0,0,0
2060,7,4,15,114571.3194,55444.17581,39063.57026,56967.13439,8478.01426,0,0,0
2060,7,4,16,114320.9843,54780.61404,38457.11617,56500.7984,8233.155273,0,0,0
2060,7,4,17,114658.4151,54495.16253,37846.40292,55325.17973,7993.337756,0,0,0
2060,7,4,18,110293.7189,54056.38078,37260.89701,54630.84761,8893.153245,0,0,0
2060,7,4,19,107221.3775,55400.01949,40158.26464,58374.83453,9064.041697,0,0,0
2060,7,4,20,104709.5085,57729.09175,44152.93432,58641.16322,9052.046475,0,0,0
2060,7,4,21,104977.3149,57772.03116,44437.25584,59265.61014,8641.51435,0,0,0
2060,7,4,22,107055.8782,57691.10688,43364.81347,58445.58895,8091.037969,0,0,0
2060,7,4,23,106115.9048,56403.88049,41134.91909,56775.21084,7652.343149,0,0,0
2060,7,4,24,104763.4001,55021.82231,39013.50324,55670.34659,7371.324652,0,0,0
2060,7,5,1,102792.3591,53877.23475,37622.14442,53828.29772,7060.231179,0,0,0
2060,7,5,2,95514.82318,50465.55025,34748.07186,52159.31036,6884.040491,0,0,0
2060,7,5,3,93134.81468,50042.32753,33710.22439,51098.42859,6690.900033,0,0,0
2060,7,5,4,89714.17723,48871.05495,32745.47824,49963.66321,6617.451029,0,0,0
2060,7,5,5,88059.35813,48270.85924,32377.79861,49127.12686,6776.083494,0,0,0
2060,7,5,6,87128.4246,48430.96938,33349.75928,50399.92422,6876.391364,0,0,0
2060,7,5,7,89372.40032,50975.69487,35666.05402,51113.46608,6953.838775,0,0,0
2060,7,5,8,88524.91181,48806.90659,33495.61423,49285.41164,7635.393379,0,0,0
2060,7,5,9,90760.10843,48760.83798,33548.02813,48516.84821,8130.761277,0,0,0
2060,7,5,10,95606.17809,51490.35943,35443.62088,52287.43323,8451.329237,0,0,0
2060,7,5,11,100291.3553,52060.04555,36176.8071,53188.46563,8489.227185,0,0,0
2060,7,5,12,101935.57,52049.70184,36655.48599,54524.36828,8333.897753,0,0,0
2060,7,5,13,102613.3869,50963.43888,36616.89267,53723.0353,8426.991106,0,0,0
2060,7,5,14,98359.68998,49408.14536,35470.47975,51747.82209,8420.732729,0,0,0
2060,7,5,15,98918.2501,51360.15042,36277.89726,53468.87567,8331.463939,0,0,0
2060,7,5,16,99572.85892,50603.14761,35427.54033,52108.46105,8101.729363,0,0,0
2060,7,5,17,97610.07553,49754.96373,34748.41954,50310.65543,7944.053039,0,0,0
2060,7,5,18,95368.18594,49299.31914,34494.08607,50349.0749,8832.134073,0,0,0
2060,7,5,19,93849.13884,50942.31686,38099.60641,55398.54181,8835.871715,0,0,0
2060,7,5,20,98594.7268,54178.24528,41152.91192,55579.60013,8729.653155,0,0,0
2060,7,5,21,98451.91412,54029.08731,40892.40699,55940.76061,8576.583692,0,0,0
2060,7,5,22,96652.63083,53959.46287,40199.63947,55220.00423,8119.982961,0,0,0
2060,7,5,23,96859.50494,52087.86056,38560.37939,53001.14894,7678.767406,0,0,0
2060,7,5,24,95172.69859,50525.87405,36593.24991,52314.03133,7473.80557,0,0,0
2060,7,6,1,95266.92192,50271.19288,35722.64018,51547.46711,6917.070812,0,0,0
2060,7,6,2,89088.94801,46871.93821,32955.39463,48497.55155,6644.570662,0,0,0
2060,7,6,3,86718.58785,45619.74135,31810.72015,47160.17123,6407.969255,0,0,0
2060,7,6,4,85051.51276,43931.45732,30992.00279,45841.21834,6323.655014,0,0,0
2060,7,6,5,82906.10647,43166.54462,30442.91716,45610.00609,6409.360005,0,0,0
2060,7,6,6,81129.42287,44532.17456,31452.34116,46550.7618,6403.797004,0,0,0
2060,7,6,7,83018.49649,45128.19801,33094.12198,46526.1629,6638.399207,0,0,0
2060,7,6,8,80787.81982,43629.3168,30558.87097,43389.49928,7168.014332,0,0,0
2060,7,6,9,78375.91098,42664.7445,30042.81566,43346.73371,7725.705231,0,0,0
2060,7,6,10,81083.61503,42731.58744,30739.5816,43987.60887,7854.523484,0,0,0
2060,7,6,11,85176.50645,42924.72789,30994.52353,43787.16697,7921.540268,0,0,0
2060,7,6,12,87209.43581,43192.88195,31279.8012,44025.15913,7804.978002,0,0,0
2060,7,6,13,85285.50651,43464.86057,31257.02766,44365.89297,7913.195765,0,0,0
2060,7,6,14,86800.72904,41836.29189,30940.80579,44126.94467,7980.907924,0,0,0
2060,7,6,15,86539.18105,42465.95412,31350.20793,45250.93173,7862.607221,0,0,0
2060,7,6,16,86455.99679,43002.69684,30838.15103,43895.21089,7719.794542,0,0,0
2060,7,6,17,86481.20415,41386.55798,30779.65259,43579.33671,7601.319995,0,0,0
2060,7,6,18,85307.41083,42241.26101,31275.97663,44563.72721,8506.263877,0,0,0
2060,7,6,19,86318.48635,44946.96586,35095.32484,50490.32299,8664.722497,0,0,0
2060,7,6,20,91094.41005,48681.30444,38930.7536,51808.49358,8541.467245,0,0,0
2060,7,6,21,90566.09875,48436.27161,38627.74386,51559.02773,8322.076374,0,0,0
2060,7,6,22,90451.44877,48117.61594,37766.9563,51263.92788,7889.379165,0,0,0
2060,7,6,23,90831.73207,46890.5395,36425.05604,49736.36244,7399.921957,0,0,0
2060,7,6,24,89456.54072,46176.64995,34174.82194,48480.51486,6762.349834,0,0,0
2060,7,7,1,84313.45893,42523.23565,31545.95605,45483.96934,6925.589158,0,0,0
2060,7,7,2,97189.63431,51471.93199,34622.55663,51409.00053,6690.204658,0,0,0
2060,7,7,3,95050.31255,50412.35405,33517.17086,50188.79092,6482.287478,0,0,0
2060,7,7,4,93888.94907,48748.75584,32638.21662,49470.03375,6464.99002,0,0,0
2060,7,7,5,90155.4797,47956.54966,32211.4301,49113.30628,6626.490907,0,0,0
2060,7,7,6,89733.21312,48625.58751,33367.14366,50387.32054,6745.921595,0,0,0
2060,7,7,7,91137.871,50744.04801,35937.8588,51271.1424,6912.116264,0,0,0
2060,7,7,8,93231.7326,49595.11436,33691.1885,48680.95676,7637.218739,0,0,0
2060,7,7,9,97191.54659,50226.68887,34315.54849,50424.52311,8089.647219,0,0,0
2060,7,7,10,104084.9746,53519.55114,36435.13898,53506.33901,8322.77175,0,0,0
2060,7,7,11,109505.5111,53680.79126,36819.8553,54882.13882,8307.386574,0,0,0
2060,7,7,12,112530.1324,53991.53705,37433.78467,55433.48442,8178.220633,0,0,0
2060,7,7,13,111376.8527,53430.10851,37459.51355,55022.16999,8357.540509,0,0,0
2060,7,7,14,107701.7079,50759.34626,36253.90682,52834.60658,8376.489483,0,0,0
2060,7,7,15,111841.7979,54155.21098,38155.58411,55638.01164,8281.223082,0,0,0
2060,7,7,16,111597.8082,53507.20823,37558.51759,55185.58316,8038.102533,0,0,0
2060,7,7,17,111930.3713,53229.49277,36955.10577,54031.34728,7801.761892,0,0,0
2060,7,7,18,107665.2007,52784.36573,36378.20513,53346.92425,8685.670675,0,0,0
2060,7,7,19,104657.4423,54110.62005,39203.77528,56991.73328,8846.21542,0,0,0
2060,7,7,20,102196.8572,56393.53678,43050.06927,57212.77567,8834.915574,0,0,0
2060,7,7,21,102460.7521,56434.30315,43328.8278,57824.9666,8440.898609,0,0,0
2060,7,7,22,104501.1567,56340.16674,42293.2403,57029.80508,7897.984433,0,0,0
2060,7,7,23,103588.0422,55091.2729,40146.44326,55420.53305,7464.244161,0,0,0
2060,7,7,24,102282.6491,53736.33435,38098.3895,54365.73582,7189.223276,0,0,0
2060,7,8,1,100355.2429,52619.1272,36734.32415,52556.10882,6919.678469,0,0,0
2060,7,8,2,97109.4054,51428.7318,34592.91627,51365.88727,6684.380891,0,0,0
2060,7,8,3,94970.43133,50370.19693,33488.22586,50146.37304,6476.637554,0,0,0
2060,7,8,4,93809.93707,48707.20717,32609.88008,49428.05047,6459.340097,0,0,0
2060,7,8,5,90077.94537,47915.17483,32183.35433,49071.06224,6620.754062,0,0,0
2060,7,8,6,89656.1134,48583.77807,33338.28559,50344.55497,6740.097828,0,0,0
2060,7,8,7,91059.81513,50700.93475,35907.95766,51228.55067,6906.205575,0,0,0
2060,7,8,8,93151.85138,49552.60955,33662.2435,48639.0604,7630.699596,0,0,0
2060,7,8,9,97109.14463,50184.35791,34286.34273,50381.49677,8082.867311,0,0,0
2060,7,8,10,103998.2266,53476.5248,36405.23784,53461.835,8315.991842,0,0,0
2060,7,8,11,109414.6778,53637.678,36789.60648,54837.46096,8300.519744,0,0,0
2060,7,8,12,112437.2998,53947.46765,37402.84047,55389.41501,8171.527647,0,0,0
2060,7,8,13,111284.4547,53386.99525,37428.39551,54976.88369,8350.847523,0,0,0
2060,7,8,14,107610.6138,50716.66761,36223.658,52790.6241,8369.709575,0,0,0
2060,7,8,15,111749.313,54111.40235,38124.63991,55592.55149,8274.443174,0,0,0
2060,7,8,16,111505.3233,53463.8342,37527.57339,55140.64454,8031.322625,0,0,0
2060,7,8,17,111838.2341,53186.03182,36924.59619,53986.93019,7795.068906,0,0,0
2060,7,8,18,107575.9319,52741.51323,36348.04324,53303.55022,8678.630001,0,0,0
2060,7,8,19,104569.7381,54067.24602,39171.87494,56945.66468,8839.174747,0,0,0
2060,7,8,20,102110.6307,56348.33739,43013.04054,57164.70786,8827.614134,0,0,0
2060,7,8,21,102375.2209,56389.88606,43291.19062,57775.85573,8433.857936,0,0,0
2060,7,8,22,104414.9302,56294.27197,42256.55926,56982.2588,7891.465291,0,0,0
2060,7,8,23,103502.0764,55046.85581,40113.2391,55374.55137,7457.898863,0,0,0
2060,7,8,24,102197.6395,53692.4388,38067.61915,54321.40565,7183.138743,0,0,0
2060,7,9,1,100271.6241,52576.36162,36704.16225,52512.56095,6918.113875,0,0,0
2060,7,9,2,97088.28338,51417.17119,34585.0933,51354.5005,6682.816297,0,0,0
2060,7,9,3,94949.83084,50359.07092,33480.48981,50135.16011,6475.07296,0,0,0
2060,7,9,4,93788.98889,48696.25501,32602.23096,49416.75063,6457.775503,0,0,0
2060,7,9,5,90057.4318,47904.3096,32175.87905,49059.84931,6619.189467,0,0,0
2060,7,9,6,89635.59983,48572.73899,33330.72338,50333.25512,6738.533234,0,0,0
2060,7,9,7,91039.0408,50689.72182,35899.96085,51216.99006,6904.554059,0,0,0
2060,7,9,8,93130.72936,49541.48355,33654.59438,48627.9344,7628.961158,0,0,0
2060,7,9,9,97087.67493,50173.05806,34278.51976,50370.11,8081.128873,0,0,0
2060,7,9,10,103975.7138,53465.3988,36397.06719,53450.10054,8314.340326,0,0,0
2060,7,9,11,109391.1219,53626.46508,36781.52274,54825.90035,8298.781306,0,0,0
2060,7,9,12,112413.5702,53935.64627,37394.84366,55377.50671,8169.702287,0,0,0
2060,7,9,13,111260.3773,53375.78232,37420.22485,54964.97539,8349.196007,0,0,0
2060,7,9,14,107586.971,50705.45469,36215.83503,52779.06349,8367.884215,0,0,0
2060,7,9,15,111725.3226,54100.27634,38116.46925,55580.99088,8272.704736,0,0,0
2060,7,9,16,111481.4197,53452.53436,37519.31581,55128.82316,8029.584187,0,0,0
2060,7,9,17,111813.896,53174.55813,36916.42553,53974.93497,7793.330468,0,0,0
2060,7,9,18,107552.9845,52730.12646,36340.13334,53291.98961,8676.804641,0,0,0
2060,7,9,19,104546.7038,54055.77233,39163.70428,56933.93022,8837.175543,0,0,0
2060,7,9,20,102088.9002,56336.42909,43003.56606,57152.10419,8825.701852,0,0,0
2060,7,9,21,102352.5343,56377.89084,43281.54229,57763.07821,8432.032576,0,0,0
2060,7,9,22,104392.1566,56282.10291,42247.08478,56970.17665,7889.726853,0,0,0
2060,7,9,23,103479.9113,55035.12136,40104.63383,55362.46923,7456.247347,0,0,0
2060,7,9,24,102175.5613,53680.96511,38059.36157,54310.1058,7181.574149,0,0,0
2060,7,10,1,100249.8067,52565.06178,36696.33928,52501.34803,6957.315651,0,0,0
2060,7,10,2,97617.63774,51698.71122,34777.97299,51637.08359,6721.148854,0,0,0
2060,7,10,3,95472.0576,50634.78718,33670.76185,50414.70094,6512.449377,0,0,0
2060,7,10,4,94307.65186,48969.97207,32789.19996,49693.33611,6495.064997,0,0,0
2060,7,10,5,90565.66414,48176.11437,32360.675,49337.13017,6657.087415,0,0,0
2060,7,10,6,90142.3545,48846.89066,33520.03928,50613.05671,6777.039635,0,0,0
2060,7,10,7,91550.92386,50971.69646,36097.18664,51498.00855,6943.668913,0,0,0
2060,7,10,8,93653.30381,49820.329,33845.04026,48902.86836,7671.63981,0,0,0
2060,7,10,9,97626.50377,50451.72967,34470.35639,50651.9108,8125.372119,0,0,0
2060,7,10,10,104542.7054,53747.98189,36594.72758,53739.63739,8358.06204,0,0,0
2060,7,10,11,109984.3639,53909.13509,36980.83465,55118.30561,8342.763786,0,0,0
2060,7,10,12,113023.4142,54223.18391,37596.41554,55669.12968,8213.597846,0,0,0
2060,7,10,13,111863.4415,53656.7139,37622.31826,55257.81526,8393.178487,0,0,0
2060,7,10,14,108179.1699,50985.08243,36413.32158,53066.42729,8412.388227,0,0,0
2060,7,10,15,112331.7767,54387.20553,38319.8665,55876.7861,8316.947982,0,0,0
2060,7,10,16,112084.7446,53735.46514,37721.84384,55421.48919,8073.566668,0,0,0
2060,7,10,17,112418.6986,53457.31506,37116.43282,54266.73178,7836.704495,0,0,0
2060,7,10,18,108135.4482,53012.8834,36538.48911,53580.83108,8722.786325,0,0,0
2060,7,10,19,105120.4752,54342.44075,39373.44682,57240.24299,8884.895665,0,0,0
2060,7,10,20,102651.9802,56631.18125,43246.42584,57468.84758,8872.987365,0,0,0
2060,7,10,21,102914.8321,56671.8607,43528.13971,58083.55925,8477.318885,0,0,0
2060,7,10,22,104960.7128,56582.67883,42484.90309,57283.61702,7932.927036,0,0,0
2060,7,10,23,104044.2083,55326.30972,40322.19934,55664.4359,7498.05678,0,0,0
2060,7,10,24,102730.0361,53968.06814,38263.1065,54602.51107,7221.905909,0,0,0
2060,7,11,1,100795.1546,52846.68873,36895.04274,52786.10416,6939.40974,0,0,0
2060,7,11,2,97376.77716,51570.84911,34690.61648,51508.69995,6703.677552,0,0,0
2060,7,11,3,95234.23929,50509.88042,33584.36148,50287.70804,6495.412684,0,0,0
2060,7,11,4,94071.91967,48845.67375,32704.19034,49567.82088,6478.115227,0,0,0
2060,7,11,5,90334.62573,48052.51143,32276.5346,49210.91957,6639.876879,0,0,0
2060,7,11,6,89911.83762,48722.15774,33433.9866,50485.54228,6759.481411,0,0,0
2060,7,11,7,91318.06009,50842.87821,36007.48324,51370.49413,6925.849924,0,0,0
2060,7,11,8,93416.26779,49693.68379,33758.55297,48777.9616,7652.256227,0,0,0
2060,7,11,9,97381.03633,50324.91062,34383.34757,50523.35331,8105.032395,0,0,0
2060,7,11,10,104284.2866,53620.03285,36504.41573,53608.90685,8338.156926,0,0,0
2060,7,11,11,109716.3837,53779.70838,36890.60972,54985.40203,8322.77175,0,0,0
2060,7,11,12,112746.0464,54092.80106,37504.88678,55536.39994,8193.692731,0,0,0
2060,7,11,13,111589.3767,53528.5041,37530.61566,55125.86782,8372.838763,0,0,0
2060,7,11,14,107910.5812,50858.17646,36323.7051,52935.69675,8392.048503,0,0,0
2060,7,11,15,112055.7127,54256.47499,38227.03391,55742.231,8296.955946,0,0,0
2060,7,11,16,111810.1583,53606.90765,37629.88047,55288.58561,8053.661553,0,0,0
2060,7,11,17,112144.1992,53329.01834,37025.77328,54133.65435,7816.973224,0,0,0
2060,7,11,18,107869.641,52883.80438,36448.52495,53448.79672,8701.838148,0,0,0
2060,7,11,19,104859.0142,54211.01484,39277.13736,57100.73335,8862.991347,0,0,0
2060,7,11,20,102395.2999,56497.75614,43136.03503,57324.12262,8851.343812,0,0,0
2060,7,11,21,102658.2386,56538.00098,43416.18431,57937.79122,8456.97916,0,0,0
2060,7,11,22,104701.5117,56445.95069,42377.20686,57140.89126,7913.282687,0,0,0
2060,7,11,23,103786.8325,55194.70996,40223.28222,55526.75161,7478.933962,0,0,0
2060,7,11,24,102478.0495,53838.29374,38169.40469,54469.34672,7203.391545,0,0,0
2060,7,12,1,100546.9057,52717.26202,36805.1655,52656.41669,6899.164901,0,0,0
2060,7,12,2,93379.93444,49336.43479,33964.12326,51003.94449,6726.45109,0,0,0
2060,7,12,3,91033.04319,48918.77507,32938.09717,49955.23178,6536.43982,0,0,0
2060,7,12,4,87665.8627,47764.27842,31990.38771,48836.28619,6464.294645,0,0,0
2060,7,12,5,86034.16482,47170.34109,31630.00952,48008.18127,6620.406374,0,0,0
2060,7,12,6,85123.22333,47325.49668,32584.75965,49266.46266,6718.888885,0,0,0
2060,7,12,7,87330.77878,49821.89359,34875.49936,49979.30915,6795.206311,0,0,0
2060,7,12,8,86492.41707,47689.69943,32728.78924,48165.85759,7462.33188,0,0,0
2060,7,12,9,88680.32817,47655.97373,32780.68161,47403.55254,7952.136776,0,0,0
2060,7,12,10,93451.12347,50348.11876,34651.58855,51134.50118,8270.531689,0,0,0
2060,7,12,11,98065.89397,50902.59355,35378.25562,52023.01682,8307.821183,0,0,0
2060,7,12,12,99670.99374,50897.03055,35851.02382,53345.35966,8154.404033,0,0,0
2060,7,12,13,100337.7716,49824.84894,35813.73433,52552.02349,8246.802011,0,0,0
2060,7,12,14,96139.79163,48290.59051,34676.53513,50595.41156,8240.36979,0,0,0
2060,7,12,15,96702.35015,50213.99828,35478.47657,52303.94839,8152.057142,0,0,0
2060,7,12,16,97343.65992,49468.90376,34634.98647,50951.87827,7923.713315,0,0,0
2060,7,12,17,95411.47304,48633.4974,33963.94941,49172.06548,7767.427742,0,0,0
2060,7,12,18,93199.91919,48182.54659,33713.52742,49212.74493,8643.252788,0,0,0
2060,7,12,19,91707.9048,49794.42627,37277.58601,54179.98372,8646.816586,0,0,0
2060,7,12,20,96396.1243,52992.10906,40231.19211,54339.57233,8544.074902,0,0,0
2060,7,12,21,96251.48626,52844.25491,39979.11861,54690.30219,8392.309268,0,0,0
2060,7,12,22,94484.88561,52780.54116,39317.29528,53998.05619,7941.706148,0,0,0
2060,7,12,23,94688.71746,50924.75864,37728.71067,51842.7408,7504.92361,0,0,0
2060,7,12,24,93026.68384,49382.59032,35789.30927,51160.83851,7304.307869,0,0,0
2060,7,13,1,93126.5571,49134.94983,34927.56558,50406.00875,7174.185787,0,0,0
2060,7,13,2,92390.76324,48618.19915,34178.99419,50285.10039,6893.6019,0,0,0
2060,7,13,3,89959.03621,47335.31885,33001.89784,48917.99277,6650.307507,0,0,0
2060,7,13,4,88238.678,45595.05553,32157.79929,47564.87958,6563.385609,0,0,0
2060,7,13,5,86035.81634,44803.63165,31592.11158,47327.14819,6651.698257,0,0,0
2060,7,13,6,84203.50273,46211.15794,32635.08743,48290.1559,6646.048334,0,0,0
2060,7,13,7,86144.55563,46829.60725,34323.63223,48245.39113,6887.256601,0,0,0
2060,7,13,8,83846.25372,45277.7906,31716.23605,45028.4986,7433.908419,0,0,0
2060,7,13,9,81350.2045,44277.84108,31182.18791,44988.94913,8005.506821,0,0,0
2060,7,13,10,84149.69807,44348.59551,31901.64046,45653.03243,8136.845809,0,0,0
2060,7,13,11,88373.05926,44549.8197,32163.7969,45447.54907,8204.818734,0,0,0
2060,7,13,12,90466.48625,44827.79593,32455.68064,45695.45032,8085.909577,0,0,0
2060,7,13,13,88485.71004,45108.03213,32432.38557,46047.0494,8196.474232,0,0,0
2060,7,13,14,90040.30819,43425.05034,32103.99464,45801.14735,8265.316375,0,0,0
2060,7,13,15,89773.6318,44076.96458,32527.3912,46960.85931,8144.929546,0,0,0
2060,7,13,16,89681.75536,44631.09168,32000.03605,45561.24291,7999.50921,0,0,0
2060,7,13,17,89714.26415,42958.19283,31939.27764,45234.67734,7880.339288,0,0,0
2060,7,13,18,88500.57368,43838.53781,32450.29148,46251.92431,8802.146018,0,0,0
2060,7,13,19,89554.06709,46638.9006,36367.60066,52309.07679,8970.948344,0,0,0
2060,7,13,20,94451.33375,50489.27993,40320.98243,53681.57356,8838.827059,0,0,0
2060,7,13,21,93910.59263,50241.20483,40006.15132,53420.37325,8612.221671,0,0,0
2060,7,13,22,93793.76959,49912.11852,39107.90042,53101.28297,8172.223022,0,0,0
2060,7,13,23,94186.39581,48648.27412,37715.15085,51539.90491,7673.725936,0,0,0
2060,7,13,24,92772.52421,47909.0903,35423.455,50271.01904,7014.684104,0,0,0
2060,7,14,1,87486.71666,44136.67992,32732.87457,47202.67603,7182.964899,0,0,0
2060,7,14,2,100664.1633,53301.98563,35879.01267,53247.39868,6940.365881,0,0,0
2060,7,14,3,98466.77776,52217.63495,34756.15559,52011.71697,6726.885699,0,0,0
2060,7,14,4,97281.85845,50527.61248,33859.29545,51279.4869,6709.06671,0,0,0
2060,7,14,5,93466.59557,49724.62799,33422.16522,50917.71796,6875.000614,0,0,0
2060,7,14,6,93042.59055,50408.96409,34603.08613,52201.81516,6997.908178,0,0,0
2060,7,14,7,94483.6687,52586.79225,37221.78216,53107.3675,7169.144317,0,0,0
2060,7,14,8,96643.15634,51418.12733,34933.2155,50473.63398,7916.498798,0,0,0
2060,7,14,9,100723.7048,52047.09419,35567.1369,52255.96751,8374.316435,0,0,0
2060,7,14,10,107808.7957,55387.85042,37729.14528,55393.15266,8612.830124,0,0,0
2060,7,14,11,113423.3419,55553.00203,38123.07532,56799.54897,8597.09726,0,0,0
2060,7,14,12,116554.964,55870.70156,38747.0007,57370.97353,8464.193678,0,0,0
2060,7,14,13,115365.5248,55294.67014,38774.81571,56940.01476,8648.81579,0,0,0
2060,7,14,14,111568.3416,52581.66386,37545.13162,54711.68497,8668.633982,0,0,0
2060,7,14,15,115844.1167,56036.72239,39491.83445,57588.10443,8570.499159,0,0,0
2060,7,14,16,115594.1293,55376.02904,38875.03666,57120.37769,8323.032515,0,0,0
2060,7,14,17,115934.6024,55088.83909,38259.45578,55924.07161,8082.606545,0,0,0
2060,7,14,18,111511.0601,54641.97361,37672.99373,55228.95719,8993.721882,0,0,0
2060,7,14,19,108406.5576,55997.95522,40606.43395,59027.2703,9167.131068,0,0,0
2060,7,14,20,105878.1734,58368.31539,44668.9027,59306.63728,9155.048925,0,0,0
2060,7,14,21,106152.8466,58404.4749,44956.70111,59940.38484,8734.781547,0,0,0
2060,7,14,22,108249.3159,58320.59526,43871.65505,59106.19538,8181.089056,0,0,0
2060,7,14,23,107295.2611,57022.85132,41602.5589,57409.74069,7739.960422,0,0,0
2060,7,14,24,105922.6774,55629.75406,39444.98355,56276.71375,7456.247347,0,0,0
2060,7,15,1,103931.3837,54467.95597,38034.84959,54421.27891,7176.880366,0,0,0
2060,7,15,2,100581.2399,53258.00315,35849.45923,53203.32927,6934.36827,0,0,0
2060,7,15,3,98384.81041,52174.86938,34726.60215,51968.77756,6720.97501,0,0,0
2060,7,15,4,97201.108,50485.45536,33830.26353,51236.11288,6703.242943,0,0,0
2060,7,15,5,93388.1051,49682.64471,33393.13331,50875.03931,6869.089925,0,0,0
2060,7,15,6,92964.44776,50366.37236,34573.44576,52158.35422,6991.910567,0,0,0
2060,7,15,7,94404.30901,52543.50515,37191.44641,53063.73271,7162.972862,0,0,0
2060,7,15,8,96562.40589,51374.92715,34903.8359,50430.95533,7909.892733,0,0,0
2060,7,15,9,100639.2168,52003.80708,35537.49653,52212.59348,8367.710371,0,0,0
2060,7,15,10,107719.5269,55343.34641,37698.54877,55348.30096,8605.876372,0,0,0
2060,7,15,11,113330.2485,55509.01955,38092.56573,56753.65421,8590.23043,0,0,0
2060,7,15,12,116457.7853,55826.3714,38715.6219,57324.73108,8457.41377,0,0,0
2060,7,15,13,115269.3022,55250.07921,38742.82845,56894.29384,8642.035882,0,0,0
2060,7,15,14,111475.3352,52538.20291,37514.18742,54666.48559,8661.506387,0,0,0
2060,7,15,15,115748.4157,55993.17452,39459.67335,57541.42737,8563.545408,0,0,0
2060,7,15,16,115498.1676,55331.52503,38843.74478,57073.09218,8316.339529,0,0,0
2060,7,15,17,115839.1622,55044.50892,38228.94619,55878.43761,8075.826637,0,0,0
2060,7,15,18,111420.1398,54598.42574,37641.96261,55183.67088,8985.898911,0,0,0
2060,7,15,19,108317.7234,55952.49507,40572.79517,58977.63789,9159.39502,0,0,0
2060,7,15,20,105789.6,58320.07373,44630.13554,59256.22258,9147.312876,0,0,0
2060,7,15,21,106065.3163,58356.66785,44917.41241,59889.36168,8727.653951,0,0,0
2060,7,15,22,108159.5255,58272.7013,43833.75711,59056.82374,8174.309148,0,0,0
2060,7,15,23,107205.9054,56976.60887,41567.26861,57361.75981,7733.354358,0,0,0
2060,7,15,24,105835.6686,55584.55468,39412.47476,56230.73207,7449.815126,0,0,0
2060,7,16,1,103845.6787,54423.6258,38003.9054,54377.38335,7175.22885,0,0,0
2060,7,16,2,100559.6832,53246.44254,35841.54933,53191.85558,6932.803676,0,0,0
2060,7,16,3,98363.3407,52163.48261,34718.8661,51957.21694,6719.497338,0,0,0
2060,7,16,4,97179.11676,50474.67705,33822.61441,51224.81303,6701.678349,0,0,0
2060,7,16,5,93367.33076,49671.43179,33385.48418,50863.56562,6867.525331,0,0,0
2060,7,16,6,92943.67343,50355.24636,34565.62279,52147.05437,6990.259051,0,0,0
2060,7,16,7,94383.44775,52532.11838,37183.62344,53052.34594,7161.408268,0,0,0
2060,7,16,8,96541.3708,51363.6273,34895.926,50419.91625,7908.241217,0,0,0
2060,7,16,9,100617.1386,51992.42031,35529.58664,52201.03287,8365.885011,0,0,0
2060,7,16,10,107695.7972,55332.04656,37690.46503,55336.5665,8604.051012,0,0,0
2060,7,16,11,113305.8235,55497.19817,38084.482,56741.57206,8588.40507,0,0,0
2060,7,16,12,116432.9257,55814.28925,38707.53816,57312.38817,8455.58841,0,0,0
2060,7,16,13,115244.5295,55238.60552,38734.65779,56882.12477,8640.210522,0,0,0
2060,7,16,14,111451.2578,52526.81614,37506.10368,54654.66421,8659.594105,0,0,0
2060,7,16,15,115723.2953,55981.78775,39451.24192,57529.60599,8561.720048,0,0,0
2060,7,16,16,115472.8733,55319.52981,38835.74796,57061.01004,8314.601091,0,0,0
2060,7,16,17,115814.1287,55033.20908,38220.77553,55866.61623,8074.088199,0,0,0
2060,7,16,18,111396.2363,54587.21282,37633.9658,55172.11027,8983.899707,0,0,0
2060,7,16,19,108294.776,55940.76061,40564.10298,58964.86037,9157.395816,0,0,0
2060,7,16,20,105766.6526,58307.47006,44619.96567,59242.8366,9145.22675,0,0,0
2060,7,16,21,106042.0212,58343.89033,44907.15563,59876.3234,8725.74167,0,0,0
2060,7,16,22,108135.7089,58260.27147,43824.02185,59043.61161,8172.57071,0,0,0
2060,7,16,23,107183.1319,56963.91828,41558.14181,57349.24305,7731.61592,0,0,0
2060,7,16,24,105812.8951,55572.38561,39404.04333,56218.91069,7448.16361,0,0,0
2060,7,17,1,103822.992,54412.15211,37995.90858,54365.6489,7215.560611,0,0,0
2060,7,17,2,101106.7697,53530.5033,36036.60207,53478.87169,6972.266218,0,0,0
2060,7,17,3,98896.4327,52444.15342,34911.91963,52239.80003,6757.916817,0,0,0
2060,7,17,4,97711.68723,50749.26332,34013.84258,51507.65689,6740.010906,0,0,0
2060,7,17,5,93883.29915,49946.19191,33575.32161,51144.58412,6906.466341,0,0,0
2060,7,17,6,93458.33799,50634.17873,34759.19786,52429.63746,7029.808514,0,0,0
2060,7,17,7,94904.023,52816.35298,37383.28304,53339.53589,7201.479263,0,0,0
2060,7,17,8,97073.33281,51646.21039,35089.76184,50699.97861,7951.528323,0,0,0
2060,7,17,9,101167.5281,52275.95954,35724.20477,52485.96285,8410.215179,0,0,0
2060,7,17,10,108280.8685,55620.88803,37892.90613,55631.84019,8649.337321,0,0,0
2060,7,17,11,113920.709,55787.95192,38287.96616,57041.19184,8633.430614,0,0,0
2060,7,17,12,117066.3255,56104.95608,38914.58612,57618.35325,8500.700875,0,0,0
2060,7,17,13,115868.6287,55528.40313,38940.92346,57183.39607,8685.844518,0,0,0
2060,7,17,14,112060.1457,52812.09381,37707.67557,54947.76485,8705.575789,0,0,0
2060,7,17,15,116352.0883,56271.23767,39662.89674,57836.70106,8606.832513,0,0,0
2060,7,17,16,116098.4502,55609.6751,39042.27439,57366.1059,8358.409728,0,0,0
2060,7,17,17,116441.8786,55321.61593,38423.99893,56165.10603,8118.331445,0,0,0
2060,7,17,18,111996.9535,54872.83817,37836.23305,55467.12319,9033.96672,0,0,0
2060,7,17,19,108876.1966,56235.77354,40785.40614,59289.33982,9207.897439,0,0,0
2060,7,17,20,106344.944,58622.12733,44875.42913,59573.31366,9195.554529,0,0,0
2060,7,17,21,106620.8341,58658.37376,45164.44444,60209.32119,8771.810276,0,0,0
2060,7,17,22,108724.8656,58571.71263,44073.74847,59368.87336,8216.727034,0,0,0
2060,7,17,23,107764.9871,57269.18798,41789.18022,57663.20495,7774.989947,0,0,0
2060,7,17,24,106385.9711,55870.35388,39618.47965,56519.052,7490.059965,0,0,0
2060,7,18,1,104386.3329,54704.38353,38199.56659,54657.53263,7197.046246,0,0,0
2060,7,18,2,100856.8692,53401.94581,35947.68097,53347.96731,6954.273385,0,0,0
2060,7,18,3,98654.44214,52315.24824,34823.95467,52110.54717,6740.358594,0,0,0
2060,7,18,4,97469.78359,50624.26963,33926.74684,51378.66479,6722.539604,0,0,0
2060,7,18,5,93647.39312,49821.28514,33488.83432,51016.46124,6888.734274,0,0,0
2060,7,18,6,93223.90963,50506.75123,34671.14598,52301.6015,7011.815681,0,0,0
2060,7,18,7,94667.33467,52686.92628,37292.27582,53208.63151,7183.225665,0,0,0
2060,7,18,8,96830.12534,51517.73983,35001.36227,50572.29034,7931.623208,0,0,0
2060,7,18,9,100916.8453,52146.70668,35635.63136,52356.62306,8389.875455,0,0,0
2060,7,18,10,108015.3221,55488.67982,37800.50815,55496.06818,8628.562987,0,0,0
2060,7,18,11,113640.0381,55654.96141,38195.13357,56905.07215,8612.830124,0,0,0
2060,7,18,12,116776.7018,55973.35633,38819.40664,57479.10437,8480.100385,0,0,0
2060,7,18,13,115583.8726,55396.8903,38846.78704,57046.05947,8664.983263,0,0,0
2060,7,18,14,111782.778,52681.79789,37615.97296,54815.81741,8684.714534,0,0,0
2060,7,18,15,116065.6806,56138.24717,39566.41344,57696.84372,8586.579711,0,0,0
2060,7,18,16,115813.6071,55477.90151,38947.52952,57227.11778,8338.504613,0,0,0
2060,7,18,17,116155.0364,55191.23309,38331.25326,56028.55173,8098.165565,0,0,0
2060,7,18,18,111722.628,54742.02072,37744.18276,55333.43731,9011.106261,0,0,0
2060,7,18,19,108610.3894,56101.4792,40684.31597,59141.48567,9184.863136,0,0,0
2060,7,18,20,106082.4399,58478.88004,44758.77995,59422.41725,9172.607148,0,0,0
2060,7,18,21,106356.5915,58514.4311,45046.92604,60056.9471,8751.122864,0,0,0
2060,7,18,22,108455.7554,58430.11686,43959.70694,59220.75844,8196.561154,0,0,0
2060,7,18,23,107499.5276,57129.41757,41683.74395,57519.95766,7755.258677,0,0,0
2060,7,18,24,106123.9016,55734.14726,39520.69252,56382.67154,7471.02407,0,0,0
2060,7,19,1,104129.131,54570.17612,38106.56016,54524.36828,7155.845267,0,0,0
2060,7,19,2,96778.23297,51133.0235,35210.93096,52839.30037,6977.742297,0,0,0
2060,7,19,3,94376.32016,50706.58467,34165.52129,51771.03024,6782.515714,0,0,0
2060,7,19,4,90926.99847,49529.40141,33194.256,50630.70185,6708.284413,0,0,0
2060,7,19,5,89260.70568,48921.64349,32822.75181,49788.25482,6868.742237,0,0,0
2060,7,19,6,88320.0369,49086.96894,33803.05698,51068.96207,6969.919327,0,0,0
2060,7,19,7,90581.91854,51659.07483,36135.9538,51781.28702,7048.583644,0,0,0
2060,7,19,8,89730.60546,49470.72912,33948.56424,49948.10419,7738.048141,0,0,0
2060,7,19,9,91989.87944,49414.22989,34003.5858,49175.19467,8235.76293,0,0,0
2060,7,19,10,96878.71468,52172.1748,35910.4784,52970.20474,8559.460078,0,0,0
2060,7,19,11,101609.8736,52735.77638,36649.40146,53878.19089,8597.444948,0,0,0
2060,7,19,12,103272.5157,52727.17112,37132.51337,55216.52736,8439.855546,0,0,0
2060,7,19,13,103965.544,51634.7367,37093.13775,54411.28289,8535.035025,0,0,0
2060,7,19,14,99676.81751,50070.75099,35936.72881,52429.55054,8528.342039,0,0,0
2060,7,19,15,100233.4653,52030.92671,36752.31698,54155.81944,8437.334811,0,0,0
2060,7,19,16,100891.638,51275.66234,35893.87632,52789.32027,8207.078703,0,0,0
2060,7,19,17,98913.03479,50420.61163,35212.23479,50981.95325,8048.185473,0,0,0
2060,7,19,18,96653.50004,49963.92397,34957.46671,51021.58963,8947.479432,0,0,0
2060,7,19,19,95121.9362,51620.74228,38592.01896,56126.25194,8951.477839,0,0,0
2060,7,19,20,99902.37983,54876.40197,41704.69213,56319.74009,8841.521638,0,0,0
2060,7,19,21,99752.26571,54726.02709,41440.01495,56686.98511,8684.975299,0,0,0
2060,7,19,22,97939.94414,54657.70648,40734.81759,55953.27737,8225.593068,0,0,0
2060,7,19,23,98143.94983,52772.28358,39059.57185,53691.22189,7782.117543,0,0,0
2060,7,19,24,96443.32289,51203.51716,37069.49499,52995.58594,7574.895738,0,0,0
2060,7,20,1,96534.2432,50943.53377,36192.01843,52224.50178,7138.373965,0,0,0
2060,7,20,2,91929.46872,48374.55707,34007.67113,50035.98223,6858.746219,0,0,0
2060,7,20,3,89505.56467,47094.80596,32835.26856,48673.04686,6616.494889,0,0,0
2060,7,20,4,87792.16021,45361.75715,31994.2992,47323.84516,6529.746834,0,0,0
2060,7,20,5,85597.46921,44573.72322,31430.95838,47086.46146,6617.885639,0,0,0
2060,7,20,6,83772.19627,45975.51268,32469.58814,48046.68767,6612.235716,0,0,0
2060,7,20,7,85706.73003,46590.83279,34151.78763,48005.74745,6852.487842,0,0,0
2060,7,20,8,83417.29416,45046.14374,31553.95286,44798.6771,7396.358159,0,0,0
2060,7,20,9,80932.28401,44051.32262,31022.16469,44758.6061,7966.652733,0,0,0
2060,7,20,10,83719.5216,44121.81628,31738.83574,45419.47329,8097.122502,0,0,0
2060,7,20,11,87924.71611,44321.64972,31999.94912,45214.51146,8165.530036,0,0,0
2060,7,20,12,90010.92859,44598.40904,32290.78979,45461.02196,8046.707801,0,0,0
2060,7,20,13,88037.0192,44877.60218,32267.75549,45811.23029,8156.924768,0,0,0
2060,7,20,14,89587.4451,43201.83491,31941.18992,45566.11054,8226.114599,0,0,0
2060,7,20,15,89321.46409,43850.7938,32362.6742,46721.30256,8105.119317,0,0,0
2060,7,20,16,89231.32608,44402.48709,31837.4921,45327.24916,7960.742044,0,0,0
2060,7,20,17,89262.18336,42737.67197,31776.90753,45002.16126,7841.398278,0,0,0
2060,7,20,18,88053.09975,43614.45316,32286.26986,46015.14906,8760.162741,0,0,0
2060,7,20,19,89100.68247,46401.77767,36189.58461,52055.35177,8926.705098,0,0,0
2060,7,20,20,93982.21627,50237.55411,40124.53895,53417.41791,8796.496095,0,0,0
2060,7,20,21,93441.73591,49989.0444,39810.75089,53157.7822,8571.802988,0,0,0
2060,7,20,22,93326.47747,49660.82732,38917.97608,52843.64646,8132.76048,0,0,0
2060,7,20,23,93717.71293,48401.6767,37535.57021,51289.13523,7635.567223,0,0,0
2060,7,20,24,92309.75203,47666.31744,35249.87197,50021.64011,6979.306892,0,0,0
2060,7,21,1,87041.67654,43910.16145,32566.59298,46961.72853,6204.137404,0,0,0
2060,7,21,2,87285.14478,46228.89001,31035.55066,46128.32137,5989.874925,0,0,0
2060,7,21,3,85291.50412,45236.58962,30020.12905,44999.29284,5802.558234,0,0,0
2060,7,21,4,84230.27467,43689.55368,29222.27295,44338.16488,5786.999214,0,0,0
2060,7,21,5,80780.17069,42959.40973,28836.42664,44006.21015,5932.245706,0,0,0
2060,7,21,6,80385.19758,43568.12378,29883.66167,45182.26343,6040.376548,0,0,0
2060,7,21,7,81657.82109,45505.69982,32268.27702,46038.79182,6191.707572,0,0,0
2060,7,21,8,83554.0223,44456.46558,30178.58767,43610.71551,6853.443983,0,0,0
2060,7,21,9,87181.18619,45036.66925,30751.05529,45207.64463,7269.191422,0,0,0
2060,7,21,10,93546.12911,48142.04099,32734.1784,48091.53937,7488.843059,0,0,0
2060,7,21,11,98505.0234,48302.0642,33098.55499,49393.54248,7474.153258,0,0,0
2060,7,21,12,101248.7131,48601.94475,33676.67254,49913.42235,7351.854147,0,0,0
2060,7,21,13,100174.2715,48057.81367,33700.22837,49518.53617,7522.568755,0,0,0
2060,7,21,14,96757.45863,45531.08101,32563.02918,47454.05416,7540.909276,0,0,0
2060,7,21,15,100622.6147,48756.31804,34359.44405,50104.91129,7449.554361,0,0,0
2060,7,21,16,100393.4016,48129.785,33793.66941,49669.69335,7221.03669,0,0,0
2060,7,21,17,100710.7535,47858.15407,33223.80945,48577.17201,7002.949648,0,0,0
2060,7,21,18,96800.83266,47434.7575,32680.63451,47938.29606,7834.966057,0,0,0
2060,7,21,19,94047.49461,48682.17366,35345.74683,51360.8458,7983.863269,0,0,0
2060,7,21,20,91820.64251,50830.62222,38724.22717,51467.41205,7973.345719,0,0,0
2060,7,21,21,92097.22799,50869.824,38958.39476,52017.19305,7602.102292,0,0,0
2060,7,21,22,93990.64769,50793.76734,38070.05296,51326.59857,7091.523062,0,0,0
2060,7,21,23,93149.50449,49624.84165,36189.9323,49893.25647,6696.289191,0,0,0
2060,7,21,24,91987.61947,48368.82022,34309.46396,48929.37954,6445.519515,0,0,0
2060,7,22,1,90217.88963,47315.50066,33017.71763,47209.54286,7318.476138,0,0,0
2060,7,22,2,102496.6508,54248.99971,36532.05689,54202.84418,7071.617947,0,0,0
2060,7,22,3,100247.1121,53151.08921,35398.68226,52951.7773,6854.747811,0,0,0
2060,7,22,4,99055.32593,51444.81235,34494.17299,52214.33192,6836.754979,0,0,0
2060,7,22,5,95185.91072,50636.69947,34052.87051,51851.17223,7004.948852,0,0,0
2060,7,22,6,94753.38735,51331.81389,35243.6136,53140.83243,7129.942541,0,0,0
2060,7,22,7,96210.37221,53537.80474,37887.16929,54068.72369,7304.220947,0,0,0
2060,7,22,8,98411.49543,52356.70999,35576.17678,51403.35061,8060.528383,0,0,0
2060,7,22,9,102551.4985,52983.06919,36216.61733,53205.15463,8523.300569,0,0,0
2060,7,22,10,109750.4571,56351.29274,38402.00769,56376.32625,8764.074227,0,0,0
2060,7,22,11,115478.2625,56520.96428,38799.24076,57807.23453,8748.254441,0,0,0
2060,7,22,12,118683.5074,56847.09525,39438.02979,58396.91269,8613.960109,0,0,0
2060,7,22,13,117455.6487,56256.63479,39464.71482,57954.04562,8801.624487,0,0,0
2060,7,22,14,113591.6227,53523.98416,38217.38558,55682.25489,8822.311898,0,0,0
2060,7,22,15,117947.4528,57017.63601,40206.76706,58622.73578,8720.960965,0,0,0
2060,7,22,16,117689.3817,56340.77519,39568.2388,58139.18926,8470.017445,0,0,0
2060,7,22,17,118038.2862,56051.75988,38938.3158,56917.50198,8228.548412,0,0,0
2060,7,22,18,113524.9536,55606.11131,38343.94386,56203.96012,9160.177317,0,0,0
2060,7,22,19,110356.9111,56978.43423,41353.78843,60108.9264,9338.975661,0,0,0
2060,7,22,20,107799.9297,59427.89332,45523.34496,60407.24235,9326.198142,0,0,0
2060,7,22,21,108080.8612,59463.61822,45818.53173,61058.8089,8890.458667,0,0,0
2060,7,22,22,110222.7906,59370.87256,44706.27912,60201.84591,8326.683235,0,0,0
2060,7,22,23,109239.704,58054.44041,42379.64067,58455.15036,7883.468476,0,0,0
2060,7,22,24,107841.7391,56628.22591,40162.78458,57286.3116,7596.365447,0,0,0
2060,7,23,1,105823.8472,55446.69654,38713.10116,55390.545,7316.824622,0,0,0
2060,7,23,2,102474.3988,54237.61294,36523.97316,54190.84896,7070.053353,0,0,0
2060,7,23,3,100225.2078,53139.35476,35390.94621,52940.12977,6853.183217,0,0,0
2060,7,23,4,99033.59546,51433.42558,34486.52386,52202.94515,6835.190384,0,0,0
2060,7,23,5,95164.96254,50625.83423,34044.96062,51839.69854,7003.384257,0,0,0
2060,7,23,6,94732.35225,51320.25327,35235.87755,53129.27182,7128.291025,0,0,0
2060,7,23,7,96189.25019,53525.80952,37879.08555,54056.98924,7302.569431,0,0,0
2060,7,23,8,98390.02573,52345.49706,35568.52765,51392.13768,8058.789945,0,0,0
2060,7,23,9,102528.8988,52971.76934,36208.62051,53193.5071,8521.388287,0,0,0
2060,7,23,10,109726.9881,56339.55828,38393.83703,56364.50487,8762.248867,0,0,0
2060,7,23,11,115453.2289,56509.66444,38790.80934,57794.8047,8746.429081,0,0,0
2060,7,23,12,118657.344,56835.18695,39429.59837,58384.22209,8612.221671,0,0,0
2060,7,23,13,117430.2675,56245.50879,39456.45724,57941.44194,8799.712205,0,0,0
2060,7,23,14,113567.0238,53512.94508,38209.04108,55670.25967,8820.312695,0,0,0
2060,7,23,15,117922.0716,57005.64079,40197.90103,58610.39287,8719.048683,0,0,0
2060,7,23,16,117664.0005,56328.86689,39559.63353,58126.75943,8468.365929,0,0,0
2060,7,23,17,118012.5573,56039.85158,38930.14514,56905.50676,8226.896896,0,0,0
2060,7,23,18,113500.0939,55594.28993,38335.7732,56192.05182,9158.265035,0,0,0
2060,7,23,19,110333.1815,56966.43901,41344.66163,60095.71427,9336.889536,0,0,0
2060,7,23,20,107776.6346,59414.85504,45512.91433,60393.9433,9324.112017,0,0,0
2060,7,23,21,108057.0446,59450.57994,45807.92726,61044.98832,8888.720229,0,0,0
2060,7,23,22,110198.4525,59358.00812,44696.19618,60188.45993,8324.857875,0,0,0
2060,7,23,23,109216.0612,58042.01058,42370.42695,58442.45977,7881.730038,0,0,0
2060,7,23,24,107818.2702,56616.14376,40153.91855,57274.14253,7594.627009,0,0,0
2060,7,24,1,105800.9868,55434.70132,38705.01743,55378.98439,7358.112524,0,0,0
2060,7,24,2,103033.6543,54529.49668,36721.98124,54483.34115,7109.950505,0,0,0
2060,7,24,3,100773.4242,53423.85013,35585.65127,53227.66741,6892.124228,0,0,0
2060,7,24,4,99572.68507,51714.96561,34678.7951,52487.26668,6873.957551,0,0,0
2060,7,24,5,95688.31929,50902.07202,34237.14494,52121.67317,7043.020643,0,0,0
2060,7,24,6,95255.62208,51600.92408,35430.40876,53415.41871,7168.448942,0,0,0
2060,7,24,7,96716.95303,53815.17252,38082.22203,54352.08908,7343.857332,0,0,0
2060,7,24,8,98926.85537,52631.81779,35762.79809,51673.85155,8102.772425,0,0,0
2060,7,24,9,103090.5881,53256.26471,36405.93322,53481.13166,8567.196127,0,0,0
2060,7,24,10,110320.5778,56636.48349,38597.40812,56662.56006,8809.360536,0,0,0
2060,7,24,11,116084.1081,56807.89347,38996.46655,58107.02816,8793.019219,0,0,0
2060,7,24,12,119315.7773,57138.89206,39641.42704,58703.57315,8657.50798,0,0,0
2060,7,24,13,118073.2288,56540.95632,39667.93821,58252.79618,8847.084639,0,0,0
2060,7,24,14,114180.7793,53796.39739,38412.786,55966.40257,8867.598207,0,0,0
2060,7,24,15,118570.0744,57312.56201,40418.0742,58932.26466,8764.943446,0,0,0
2060,7,24,16,118310.2648,56621.27215,39771.8968,58441.4167,8513.478394,0,0,0
2060,7,24,17,118662.2985,56334.42989,39139.36615,57208.5165,8270.879376,0,0,0
2060,7,24,18,114117.674,55887.21672,38539.51813,56487.49935,9208.679736,0,0,0
2060,7,24,19,110933.7249,57270.0572,41575.78696,60427.58208,9390.694191,0,0,0
2060,7,24,20,108363.0097,59738.11758,45775.07078,60731.63488,9377.568984,0,0,0
2060,7,24,21,108645.7666,59779.84009,46073.82134,61390.06825,8937.483414,0,0,0
2060,7,24,22,110807.6012,59691.09283,44951.39887,60524.67384,8368.666512,0,0,0
2060,7,24,23,109811.4762,58358.58013,42608.07142,58762.07158,7924.930222,0,0,0
2060,7,24,24,108406.123,56921.58731,40373.65711,57586.0183,7637.392583,0,0,0
2060,7,25,1,106379.3651,55733.19112,38911.54386,55674.17115,7339.337394,0,0,0
2060,7,25,2,102779.0601,54395.89772,36632.36476,54350.52449,7091.783828,0,0,0
2060,7,25,3,100523.5237,53295.20572,35496.99093,53096.93687,6874.305239,0,0,0
2060,7,25,4,99327.99993,51586.58197,34591.4386,52357.49228,6856.225484,0,0,0
2060,7,25,5,95449.45791,50775.51374,34149.61459,51993.46337,7024.940888,0,0,0
2060,7,25,6,95016.49994,51473.23581,35341.74842,53285.47047,7150.195343,0,0,0
2060,7,25,7,96476.7009,53684.26814,37990.34558,54217.01245,7325.082202,0,0,0
2060,7,25,8,98681.82254,52501.43495,35674.3116,51545.0333,8082.693467,0,0,0
2060,7,25,9,102834.3424,53127.27261,36316.31674,53349.44499,8546.334872,0,0,0
2060,7,25,10,110050.5114,56502.71069,38504.22784,56526.52729,8788.151592,0,0,0
2060,7,25,11,115795.5274,56671.42609,38902.76474,57964.38933,8771.288744,0,0,0
2060,7,25,12,119015.1145,56999.29549,39544.50912,58557.28359,8636.820568,0,0,0
2060,7,25,13,117778.8243,56404.40202,39571.36799,58111.11349,8825.701852,0,0,0
2060,7,25,14,113900.63,53666.01454,38319.77957,55831.58671,8845.954655,0,0,0
2060,7,25,15,118273.8445,57172.27007,40317.41864,58785.19281,8744.5168,0,0,0
2060,7,25,16,118014.4696,56488.10781,39675.23965,58298.08249,8493.13867,0,0,0
2060,7,25,17,118365.0256,56199.78787,39043.40438,57070.31068,8250.626574,0,0,0
2060,7,25,18,113835.8732,55753.79161,38446.16401,56352.24888,9185.645433,0,0,0
2060,7,25,19,110660.7901,57131.32985,41470.52454,60276.94643,9366.095293,0,0,0
2060,7,25,20,108094.8557,59589.91574,45654.94472,60577.52235,9353.057009,0,0,0
2060,7,25,21,108376.9172,59629.55213,45952.47837,61232.82654,8915.057564,0,0,0
2060,7,25,22,110529.0165,59538.63182,44835.18429,60370.38747,8348.935241,0,0,0
2060,7,25,23,109539.063,58214.89824,42498.98444,58615.95587,7905.285873,0,0,0
2060,7,25,24,108138.5774,56783.20765,40273.52308,57443.46639,7617.922077,0,0,0
2060,7,26,1,106115.8179,55597.50604,38817.66821,55539.26837,7296.832586,0,0,0
2060,7,26,2,98628.62634,52104.63648,35887.4441,53833.94765,7115.426584,0,0,0
2060,7,26,3,96190.1194,51671.67851,34833.25532,52756.02919,6917.070812,0,0,0
2060,7,26,4,92703.85591,50485.62921,33852.16785,51606.92169,6841.883371,0,0,0
2060,7,26,5,91017.13648,49876.13286,33475.53527,50756.21708,7004.601164,0,0,0
2060,7,26,6,90063.69018,50044.67442,34464.88031,52042.92193,7107.603613,0,0,0
2060,7,26,7,92348.43227,52648.41988,36822.02835,52761.33142,7187.13715,0,0,0
2060,7,26,8,91494.85923,50443.03748,34612.12601,50916.15337,7888.075337,0,0,0
2060,7,26,9,93791.33578,50377.58529,34669.05985,50139.68005,8388.137017,0,0,0
2060,7,26,10,98740.75558,53157.17375,36594.03221,53963.63512,8716.962558,0,0,0
2060,7,26,11,103542.3212,53732.33595,37340.95208,54880.57422,8755.555881,0,0,0
2060,7,26,12,105238.2544,53723.0353,37831.71312,56241.07577,8596.836495,0,0,0
2060,7,26,13,105940.1487,52618.08413,37790.7729,55421.22843,8692.189817,0,0,0
2060,7,26,14,101606.3967,51036.62712,36621.15184,53422.02477,8685.670675,0,0,0
2060,7,26,15,102156.5254,53021.48866,37444.38914,55160.54966,8594.402681,0,0,0
2060,7,26,16,102820.6087,52251.70833,36579.42933,53781.27298,8359.365869,0,0,0
2060,7,26,17,100823.1435,51394.22381,35888.31332,51964.08377,8200.733405,0,0,0
2060,7,26,18,98529.62229,50933.71159,35632.58909,51999.02638,9121.236306,0,0,0
2060,7,26,19,96981.28252,52610.7827,39320.77215,57201.64967,9125.147792,0,0,0
2060,7,26,20,101816.8346,55894.34432,42523.32257,57415.30369,9010.497808,0,0,0
2060,7,26,21,101659.8537,55739.88411,42251.60472,57790.71937,8846.21542,0,0,0
2060,7,26,22,99823.54167,55670.7812,41527.63223,57035.80269,8377.706389,0,0,0
2060,7,26,23,100027.6343,53772.32002,39801.97178,54714.03187,7931.883974,0,0,0
2060,7,26,24,98298.93158,52185.56077,37763.56635,53997.62158,7723.35834,0,0,0
2060,7,27,1,98390.19957,51920.27514,36877.31067,53215.84603,7306.567838,0,0,0
2060,7,27,2,94076.09192,49509.06168,34805.26646,51194.82497,7021.029403,0,0,0
2060,7,27,3,91612.46456,48212.44773,33611.13343,49813.11448,6774.431978,0,0,0
2060,7,27,4,89870.20203,46448.54165,32756.25656,48445.22457,6686.206251,0,0,0
2060,7,27,5,87637.87384,45644.60101,32180.74667,48204.27707,6775.822728,0,0,0
2060,7,27,6,85779.2229,47071.9455,33240.93306,49175.7162,6769.998961,0,0,0
2060,7,27,7,87741.22398,47703.17232,34948.77452,49121.12925,7014.597182,0,0,0
2060,7,27,8,85414.32477,46124.75758,32309.65185,45867.6426,7570.636565,0,0,0
2060,7,27,9,82878.29147,45105.33755,31767.34612,45830.52695,8148.406422,0,0,0
2060,7,27,10,85721.50676,45177.91734,32496.62085,46507.21393,8279.397722,0,0,0
2060,7,27,11,90007.97324,45383.05302,32762.51494,46299.38367,8347.457569,0,0,0
2060,7,27,12,92130.17139,45666.15764,33057.18017,46552.761,8228.722256,0,0,0
2060,7,27,13,90122.88399,45950.39225,33033.53741,46909.14078,8338.939223,0,0,0
2060,7,27,14,91704.16716,44241.42081,32700.01809,46660.54416,8408.042132,0,0,0
2060,7,27,15,91428.4509,44904.20028,33129.9338,47837.20589,8287.742225,0,0,0
2060,7,27,16,91333.53219,45466.41112,32594.66875,46416.29362,8142.234967,0,0,0
2060,7,27,17,91370.12631,43765.8711,32532.34575,46085.29503,8020.457388,0,0,0
2060,7,27,18,90133.40154,44658.73284,33051.18256,47117.66642,8958.431591,0,0,0
2060,7,27,19,91209.58156,47507.25037,37011.86577,53237.66342,9133.839981,0,0,0
2060,7,27,20,96161.86979,51412.91202,41046.78028,54654.31652,8996.677226,0,0,0
2060,7,27,21,95618.86869,51161.1862,40724.38696,54386.59707,8760.336585,0,0,0
2060,7,27,22,95502.30642,50826.44997,39799.79873,54053.07775,8314.861857,0,0,0
2060,7,27,23,95898.7572,49547.39424,38377.49571,52454.32328,7814.01788,0,0,0
2060,7,27,24,94465.58895,48795.95443,36060.33175,51179.70056,7144.284654,0,0,0
2060,7,28,1,89111.20002,44966.43636,33338.80712,48082.49949,7315.694637,0,0,0
2060,7,28,2,102458.3182,54229.35536,36518.32323,54182.6783,7068.923369,0,0,0
2060,7,28,3,100209.6487,53131.35794,35385.20937,52932.04603,6852.053233,0,0,0
2060,7,28,4,99018.21028,51425.42877,34480.96086,52195.03526,6834.147322,0,0,0
2060,7,28,5,95149.92505,50617.66357,34039.39762,51831.44096,7002.254273,0,0,0
2060,7,28,6,94717.48861,51312.4303,35230.22762,53121.10116,7127.074118,0,0,0
2060,7,28,7,96174.03885,53517.72578,37873.3487,54048.81858,7301.439446,0,0,0
2060,7,28,8,98374.90132,52337.15256,35562.87773,51384.05395,8057.573038,0,0,0
2060,7,28,9,102513.079,52963.85945,36202.97059,53185.24952,8520.084459,0,0,0
2060,7,28,10,109710.473,56331.03994,38388.18711,56356.16037,8760.945038,0,0,0
2060,7,28,11,115435.6707,56501.31994,38784.89865,57785.93867,8745.125253,0,0,0
2060,7,28,12,118639.2642,56826.40783,39423.60076,58375.09529,8610.917842,0,0,0
2060,7,28,13,117412.3616,56237.25121,39450.45962,57933.01052,8798.408376,0,0,0
2060,7,28,14,113549.7263,53504.86134,38203.30423,55661.74132,8818.921944,0,0,0
2060,7,28,15,117904.1657,56997.38321,40191.64265,58601.26607,8717.831777,0,0,0
2060,7,28,16,117645.8338,56320.52239,39553.72284,58117.98032,8467.062101,0,0,0
2060,7,28,17,117994.3037,56031.68092,38924.14753,56896.81457,8225.679989,0,0,0
2060,7,28,18,113482.7964,55585.77158,38329.77559,56183.6204,9156.874284,0,0,0
2060,7,28,19,110316.2317,56957.6599,41338.14249,60086.41363,9335.324941,0,0,0
2060,7,28,20,107760.2933,59405.72824,45505.43905,60384.64266,9322.634344,0,0,0
2060,7,28,21,108040.2687,59441.36622,45800.5389,61035.25307,8887.329478,0,0,0
2060,7,28,22,110181.5897,59348.88132,44688.98166,60178.89852,8323.640969,0,0,0
2060,7,28,23,109199.5461,58032.88378,42363.82089,58433.33297,7880.513132,0,0,0
2060,7,28,24,107801.755,56607.62542,40147.66017,57265.45034,7593.410102,0,0,0
2060,7,29,1,105784.7324,55426.2699,38699.01982,55370.90065,7309.349339,0,0,0
2060,7,29,2,102371.744,54185.28596,36488.16134,54137.73968,7062.838836,0,0,0
2060,7,29,3,100126.2037,53087.89699,35355.13439,52888.23739,6846.142544,0,0,0
2060,7,29,4,98935.37371,51382.31551,34451.66818,52151.74815,6828.149711,0,0,0
2060,7,29,5,95070.04383,50575.41953,34010.19186,51788.67538,6996.16974,0,0,0
2060,7,29,6,94637.86815,51269.83857,35200.50034,53077.46637,7120.902664,0,0,0
2060,7,29,7,96094.59224,53473.48253,37842.40451,54003.70611,7295.094148,0,0,0
2060,7,29,8,98293.36857,52293.60469,35533.23736,51340.94068,8050.79313,0,0,0
2060,7,29,9,102428.0694,52920.57234,36172.54792,53141.52781,8513.043785,0,0,0
2060,7,29,10,109620.6827,56285.75363,38357.32983,56309.91792,8754.16513,0,0,0
2060,7,29,11,115339.0136,56456.12055,38753.95445,57738.13162,8737.910735,0,0,0
2060,7,29,12,118539.7386,56781.46921,39391.43966,58327.37517,8603.96409,0,0,0
2060,7,29,13,117314.2268,56193.35565,39418.29852,57885.11655,8791.367703,0,0,0
2060,7,29,14,113455.8506,53461.0527,38172.01235,55617.15039,8811.533583,0,0,0
2060,7,29,15,117805.7701,56951.14076,40158.0908,58552.41597,8710.704181,0,0,0
2060,7,29,16,117547.5252,56275.323,39521.47482,58070.2602,8460.282193,0,0,0
2060,7,29,17,117895.4735,55986.39461,38891.98643,56851.00673,8219.073925,0,0,0
2060,7,29,18,113389.0077,55541.26757,38298.8314,56139.20331,9149.138236,0,0,0
2060,7,29,19,110225.4852,56912.19975,41302.8522,60036.6943,9327.241205,0,0,0
2060,7,29,20,107672.0675,59355.40046,45465.45498,60333.44566,9314.463686,0,0,0
2060,7,29,21,107950.8261,59392.42919,45760.38098,60983.013,8879.854195,0,0,0
2060,7,29,22,110089.6263,59298.64046,44649.69296,60126.91923,8316.947982,0,0,0
2060,7,29,23,109109.1473,57984.46828,42327.13984,58384.56978,7873.820146,0,0,0
2060,7,29,24,107711.7039,56561.29605,40114.456,57218.4256,7586.804038,0,0,0
2060,7,30,1,105695.7243,55381.15743,38667.11948,55325.96203,7307.697823,0,0,0
2060,7,30,2,102349.3182,54174.15996,36480.16452,54125.9183,7061.18732,0,0,0
2060,7,30,3,100103.8648,53076.33638,35347.31142,52876.58986,6844.577949,0,0,0
2060,7,30,4,98913.81708,51371.01566,34443.84521,52140.36138,6826.585116,0,0,0
2060,7,30,5,95048.57412,50563.94584,34002.54274,51777.20169,6994.605146,0,0,0
2060,7,30,6,94617.00689,51258.88641,35192.59044,53066.0796,7119.251148,0,0,0
2060,7,30,7,96073.20945,53461.66116,37834.23385,53991.71089,7293.442632,0,0,0
2060,7,30,8,98271.55118,52282.131,35525.32747,51329.64084,8049.054692,0,0,0
2060,7,30,9,102405.6436,52909.35942,36164.55111,53129.70643,8511.218425,0,0,0
2060,7,30,10,109597.0399,56273.58456,38348.89841,56298.00962,8752.33977,0,0,0
2060,7,30,11,115313.3716,56443.77764,38745.60995,57725.18026,8736.085375,0,0,0
2060,7,30,12,118513.4882,56769.38707,39383.00823,58314.51073,8602.13873,0,0,0
2060,7,30,13,117287.9764,56181.36043,39409.78018,57872.68672,8789.455421,0,0,0
2060,7,30,14,113431.3387,53449.66593,38163.84169,55604.80748,8809.534379,0,0,0
2060,7,30,15,117779.6936,56939.23246,40149.13784,58539.55153,8708.878821,0,0,0
2060,7,30,16,117521.2747,56263.06701,39513.13031,58057.65652,8458.456833,0,0,0
2060,7,30,17,117868.8754,55974.48631,38883.72885,56838.75074,8217.248565,0,0,0
2060,7,30,18,113364.235,55529.18543,38290.48689,56127.29501,9147.139032,0,0,0
2060,7,30,19,110201.6686,56900.20453,41293.37771,60023.22141,9325.155079,0,0,0
2060,7,30,20,107648.6856,59342.62294,45454.76358,60319.712,9312.37756,0,0,0
2060,7,30,21,107927.2702,59379.13014,45749.77651,60969.45319,8877.941913,0,0,0
2060,7,30,22,110064.9405,59285.77602,44639.5231,60113.18557,8315.209545,0,0,0
2060,7,30,23,109085.4176,57971.69076,42317.40459,58371.87918,7872.081708,0,0,0
2060,7,30,24,107688.4089,56549.2139,40105.41613,57205.82192,7585.0656,0,0,0
2060,7,31,1,105672.4293,55369.24913,38658.77498,55313.87988,7348.985724,0,0,0
2060,7,31,2,102909.6167,54464.9137,36678.69414,54418.41049,7101.084471,0,0,0
2060,7,31,3,100651.9074,53360.48407,35542.53801,53164.04058,6883.432038,0,0,0
2060,7,31,4,99453.86284,51652.9903,34636.37722,52423.72677,6865.352283,0,0,0
2060,7,31,5,95571.6701,50840.61824,34194.37936,52059.35017,7034.154609,0,0,0
2060,7,31,6,95138.97289,51538.60108,35387.12165,53351.70496,7159.582908,0,0,0
2060,7,31,7,96599.78231,53751.28492,38037.2834,54286.2892,7334.643611,0,0,0
2060,7,31,8,98806.99007,52568.10404,35719.59791,51611.18087,8093.037173,0,0,0
2060,7,31,9,102966.116,53193.59402,36362.12458,53416.89638,8556.939343,0,0,0
2060,7,31,10,110188.978,56571.20514,38551.94796,56596.58634,8798.929908,0,0,0
2060,7,31,11,115943.5554,56741.91975,38950.91948,58037.05603,8782.414747,0,0,0
2060,7,31,12,119169.0532,57071.44067,39594.22844,58632.29719,8647.338117,0,0,0
2060,7,31,13,117930.3292,56474.37415,39620.91347,58183.69327,8836.740934,0,0,0
2060,7,31,14,114044.6596,53733.03132,38367.93431,55900.86346,8856.819892,0,0,0
2060,7,31,15,118426.1317,57244.93677,40369.31101,58861.16255,8755.034349,0,0,0
2060,7,31,16,118165.8875,56556.08073,39724.69821,58371.61842,8503.569298,0,0,0
2060,7,31,17,118517.4866,56268.80386,39092.60217,57141.67356,8261.057202,0,0,0
2060,7,31,18,113979.9897,55822.0253,38493.97106,56421.52563,9197.379889,0,0,0
2060,7,31,19,110800.6474,57202.34504,41524.24227,60354.30692,9378.612047,0,0,0
2060,7,31,20,108232.3661,59665.71164,45716.65926,60657.14281,9365.660684,0,0,0
2060,7,31,21,108514.6884,59706.91262,46014.8883,61313.2293,8926.705098,0,0,0
2060,7,31,22,110672.0899,59616.60077,44894.72579,60450.00793,8359.018181,0,0,0
2060,7,31,23,109679.0942,58288.1734,42554.96214,58691.40408,7915.368813,0,0,0
2060,7,31,24,108276.1747,56854.65745,40324.807,57516.56771,7628.005018,0,0,0
2060,8,1,1,106250.5468,55667.56509,38865.30141,55607.76282,7330.123673,0,0,0
2060,8,1,2,102654.5879,54330.18476,36588.12152,54285.50691,7082.917794,0,0,0
2060,8,1,3,100402.4415,53231.92658,35453.96459,53032.96235,6865.699971,0,0,0
2060,8,1,4,99208.30847,51523.9982,34548.67302,52294.47391,6847.707138,0,0,0
2060,8,1,5,95333.5041,50714.49456,34107.10978,51930.53192,7016.074854,0,0,0
2060,8,1,6,94900.19844,51410.65205,35298.37439,53221.93056,7141.32931,0,0,0
2060,8,1,7,96359.44326,53619.4244,37944.97235,54152.16872,7315.955403,0,0,0
2060,8,1,8,98563.34799,52437.80812,35631.28526,51483.05799,8072.871292,0,0,0
2060,8,1,9,102709.0879,53063.90655,36272.50811,53285.90508,8536.078088,0,0,0
2060,8,1,10,109917.8686,56436.12851,38459.11538,56460.72741,8777.460199,0,0,0
2060,8,1,11,115654.7139,56604.84392,38857.21767,57894.4172,8760.945038,0,0,0
2060,8,1,12,118867.9557,56931.32257,39497.48437,58486.18148,8626.650706,0,0,0
2060,8,1,13,117635.664,56338.25445,39524.51708,58042.35827,8815.184303,0,0,0
2060,8,1,14,113764.3365,53603.77846,38274.92787,55765.52607,8835.524027,0,0,0
2060,8,1,15,118129.4673,57102.99331,40268.65545,58713.22148,8734.173094,0,0,0
2060,8,1,16,117870.44,56423.52484,39627.86722,58227.67575,8483.05573,0,0,0
2060,8,1,17,118220.9091,56134.68337,38997.075,57002.77237,8240.8044,0,0,0
2060,8,1,18,113699.145,55688.2525,38401.05155,56286.88361,9174.432508,0,0,0
2060,8,1,19,110526.1481,57063.44385,41418.97985,60202.28052,9354.100071,0,0,0
2060,8,1,20,107964.5597,59519.16132,45596.44628,60502.42183,9341.148709,0,0,0
2060,8,1,21,108245.5782,59555.14698,45893.37148,61155.46605,8904.105405,0,0,0
2060,8,1,22,110393.5922,59464.74821,44778.07661,60296.24309,8339.113067,0,0,0
2060,8,1,23,109407.0286,58143.44844,42446.22285,58545.11453,7895.55062,0,0,0
2060,8,1,24,108008.0207,56714.62627,40224.49913,57374.10271,7608.360669,0,0,0
2060,8,2,1,105986.565,55530.75002,38772.20805,55473.64233,7287.618864,0,0,0
2060,8,2,2,98508.67412,52041.70503,35843.89623,53769.62544,7106.647472,0,0,0
2060,8,2,3,96073.03561,51609.61627,34790.14205,52692.31544,6908.291701,0,0,0
2060,8,2,4,92588.94516,50423.82774,33809.74997,51543.90332,6833.365025,0,0,0
2060,8,2,5,90903.79032,49815.02676,33433.37815,50693.89407,6995.822052,0,0,0
2060,8,2,6,89951.30016,49983.04679,34422.28858,51980.25125,7098.73758,0,0,0
2060,8,2,7,92234.12998,52585.05381,36778.30663,52698.31305,7178.271116,0,0,0
2060,8,2,8,91380.90462,50380.27987,34569.18659,50853.5696,7878.60085,0,0,0
2060,8,2,9,93675.55581,50315.43613,34626.46812,50077.35705,8378.401764,0,0,0
2060,8,2,10,98621.58566,53093.46,36549.87588,53900.35598,8706.705774,0,0,0
2060,8,2,11,103418.1098,53667.8399,37296.27422,54816.1651,8745.559862,0,0,0
2060,8,2,12,105111.2615,53659.84308,37786.51373,56175.88435,8586.840476,0,0,0
2060,8,2,13,105812.4605,52554.28346,37745.74736,55355.42855,8682.193799,0,0,0
2060,8,2,14,101480.9684,50974.2172,36577.25628,53358.91947,8675.326969,0,0,0
2060,8,2,15,102033.2702,52957.07954,37399.97205,55096.57514,8584.319741,0,0,0
2060,8,2,16,102696.3973,52188.77688,36535.70761,53717.99383,8349.717538,0,0,0
2060,8,2,17,100700.3229,51332.07465,35845.20005,51901.41308,8191.085074,0,0,0
2060,8,2,18,98408.27932,50870.95398,35589.30199,51936.26877,9110.023381,0,0,0
2060,8,2,19,96861.76491,52547.32971,39273.39972,57132.63368,9114.021789,0,0,0
2060,8,2,20,101692.9709,55827.67522,42469.95252,57344.37543,8999.458727,0,0,0
2060,8,2,21,101536.5115,55672.86732,42199.27773,57719.18265,8835.871715,0,0,0
2060,8,2,22,99702.89408,55605.32901,41476.17446,56965.13518,8367.884215,0,0,0
2060,8,2,23,99906.11747,53708.17166,39753.12167,54649.10121,7922.322565,0,0,0
2060,8,2,24,98180.02242,52122.45547,37719.06234,53932.95169,7713.883853,0,0,0
2060,8,3,1,98271.11657,51857.51753,36833.15435,53152.30612,7103.518284,0,0,0
2060,8,3,2,91485.03706,48139.08564,33842.34568,49795.20857,6825.36821,0,0,0
2060,8,3,3,89068.2606,46863.33294,32674.28921,48435.837,6583.638411,0,0,0
2060,8,3,4,87362.33143,45136.62944,31837.14441,47091.15524,6497.324966,0,0,0
2060,8,3,5,85174.85494,44352.24623,31275.71587,46854.72768,6585.029161,0,0,0
2060,8,3,6,83356.62267,45748.5596,32309.65185,47811.91162,6579.379238,0,0,0
2060,8,3,7,85284.63729,46360.92437,33985.85373,47774.79597,6818.935989,0,0,0
2060,8,3,8,83003.89361,44823.7106,31397.40653,44577.11318,7360.633259,0,0,0
2060,8,3,9,80530.18331,43833.23557,30868.05217,44536.52065,7929.363239,0,0,0
2060,8,3,10,83305.25183,43903.12078,31581.94171,45194.34558,8059.137633,0,0,0
2060,8,3,11,87492.88812,44102.17193,31842.18588,44990.07912,8127.284401,0,0,0
2060,8,3,12,89571.71223,44377.45358,32132.15733,45235.19887,8008.375244,0,0,0
2060,8,3,13,87604.66968,44656.03826,32109.03611,45583.8426,8118.592211,0,0,0
2060,8,3,14,89150.05411,42986.96397,31784.12205,45339.93976,8188.129729,0,0,0
2060,8,3,15,88885.46385,43633.14136,32204.04174,46490.438,8067.134447,0,0,0
2060,8,3,16,88795.84737,44182.57468,31680.77191,45102.03452,7923.365628,0,0,0
2060,8,3,17,88825.7485,42524.97408,31620.27427,44778.16353,7804.021861,0,0,0
2060,8,3,18,87622.31482,43398.2784,32127.81124,45786.97908,8720.26559,0,0,0
2060,8,3,19,88663.3784,46173.17307,36017.13157,51811.70969,8884.547978,0,0,0
2060,8,3,20,93529.17934,49994.34664,39935.22305,53163.25828,8755.903568,0,0,0
2060,8,3,21,92990.69818,49745.40232,39624.65111,52904.75255,8532.427368,0,0,0
2060,8,3,22,92876.74357,49419.01059,38736.13547,52596.17982,8094.341001,0,0,0
2060,8,3,23,93265.89291,48164.11915,37362.76947,51046.44929,7598.538494,0,0,0
2060,8,3,24,91862.7127,47432.32369,35081.50426,49780.69261,6945.146586,0,0,0
2060,8,4,1,86613.23851,43691.90057,32406.13515,46729.56014,7112.297396,0,0,0
2060,8,4,2,99708.71784,52802.18471,35535.49733,52743.7732,6871.697582,0,0,0
2060,8,4,3,97527.41281,51720.52861,34416.98635,51513.48065,6659.521228,0,0,0
2060,8,4,4,96348.05649,50042.67521,33524.55922,50783.77132,6641.963005,0,0,0
2060,8,4,5,92560.17402,49240.73378,33089.08051,50422.69775,6806.766924,0,0,0
2060,8,4,6,92135.99515,49920.20226,34264.69918,51706.44727,6928.370659,0,0,0
2060,8,4,7,93567.33805,52082.55832,36868.96617,52602.52511,7098.476814,0,0,0
2060,8,4,8,95708.65901,50919.10871,34592.91627,49982.78603,7840.268293,0,0,0
2060,8,4,9,99754.09107,51547.64096,35224.5777,51755.21045,8297.216712,0,0,0
2060,8,4,10,106781.0312,54873.09894,37373.9824,54871.88203,8533.035821,0,0,0
2060,8,4,11,112346.5534,55041.55358,37766.08708,56270.45537,8517.042192,0,0,0
2060,8,4,12,115446.0144,55360.03541,38385.92714,56836.14309,8385.007829,0,0,0
2060,8,4,13,114267.0927,54782.70016,38413.74215,56409.44349,8569.456097,0,0,0
2060,8,4,14,110501.6361,52082.12371,37191.53334,54198.1504,8589.013524,0,0,0
2060,8,4,15,114743.6855,55525.36086,39120.85179,57050.66633,8490.617935,0,0,0
2060,8,4,16,114492.2204,54861.19064,38513.1808,56584.1565,8245.150495,0,0,0
2060,8,4,17,114829.7382,54575.04375,37902.03293,55405.49557,8005.246056,0,0,0
2060,8,4,18,110457.3059,54135.74048,37316.96163,54711.85882,8906.452296,0,0,0
2060,8,4,19,107381.4007,55479.20533,40218.4146,58462.10411,9078.209967,0,0,0
2060,8,4,20,104867.0979,57815.49211,44222.64568,58731.12739,9065.780135,0,0,0
2060,8,4,21,105135.4258,57856.95386,44506.61952,59356.09584,8653.944182,0,0,0
2060,8,4,22,107216.5099,57774.72574,43432.52562,58534.59698,8103.120113,0,0,0
2060,8,4,23,106274.3634,56485.76092,41197.6767,56860.56814,7664.164527,0,0,0
2060,8,4,24,104918.5557,55102.74659,39071.39323,55752.05317,7382.798343,0,0,0
2060,8,5,1,102944.8201,53955.81215,37677.60059,53908.61356,7106.212863,0,0,0
2060,8,5,2,99627.09818,52758.463,35505.5962,52700.13841,6865.786893,0,0,0
2060,8,5,3,97446.83621,51677.41535,34387.78059,51470.10663,6653.784383,0,0,0
2060,8,5,4,96268.00143,50000.69194,33495.44038,50740.91882,6636.139238,0,0,0
2060,8,5,5,92482.03123,49198.66358,33060.30936,50379.84526,6800.769313,0,0,0
2060,8,5,6,92057.85237,49878.21898,34235.31958,51664.02938,6922.45997,0,0,0
2060,8,5,7,93488.23912,52039.6189,36838.36966,52558.8034,7092.392281,0,0,0
2060,8,5,8,95627.90857,50876.1693,34563.62359,49940.45506,7833.749151,0,0,0
2060,8,5,9,99670.47221,51504.5277,35194.85041,51711.92335,8290.523725,0,0,0
2060,8,5,10,106692.0231,54829.20338,37343.47281,54826.94341,8526.082069,0,0,0
2060,8,5,11,112252.7647,54996.96264,37735.49057,56225.60367,8510.001518,0,0,0
2060,8,5,12,115349.9657,55315.70524,38355.15679,56789.72679,8378.314843,0,0,0
2060,8,5,13,114172.6955,54737.84847,38382.1895,56364.67871,8562.415423,0,0,0
2060,8,5,14,110410.8896,52038.48892,37160.4153,54153.2987,8581.97285,0,0,0
2060,8,5,15,114647.7237,55480.07455,39089.12529,57004.5108,8483.664183,0,0,0
2060,8,5,16,114396.7802,54816.77355,38482.14968,56537.91405,8238.457508,0,0,0
2060,8,5,17,114735.2541,54530.62666,37871.26258,55361.07848,7998.639991,0,0,0
2060,8,5,18,110366.4725,54091.758,37285.84359,54666.83327,8899.150856,0,0,0
2060,8,5,19,107293.0011,55435.22285,40185.12351,58413.68862,9070.300074,0,0,0
2060,8,5,20,104779.1329,57767.4243,44183.87851,58681.49499,9058.044086,0,0,0
2060,8,5,21,105047.2001,57809.75527,44468.0262,59305.76806,8646.903508,0,0,0
2060,8,5,22,107127.1542,57728.57022,43394.80152,58485.65995,8096.427127,0,0,0
2060,8,5,23,106187.3546,56440.04,41162.82102,56813.02186,7657.558463,0,0,0
2060,8,5,24,104832.4161,55057.63413,39039.23212,55706.76686,7376.453044,0,0,0
2060,8,6,1,102860.2451,53912.3512,37646.91716,53864.37031,7104.561347,0,0,0
2060,8,6,2,99605.28078,52747.25008,35497.77323,52688.57779,6864.222298,0,0,0
2060,8,6,3,97424.93189,51666.02858,34379.95762,51458.71986,6652.219789,0,0,0
2060,8,6,4,96247.05325,49989.73978,33487.79125,50729.44513,6634.661565,0,0,0
2060,8,6,5,92461.2569,49187.71142,33052.74715,50368.54541,6799.204719,0,0,0
2060,8,6,6,92036.99111,49867.1799,34227.49661,51652.90338,6920.895376,0,0,0
2060,8,6,7,93467.03018,52027.88445,36830.37285,52547.15587,7090.827687,0,0,0
2060,8,6,8,95606.43886,50864.78253,34555.80062,49929.06829,7831.923791,0,0,0
2060,8,6,9,99648.39405,51492.96708,35187.11436,51700.53658,8288.698366,0,0,0
2060,8,6,10,106669.0758,54817.382,37335.21523,54815.46972,8524.25671,0,0,0
2060,8,6,11,112228.6873,54985.05434,37727.58068,56213.34769,8508.26308,0,0,0
2060,8,6,12,115324.8453,55303.97079,38347.33382,56777.29696,8376.576405,0,0,0
2060,8,6,13,114147.749,54725.85324,38374.19268,56352.59657,8560.590063,0,0,0
2060,8,6,14,110386.5515,52027.01523,37151.98387,54141.12963,8580.14749,0,0,0
2060,8,6,15,114622.6902,55468.07933,39080.95464,56992.51558,8481.838823,0,0,0
2060,8,6,16,114371.5728,54804.86525,38473.71826,56525.74499,8236.805992,0,0,0
2060,8,6,17,114709.699,54519.23989,37863.005,55349.34402,7996.901553,0,0,0
2060,8,6,18,110342.3083,54080.02354,37277.67294,54655.0119,8897.151653,0,0,0
2060,8,6,19,107269.3584,55423.57532,40176.3444,58400.9111,9068.213948,0,0,0
2060,8,6,20,104756.4463,57754.82063,44173.88249,58668.10901,9056.044883,0,0,0
2060,8,6,21,105024.3396,57797.23852,44457.85633,59292.72977,8645.078148,0,0,0
2060,8,6,22,107103.5983,57716.22731,43385.06627,58472.53474,8094.688689,0,0,0
2060,8,6,23,106164.0595,56427.95785,41153.78114,56800.33126,7655.906947,0,0,0
2060,8,6,24,104809.4687,55045.63891,39030.97454,55694.94549,7374.714606,0,0,0
2060,8,7,1,102838.2539,53900.87751,37638.83342,53852.46201,7144.893108,0,0,0
2060,8,7,2,100147.4127,53029.65932,35693.08673,52975.07237,6903.163309,0,0,0
2060,8,7,3,97958.80619,51949.48089,34572.4027,51742.43293,6690.465424,0,0,0
2060,8,7,4,96775.71223,50265.28219,33678.15021,51011.85438,6672.646435,0,0,0
2060,8,7,5,92976.70375,49462.99307,33241.80228,50650.08544,6838.145729,0,0,0
2060,8,7,6,92553.04642,50144.54768,34420.11553,51934.0088,6960.184074,0,0,0
2060,8,7,7,93988.3008,52314.90055,37030.98859,52833.91121,7130.898682,0,0,0
2060,8,7,8,96138.66164,51148.40868,34749.20184,50208.26143,7875.38474,0,0,0
2060,8,7,9,100200.5219,51777.11477,35381.73249,51984.77118,8332.680846,0,0,0
2060,8,7,10,107253.1909,55109.87419,37537.56941,55111.52571,8569.890706,0,0,0
2060,8,7,11,112841.8344,55278.24191,37930.54331,56512.53286,8553.897077,0,0,0
2060,8,7,12,115956.7675,55593.33379,38552.12181,57082.91436,8421.341182,0,0,0
2060,8,7,13,114772.2828,55017.99774,38579.67605,56652.65096,8605.702528,0,0,0
2060,8,7,14,110989.7026,52312.11905,37353.81652,54433.36106,8625.173033,0,0,0
2060,8,7,15,115247.9194,55762.57072,39291.91408,57297.17683,8527.03821,0,0,0
2060,8,7,16,114999.062,55098.57434,38679.54931,56829.97163,8281.049239,0,0,0
2060,8,7,17,115337.2751,54810.51517,38066.92377,55642.70543,8040.884034,0,0,0
2060,8,7,18,110942.7647,54370.60345,37480.46172,54950.80712,8946.436369,0,0,0
2060,8,7,19,107852.952,55716.93673,40397.21294,58720.78368,9119.410946,0,0,0
2060,8,7,20,105329.957,58069.4779,44427.78136,58995.71765,9107.068037,0,0,0
2060,8,7,21,105603.8479,58108.94044,44713.31979,59624.94527,8690.712145,0,0,0
2060,8,7,22,107691.625,58023.75698,43634.35827,58797.01419,8139.018857,0,0,0
2060,8,7,23,106743.394,56732.35834,41382.73342,57112.55472,7698.933287,0,0,0
2060,8,7,24,105380.5455,55345.08485,39243.49859,55993.34836,7416.350196,0,0,0
2060,8,8,1,103396.3794,54190.67512,37842.14374,54145.73649,7126.552587,0,0,0
2060,8,8,2,99899.0768,52901.27568,35604.16563,52843.90723,6885.431242,0,0,0
2060,8,8,3,97715.59872,51819.96727,34484.61158,51613.18007,6672.994122,0,0,0
2060,8,8,4,96534.15628,50139.50621,33591.40216,50883.29689,6655.348977,0,0,0
2060,8,8,5,92741.31925,49337.21709,33155.7496,50521.70179,6820.413662,0,0,0
2060,8,8,6,92318.09653,50018.33708,34332.58518,51806.05976,6942.278163,0,0,0
2060,8,8,7,93751.78632,52184.34386,36939.45983,52703.00683,7112.558161,0,0,0
2060,8,8,8,95896.58415,51019.41658,34661.06304,50081.44238,7855.479625,0,0,0
2060,8,8,9,99948.44844,51647.4273,35292.81139,51855.25756,8312.775731,0,0,0
2060,8,8,10,106985.6453,54976.18831,37445.34528,54976.01447,8549.116372,0,0,0
2060,8,8,11,112561.3374,55144.38218,37837.79765,56375.97856,8533.035821,0,0,0
2060,8,8,12,115669.1429,55461.12558,38458.24616,56944.01316,8400.65377,0,0,0
2060,8,8,13,114487.092,54885.268,38485.71348,56515.57513,8585.449726,0,0,0
2060,8,8,14,110714.334,52182.34466,37262.54853,54301.50054,8604.572544,0,0,0
2060,8,8,15,114964.554,55628.79792,39195.77846,57158.88409,8506.350799,0,0,0
2060,8,8,16,114713.0021,54964.80154,38585.58674,56691.50505,8260.883358,0,0,0
2060,8,8,17,115050.1721,54678.0462,37974.00426,55508.58494,8020.718154,0,0,0
2060,8,8,18,110668.4392,54238.74293,37388.23759,54815.29588,8924.010519,0,0,0
2060,8,8,19,107586.6233,55581.77317,40296.81815,58574.92874,9096.028956,0,0,0
2060,8,8,20,105068.6698,57925.18755,44311.74062,58846.2989,9083.772968,0,0,0
2060,8,8,21,105339.0838,57967.60544,44596.49676,59473.52732,8670.111655,0,0,0
2060,8,8,22,107423.8186,57883.46504,43519.88213,58648.46466,8118.679133,0,0,0
2060,8,8,23,106477.7607,56593.02254,41278.2533,56970.43742,7679.115094,0,0,0
2060,8,8,24,105119.7798,55208.3567,39147.1022,55857.66328,7397.227378,0,0,0
2060,8,9,1,103140.829,54057.42385,37749.31116,54012.57215,7085.264685,0,0,0
2060,8,9,2,95845.90869,50640.7848,34869.24098,52337.76101,6908.552466,0,0,0
2060,8,9,3,93459.98951,50218.0836,33829.91585,51275.4885,6714.890477,0,0,0
2060,8,9,4,90031.70292,49043.42107,32862.99665,50138.81083,6641.180708,0,0,0
2060,8,9,5,88374.71077,48441.66077,32494.27396,49300.88373,6800.421625,0,0,0
2060,8,9,6,87441.08267,48602.5532,33468.58151,50575.50645,6900.903339,0,0,0
2060,8,9,7,89689.75217,51154.8409,35789.3962,51289.30908,6978.78536,0,0,0
2060,8,9,8,88840.87291,48980.92423,33614.6103,49459.34236,7662.252245,0,0,0
2060,8,9,9,91082.58867,48932.24796,33668.06727,48689.82279,8158.40244,0,0,0
2060,8,9,10,95939.95818,51668.37548,35566.70229,52467.01388,8479.578854,0,0,0
2060,8,9,11,100637.6522,52237.62699,36301.4531,53369.87163,8517.476802,0,0,0
2060,8,9,12,102286.2129,52229.71709,36781.00121,54704.20969,8361.365072,0,0,0
2060,8,9,13,102968.289,51140.06418,36741.53867,53903.74593,8455.58841,0,0,0
2060,8,9,14,98705.29145,49582.42376,35593.03963,51927.14197,8448.982346,0,0,0
2060,8,9,15,99264.02541,51536.42803,36402.71711,53650.28168,8359.018181,0,0,0
2060,8,9,16,99918.46038,50780.29444,35549.6656,52288.04169,8129.631292,0,0,0
2060,8,9,17,97951.93936,49929.24214,34870.1102,50486.84611,7971.08575,0,0,0
2060,8,9,18,95704.83445,49472.55448,34615.60288,50525.96097,8861.861362,0,0,0
2060,8,9,19,94182.65817,51121.20213,38229.20696,55588.2054,8865.599004,0,0,0
2060,8,9,20,98938.67675,54361.73741,41297.63688,55772.82751,8758.337381,0,0,0
2060,8,9,21,98793.86486,54212.40559,41035.04583,56135.29182,8604.833309,0,0,0
2060,8,9,22,96989.01857,54141.99885,40340.19217,55411.75394,8147.971812,0,0,0
2060,8,9,23,97196.3273,52267.4412,38690.15378,53182.55494,7705.97396,0,0,0
2060,8,9,24,95506.21791,50703.97702,36718.59129,52492.48199,7500.055983,0,0,0
2060,8,10,1,95600.18048,50447.81818,35845.11313,51724.61394,7185.137946,0,0,0
2060,8,10,2,92532.79362,48693.29967,34231.49501,50361.67858,6904.293293,0,0,0
2060,8,10,3,90098.28509,47409.11554,33053.09484,48993.09329,6660.738135,0,0,0
2060,8,10,4,88376.53613,45666.93994,32208.12707,47638.93704,6573.729315,0,0,0
2060,8,10,5,86170.54528,44874.21223,31641.74398,47401.11873,6662.128885,0,0,0
2060,8,10,6,84336.23246,46283.56388,32685.7629,48364.90874,6656.478962,0,0,0
2060,8,10,7,86279.19765,46903.14317,34376.39382,48319.36166,6897.947995,0,0,0
2060,8,10,8,83978.20117,45348.89271,31766.0423,45099.42686,7445.38211,0,0,0
2060,8,10,9,81478.67506,44347.3786,31231.47262,45059.79048,8017.588965,0,0,0
2060,8,10,10,84281.9932,44418.30687,31951.62055,45724.91684,8148.927953,0,0,0
2060,8,10,11,88510.22201,44619.79183,32214.38545,45519.25963,8217.161643,0,0,0
2060,8,10,12,90607.21281,44898.11575,32506.09534,45767.5955,8098.078643,0,0,0
2060,8,10,13,88623.82893,45179.04732,32483.06103,46119.62918,8208.29561,0,0,0
2060,8,10,14,90180.0786,43493.63172,32154.23549,45873.37945,8277.485441,0,0,0
2060,8,10,15,89912.96761,44146.58902,32577.89282,47034.65601,8157.01169,0,0,0
2060,8,10,16,89820.56963,44701.32457,32050.10306,45633.30116,8011.243667,0,0,0
2060,8,10,17,89852.64381,43025.99191,31989.08389,45306.21406,7892.073744,0,0,0
2060,8,10,18,88638.08413,43907.5538,32500.61926,46324.93871,8815.184303,0,0,0
2060,8,10,19,89693.0552,46711.82808,36422.10069,52387.56726,8984.334317,0,0,0
2060,8,10,20,94595.10257,50566.81426,40381.65392,53763.19322,8851.517656,0,0,0
2060,8,10,21,94054.88298,50318.56532,40066.30127,53501.1237,8624.56458,0,0,0
2060,8,10,22,93937.53841,49988.78364,39166.05117,53180.64266,8184.392088,0,0,0
2060,8,10,23,94330.33847,48724.24386,37770.60702,51617.17848,7685.634236,0,0,0
2060,8,10,24,92914.90228,47984.01698,35477.08582,50347.858,7025.549341,0,0,0
2060,8,11,1,87623.53173,44206.4782,32783.98464,47276.64657,7193.917058,0,0,0
2060,8,11,2,100813.7559,53380.38918,35932.73041,53325.62839,6951.144197,0,0,0
2060,8,11,3,98613.15424,52293.86545,34808.91718,52088.55593,6737.403249,0,0,0
2060,8,11,4,97428.148,50602.88685,33911.79627,51356.67355,6719.58426,0,0,0
2060,8,11,5,93607.66981,49799.90235,33473.97067,50994.64384,6885.692007,0,0,0
2060,8,11,6,93183.49095,50485.02075,34656.19541,52279.52334,7008.773415,0,0,0
2060,8,11,7,94626.39446,52664.84812,37276.62987,53186.3795,7180.096476,0,0,0
2060,8,11,8,96788.6636,51495.83551,34986.4117,50550.2991,7928.233254,0,0,0
2060,8,11,9,100874.4274,52124.62852,35620.15926,52334.37106,8386.485501,0,0,0
2060,8,11,10,107969.6012,55466.68858,37784.86221,55473.55541,8625.173033,0,0,0
2060,8,11,11,113592.4049,55632.18788,38179.13994,56881.77708,8609.353248,0,0,0
2060,8,11,12,116727.5909,55950.84355,38803.58686,57454.94008,8476.536588,0,0,0
2060,8,11,13,115535.7178,55374.63829,38830.79341,57022.67748,8661.332543,0,0,0
2060,8,11,14,111735.1448,52659.6328,37600.41394,54792.52234,8681.063814,0,0,0
2060,8,11,15,116017.0913,56115.82132,39550.07212,57673.20097,8583.015913,0,0,0
2060,8,11,16,115765.1047,55455.56258,38931.18821,57203.73579,8335.027737,0,0,0
2060,8,11,17,116106.447,55168.54647,38315.25963,56005.43051,8094.775611,0,0,0
2060,8,11,18,111675.7771,54719.68179,37728.53682,55310.57685,9007.194776,0,0,0
2060,8,11,19,108565.4508,56078.27106,40667.27928,59116.27832,9180.95165,0,0,0
2060,8,11,20,106037.3274,58454.54191,44738.78791,59396.94913,9168.695663,0,0,0
2060,8,11,21,106312.1744,58490.35373,45027.19477,60031.21822,8747.559066,0,0,0
2060,8,11,22,108410.7298,58406.21333,43940.41027,59195.63801,8193.084278,0,0,0
2060,8,11,23,107453.8936,57105.94866,41665.6642,57495.70645,7751.868722,0,0,0
2060,8,11,24,106079.4845,55711.11296,39503.74275,56359.11571,7467.807959,0,0,0
2060,8,12,1,104085.4093,54548.18488,38090.91422,54501.85551,7187.832525,0,0,0
2060,8,12,2,100730.224,53336.58054,35902.82927,53281.73283,6945.146586,0,0,0
2060,8,12,3,98531.79534,52251.27372,34779.79835,52046.05112,6731.49256,0,0,0
2060,8,12,4,97347.13679,50561.25126,33882.59052,51313.64721,6713.760493,0,0,0
2060,8,12,5,93529.17934,49758.006,33445.1126,50951.96519,6879.781318,0,0,0
2060,8,12,6,93105.26124,50442.86363,34626.64196,52236.14931,7002.775804,0,0,0
2060,8,12,7,94547.12169,52621.1264,37246.20721,53142.48395,7174.011943,0,0,0
2060,8,12,8,96707.56546,51452.72225,34957.11902,50507.79429,7921.714112,0,0,0
2060,8,12,9,100790.1132,52081.60218,35590.60581,52290.73627,8379.618671,0,0,0
2060,8,12,10,107879.9847,55422.96687,37753.83109,55429.31217,8618.219282,0,0,0
2060,8,12,11,113498.0947,55587.85771,38147.67422,56836.40385,8602.399496,0,0,0
2060,8,12,12,116631.1076,55906.33954,38771.94729,57408.00226,8469.582836,0,0,0
2060,8,12,13,115440.6253,55329.96044,38799.84922,56976.60887,8654.465713,0,0,0
2060,8,12,14,111642.3991,52616.43262,37569.81744,54747.4968,8674.110062,0,0,0
2060,8,12,15,115920.608,56071.49115,39517.47641,57625.48084,8575.888317,0,0,0
2060,8,12,16,115669.5776,55411.5801,38900.15709,57156.97181,8328.247829,0,0,0
2060,8,12,17,116010.8329,55124.04246,38284.31544,55959.53574,8087.995703,0,0,0
2060,8,12,18,111583.9876,54676.56853,37697.33186,55265.1167,8999.719493,0,0,0
2060,8,12,19,108476.8774,56033.33244,40633.6405,59066.90668,9173.215601,0,0,0
2060,8,12,20,105948.8409,58406.90871,44699.75998,59346.62135,9161.046536,0,0,0
2060,8,12,21,106223.1664,58442.11208,44987.73223,59980.7166,8740.43147,0,0,0
2060,8,12,22,108320.9395,58358.58013,43901.90387,59145.74484,8186.565135,0,0,0
2060,8,12,23,107365.3202,57060.0539,41630.11314,57447.55172,7745.262658,0,0,0
2060,8,12,24,105991.9542,55666.26126,39470.79935,56312.87326,7461.288817,0,0,0
2060,8,13,1,103999.6173,54504.02856,38059.62233,54457.00381,7186.181009,0,0,0
2060,8,13,2,100708.1458,53325.10685,35895.0063,53270.25914,6943.581991,0,0,0
2060,8,13,3,98510.15179,52240.0608,34771.80153,52034.66435,6729.927966,0,0,0
2060,8,13,4,97325.58016,50550.21218,33874.85447,51302.26044,6712.195898,0,0,0
2060,8,13,5,93508.23116,49746.87999,33437.46348,50940.4915,6878.216724,0,0,0
2060,8,13,6,93084.48691,50431.38994,34618.73207,52224.76255,7001.124288,0,0,0
2060,8,13,7,94525.82582,52610.0004,37238.03655,53130.66257,7172.360427,0,0,0
2060,8,13,8,96686.18268,51441.24856,34949.03528,50496.3206,7920.062595,0,0,0
2060,8,13,9,100767.9481,52070.04157,35582.86977,52279.17565,8377.967155,0,0,0
2060,8,13,10,107856.1681,55411.49318,37745.66044,55417.49079,8616.480844,0,0,0
2060,8,13,11,113472.8873,55576.12325,38139.50356,56823.97402,8600.487214,0,0,0
2060,8,13,12,116605.6395,55894.2574,38763.68971,57396.00703,8467.757476,0,0,0
2060,8,13,13,115415.5048,55318.05214,38791.41779,56964.35289,8652.640353,0,0,0
2060,8,13,14,111617.7133,52604.87201,37561.47293,54735.41465,8672.19778,0,0,0
2060,8,13,15,115895.053,56060.10438,39508.95806,57613.22486,8574.062957,0,0,0
2060,8,13,16,115644.631,55399.93256,38891.55182,57144.45506,8326.509391,0,0,0
2060,8,13,17,115984.9302,55112.22108,38276.2317,55947.54052,8086.170343,0,0,0
2060,8,13,18,111559.9971,54665.00791,37689.24812,55253.12148,8997.720289,0,0,0
2060,8,13,19,108453.4954,56021.51106,40624.68755,59053.69455,9171.129476,0,0,0
2060,8,13,20,105924.9374,58394.30503,44689.50319,59333.06153,9159.047332,0,0,0
2060,8,13,21,106199.7844,58429.42148,44977.38852,59967.2437,8738.519189,0,0,0
2060,8,13,22,108296.7752,58346.23722,43891.82093,59132.53271,8184.652853,0,0,0
2060,8,13,23,107341.7643,57047.3633,41621.16019,57434.94804,7743.52422,0,0,0
2060,8,13,24,105968.8329,55654.09219,39462.19408,56301.1388,7459.637301,0,0,0
2060,8,14,1,103976.8438,54491.94642,38051.19091,54445.18243,7226.686614,0,0,0
2060,8,14,2,101257.4922,53607.5161,36091.01518,53557.62293,6983.131455,0,0,0
2060,8,14,3,99043.33071,52521.25314,34965.11584,52317.42129,6768.521289,0,0,0
2060,8,14,4,97858.58524,50824.62461,34066.6911,51584.84353,6750.528456,0,0,0
2060,8,14,5,94025.5903,50021.37935,33627.56167,51221.77076,6917.244656,0,0,0
2060,8,14,6,93599.15146,50711.19153,34812.04637,52507.34564,7040.760674,0,0,0
2060,8,14,7,95047.00952,52894.49577,37438.39153,53419.06943,7212.605266,0,0,0
2060,8,14,8,97219.62237,51723.91857,35143.30573,50776.46988,7963.088935,0,0,0
2060,8,14,9,101319.2937,52353.32003,35778.09635,52564.3664,8422.731933,0,0,0
2060,8,14,10,108442.1956,55700.33464,37949.05768,55713.54677,8661.854074,0,0,0
2060,8,14,11,114090.6413,55867.83314,38344.20463,57123.68073,8645.947367,0,0,0
2060,8,14,12,117240.9516,56184.8373,38971.34612,57703.44979,8512.956863,0,0,0
2060,8,14,13,116041.5164,55608.19743,38997.50961,57268.14492,8698.27435,0,0,0
2060,8,14,14,112227.7311,52889.88891,37763.74019,55027.733,8718.179464,0,0,0
2060,8,14,15,116523.4983,56352.24888,39722.17748,57921.7976,8619.088501,0,0,0
2060,8,14,16,116271.8594,55690.2517,39100.16438,57449.81169,8370.318028,0,0,0
2060,8,14,17,116616.2439,55400.97563,38480.2374,56246.7257,8130.587433,0,0,0
2060,8,14,18,112163.1482,54952.80632,37891.51538,55548.39517,9047.613458,0,0,0
2060,8,14,19,109036.6544,56317.13243,40847.20761,59377.91323,9221.804942,0,0,0
2060,8,14,20,106503.7503,58709.7446,44945.92279,59663.71243,9209.375111,0,0,0
2060,8,14,21,106780.3358,58745.03489,45234.9381,60300.93687,8785.022404,0,0,0
2060,8,14,22,108887.4964,58656.63532,44142.50369,59459.70674,8228.46149,0,0,0
2060,8,14,23,107926.5749,57353.84991,41852.89397,57749.43147,7786.898247,0,0,0
2060,8,14,24,106544.0821,55952.92968,39678.10808,56602.67087,7501.533656,0,0,0
2060,8,15,1,104542.6184,54785.74243,38255.37045,54738.10923,7208.172249,0,0,0
2060,8,15,2,101006.6356,53479.48015,36001.22486,53426.1101,6965.138622,0,0,0
2060,8,15,3,98800.21016,52392.69565,34876.97703,52188.42919,6750.963065,0,0,0
2060,8,15,4,97615.117,50699.63092,33978.89998,51456.45989,6733.057154,0,0,0
2060,8,15,5,93789.59734,49896.29874,33540.90053,51093.64788,6899.425667,0,0,0
2060,8,15,6,93364.81003,50583.76403,34724.08141,52378.87507,7022.680919,0,0,0
2060,8,15,7,94809.36505,52764.98214,37347.3843,53287.03506,7194.177824,0,0,0
2060,8,15,8,96976.4149,51595.18724,35054.55847,50649.56391,7943.61843,0,0,0
2060,8,15,9,101067.7417,52224.50178,35689.0014,52434.9397,8402.131443,0,0,0
2060,8,15,10,108174.65,55568.3872,37856.13817,55577.86169,8641.340506,0,0,0
2060,8,15,11,113807.9713,55734.49495,38250.85051,56987.21335,8625.173033,0,0,0
2060,8,15,12,116950.111,56052.36833,38877.20971,57562.2017,8492.617139,0,0,0
2060,8,15,13,115755.0218,55476.33691,38903.63396,57128.02682,8677.413094,0,0,0
2060,8,15,14,111949.668,52760.11452,37671.08145,54894.82941,8697.144365,0,0,0
2060,8,15,15,116237.6122,56218.04147,39624.2165,57780.63643,8598.748776,0,0,0
2060,8,15,16,115984.7564,55557.34812,39004.11568,57310.99742,8350.499835,0,0,0
2060,8,15,17,116327.2286,55270.07125,38387.23097,56110.25832,8110.247709,0,0,0
2060,8,15,18,111888.0404,54820.42427,37799.46509,55413.84007,9024.752999,0,0,0
2060,8,15,19,108770.4996,56181.44735,40745.1613,59230.31985,9198.683718,0,0,0
2060,8,15,20,106239.7685,58565.10656,44828.57823,59513.25063,9186.42773,0,0,0
2060,8,15,21,106515.224,58600.5707,45117.68046,60148.47586,8763.378851,0,0,0
2060,8,15,22,108617.517,58514.95263,44028.37524,59309.94031,8208.469454,0,0,0
2060,8,15,23,107658.5077,57212.86259,41747.28386,57605.92342,7767.080055,0,0,0
2060,8,15,24,106280.7956,55816.11461,39579.19096,56463.8566,7482.49776,0,0,0
2060,8,16,1,104283.765,54650.83965,38162.62478,54604.07566,7166.884348,0,0,0
2060,8,16,2,96922.61024,51209.34093,35264.38793,52917.617,6988.607535,0,0,0
2060,8,16,3,94519.91513,50782.72825,34218.19596,51849.60763,6793.207108,0,0,0
2060,8,16,4,91066.8558,49604.76269,33246.2353,50707.8885,6718.801963,0,0,0
2060,8,16,5,89398.9115,48996.22248,32874.20958,49864.57224,6879.346709,0,0,0
2060,8,16,6,88457.3735,49162.76484,33855.21012,51145.88795,6980.784564,0,0,0
2060,8,16,7,90721.42818,51738.3476,36190.27999,51857.95214,7059.622725,0,0,0
2060,8,16,8,89869.94127,49547.655,34000.97814,50024.59546,7749.869519,0,0,0
2060,8,16,9,92131.99675,49489.59118,34056.43431,49251.25133,8247.758152,0,0,0
2060,8,16,10,97025.78653,52251.01296,35964.4569,53049.30367,8571.88991,0,0,0
2060,8,16,11,101762.1608,52813.91917,36704.07533,53956.94213,8609.787857,0,0,0
2060,8,16,12,103427.4105,52805.83543,37186.66571,55296.84319,8452.3723,0,0,0
2060,8,16,13,104121.1342,51711.83642,37147.46393,54489.86029,8547.6387,0,0,0
2060,8,16,14,99828.75698,50147.06841,35990.62039,52508.04101,8541.119558,0,0,0
2060,8,16,15,100385.4048,52109.0695,36806.99086,54235.09221,8449.851565,0,0,0
2060,8,16,16,101044.2728,51352.41438,35948.02866,52867.81075,8219.421613,0,0,0
2060,8,16,17,99062.80122,50497.45058,35265.51792,51059.66142,8060.180695,0,0,0
2060,8,16,18,96801.61496,50040.15448,35010.74983,51098.95012,8961.12617,0,0,0
2060,8,16,19,95268.66036,51698.71122,38648.34435,56210.91387,8965.211499,0,0,0
2060,8,16,20,100053.7978,54955.76166,41769.10126,56405.532,8854.212235,0,0,0
2060,8,16,21,99902.29291,54805.64755,41502.94641,56772.95087,8697.492053,0,0,0
2060,8,16,22,98088.49366,54737.15309,40796.87983,56037.9393,8237.327524,0,0,0
2060,8,16,23,98291.80398,52851.55635,39118.41797,53770.92927,7794.025843,0,0,0
2060,8,16,24,96590.30782,51281.31226,37124.16886,53074.25026,7586.630194,0,0,0
2060,8,17,1,96680.09814,51020.54657,36245.99693,52302.64457,7175.489616,0,0,0
2060,8,17,2,92407.62608,48627.23902,34185.25257,50294.22719,6894.905728,0,0,0
2060,8,17,3,89975.6383,47344.09796,33007.98238,48927.03265,6651.611335,0,0,0
2060,8,17,4,88255.36701,45603.83464,32163.7969,47573.6587,6564.602515,0,0,0
2060,8,17,5,86051.63612,44812.23691,31598.10919,47335.9273,6653.002086,0,0,0
2060,8,17,6,84219.40943,46219.93705,32641.25889,48299.10886,6647.265241,0,0,0
2060,8,17,7,86160.63618,46838.5602,34330.06445,48254.08332,6888.56043,0,0,0
2060,8,17,8,83861.89967,45286.30895,31722.14674,45036.93002,7435.299169,0,0,0
2060,8,17,9,81365.50275,44286.18559,31188.09859,44997.38056,8006.897572,0,0,0
2060,8,17,10,84165.43093,44356.85309,31907.46422,45661.72462,8138.323482,0,0,0
2060,8,17,11,88389.4875,44558.07728,32169.88143,45456.15433,8206.209484,0,0,0
2060,8,17,12,90483.3491,44836.22736,32461.76517,45704.14251,8087.300328,0,0,0
2060,8,17,13,88502.2252,45116.46356,32438.38318,46055.74159,8197.864982,0,0,0
2060,8,17,14,90057.17104,43433.221,32110.07917,45809.75262,8266.707125,0,0,0
2060,8,17,15,89790.49465,44085.30908,32533.47573,46969.72535,8146.407218,0,0,0
2060,8,17,16,89698.27052,44639.5231,32006.03366,45569.76126,8000.899961,0,0,0
2060,8,17,17,89730.86623,42966.36348,31945.36217,45243.19568,7881.730038,0,0,0
2060,8,17,18,88516.82808,43846.70847,32456.28909,46260.6165,8803.710612,0,0,0
2060,8,17,19,89570.75609,46647.50587,36374.1198,52318.46435,8972.512938,0,0,0
2060,8,17,20,94468.37045,50498.49365,40328.28387,53691.22189,8840.391653,0,0,0
2060,8,17,21,93927.80316,50250.41855,40013.36584,53429.76082,8613.612421,0,0,0
2060,8,17,22,93810.98013,49921.24532,39114.59341,53110.49669,8173.700694,0,0,0
2060,8,17,23,94203.4325,48657.22708,37721.75691,51549.20555,7675.116686,0,0,0
2060,8,17,24,92789.47398,47918.13018,35429.8003,50280.31968,7015.987933,0,0,0
2060,8,18,1,87502.97106,44145.11134,32739.04602,47211.54207,7184.268727,0,0,0
2060,8,18,2,100682.0693,53311.28627,35885.35797,53256.43855,6941.66971,0,0,0
2060,8,18,3,98484.33599,52226.76175,34762.41397,52020.84377,6728.102606,0,0,0
2060,8,18,4,97299.41667,50536.56544,33865.64075,51288.70062,6710.283617,0,0,0
2060,8,18,5,93483.3715,49733.32018,33428.33668,50926.84476,6876.304442,0,0,0
2060,8,18,6,93059.54032,50417.91705,34609.43143,52210.76812,6999.212006,0,0,0
2060,8,18,7,94500.53155,52596.00597,37228.3013,53116.66814,7170.448146,0,0,0
2060,8,18,8,96660.19303,51427.25413,34939.64772,50482.84771,7917.889548,0,0,0
2060,8,18,9,100741.4369,52056.30791,35573.56912,52265.18123,8375.881029,0,0,0
2060,8,18,10,107827.8316,55397.32491,37735.83826,55402.80099,8614.307796,0,0,0
2060,8,18,11,113442.8993,55562.38959,38129.59446,56808.84961,8598.401089,0,0,0
2060,8,18,12,116575.3037,55880.00221,38753.60677,57380.7957,8465.67135,0,0,0
2060,8,18,13,115385.256,55304.14463,38781.5087,56949.83693,8650.293462,0,0,0
2060,8,18,14,111587.986,52590.9645,37551.8246,54721.15946,8670.111655,0,0,0
2060,8,18,15,115864.3695,56045.76227,39498.44051,57598.10045,8571.88991,0,0,0
2060,8,18,16,115614.556,55385.50353,38881.46888,57129.9391,8324.423266,0,0,0
2060,8,18,17,115954.6814,55098.13973,38266.23568,55933.5461,8083.997295,0,0,0
2060,8,18,18,111530.7044,54651.18733,37679.42595,55238.5186,8995.286476,0,0,0
2060,8,18,19,108425.0719,56007.34279,40613.47462,59037.70092,9168.695663,0,0,0
2060,8,18,20,105896.9485,58378.65909,44677.07336,59317.15483,9156.700441,0,0,0
2060,8,18,21,106171.4479,58414.73168,44964.87177,59951.07623,8736.259219,0,0,0
2060,8,18,22,108268.2648,58331.02589,43879.56495,59116.79985,8182.479806,0,0,0
2060,8,18,23,107313.6016,57032.58658,41609.94726,57419.64979,7741.438095,0,0,0
2060,8,18,24,105941.1049,55639.31547,39451.9373,56286.449,7457.638097,0,0,0
2060,8,19,1,103949.7242,54477.69122,38041.45566,54430.84032,5939.025614,0,0,0
2060,8,19,2,83573.8405,44263.41205,29710.25248,44163.53879,5733.976857,0,0,0
2060,8,19,3,81658.2557,43310.13959,28736.72722,43080.14425,5554.743902,0,0,0
2060,8,19,4,80639.87874,41825.16588,27973.03142,42446.48361,5539.880258,0,0,0
2060,8,19,5,77330.67516,41125.27076,27603.61336,42127.65409,5678.868373,0,0,0
2060,8,19,6,76951.78261,41707.64748,28606.34437,43254.33573,5782.305432,0,0,0
2060,8,19,7,78170.68838,43570.99221,30896.04102,44082.17989,5927.117314,0,0,0
2060,8,19,8,79990.05063,42563.21972,28888.92747,41746.93617,6563.733296,0,0,0
2060,8,19,9,83472.48956,43118.47681,29437.66541,43279.1954,6965.48631,0,0,0
2060,8,19,10,89617.95468,46109.98085,31343.86264,46058.52309,7176.358835,0,0,0
2060,8,19,11,94410.48046,46265.22336,31695.72248,47319.2383,7162.277487,0,0,0
2060,8,19,12,97053.77539,46555.28174,32256.2818,47823.55915,7044.932925,0,0,0
2060,8,19,13,96009.84339,46029.14349,32279.83764,47440.66819,7208.346093,0,0,0
2060,8,19,14,92701.68287,43594.46112,31180.79715,45443.02913,7225.817395,0,0,0
2060,8,19,15,96448.1036,46703.22281,32920.10434,48009.39817,7138.721653,0,0,0
2060,8,19,16,96227.49582,46098.15947,32370.5841,47588.95695,6919.504626,0,0,0
2060,8,19,17,96530.33171,45835.56842,31817.93467,46530.68284,6708.545179,0,0,0
2060,8,19,18,92757.22596,45427.55703,31292.23103,45909.19127,7509.878158,0,0,0
2060,8,19,19,90100.89275,46633.85913,33885.89355,49245.42756,7656.776166,0,0,0
2060,8,19,20,87957.39874,48705.03412,37185.79649,49362.6852,7646.519382,0,0,0
2060,8,19,21,88227.37816,48743.97513,37408.925,49887.69347,7285.098129,0,0,0
2060,8,19,22,90061.95174,48676.17605,36551.5274,49220.39406,6794.163248,0,0,0
2060,8,19,23,89246.62434,47548.19058,34715.04153,47819.03921,6411.793818,0,0,0
2060,8,19,24,88119.24732,46331.80554,32871.16731,46866.28829,6170.324785,0,0,0
2060,8,20,1,86405.84286,45310.56016,31617.66662,45203.47238,7176.532679,0,0,0
2060,8,20,2,100577.2414,53255.8301,35847.98156,53201.33007,6934.107505,0,0,0
2060,8,20,3,98381.15969,52172.78325,34725.2114,51966.60451,6720.714245,0,0,0
2060,8,20,4,97196.84883,50483.45616,33828.87278,51234.02675,6702.982177,0,0,0
2060,8,20,5,93384.36745,49680.55859,33391.65563,50872.86626,6868.829159,0,0,0
2060,8,20,6,92960.71012,50364.28624,34571.96809,52156.35501,6991.562879,0,0,0
2060,8,20,7,94400.39752,52541.3321,37190.14258,53061.64658,7162.712097,0,0,0
2060,8,20,8,96558.66825,51372.92794,34902.2713,50428.86921,7909.631968,0,0,0
2060,8,20,9,100635.3053,52001.8948,35536.10578,52210.42043,8367.362683,0,0,0
2060,8,20,10,107715.1808,55341.3472,37697.15802,55346.21483,8605.528684,0,0,0
2060,8,20,11,113325.7286,55506.93342,38091.08806,56751.56808,8589.882743,0,0,0
2060,8,20,12,116453.2654,55824.0245,38714.14423,57322.47111,8457.066082,0,0,0
2060,8,20,13,115264.9561,55248.08001,38741.35078,56892.03387,8641.775116,0,0,0
2060,8,20,14,111470.8153,52536.02986,37512.53591,54664.31254,8661.158699,0,0,0
2060,8,20,15,115743.8089,55991.17531,39458.10875,57539.34124,8563.19772,0,0,0
2060,8,20,16,115493.5607,55329.4389,38842.09326,57071.00606,8315.991842,0,0,0
2060,8,20,17,115834.4684,55042.24895,38227.3816,55876.26457,8075.565871,0,0,0
2060,8,20,18,111415.7937,54596.07885,37640.48494,55181.58476,8985.551223,0,0,0
2060,8,20,19,108313.725,55950.40894,40571.3175,58975.37792,9159.047332,0,0,0
2060,8,20,20,105785.4277,58317.72684,44628.31018,59253.87568,9146.965188,0,0,0
2060,8,20,21,106060.8832,58354.23404,44915.58705,59886.75403,8727.306264,0,0,0
2060,8,20,22,108155.4402,58270.52825,43832.01867,59054.47685,8174.048382,0,0,0
2060,8,20,23,107201.907,56974.26198,41565.53017,57359.67368,7733.093592,0,0,0
2060,8,20,24,105831.4094,55582.38163,39410.99708,56228.64594,7449.554361,0,0,0
2060,8,21,1,103841.4195,54421.53968,38002.60157,54375.21031,7216.864439,0,0,0
2060,8,21,2,101124.3279,53539.54318,36043.03429,53488.17234,6973.570046,0,0,0
2060,8,21,3,98913.90401,52453.28022,34918.26493,52249.10068,6759.133724,0,0,0
2060,8,21,4,97728.81085,50757.95551,34020.10096,51516.78368,6741.314734,0,0,0
2060,8,21,5,93900.07508,49955.05794,33581.57998,51153.88476,6907.770169,0,0,0
2060,8,21,6,93475.11392,50643.30553,34765.45624,52438.76426,7031.112343,0,0,0
2060,8,21,7,94920.53816,52825.47978,37389.71526,53348.83653,7202.783092,0,0,0
2060,8,21,8,97090.71719,51655.25027,35096.02021,50708.93156,7952.919073,0,0,0
2060,8,21,9,101185.5209,52285.08634,35730.63699,52495.35041,8411.779773,0,0,0
2060,8,21,10,108299.9044,55630.10175,37899.5122,55641.31467,8650.901915,0,0,0
2060,8,21,11,113940.2664,55797.51333,38294.57222,57050.49249,8634.908286,0,0,0
2060,8,21,12,117086.926,56114.34364,38921.01834,57628.43619,8502.091626,0,0,0
2060,8,21,13,115889.0553,55537.61685,38947.52952,57193.0444,8687.235269,0,0,0
2060,8,21,14,112079.877,52821.30753,37714.28163,54957.32626,8707.053461,0,0,0
2060,8,21,15,116372.5149,56280.45139,39669.76357,57846.43631,8608.310185,0,0,0
2060,8,21,16,116118.9638,55618.97575,39049.22814,57375.58039,8359.713556,0,0,0
2060,8,21,17,116461.9576,55331.0035,38430.60499,56174.4936,8119.809117,0,0,0
2060,8,21,18,112016.2502,54882.13882,37842.57835,55476.6846,9035.531315,0,0,0
2060,8,21,19,108895.1456,56245.42187,40792.62065,59299.42276,9209.375111,0,0,0
2060,8,21,20,106363.2845,58632.29719,44883.59979,59583.83121,9197.206045,0,0,0
2060,8,21,21,106639.2615,58668.89131,45172.87587,60219.83874,8773.37487,0,0,0
2060,8,21,22,108744.3361,58581.5348,44081.8322,59379.47783,8218.117784,0,0,0
2060,8,21,23,107783.7622,57279.01016,41796.56858,57673.54865,7776.380698,0,0,0
2060,8,21,24,106404.2247,55880.17605,39625.60725,56528.9611,7491.363794,0,0,0
2060,8,22,1,104404.6734,54714.03187,38206.08573,54666.83327,7198.350075,0,0,0
2060,8,22,2,100875.0359,53411.24646,35954.11319,53357.09411,6955.490291,0,0,0
2060,8,22,3,98671.82652,52324.63581,34830.12613,52120.02166,6741.662422,0,0,0
2060,8,22,4,97486.9072,50633.30951,33932.91829,51387.70467,6723.843433,0,0,0
2060,8,22,5,93664.51673,49830.32502,33495.09269,51025.67496,6890.038102,0,0,0
2060,8,22,6,93240.77248,50515.87803,34677.49127,52310.90215,7013.11951,0,0,0
2060,8,22,7,94684.02368,52696.48769,37298.88188,53217.84523,7184.529493,0,0,0
2060,8,22,8,96847.59664,51527.04047,35007.88141,50581.59098,7933.10088,0,0,0
2060,8,22,9,100935.1858,52155.9204,35641.97666,52366.09755,8391.440049,0,0,0
2060,8,22,10,108034.358,55498.24123,37806.85345,55505.62959,8630.214503,0,0,0
2060,8,22,11,113660.0302,55664.87051,38201.73964,56914.63356,8614.307796,0,0,0
2060,8,22,12,116797.6499,55982.83081,38826.3604,57489.18731,8481.66498,0,0,0
2060,8,22,13,115604.2992,55406.27786,38853.39311,57055.88165,8666.547857,0,0,0
2060,8,22,14,111802.8569,52691.27237,37622.40518,54825.11805,8686.105284,0,0,0
2060,8,22,15,116086.1942,56147.63473,39573.36719,57707.18743,8588.144305,0,0,0
2060,8,22,16,115833.8599,55487.63676,38954.5702,57237.28765,8339.895364,0,0,0
2060,8,22,17,116175.1153,55200.96834,38337.94625,56038.20006,8099.643237,0,0,0
2060,8,22,18,111742.3593,54751.40828,37750.87575,55343.25949,9012.757777,0,0,0
2060,8,22,19,108629.6861,56111.12753,40691.44356,59152.00322,9186.42773,0,0,0
2060,8,22,20,106101.3019,58489.31067,44766.86368,59433.3694,9174.258664,0,0,0
2060,8,22,21,106375.2797,58524.7748,45055.35746,60067.89926,8752.600536,0,0,0
2060,8,22,22,108475.3128,58440.1998,43967.87759,59231.44983,8197.951904,0,0,0
2060,8,22,23,107518.7373,57139.32667,41691.13232,57530.38829,7756.649427,0,0,0
2060,8,22,24,106142.6767,55743.88251,39527.73319,56392.66756,7472.327898,0,0,0
2060,8,23,1,104147.8192,54579.73753,38113.25314,54533.84277,7157.236017,0,0,0
2060,8,23,2,96795.4435,51142.06338,35217.18934,52848.51409,6979.046126,0,0,0
2060,8,23,3,94393.35685,50715.71147,34171.77967,51780.33088,6783.732621,0,0,0
2060,8,23,4,90943.7744,49538.5282,33200.42746,50639.91558,6709.588242,0,0,0
2060,8,23,5,89277.22084,48930.59645,32828.92327,49797.12085,6869.959144,0,0,0
2060,8,23,6,88336.46514,49096.09574,33809.22843,51078.08886,6971.223155,0,0,0
2060,8,23,7,90598.52062,51668.4624,36142.47295,51790.3269,7049.887473,0,0,0
2060,8,23,8,89747.29447,49479.94285,33954.90953,49957.23099,7739.438891,0,0,0
2060,8,23,9,92006.56845,49423.35669,34009.84417,49184.23455,8237.240602,0,0,0
2060,8,23,10,96896.01214,52181.64928,35916.99754,52979.76615,8561.024673,0,0,0
2060,8,23,11,101627.9534,52745.16395,36655.74675,53887.49154,8598.835698,0,0,0
2060,8,23,12,103291.117,52736.55868,37138.94559,55225.91492,8441.333219,0,0,0
2060,8,23,13,103983.7976,51644.12427,37099.48305,54420.32277,8536.599619,0,0,0
2060,8,23,14,99694.46265,50079.79086,35943.16103,52438.9381,8529.906633,0,0,0
2060,8,23,15,100251.5451,52040.4012,36758.92305,54165.38084,8438.812484,0,0,0
2060,8,23,16,100909.8046,51285.0499,35900.39546,52798.70784,8208.469454,0,0,0
2060,8,23,17,98930.76685,50429.6515,35218.66701,50991.34081,8049.663146,0,0,0
2060,8,23,18,96671.14519,49972.96385,34963.89893,51030.89027,8949.130948,0,0,0
2060,8,23,19,95139.58134,51629.69523,38598.62502,56136.07412,8953.042433,0,0,0
2060,8,23,20,99920.28574,54885.70261,41712.16742,56329.90995,8842.99931,0,0,0
2060,8,23,21,99769.99778,54735.67542,41447.49024,56697.15497,8686.452972,0,0,0
2060,8,23,22,97957.76313,54667.26788,40742.20595,55963.44723,8226.896896,0,0,0
2060,8,23,23,98161.33421,52781.75807,39066.35176,53700.69638,7783.508293,0,0,0
2060,8,23,24,96460.96804,51212.73088,37076.01413,53004.9735,7576.286488,0,0,0
2060,8,24,1,96551.45374,50952.57364,36198.36373,52233.80242,7314.738497,0,0,0
2060,8,24,2,94179.70282,49563.73555,34843.68594,51250.62883,7028.939295,0,0,0
2060,8,24,3,91714.16318,48266.3393,33648.85753,49867.9622,6781.994183,0,0,0
2060,8,24,4,89970.59683,46501.04247,32792.85068,48499.55076,6693.768456,0,0,0
2060,8,24,5,87736.26943,45696.23262,32217.16695,48258.34249,6783.384933,0,0,0
2060,8,24,6,85876.31466,47124.53325,33278.13564,49230.04239,6777.648088,0,0,0
2060,8,24,7,87839.27188,47756.80314,34987.10708,49174.58622,7022.420153,0,0,0
2060,8,24,8,85510.54731,46176.99764,32346.15904,45919.36113,7579.067989,0,0,0
2060,8,24,9,82972.5148,45156.27379,31803.15795,45882.41932,8157.098612,0,0,0
2060,8,24,10,85818.16391,45228.67973,32532.9542,46559.8886,8288.263756,0,0,0
2060,8,24,11,90108.71572,45434.33694,32799.45674,46351.8845,8356.062837,0,0,0
2060,8,24,12,92233.17383,45717.70233,33094.2089,46605.43567,8237.414446,0,0,0
2060,8,24,13,90223.01802,46002.28462,33070.65306,46962.25006,8347.631413,0,0,0
2060,8,24,14,91806.21347,44291.57474,32736.78605,46713.47959,8417.168931,0,0,0
2060,8,24,15,91530.49721,44955.22344,33166.87561,47891.18439,8296.521336,0,0,0
2060,8,24,16,91434.70928,45517.78196,32631.34979,46468.96829,8151.014079,0,0,0
2060,8,24,17,91472.5203,43815.76427,32568.93987,46137.79586,8029.2365,0,0,0
2060,8,24,18,90233.62249,44709.23446,33088.21129,47171.03646,8968.253765,0,0,0
2060,8,24,19,91311.54095,47560.79426,37050.98063,53295.1188,9143.662156,0,0,0
2060,8,24,20,96266.95836,51469.84586,41091.71891,54714.37955,9006.412479,0,0,0
2060,8,24,21,95723.43573,51217.9462,40769.32559,54446.39934,8769.463384,0,0,0
2060,8,24,22,95607.22116,50882.77536,39842.39046,54112.18464,8323.554047,0,0,0
2060,8,24,23,96003.41117,49602.32888,38418.17516,52510.56175,7822.449304,0,0,0
2060,8,24,24,94569.37369,48850.28061,36099.62045,51235.24366,7152.194547,0,0,0
2060,8,25,1,89211.1602,45017.45951,33376.09662,48136.65183,7323.778374,0,0,0
2060,8,25,2,102567.666,54285.50691,36557.43809,54240.04675,7076.746339,0,0,0
2060,8,25,3,100316.9973,53187.24872,35423.71577,52988.37142,6859.615438,0,0,0
2060,8,25,4,99123.90731,51480.62418,34518.85881,52250.57835,6841.709527,0,0,0
2060,8,25,5,95252.49289,50671.72899,34077.29557,51886.81021,7009.990322,0,0,0
2060,8,25,6,94819.44799,51367.45186,35268.47326,53177.16578,7135.070933,0,0,0
2060,8,25,7,96277.56283,53574.48578,37913.24586,54106.36088,7309.523183,0,0,0
2060,8,25,8,98479.81605,52393.30411,35601.12336,51438.81474,8066.178306,0,0,0
2060,8,25,9,102622.5137,53019.6633,36241.82468,53241.66183,8529.037414,0,0,0
2060,8,25,10,109825.9922,56389.53837,38427.56273,56414.57188,8770.071838,0,0,0
2060,8,25,11,115557.6221,56558.60147,38825.5781,57846.17554,8754.078208,0,0,0
2060,8,25,12,118766.5179,56884.38474,39464.97558,58436.72292,8619.610032,0,0,0
2060,8,25,13,117537.0945,56292.88122,39491.48676,57993.76893,8807.622098,0,0,0
2060,8,25,14,113669.3308,53560.31751,38243.2883,55719.45746,8828.135666,0,0,0
2060,8,25,15,118029.5071,57056.4901,40234.40822,58663.15446,8726.958576,0,0,0
2060,8,25,16,117771.2621,56377.97776,39595.09766,58179.17334,8476.015056,0,0,0
2060,8,25,17,118120.0797,56089.48398,38965.26159,56955.74762,8234.111414,0,0,0
2060,8,25,18,113603.0963,55643.14003,38369.67274,56241.42346,9166.696459,0,0,0
2060,8,25,19,110433.0547,57016.15834,41382.99419,60150.82275,9345.755569,0,0,0
2060,8,25,20,107873.9002,59469.26815,45556.11452,60449.74716,9332.97805,0,0,0
2060,8,25,21,108154.7448,59504.64536,45852.08358,61102.09601,8896.717043,0,0,0
2060,8,25,22,110299.8034,59413.1166,44738.44022,60244.61148,8332.246237,0,0,0
2060,8,25,23,109315.0653,58094.42448,42409.5418,58495.91673,7889.031478,0,0,0
2060,8,25,24,107916.8396,56666.90615,40190.42574,57326.20875,7601.754604,0,0,0
2060,8,26,1,105897.1224,55484.68141,38739.52542,55427.83449,7317.519997,0,0,0
2060,8,26,2,102483.1779,54242.2198,36527.10235,54195.62966,7070.661807,0,0,0
2060,8,26,3,100233.813,53144.13546,35393.98848,52944.82355,6853.791671,0,0,0
2060,8,26,4,99042.20073,51438.11937,34489.73997,52207.46509,6835.88576,0,0,0
2060,8,26,5,95173.39396,50630.00648,34048.00289,51844.21848,7003.992711,0,0,0
2060,8,26,6,94740.78367,51324.94706,35238.91981,53133.87868,7128.899478,0,0,0
2060,8,26,7,96197.76853,53530.5033,37882.38858,54061.94379,7303.264806,0,0,0
2060,8,26,8,98398.80484,52350.017,35571.65684,51396.48378,8059.48532,0,0,0
2060,8,26,9,102537.8518,52976.11543,36211.66278,53198.2878,8522.083662,0,0,0
2060,8,26,10,109736.4626,56344.25207,38397.05314,56369.28557,8762.944242,0,0,0
2060,8,26,11,115463.3119,56514.18438,38794.11237,57799.67233,8747.124457,0,0,0
2060,8,26,12,118668.0353,56839.96765,39432.81448,58389.17664,8612.917046,0,0,0
2060,8,26,13,117440.6981,56249.68104,39459.67335,57946.39649,8800.494502,0,0,0
2060,8,26,14,113576.9329,53517.29117,38212.34411,55675.12729,8821.094992,0,0,0
2060,8,26,15,117932.2415,57010.50841,40201.46482,58615.34742,8719.744059,0,0,0
2060,8,26,16,117674.2573,56333.64759,39563.1104,58131.71398,8469.061304,0,0,0
2060,8,26,17,118022.6403,56044.63228,38933.36125,56910.28747,8227.505349,0,0,0
2060,8,26,18,113509.9161,55599.07063,38338.98931,56196.65868,9159.047332,0,0,0
2060,8,26,19,110342.7429,56971.13279,41348.22543,60100.84266,9337.671833,0,0,0
2060,8,26,20,107786.0222,59420.33112,45517.08659,60399.24554,9324.981236,0,0,0
2060,8,26,21,108066.693,59455.9691,45812.27335,61050.37748,8889.415604,0,0,0
2060,8,26,22,110208.1878,59363.13651,44700.19459,60193.76217,8325.55325,0,0,0
2060,8,26,23,109225.4488,58046.96513,42374.07767,58447.50124,7882.425414,0,0,0
2060,8,26,24,107828.0924,56621.01139,40157.3085,57279.01016,7595.322384,0,0,0
2060,8,27,1,105810.2005,55439.48203,38708.23354,55383.59125,7315.868481,0,0,0
2060,8,27,2,102460.839,54230.74611,36519.19245,54183.80829,7069.097212,0,0,0
2060,8,27,3,100212.0826,53132.57485,35386.07859,52933.17602,6852.227076,0,0,0
2060,8,27,4,99020.81794,51426.81952,34482.00393,52196.33908,6834.321165,0,0,0
2060,8,27,5,95152.44578,50618.9674,34040.35376,51832.83171,7002.428116,0,0,0
2060,8,27,6,94719.74858,51313.82105,35231.18377,53122.31807,7127.334884,0,0,0
2060,8,27,7,96176.55959,53519.11653,37874.21792,54050.03549,7301.61329,0,0,0
2060,8,27,8,98377.42205,52338.54331,35563.66003,51385.35777,8057.833804,0,0,0
2060,8,27,9,102515.5129,52964.98943,36203.75288,53186.55335,8520.258302,0,0,0
2060,8,27,10,109713.0806,56332.43069,38389.14325,56357.46419,8761.118882,0,0,0
2060,8,27,11,115438.2784,56502.71069,38785.76787,57787.2425,8745.299097,0,0,0
2060,8,27,12,118642.1326,56827.71166,39424.5569,58376.39912,8611.091686,0,0,0
2060,8,27,13,117415.23,56238.55504,39451.32884,57934.05358,8798.58222,0,0,0
2060,8,27,14,113552.247,53506.16517,38204.08653,55663.13207,8819.18271,0,0,0
2060,8,27,15,117906.6864,56998.68704,40192.68571,58602.74375,8718.005621,0,0,0
2060,8,27,16,117648.5284,56321.82622,39554.50514,58119.28415,8467.322866,0,0,0
2060,8,27,17,117996.9983,56032.89783,38925.19059,56898.20532,8225.853833,0,0,0
2060,8,27,18,113485.491,55587.16233,38330.81865,56185.09807,9157.048128,0,0,0
2060,8,27,19,110319.0132,56958.96373,41339.09863,60087.80438,9335.585707,0,0,0
2060,8,27,20,107762.7271,59407.20591,45506.65596,60386.03341,9322.89511,0,0,0
2060,8,27,21,108043.1371,59442.93081,45801.66888,61036.81766,8887.590244,0,0,0
2060,8,27,22,110184.0235,59350.35899,44690.11165,60180.3762,8323.814812,0,0,0
2060,8,27,23,109202.1537,58034.27453,42364.86395,58434.89756,7880.686976,0,0,0
2060,8,27,24,107804.1888,56608.84232,40148.61631,57266.92801,7593.583946,0,0,0
2060,8,28,1,105787.1662,55427.48681,38700.06288,55372.03063,7357.069461,0,0,0
2060,8,28,2,103020.0945,54522.456,36717.37438,54476.30047,7108.994364,0,0,0
2060,8,28,3,100760.212,53416.72253,35581.04441,53220.71365,6891.168087,0,0,0
2060,8,28,4,99559.90755,51708.44647,34674.10132,52480.31293,6873.00141,0,0,0
2060,8,28,5,95675.54177,50895.29211,34232.36423,52114.98019,7042.064502,0,0,0
2060,8,28,6,95243.27917,51594.14417,35425.8019,53408.6388,7167.492801,0,0,0
2060,8,28,7,96704.26243,53808.13184,38077.44132,54344.96149,7342.901192,0,0,0
2060,8,28,8,98914.07785,52624.86404,35758.19123,51667.15857,8101.729363,0,0,0
2060,8,28,9,103076.9414,53249.31096,36401.15252,53474.17791,8566.066143,0,0,0
2060,8,28,10,110306.4964,56629.35589,38592.54049,56655.34554,8808.143629,0,0,0
2060,8,28,11,116069.2444,56801.11356,38991.512,58099.11827,8791.802312,0,0,0
2060,8,28,12,119300.2183,57131.5037,39636.1248,58695.92402,8656.377995,0,0,0
2060,8,28,13,118057.7567,56533.65488,39662.89674,58245.23398,8845.954655,0,0,0
2060,8,28,14,114166.0895,53789.61748,38408.0053,55959.18806,8866.468223,0,0,0
2060,8,28,15,118554.7761,57305.43442,40412.77196,58924.44169,8763.900383,0,0,0
2060,8,28,16,118294.6189,56614.23148,39766.94226,58434.02834,8512.435331,0,0,0
2060,8,28,17,118646.8264,56327.56306,39134.23776,57201.12814,8269.836314,0,0,0
2060,8,28,18,114102.5496,55880.08913,38534.65051,56480.45868,9207.462829,0,0,0
2060,8,28,19,110919.035,57262.75576,41570.13703,60419.49834,9389.390362,0,0,0
2060,8,28,20,108348.7545,59730.38153,45768.72548,60723.3773,9376.265155,0,0,0
2060,8,28,21,108631.5115,59772.19096,46067.56297,61381.54991,8936.353429,0,0,0
2060,8,28,22,110793.1721,59683.09602,44945.31434,60516.5901,8367.710371,0,0,0
2060,8,28,23,109797.221,58350.67024,42602.59534,58754.50938,7923.800237,0,0,0
2060,8,28,24,108391.7809,56914.45972,40368.26795,57578.4561,7636.34952,0,0,0
2060,8,29,1,106365.2837,55725.88968,38906.50239,55667.13048,7338.294331,0,0,0
2060,8,29,2,102765.5872,54388.6832,36627.58406,54343.57074,7090.827687,0,0,0
2060,8,29,3,100510.3985,53288.33889,35492.21023,53090.07004,6873.43602,0,0,0
2060,8,29,4,99315.04857,51579.88898,34586.74481,52350.62545,6855.356265,0,0,0
2060,8,29,5,95436.85424,50768.99459,34145.00773,51986.59654,7023.897825,0,0,0
2060,8,29,6,95003.63549,51466.45591,35336.88079,53278.69056,7149.239202,0,0,0
2060,8,29,7,96463.66262,53677.14054,37985.30411,54210.14562,7324.03914,0,0,0
2060,8,29,8,98669.21886,52494.65504,35669.61782,51538.42724,8081.650404,0,0,0
2060,8,29,9,102820.6956,53120.40578,36311.62296,53342.57816,8545.204887,0,0,0
2060,8,29,10,110036.3432,56495.49617,38499.36022,56519.39969,8786.934686,0,0,0
2060,8,29,11,115780.6637,56664.47234,38897.8102,57956.91404,8770.071838,0,0,0
2060,8,29,12,118999.5555,56991.90713,39539.20688,58549.63447,8635.690583,0,0,0
2060,8,29,13,117763.8738,56397.53519,39566.32652,58103.63821,8824.65879,0,0,0
2060,8,29,14,113886.201,53659.32155,38314.91195,55824.54604,8844.82467,0,0,0
2060,8,29,15,118258.5463,57164.88171,40312.46409,58777.54368,8743.386815,0,0,0
2060,8,29,16,117999.1713,56481.50174,39670.11126,58290.86797,8492.095607,0,0,0
2060,8,29,17,118349.5535,56193.00796,39038.44983,57062.8354,8249.583511,0,0,0
2060,8,29,18,113821.2703,55746.66402,38441.47023,56345.20821,9184.515448,0,0,0
2060,8,29,19,110646.3611,57124.02841,41464.87461,60269.03653,9364.878387,0,0,0
2060,8,29,20,108081.3828,59582.35354,45648.68634,60569.7863,9351.75318,0,0,0
2060,8,29,21,108362.662,59621.72916,45946.04615,61224.48204,8913.927579,0,0,0
2060,8,29,22,110514.1528,59530.72193,44829.01284,60362.47757,8347.805256,0,0,0
2060,8,29,23,109524.547,58207.24911,42493.33451,58608.39367,7904.24281,0,0,0
2060,8,29,24,108124.5829,56775.81929,40268.047,57435.90418,7616.879015,0,0,0
2060,8,30,1,106102.1711,55590.46536,38812.62674,55532.48846,7295.876445,0,0,0
2060,8,30,2,98615.93574,52097.9435,35882.66339,53826.99389,7114.470443,0,0,0
2060,8,30,3,96177.60265,51664.81168,34828.56153,52749.3362,6916.02775,0,0,0
2060,8,30,4,92691.25224,50478.67545,33847.64791,51600.05486,6841.014152,0,0,0
2060,8,30,5,91004.79357,49869.52679,33471.01533,50749.43717,7003.645023,0,0,0
2060,8,30,6,90051.34727,50037.98143,34460.27345,52035.96818,7106.647472,0,0,0
2060,8,30,7,92335.8286,52641.63997,36817.42149,52754.46459,7186.181009,0,0,0
2060,8,30,8,91482.60324,50436.17065,34607.43222,50909.37346,7887.032274,0,0,0
2060,8,30,9,93778.64518,50370.63154,34664.27915,50132.98707,8387.093954,0,0,0
2060,8,30,10,98728.06499,53150.22,36589.16458,53957.11598,8715.745651,0,0,0
2060,8,30,11,103529.1091,53725.29527,37336.08445,54873.62047,8754.512818,0,0,0
2060,8,30,12,105224.6946,53716.34232,37826.93241,56234.64355,8595.793432,0,0,0
2060,8,30,13,105926.0674,52611.30423,37785.9922,55414.3616,8691.146754,0,0,0
2060,8,30,14,101592.6631,51029.93413,36616.37114,53415.15794,8684.54069,0,0,0
2060,8,30,15,102143.4871,53014.53491,37439.43459,55153.94359,8593.185775,0,0,0
2060,8,30,16,102807.2227,52245.10227,36574.64862,53774.40615,8358.322806,0,0,0
2060,8,30,17,100809.6706,51387.61774,35883.79338,51957.30386,8199.777264,0,0,0
2060,8,30,18,98516.49709,50927.01861,35627.80839,51992.24647,9120.0194,0,0,0
2060,8,30,19,96968.15732,52603.82894,39315.73068,57194.26131,9124.017807,0,0,0
2060,8,30,20,101803.4487,55887.1298,42517.75957,57407.30688,9009.280901,0,0,0
2060,8,30,21,101646.5546,55732.75651,42245.95479,57782.98332,8845.172358,0,0,0
2060,8,30,22,99810.50339,55664.00129,41522.15615,57028.15356,8376.576405,0,0,0
2060,8,30,23,100014.5091,53765.36627,39796.66955,54707.33888,7930.753989,0,0,0
2060,8,30,24,98286.15406,52178.69394,37758.69872,53990.66783,7722.402199,0,0,0
2060,8,31,1,98377.33513,51913.49523,36872.44305,53208.9792,7148.283062,0,0,0
2060,8,31,2,92057.93929,48441.92154,34055.47817,50105.25898,6868.481471,0,0,0
2060,8,31,3,89631.60142,47161.56198,32881.42409,48741.19363,6625.882454,0,0,0
2060,8,31,4,87916.19776,45426.34012,32039.67243,47390.6881,6539.047477,0,0,0
2060,8,31,5,85719.24679,44637.61082,31475.72316,47153.13055,6627.273204,0,0,0
2060,8,31,6,83891.88772,46040.87794,32515.39598,48114.22598,6621.623281,0,0,0
2060,8,31,7,85827.98608,46656.98036,34199.6816,48072.50347,6862.136173,0,0,0
2060,8,31,8,83536.37716,45110.63979,31598.97841,44862.56469,7406.875709,0,0,0
2060,8,31,9,81048.23782,44114.16715,31066.58178,44822.4937,7977.604892,0,0,0
2060,8,31,10,83838.95228,44184.66081,31783.86128,45484.23011,8107.987739,0,0,0
2060,8,31,11,88049.10134,44385.01578,32045.32235,45279.09443,8176.569117,0,0,0
2060,8,31,12,90137.2261,44662.03587,32336.68456,45526.03954,8057.65996,0,0,0
2060,8,31,13,88161.57828,44941.5767,32313.56333,45876.68248,8167.963849,0,0,0
2060,8,31,14,89713.04724,43263.63638,31986.21546,45631.38888,8236.892914,0,0,0
2060,8,31,15,89447.24008,43913.63833,32408.39512,46787.88474,8116.24532,0,0,0
2060,8,31,16,89356.40669,44466.02699,31882.60456,45392.26674,7971.346515,0,0,0
2060,8,31,17,89387.61165,42798.95191,31821.93308,45066.65731,7852.089671,0,0,0
2060,8,31,18,88177.31114,43676.60231,32331.73001,46080.86202,8771.636432,0,0,0
2060,8,31,19,89226.28461,46467.57754,36239.1301,52125.32389,8938.787242,0,0,0
2060,8,31,20,94112.59912,50307.61316,40178.77821,53490.60615,8807.969785,0,0,0
2060,8,31,21,93572.11875,50059.36422,39864.99016,53230.88352,8583.189757,0,0,0
2060,8,31,22,93456.33879,49730.79944,38970.99843,52915.18318,8143.625718,0,0,0
2060,8,31,23,93848.00886,48470.08423,37584.94185,51359.02044,7646.258616,0,0,0
2060,8,31,24,92438.04875,47733.59499,35298.02671,50090.91687,6989.215988,0,0,0
2060,9,1,1,87165.10564,43973.00599,32612.83543,47028.65839,7157.149095,0,0,0
2060,9,1,2,100313.0858,53116.75506,35753.06284,53062.42888,6915.158531,0,0,0
2060,9,1,3,98121.95859,52035.70742,34631.59651,51829.00714,6702.112958,0,0,0
2060,9,1,4,96938.69079,50349.42259,33736.38788,51097.12476,6684.380891,0,0,0
2060,9,1,5,93134.20623,49546.95963,33299.69227,50736.31196,6849.967107,0,0,0
2060,9,1,6,92710.72274,50229.38345,34478.87474,52019.88763,6972.266218,0,0,0
2060,9,1,7,94148.06325,52402.77859,37092.44237,52922.31078,7143.328513,0,0,0
2060,9,1,8,96301.29251,51234.98289,34808.5695,50293.44489,7888.596868,0,0,0
2060,9,1,9,100368.2812,51864.12359,35441.44784,52072.04077,8346.066818,0,0,0
2060,9,1,10,107431.207,55199.2299,37599.54473,55202.18525,8583.885132,0,0,0
2060,9,1,11,113029.3249,55366.98916,37992.34478,56605.27853,8567.978424,0,0,0
2060,9,1,12,116149.2995,55682.42873,38615.14018,57175.5731,8434.814076,0,0,0
2060,9,1,13,114962.9894,55107.61422,38642.25982,56745.74431,8619.349266,0,0,0
2060,9,1,14,111176.0631,52398.60634,37415.44414,54522.54292,8639.167459,0,0,0
2060,9,1,15,115440.0168,55852.01336,39356.58397,57390.09634,8541.119558,0,0,0
2060,9,1,16,115191.0725,55187.93005,38742.30692,56924.10805,8294.695977,0,0,0
2060,9,1,17,115530.6764,54900.91395,38128.20371,55732.75651,8054.356928,0,0,0
2060,9,1,18,111126.5176,54458.22072,37542.00243,55040.59744,8961.647701,0,0,0
2060,9,1,19,108031.2288,55806.5532,40465.27279,58818.74466,9134.796122,0,0,0
2060,9,1,20,105505.7131,58165.96121,44505.57646,59094.98245,9122.627057,0,0,0
2060,9,1,21,105780.734,58203.16378,44791.46258,59726.12236,8704.967336,0,0,0
2060,9,1,22,107870.771,58118.15416,43710.93646,58896.97437,8152.491751,0,0,0
2060,9,1,23,106920.367,56825.79938,41453.92246,57208.86419,7712.319259,0,0,0
2060,9,1,24,105554.9109,55437.04821,39308.34232,56084.35559,7429.127715,0,0,0
2060,9,2,1,103568.3978,54280.46544,37904.2929,54234.48375,7151.064562,0,0,0
2060,9,2,2,100230.3362,53073.72872,35723.07479,53019.22869,6909.16092,0,0,0
2060,9,2,3,98040.68662,51992.768,34602.04307,51785.89388,6696.289191,0,0,0
2060,9,2,4,96857.3319,50307.35239,33707.35597,51054.61995,6678.470202,0,0,0
2060,9,2,5,93055.80268,49504.97635,33270.66035,50693.45947,6844.056418,0,0,0
2060,9,2,6,92632.05843,50186.96556,34449.58206,51977.12206,6966.268607,0,0,0
2060,9,2,7,94068.44279,52358.96996,37061.84586,52878.3283,7137.157059,0,0,0
2060,9,2,8,96220.54207,51191.60886,34778.92913,50251.11393,7881.990804,0,0,0
2060,9,2,9,100284.5754,51820.57572,35411.72055,52028.40598,8339.373832,0,0,0
2060,9,2,10,107342.112,55154.55205,37568.51361,55156.81201,8576.757536,0,0,0
2060,9,2,11,112935.9708,55322.57207,37961.8352,56558.77531,8560.850829,0,0,0
2060,9,2,12,116053.6854,55637.92472,38583.67446,57129.59142,8427.947246,0,0,0
2060,9,2,13,114868.2446,55063.02329,38610.79409,56698.80649,8612.743202,0,0,0
2060,9,2,14,111083.0567,52355.58,37384.93456,54478.47352,8632.126785,0,0,0
2060,9,2,15,115343.8812,55807.50934,39324.9444,57343.24544,8533.991962,0,0,0
2060,9,2,16,115094.9369,55143.42604,38710.92812,56877.34407,8287.916068,0,0,0
2060,9,2,17,115434.3669,54855.80148,38097.78105,55687.55712,8047.663942,0,0,0
2060,9,2,18,111034.2935,54414.93361,37511.40592,54995.65882,8954.085496,0,0,0
2060,9,2,19,107942.3946,55762.39688,40431.28632,58769.98148,9126.973152,0,0,0
2060,9,2,20,105418.3566,58117.54571,44466.54852,59045.43697,9114.891008,0,0,0
2060,9,2,21,105692.0736,58156.3998,44752.60849,59675.70766,8697.752818,0,0,0
2060,9,2,22,107782.1107,58070.69481,43672.43006,58846.82044,8145.798765,0,0,0
2060,9,2,23,106831.7066,56779.29617,41418.63217,57160.44869,7705.626273,0,0,0
2060,9,2,24,105467.8151,55390.89269,39276.00738,56038.72159,7422.782416,0,0,0
2060,9,3,1,103482.7797,54235.52682,37873.26178,54190.41435,7149.413046,0,0,0
2060,9,3,2,100208.258,53062.34196,35714.90413,53007.66808,6907.596326,0,0,0
2060,9,3,3,98018.86922,51981.46815,34594.30702,51774.50711,6694.811519,0,0,0
2060,9,3,4,96836.12295,50296.40023,33699.70684,51043.40703,6676.99253,0,0,0
2060,9,3,5,93034.94142,49493.93727,33263.01123,50681.98577,6842.491824,0,0,0
2060,9,3,6,92611.45794,50175.83956,34441.84601,51965.82221,6964.617091,0,0,0
2060,9,3,7,94047.40769,52347.14858,37053.76213,52866.59384,7135.505543,0,0,0
2060,9,3,8,96199.07236,51180.2221,34771.01924,50239.72716,7880.339288,0,0,0
2060,9,3,9,100262.4103,51809.18895,35403.89758,52016.84536,8337.635394,0,0,0
2060,9,3,10,107318.3823,55143.07835,37560.34295,55145.16448,8574.932176,0,0,0
2060,9,3,11,112911.4588,55311.01146,37953.75146,56546.95393,8558.938547,0,0,0
2060,9,3,12,116028.0435,55626.10334,38575.32995,57117.33543,8426.121887,0,0,0
2060,9,3,13,114843.1241,55051.11499,38602.79727,56686.46358,8610.917842,0,0,0
2060,9,3,14,111058.4578,52344.28016,37376.67698,54466.82599,8630.214503,0,0,0
2060,9,3,15,115319.1085,55796.03565,39316.51298,57331.33714,8532.253524,0,0,0
2060,9,3,16,115069.6426,55131.43082,38702.75746,56865.26192,8286.177631,0,0,0
2060,9,3,17,115408.5511,54843.89318,38089.34962,55675.82267,8045.925504,0,0,0
2060,9,3,18,111009.8684,54403.28608,37503.32218,54984.35897,8952.086292,0,0,0
2060,9,3,19,107918.8388,55750.22781,40422.68106,58757.11704,9124.973948,0,0,0
2060,9,3,20,105394.54,58105.2028,44456.29174,59032.31177,9112.891804,0,0,0
2060,9,3,21,105669.0393,58143.44844,44742.43863,59662.66937,8696.01438,0,0,0
2060,9,3,22,107758.1202,58058.61266,43662.69481,58833.60831,8143.973405,0,0,0
2060,9,3,23,106808.5854,56767.04018,41409.15768,57147.84501,7703.887835,0,0,0
2060,9,3,24,105445.1285,55378.72362,39267.31519,56026.81329,7421.043978,0,0,0
2060,9,4,1,103460.0062,54223.79236,37865.17805,54178.67989,7189.397119,0,0,0
2060,9,4,2,100751.6068,53347.96731,35910.65224,53293.1196,6946.71118,0,0,0
2060,9,4,3,98553.09121,52262.39973,34787.36055,52057.00328,6733.057154,0,0,0
2060,9,4,4,97368.25881,50572.20342,33890.23964,51324.86013,6715.238165,0,0,0
2060,9,4,5,93549.43214,49768.78431,33452.58789,50963.09119,6881.25899,0,0,0
2060,9,4,6,93125.68788,50453.98964,34634.20417,52247.27532,7004.253476,0,0,0
2060,9,4,7,94567.89602,52632.68701,37254.03018,53153.95764,7175.576538,0,0,0
2060,9,4,8,96728.68749,51464.02209,34964.5943,50518.74645,7923.452549,0,0,0
2060,9,4,9,100812.1044,52092.46742,35598.34186,52302.29688,8381.357109,0,0,0
2060,9,4,10,107903.3667,55434.00595,37761.82791,55440.87278,8619.95772,0,0,0
2060,9,4,11,113522.3459,55599.3314,38155.67103,56848.22523,8604.137934,0,0,0
2060,9,4,12,116655.9673,55918.16092,38780.37871,57420.17132,8471.321274,0,0,0
2060,9,4,13,115465.6588,55341.43413,38807.93295,56988.86486,8656.117229,0,0,0
2060,9,4,14,111666.5634,52627.64554,37577.72733,54759.31817,8675.8485,0,0,0
2060,9,4,15,115945.5546,56083.22561,39525.90783,57637.82375,8577.713677,0,0,0
2060,9,4,16,115694.3503,55423.05379,38908.1539,57169.14088,8329.986267,0,0,0
2060,9,4,17,116035.6926,55135.77692,38292.31225,55971.18328,8089.821063,0,0,0
2060,9,4,18,111607.6303,54687.69453,37705.32868,55276.93808,9001.718696,0,0,0
2060,9,4,19,108499.9117,56044.89305,40642.33269,59079.59728,9175.127883,0,0,0
2060,9,4,20,105971.8752,58419.1647,44709.92984,59359.74656,9163.045739,0,0,0
2060,9,4,21,106246.6353,58454.71575,44997.81517,59993.8418,8742.343752,0,0,0
2060,9,4,22,108344.1477,58370.92304,43911.81297,59158.52236,8188.303573,0,0,0
2060,9,4,23,107388.6152,57071.61451,41639.23994,57459.98155,7747.001096,0,0,0
2060,9,4,24,106014.9016,55677.82187,39479.14385,56324.86848,7463.027255,0,0,0
2060,9,5,1,104021.8694,54515.58917,38067.61915,54468.4775,7171.230443,0,0,0
2060,9,5,2,100504.5747,53217.75831,35822.25267,53162.82367,6928.805269,0,0,0
2060,9,5,3,98309.88374,52135.31991,34699.56944,51928.70656,6715.585853,0,0,0
2060,9,5,4,97125.92056,50447.03588,33803.75235,51196.47649,6697.853785,0,0,0
2060,9,5,5,93315.43839,49644.13831,33366.53521,50835.40293,6863.613845,0,0,0
2060,9,5,6,92892.30259,50327.34443,34546.32613,52118.71783,6986.260643,0,0,0
2060,9,5,7,94331.20769,52503.26031,37163.45756,53023.31402,7157.409861,0,0,0
2060,9,5,8,96487.91383,51335.20384,34876.62934,50392.18817,7903.8082,0,0,0
2060,9,5,9,100562.0301,51964.17069,35510.11614,52172.52248,8361.451994,0,0,0
2060,9,5,10,107636.8642,55303.01465,37670.03838,55307.27382,8599.531073,0,0,0
2060,9,5,11,113243.8481,55467.47088,38063.96843,56711.41016,8583.885132,0,0,0
2060,9,5,12,116369.4727,55784.90965,38687.19844,57282.31319,8450.981549,0,0,0
2060,9,5,13,115181.6849,55208.79131,38714.31807,56851.70211,8635.516739,0,0,0
2060,9,5,14,111390.0648,52498.04499,37486.02473,54625.71922,8655.074166,0,0,0
2060,9,5,15,115660.0161,55952.75584,39430.20682,57498.66179,8557.026265,0,0,0
2060,9,5,16,115410.5503,55290.67174,38814.71286,57030.50045,8310.254996,0,0,0
2060,9,5,17,115751.0234,55004.00332,38200.08812,55835.75896,8069.742104,0,0,0
2060,9,5,18,111336.5209,54558.78936,37613.62607,55142.81759,8979.032081,0,0,0
2060,9,5,19,108236.6253,55910.68564,40542.02482,58932.35158,9152.354346,0,0,0
2060,9,5,20,105708.5019,58276.2651,44594.58448,59209.8932,9140.359124,0,0,0
2060,9,5,21,105983.0881,58312.42461,44881.2529,59842.94539,8721.047887,0,0,0
2060,9,5,22,108076.7759,58228.37113,43798.8145,59011.10282,8168.050771,0,0,0
2060,9,5,23,107124.6334,56933.58253,41534.93366,57317.95117,7727.269825,0,0,0
2060,9,5,24,105755.7005,55541.96295,39383.00823,56189.00956,7443.904437,0,0,0
2060,9,6,1,103766.4928,54382.85943,37975.48193,54336.18237,7129.942541,0,0,0
2060,9,6,2,96436.10838,50952.13903,35085.93727,52654.76518,6952.187259,0,0,0
2060,9,6,3,94039.32396,50526.39558,34042.52681,51589.18963,6757.656051,0,0,0
2060,9,6,4,90597.91216,49350.34229,33072.30458,50449.90431,6683.598594,0,0,0
2060,9,6,5,88934.83549,48745.62665,32702.10422,49609.36955,6843.70873,0,0,0
2060,9,6,6,87996.86128,48908.77905,33680.14941,50888.25144,6944.364289,0,0,0
2060,9,6,7,90254.39682,51473.84427,36008.70014,51600.40255,7022.767841,0,0,0
2060,9,6,8,89403.77913,49290.62695,33825.65667,49768.26278,7710.320055,0,0,0
2060,9,6,9,91656.36012,49236.99614,33880.33055,48996.57017,8207.426391,0,0,0
2060,9,6,10,96533.37398,51988.24806,35783.92012,52786.10416,8529.993555,0,0,0
2060,9,6,11,101252.6246,52552.54502,36521.01781,53691.48266,8568.413034,0,0,0
2060,9,6,12,102909.5298,52545.15666,37003.08666,55028.25453,8410.736711,0,0,0
2060,9,6,13,103598.0382,51451.41842,36963.88488,54225.35695,8505.742345,0,0,0
2060,9,6,14,99320.95925,49890.64881,35810.4313,52244.75458,8499.049359,0,0,0
2060,9,6,15,99877.95478,51847.95612,36622.89028,53969.28504,8408.129054,0,0,0
2060,9,6,16,100533.8674,51094.08249,35767.5788,52605.30662,8178.829086,0,0,0
2060,9,6,17,98558.65421,50239.98792,35086.98034,50799.93879,8019.588169,0,0,0
2060,9,6,18,96305.37784,49783.64796,34831.51688,50839.6621,8915.405251,0,0,0
2060,9,6,19,94777.11703,51437.0763,38458.76769,55927.98309,8919.403659,0,0,0
2060,9,6,20,99547.04311,54688.21606,41554.1434,56118.34205,8810.751286,0,0,0
2060,9,6,21,99401.10125,54538.53655,41290.68313,56483.58787,8655.421854,0,0,0
2060,9,6,22,97590.95272,54468.4775,40588.52804,55753.96545,8197.082685,0,0,0
2060,9,6,23,97794.87149,52586.09688,38922.66986,53503.55751,7754.04177,0,0,0
2060,9,6,24,96098.15604,51020.02504,36941.02442,52810.78998,7547.602262,0,0,0
2060,9,7,1,96190.29325,50761.34547,36064.504,52040.31428,7386.014453,0,0,0
2060,9,7,2,95084.99439,50042.06676,35179.55216,51738.60837,7097.694517,0,0,0
2060,9,7,3,92601.89653,48736.76062,33977.42231,50349.42259,6848.924044,0,0,0
2060,9,7,4,90847.81262,46960.16394,33114.20094,48972.40588,6759.829099,0,0,0
2060,9,7,5,88596.97007,46149.00879,32534.86648,48729.63302,6850.314795,0,0,0
2060,9,7,6,86724.7593,47587.30543,33603.39738,49704.28826,6844.491028,0,0,0
2060,9,7,7,88698.14716,48225.57293,35322.27792,49647.52826,7091.262296,0,0,0
2060,9,7,8,86354.55894,46633.42452,32665.33625,46370.31194,7652.690837,0,0,0
2060,9,7,9,83796.44748,45601.92236,32118.33675,46335.80394,8232.894507,0,0,0
2060,9,7,10,86664.60935,45675.28444,32853.2614,47019.44467,8363.798886,0,0,0
2060,9,7,11,90985.67075,45882.94085,33120.98084,46810.7452,8432.641029,0,0,0
2060,9,7,12,93132.38087,46169.52235,33417.90605,47067.42556,8313.64495,0,0,0
2060,9,7,13,91104.57991,46456.45154,33393.9156,47426.76069,8423.861917,0,0,0
2060,9,7,14,92703.50823,44731.66031,33057.00633,47175.73025,8494.790186,0,0,0
2060,9,7,15,92426.14045,45400.95893,33491.00736,48361.77955,8371.882622,0,0,0
2060,9,7,16,92325.05028,45967.51586,32950.61392,46929.8282,8226.809974,0,0,0
2060,9,7,17,92366.51203,44251.41683,32888.204,46596.04811,8104.945473,0,0,0
2060,9,7,18,91110.66444,45151.23232,33411.56075,47637.1986,9054.132601,0,0,0
2060,9,7,19,92201.18658,48028.60791,37397.71208,53793.44204,9230.931742,0,0,0
2060,9,7,20,97185.80975,51962.95379,41485.0405,55240.77857,9093.334377,0,0,0
2060,9,7,21,96638.72332,51711.40181,41160.47413,54969.92993,8850.822281,0,0,0
2060,9,7,22,96521.20491,51375.01407,40219.80535,54626.0669,8399.176098,0,0,0
2060,9,7,23,96928.17324,50083.44158,38778.98796,53000.71433,7897.028292,0,0,0
2060,9,7,24,95478.92443,49325.65648,36441.04967,51719.31171,7221.4713,0,0,0
2060,9,8,1,90084.98604,45464.67268,33702.05373,48609.59388,7395.054331,0,0,0
2060,9,8,2,103538.4098,54792.52234,36899.99729,54743.49839,7145.93617,0,0,0
2060,9,8,3,101263.316,53677.14054,35759.84275,53485.04315,6926.806065,0,0,0
2060,9,8,4,100057.3616,51966.25682,34850.81354,52741.60015,6908.639388,0,0,0
2060,9,8,5,96158.39291,51148.58252,34408.468,52374.44205,7078.658621,0,0,0
2060,9,8,6,95722.39267,51849.34687,35604.16563,53670.70832,7204.08692,0,0,0
2060,9,8,7,97188.50433,54070.98366,38264.49725,54615.81012,7380.799139,0,0,0
2060,9,8,8,99408.055,52887.4551,35937.68495,51926.0989,8142.321889,0,0,0
2060,9,8,9,103591.1713,53509.4682,36582.29775,53738.68125,8607.1802,0,0,0
2060,9,8,10,110851.9313,56902.63834,38780.55256,56931.0618,8851.517656,0,0,0
2060,9,8,11,116652.6642,57078.22057,39183.6094,58389.08972,8835.089417,0,0,0
2060,9,8,12,119909.1931,57417.47674,39832.91598,58991.37155,8698.27435,0,0,0
2060,9,8,13,118652.2156,56807.45886,39858.8187,58533.98852,8889.589448,0,0,0
2060,9,8,14,114732.8203,54054.20774,38596.27813,56229.08055,8910.450703,0,0,0
2060,9,8,15,119153.7549,57590.88593,40617.90764,59221.45382,8807.100566,0,0,0
2060,9,8,16,118890.99,56889.7739,39963.64651,58726.25976,8554.244764,0,0,0
2060,9,8,17,119249.9775,56597.28171,39326.16131,57480.14743,8310.42884,0,0,0
2060,9,8,18,114673.7134,56151.19853,38721.09798,56754.26266,9254.487576,0,0,0
2060,9,8,19,111470.2068,57541.07968,41784.48643,60724.42036,9438.762,0,0,0
2060,9,8,20,108889.2349,60033.73895,46011.3245,61034.9923,9425.897559,0,0,0
2060,9,8,21,109173.2087,60078.06912,46312.50888,61699.94482,8981.72666,0,0,0
2060,9,8,22,111351.3846,59991.49491,45180.43807,60826.9882,8408.129054,0,0,0
2060,9,8,23,110344.1336,58640.81554,42823.29004,59051.60843,7963.262779,0,0,0
2060,9,8,24,108935.825,57197.65126,40570.44828,57864.08145,7675.377452,0,0,0
2060,9,9,1,106899.9403,55998.91136,39097.38287,55940.23908,7388.709032,0,0,0
2060,9,9,2,103452.0094,54747.84448,36869.57462,54699.16822,7139.764716,0,0,0
2060,9,9,3,101179.2625,53633.15806,35730.02854,53441.06067,6920.808454,0,0,0
2060,9,9,4,99974.52501,51923.57817,34821.34702,52698.39997,6902.728699,0,0,0
2060,9,9,5,96078.164,51106.07772,34379.26224,52331.32879,7072.574088,0,0,0
2060,9,9,6,95642.85913,51806.66822,35574.52526,53627.07353,7198.002387,0,0,0
2060,9,9,7,97108.36234,54027.34887,38233.11844,54570.95842,7374.453841,0,0,0
2060,9,9,8,99325.9138,52843.55954,35907.78382,51882.98564,8135.715825,0,0,0
2060,9,9,9,103505.814,53466.1811,36551.96201,53694.95953,8600.226449,0,0,0
2060,9,9,10,110761.098,56856.74358,38749.43452,56884.2109,8844.476982,0,0,0
2060,9,9,11,116556.094,57032.49965,39151.79598,58340.50038,8827.787978,0,0,0
2060,9,9,12,119807.8422,57370.62584,39800.14642,58942.08684,8691.233676,0,0,0
2060,9,9,13,118553.4723,56762.25947,39826.13607,58485.4861,8882.37493,0,0,0
2060,9,9,14,114638.51,54010.57294,38565.16009,56184.05501,8902.97542,0,0,0
2060,9,9,15,119054.0555,57543.33965,40583.74733,59172.08218,8799.972971,0,0,0
2060,9,9,16,118791.3775,56843.3576,39930.61619,58677.67042,8547.291013,0,0,0
2060,9,9,17,119149.6696,56552.7777,39294.08713,57433.73114,8303.56201,0,0,0
2060,9,9,18,114578.5339,56105.99914,38689.54533,56708.62866,9246.577683,0,0,0
2060,9,9,19,111377.9827,57495.18492,41748.76153,60673.57105,9430.50442,0,0,0
2060,9,9,20,108799.2707,59982.54196,45971.16658,60983.27377,9417.639979,0,0,0
2060,9,9,21,109082.6361,60027.48058,46271.91635,61647.18323,8974.164455,0,0,0
2060,9,9,22,111258.7258,59939.77638,45141.32322,60775.35659,8401.349146,0,0,0
2060,9,9,23,110253.7348,58592.74773,42786.78284,59002.58448,7956.830558,0,0,0
2060,9,9,24,108846.1216,57150.88728,40536.63566,57817.05671,7668.85831,0,0,0
2060,9,10,1,106811.1061,55953.0166,39065.7433,55894.2574,7387.057516,0,0,0
2060,9,10,2,103429.7574,54736.37079,36861.57781,54687.43376,7138.200121,0,0,0
2060,9,10,3,101157.619,53621.68437,35722.20557,53429.6739,6919.330782,0,0,0
2060,9,10,4,99952.35992,51912.10448,34813.78481,52687.10012,6901.164105,0,0,0
2060,9,10,5,96056.86813,51094.95171,34371.52619,52320.11587,7071.009494,0,0,0
2060,9,10,6,95621.82403,51795.62913,35566.87614,53615.68676,7196.350871,0,0,0
2060,9,10,7,97087.15339,54015.61441,38225.0347,54559.13704,7372.802325,0,0,0
2060,9,10,8,99304.53102,52832.25969,35899.87393,51871.77272,8133.803543,0,0,0
2060,9,10,9,103483.4751,53454.96817,36543.96519,53683.39892,8598.574933,0,0,0
2060,9,10,10,110737.4552,56844.83528,38741.35078,56872.73721,8842.651623,0,0,0
2060,9,10,11,116531.1474,57020.41751,39143.45148,58328.15747,8825.875696,0,0,0
2060,9,10,12,119781.8526,57358.45677,39791.715,58929.30932,8689.495238,0,0,0
2060,9,10,13,118528.0042,56750.4381,39817.61772,58473.31704,8880.375726,0,0,0
2060,9,10,14,114614.2588,53998.75157,38556.98943,56172.23363,8901.063138,0,0,0
2060,9,10,15,119028.3266,57530.90982,40575.14207,59159.56543,8798.060689,0,0,0
2060,9,10,16,118765.6486,56831.27546,39922.09784,58665.32751,8545.378731,0,0,0
2060,9,10,17,119123.6799,56541.04324,39285.91647,57421.90976,8301.73665,0,0,0
2060,9,10,18,114554.5434,56094.17776,38681.54851,56696.80728,9244.57848,0,0,0
2060,9,10,19,111354.1661,57483.01585,41739.80858,60660.88045,9428.418294,0,0,0
2060,9,10,20,108776.4103,59969.67752,45960.64903,60970.06164,9415.466932,0,0,0
2060,9,10,21,109059.428,60014.18153,46261.48572,61633.53649,8972.252173,0,0,0
2060,9,10,22,111234.9092,59926.56425,45131.3272,60761.97062,8399.523786,0,0,0
2060,9,10,23,110230.5267,58580.05713,42777.39528,58989.54619,7955.179042,0,0,0
2060,9,10,24,108822.4789,57138.71821,40528.29116,57804.80072,7667.119872,0,0,0
2060,9,11,1,106788.2457,55941.54291,39057.48572,55882.60986,7428.866949,0,0,0
2060,9,11,2,103996.8358,55033.90445,37061.32433,54981.92516,7178.184195,0,0,0
2060,9,11,3,101711.5722,53911.48198,35917.51907,53719.21074,6958.532558,0,0,0
2060,9,11,4,100499.5333,52194.33988,35007.01219,52972.89932,6940.278959,0,0,0
2060,9,11,5,96586.13557,51373.10179,34563.44974,52604.52432,7110.906645,0,0,0
2060,9,11,6,96146.57153,52074.82227,35761.84195,53903.57209,7237.03032,0,0,0
2060,9,11,7,97618.50696,54305.75971,38429.73577,54854.6715,7414.350992,0,0,0
2060,9,11,8,99844.48985,53118.14581,36096.57818,52154.61657,8178.046789,0,0,0
2060,9,11,9,104048.5544,53742.41889,36742.40789,53972.15346,8643.861241,0,0,0
2060,9,11,10,111339.824,57148.45347,38947.26876,57176.3554,8890.110979,0,0,0
2060,9,11,11,117169.328,57328.29487,39355.45399,58647.33468,8873.161209,0,0,0
2060,9,11,12,120454.628,57673.20097,40006.75977,59255.44028,8735.737688,0,0,0
2060,9,11,13,119182.9607,57052.05708,40034.92247,58791.8858,8929.138911,0,0,0
2060,9,11,14,115236.7065,54284.98538,38762.38588,56472.2011,8950.521698,0,0,0
2060,9,11,15,119689.8023,57845.82786,40798.53134,59489.17326,8845.433123,0,0,0
2060,9,11,16,119424.1689,57135.41518,40141.8364,58987.11238,8590.925806,0,0,0
2060,9,11,17,119789.2409,56837.70768,39495.48517,57728.30945,8345.719131,0,0,0
2060,9,11,18,115176.1219,56391.27681,38888.42263,56997.38321,9297.340072,0,0,0
2060,9,11,19,111956.6217,57792.19704,41975.10616,60996.83359,9482.918325,0,0,0
2060,9,11,20,109372.086,60305.89142,46227.06465,61314.96773,9469.706196,0,0,0
2060,9,11,21,109658.2329,60350.22159,46529.90054,61980.96332,9021.884577,0,0,0
2060,9,11,22,111847.274,60267.7327,45390.5283,61102.61754,8444.723173,0,0,0
2060,9,11,23,110834.7208,58900.62509,43018.16894,59316.19869,7998.379226,0,0,0
2060,9,11,24,109419.6323,57451.20244,40750.28969,58118.76262,7710.493899,0,0,0
2060,9,12,1,107372.1001,56243.68343,39265.92443,56181.88196,7409.831053,0,0,0
2060,9,12,2,103738.9386,54897.52399,36970.57787,54847.28314,7160.017518,0,0,0
2060,9,12,3,101458.8903,53779.53454,35828.68489,53587.69791,6940.626647,0,0,0
2060,9,12,4,100250.589,52065.17394,34918.96031,52842.6034,6922.45997,0,0,0
2060,9,12,5,96345.27499,51246.36966,34476.18016,52474.92377,7092.739969,0,0,0
2060,9,12,6,95907.01478,51947.39477,35673.0947,53772.05925,7218.515955,0,0,0
2060,9,12,7,97376.16871,54173.46458,38336.90319,54719.24718,7395.228174,0,0,0
2060,9,12,8,99598.76164,52988.37142,36007.30939,52025.88524,8157.793987,0,0,0
2060,9,12,9,103790.4833,53610.47145,36652.70449,53840.29294,8623.086908,0,0,0
2060,9,12,10,111062.9777,57011.02995,38852.61081,57037.97573,8868.380504,0,0,0
2060,9,12,11,116878.7481,57186.43834,39258.70992,58501.7405,8851.517656,0,0,0
2060,9,12,12,120146.403,57528.64985,39908.27726,59106.10846,8714.702589,0,0,0
2060,9,12,13,118882.9063,56912.37359,39935.22305,58647.24776,8906.62614,0,0,0
2060,9,12,14,114952.298,54155.12406,38668.85792,56335.29911,8927.922005,0,0,0
2060,9,12,15,119387.3141,57701.53751,40697.44118,59338.103,8824.137258,0,0,0
2060,9,12,16,119121.5069,56996.86168,40041.44161,58840.38822,8570.325316,0,0,0
2060,9,12,17,119484.6666,56700.71877,39399.26263,57587.84366,8325.727094,0,0,0
2060,9,12,18,114892.9304,56255.76557,38793.50392,56859.78584,9273.175784,0,0,0
2060,9,12,19,111682.9916,57648.77591,41867.84453,60842.63414,9457.97174,0,0,0
2060,9,12,20,109099.3251,60152.56119,46105.28707,61157.03065,9444.759611,0,0,0
2060,9,12,21,109382.8643,60196.10906,46406.99298,61822.33085,8999.371805,0,0,0
2060,9,12,22,111566.864,60111.36021,45272.14068,60946.76657,8423.948839,0,0,0
2060,9,12,23,110557.44,58753.72708,42908.73427,59166.43226,7978.647955,0,0,0
2060,9,12,24,109146.4368,57308.21592,40648.50415,57975.25456,7690.762628,0,0,0
2060,9,13,1,107106.0321,56104.34763,39171.44033,56045.41458,7366.978557,0,0,0
2060,9,13,2,99546.69542,52584.01075,36221.39803,54329.40247,7183.660274,0,0,0
2060,9,13,3,97088.63107,52151.57431,35162.77623,53246.52946,6983.913752,0,0,0
2060,9,13,4,93583.50552,50957.44127,34176.12577,52087.2521,6907.944013,0,0,0
2060,9,13,5,91886.18162,50347.24954,33798.79781,51233.4183,7072.226401,0,0,0
2060,9,13,6,90926.47694,50519.87643,34792.3151,52523.25234,7175.837303,0,0,0
2060,9,13,7,93220.86736,53137.70324,37161.71912,53250.78863,7256.326981,0,0,0
2060,9,13,8,92369.9889,50922.58559,34939.82156,51391.70307,7961.524341,0,0,0
2060,9,13,9,94682.89369,50853.39576,34998.32,50616.62051,8464.715209,0,0,0
2060,9,13,10,99662.12771,53650.02091,36930.94148,54451.44081,8795.974563,0,0,0
2060,9,13,11,104497.5929,54235.17913,37682.98975,55375.42059,8835.524027,0,0,0
2060,9,13,12,106209.4328,54216.57784,38178.35765,56749.22119,8673.675453,0,0,0
2060,9,13,13,106915.1517,53103.97755,38137.41743,55924.24545,8770.506447,0,0,0
2060,9,13,14,102562.2768,51517.6529,36959.62571,53909.13509,8763.639617,0,0,0
2060,9,13,15,103108.8417,53510.2505,37787.38295,55660.43749,8671.241639,0,0,0
2060,9,13,16,103779.0965,52738.99249,36917.64243,54271.33864,8434.900998,0,0,0
2060,9,13,17,101767.2022,51872.46809,36224.87491,52446.41339,8275.486237,0,0,0
2060,9,13,18,99459.16507,51412.21664,35965.2392,52483.35519,9206.767454,0,0,0
2060,9,13,19,97900.65544,53102.23911,39687.23488,57737.61009,9210.592018,0,0,0
2060,9,13,20,102763.8487,56401.96821,42933.42008,57962.47704,9096.028956,0,0,0
2060,9,13,21,102609.5624,56247.24723,42657.09537,58341.10883,8928.18277,0,0,0
2060,9,13,22,100753.6929,56174.66744,41925.12607,57572.71925,8453.936894,0,0,0
2060,9,13,23,100960.2193,54262.12492,40171.73754,55223.13342,8005.419899,0,0,0
2060,9,13,24,99214.7407,52668.84652,38107.25553,54494.11946,7796.894266,0,0,0
2060,9,14,1,99309.39864,52403.47397,37215.87147,53705.564,7384.884468,0,0,0
2060,9,14,2,95070.21767,50034.41763,35174.07608,51730.61155,7096.564532,0,0,0
2060,9,14,3,92587.55441,48729.19841,33972.03315,50341.59962,6847.79406,0,0,0
2060,9,14,4,90833.47051,46952.68866,33108.8987,48964.66983,6758.786036,0,0,0
2060,9,14,5,88582.88872,46141.79427,32529.73809,48721.89697,6849.18481,0,0,0
2060,9,14,6,86710.93872,47579.83015,33598.18206,49696.55222,6843.447965,0,0,0
2060,9,14,7,88684.15273,48218.01073,35316.88876,49639.96606,7090.132312,0,0,0
2060,9,14,8,86340.9122,46626.03616,32660.29478,46363.0105,7651.47393,0,0,0
2060,9,14,9,83782.88766,45594.62092,32113.20836,46328.41558,8231.590678,0,0,0
2060,9,14,10,86650.87569,45668.15684,32848.13301,47011.96939,8362.581979,0,0,0
2060,9,14,11,90971.32864,45875.63942,33115.67861,46803.26991,8431.3372,0,0,0
2060,9,14,12,93118.03876,46162.22091,33412.60381,47059.68951,8312.428044,0,0,0
2060,9,14,13,91090.2378,46448.97626,33388.52645,47419.11156,8422.731933,0,0,0
2060,9,14,14,92688.99227,44724.61964,33051.79101,47168.25496,8493.660201,0,0,0
2060,9,14,15,92411.45065,45393.74441,33485.70513,48354.0435,8370.578794,0,0,0
2060,9,14,16,92310.79509,45960.1275,32945.48553,46922.43984,8225.679989,0,0,0
2060,9,14,17,92351.99607,44244.28923,32882.90176,46588.57282,8103.815488,0,0,0
2060,9,14,18,91096.32233,45144.0178,33406.34544,47629.46255,9052.654929,0,0,0
2060,9,14,19,92186.67062,48021.04571,37392.40984,53785.87984,9229.454069,0,0,0
2060,9,14,20,97170.77226,51954.95697,41478.78212,55232.34714,9091.943627,0,0,0
2060,9,14,21,96624.20736,51703.57884,41154.12883,54961.75927,8849.605374,0,0,0
2060,9,14,22,96506.51511,51367.36494,40213.89466,54618.07009,8398.133035,0,0,0
2060,9,14,23,96913.57036,50075.53169,38772.99035,52992.71752,7895.811386,0,0,0
2060,9,14,24,95464.40848,49318.00735,36435.39974,51711.83642,7220.341315,0,0,0
2060,9,15,1,90070.81777,45457.37124,33696.92534,48601.77091,7393.924346,0,0,0
2060,9,15,2,103522.9377,54784.52552,36894.26044,54735.41465,7144.806186,0,0,0
2060,9,15,3,101248.1047,53669.05681,35754.45359,53476.95941,6925.67608,0,0,0
2060,9,15,4,100042.3241,51958.43385,34845.33746,52733.95102,6907.596326,0,0,0
2060,9,15,5,96143.87696,51141.02032,34403.16576,52366.70601,7077.528636,0,0,0
2060,9,15,6,95708.05056,51841.5239,35598.77647,53662.97227,7203.043857,0,0,0
2060,9,15,7,97173.81453,54063.07377,38258.7604,54607.63946,7379.669155,0,0,0
2060,9,15,8,99393.01751,52879.5452,35932.20887,51918.27593,8141.104982,0,0,0
2060,9,15,9,103575.5254,53501.81907,36576.64783,53730.68443,8605.876372,0,0,0
2060,9,15,10,110835.4162,56894.46768,38774.90263,56922.80422,8850.213828,0,0,0
2060,9,15,11,116635.5406,57070.04992,39177.95947,58380.39753,8833.785589,0,0,0
2060,9,15,12,119891.2003,57408.69763,39827.17913,58982.59244,8697.057443,0,0,0
2060,9,15,13,118634.6573,56799.54897,39852.90801,58525.12249,8888.459463,0,0,0
2060,9,15,14,114715.6966,54046.29784,38590.62821,56220.99681,8909.146875,0,0,0
2060,9,15,15,119136.1098,57582.4545,40611.64926,59212.6747,8805.796738,0,0,0
2060,9,15,16,118873.0841,56881.51632,39957.6489,58717.39373,8553.027858,0,0,0
2060,9,15,17,119232.3323,56589.37182,39320.1637,57471.80293,8309.211934,0,0,0
2060,9,15,18,114656.4159,56143.11479,38715.18729,56746.00508,9253.096826,0,0,0
2060,9,15,19,111453.8655,57532.73518,41778.14114,60715.55432,9437.284328,0,0,0
2060,9,15,20,108872.8066,60024.43831,46004.02306,61025.60473,9424.419887,0,0,0
2060,9,15,21,109156.7805,60069.02925,46305.20744,61690.38341,8980.335909,0,0,0
2060,9,15,22,111334.261,59982.28119,45173.57124,60817.77448,8406.912147,0,0,0
2060,9,15,23,110328.0531,58632.21027,42816.68398,59043.00316,7962.219716,0,0,0
2060,9,15,24,108920.0052,57189.13292,40564.45067,57855.38926,7674.247467,0,0,0
2060,9,16,1,106884.2075,55990.56686,39091.64603,55932.06842,7387.579047,0,0,0
2060,9,16,2,103436.7111,54739.67383,36864.01162,54690.99756,7138.634731,0,0,0
2060,9,16,3,101164.225,53625.16125,35724.63938,53433.06385,6919.765391,0,0,0
2060,9,16,4,99959.31368,51915.58135,34816.21862,52690.577,6901.598715,0,0,0
2060,9,16,5,96063.38728,51098.60243,34373.87308,52323.67967,7071.531026,0,0,0
2060,9,16,6,95628.25626,51798.93217,35569.22303,53619.07671,7196.872403,0,0,0
2060,9,16,7,97093.67254,54019.17821,38227.64236,54562.70084,7373.323856,0,0,0
2060,9,16,8,99311.13708,52835.64965,35902.22082,51875.16267,8134.411996,0,0,0
2060,9,16,9,103490.3419,53458.2712,36546.39901,53686.87579,8599.096464,0,0,0
2060,9,16,10,110745.0174,56848.39907,38743.95844,56876.12716,8843.173154,0,0,0
2060,9,16,11,116538.9704,57024.15515,39145.88529,58331.89511,8826.48415,0,0,0
2060,9,16,12,119789.5886,57362.19441,39794.40958,58933.13388,8689.929848,0,0,0
2060,9,16,13,118535.5664,56754.26266,39820.22538,58476.96776,8880.98418,0,0,0
2060,9,16,14,114621.5602,54002.40228,38559.51017,56175.88435,8901.671591,0,0,0
2060,9,16,15,119036.2365,57534.73438,40577.74972,59163.38999,8798.669142,0,0,0
2060,9,16,16,118773.3847,56834.92618,39924.53166,58668.97823,8545.987184,0,0,0
2060,9,16,17,119131.6768,56544.69396,39288.52413,57425.56048,8302.345104,0,0,0
2060,9,16,18,114562.1056,56097.65464,38683.8954,56700.28416,9245.186933,0,0,0
2060,9,16,19,111361.4675,57486.84042,41742.50316,60664.87886,9429.11367,0,0,0
2060,9,16,20,108783.2771,59973.589,45963.86514,60973.97313,9416.162307,0,0,0
2060,9,16,21,109066.4686,60018.26686,46264.61491,61637.79566,8972.773704,0,0,0
2060,9,16,22,111242.3845,59930.56266,45134.45639,60766.05595,8400.132239,0,0,0
2060,9,16,23,110237.5674,58584.05554,42780.17678,58993.5446,7955.700574,0,0,0
2060,9,16,24,108829.6065,57142.36893,40530.8119,57808.53836,7667.641403,0,0,0
2060,9,17,1,106795.1125,55945.19363,39060.00646,55886.26058,7385.927531,0,0,0
2060,9,17,2,103413.8507,54728.28706,36856.10173,54679.35003,7137.070137,0,0,0
2060,9,17,3,101142.3207,53613.68756,35716.72949,53421.50324,6918.200797,0,0,0
2060,9,17,4,99937.5832,51904.28151,34808.48257,52679.19023,6900.03412,0,0,0
2060,9,17,5,96042.52602,51087.56335,34366.13704,52312.11905,7069.879509,0,0,0
2060,9,17,6,95607.56884,51787.89309,35561.48698,53608.03763,7195.220887,0,0,0
2060,9,17,7,97072.55052,54007.87836,38219.4717,54551.05331,7371.585418,0,0,0
2060,9,17,8,99289.84122,52824.43672,35894.39785,51863.86282,8132.586636,0,0,0
2060,9,17,9,103468.003,53447.31904,36538.40219,53675.57595,8597.444948,0,0,0
2060,9,17,10,110720.94,56836.92538,38735.78778,56864.30578,8841.347794,0,0,0
2060,9,17,11,116514.0238,57012.24685,39137.71464,58319.29144,8824.65879,0,0,0
2060,9,17,12,119763.7728,57349.50382,39785.80431,58920.61713,8688.19141,0,0,0
2060,9,17,13,118510.6198,56742.09359,39811.88088,58464.62485,8879.071898,0,0,0
2060,9,17,14,114597.309,53990.92859,38551.16567,56164.06297,8899.672388,0,0,0
2060,9,17,15,119010.5076,57522.04379,40568.97061,59150.52555,8796.843782,0,0,0
2060,9,17,16,118748.0035,56822.93096,39916.27408,58656.5484,8544.161824,0,0,0
2060,9,17,17,119105.5133,56533.04643,39280.35347,57413.65218,8300.606666,0,0,0
2060,9,17,18,114537.8544,56086.09403,38675.98551,56688.5497,9243.187729,0,0,0
2060,9,17,19,111337.6509,57474.75827,41733.5502,60652.10134,9427.027544,0,0,0
2060,9,17,20,108760.1559,59960.55072,45953.43451,60960.58716,9414.076181,0,0,0
2060,9,17,21,109043.1736,60004.88088,46254.2712,61624.062,8970.948344,0,0,0
2060,9,17,22,111218.5679,59917.78514,45124.37345,60752.58305,8398.480723,0,0,0
2060,9,17,23,110214.3592,58571.53878,42770.70229,58980.41939,7953.962136,0,0,0
2060,9,17,24,108806.1375,57130.28679,40522.20663,57796.19545,7665.989887,0,0,0
2060,9,18,1,106771.9044,55933.37225,39051.66196,55874.61305,7427.736964,0,0,0
2060,9,18,2,103981.9722,55025.55995,37055.84825,54974.01526,7177.05421,0,0,0
2060,9,18,3,101696.274,53903.57209,35912.04299,53711.47469,6957.402573,0,0,0
2060,9,18,4,100484.4958,52186.60383,35001.53611,52965.16327,6939.148975,0,0,0
2060,9,18,5,96571.53269,51365.53958,34558.23443,52596.78827,7109.863583,0,0,0
2060,9,18,6,96132.22942,52067.08622,35756.36587,53895.92296,7235.900335,0,0,0
2060,9,18,7,97603.991,54298.02366,38424.08585,54846.41392,7413.221007,0,0,0
2060,9,18,8,99829.71312,53110.49669,36091.18903,52146.7936,8176.829883,0,0,0
2060,9,18,9,104033.1692,53734.50899,36736.93181,53964.06973,8642.557413,0,0,0
2060,9,18,10,111323.2219,57140.10896,38941.61883,57167.66321,8888.980994,0,0,0
2060,9,18,11,117152.2044,57319.68961,39349.63022,58638.64249,8871.85738,0,0,0
2060,9,18,12,120436.5483,57664.68262,40000.84908,59246.74809,8734.433859,0,0,0
2060,9,18,13,119165.3155,57043.62566,40028.83794,58783.10668,8927.748161,0,0,0
2060,9,18,14,115219.409,54276.98856,38756.9098,56463.8566,8949.130948,0,0,0
2060,9,18,15,119671.8964,57837.13567,40792.53373,59480.39415,8844.216217,0,0,0
2060,9,18,16,119406.35,57126.80991,40135.75187,58978.33327,8589.708899,0,0,0
2060,9,18,17,119771.2481,56829.18934,39489.83524,57719.70418,8344.502224,0,0,0
2060,9,18,18,115159.1722,56383.45384,38882.59886,56989.29947,9295.949322,0,0,0
2060,9,18,19,111939.8458,57783.59178,41968.84778,60987.79371,9481.440652,0,0,0
2060,9,18,20,109355.6578,60296.33001,46219.76321,61305.40633,9468.228524,0,0,0
2060,9,18,21,109641.5439,60341.18171,46522.51218,61971.31499,9020.493826,0,0,0
2060,9,18,22,111830.4981,60258.51898,45383.40071,61093.22997,8443.506266,0,0,0
2060,9,18,23,110817.5103,58891.9329,43011.64979,59307.33265,7997.162319,0,0,0
2060,9,18,24,109403.1171,57442.59717,40744.20516,58110.15735,7709.276992,0,0,0
2060,9,19,1,107356.1064,56235.16508,39260.18759,56173.45054,7408.701069,0,0,0
2060,9,19,2,103723.2057,54889.35333,36964.92795,54839.37324,7158.887533,0,0,0
2060,9,19,3,101443.592,53771.71157,35823.38266,53579.78802,6939.583584,0,0,0
2060,9,19,4,100235.6384,52057.43789,34913.57115,52834.78043,6921.329985,0,0,0
2060,9,19,5,96330.49827,51238.72053,34470.87792,52466.92695,7091.609984,0,0,0
2060,9,19,6,95892.58575,51939.39795,35667.53169,53764.06244,7217.299049,0,0,0
2060,9,19,7,97361.56583,54165.55469,38331.25326,54711.42421,7394.185112,0,0,0
2060,9,19,8,99583.81108,52980.37461,36001.83331,52018.23612,8156.57708,0,0,0
2060,9,19,9,103775.0112,53602.56155,36647.22841,53832.12229,8621.783079,0,0,0
2060,9,19,10,111046.7233,57002.07699,38847.13473,57029.54431,8867.163598,0,0,0
2060,9,19,11,116861.4506,57178.00691,39252.88615,58493.13523,8850.213828,0,0,0
2060,9,19,12,120127.6279,57520.21843,39902.54042,59097.32935,8713.39876,0,0,0
2060,9,19,13,118864.9134,56904.4637,39929.48621,58638.38172,8905.322311,0,0,0
2060,9,19,14,114935.1744,54147.12725,38663.12107,56326.86769,8926.618176,0,0,0
2060,9,19,15,119369.3212,57693.193,40691.44356,59329.06313,8822.746508,0,0,0
2060,9,19,16,119103.7748,56988.51717,40035.27016,58831.52218,8569.108409,0,0,0
2060,9,19,17,119467.1953,56692.37427,39393.87347,57579.93377,8324.510188,0,0,0
2060,9,19,18,114875.9806,56247.50799,38787.59323,56851.61518,9271.785034,0,0,0
2060,9,19,19,111666.8241,57640.51833,41861.41231,60833.50734,9456.494067,0,0,0
2060,9,19,20,109083.0707,60143.43439,46098.07255,61147.64308,9443.281939,0,0,0
2060,9,19,21,109366.523,60186.98226,46399.77846,61812.85637,8997.894133,0,0,0
2060,9,19,22,111549.6534,60102.23341,45265.1,60937.37901,8422.905776,0,0,0
2060,9,19,23,110540.9248,58745.20874,42902.04128,59157.74007,7977.51797,0,0,0
2060,9,19,24,109130.0085,57299.87141,40642.41961,57966.47545,7689.545722,0,0,0
2060,9,20,1,107090.1254,56096.09005,39165.79041,56037.33084,7365.848573,0,0,0
2060,9,20,2,99531.74486,52576.44855,36215.74811,54321.23181,7182.617211,0,0,0
2060,9,20,3,97073.94127,52143.83826,35157.474,53238.44572,6982.783767,0,0,0
2060,9,20,4,93569.25033,50949.53138,34170.73661,52079.34221,6906.814028,0,0,0
2060,9,20,5,91871.8395,50339.68734,33793.49557,51225.68225,7071.096416,0,0,0
2060,9,20,6,90912.0479,50512.05346,34787.09979,52515.34245,7174.707319,0,0,0
2060,9,20,7,93206.52525,53129.88027,37156.24304,53242.96566,7255.196996,0,0,0
2060,9,20,8,92355.55987,50914.6757,34934.34548,51383.8801,7960.307434,0,0,0
2060,9,20,9,94668.37773,50845.65971,34992.93084,50608.88446,8463.411381,0,0,0
2060,9,20,10,99647.0033,53642.19794,36925.29156,54443.444,8794.670735,0,0,0
2060,9,20,11,104482.0339,54227.35616,37677.51367,55367.24993,8834.30712,0,0,0
2060,9,20,12,106193.613,54208.49411,38172.88157,56740.96361,8672.371624,0,0,0
2060,9,20,13,106899.5926,53096.15457,38131.85443,55915.98787,8769.289541,0,0,0
2060,9,20,14,102546.6309,51510.00378,36954.23655,53901.31212,8762.335789,0,0,0
2060,9,20,15,103093.6304,53502.60137,37781.90687,55652.44068,8670.111655,0,0,0
2060,9,20,16,103763.6244,52731.16952,36912.07943,54263.34182,8433.684092,0,0,0
2060,9,20,17,101751.9909,51864.64512,36219.57267,52438.59041,8274.182409,0,0,0
2060,9,20,18,99444.21451,51404.39367,35959.67619,52475.61914,9205.376704,0,0,0
2060,9,20,19,97885.27026,53094.41614,39681.49803,57729.00483,9209.201267,0,0,0
2060,9,20,20,102748.7243,56393.88447,42926.64018,57953.78485,9094.638205,0,0,0
2060,9,20,21,102594.0903,56239.16349,42650.66315,58332.41664,8926.878942,0,0,0
2060,9,20,22,100739.0031,56166.67063,41918.52,57563.94014,8452.633066,0,0,0
2060,9,20,23,100945.2688,54254.21502,40166.08761,55214.87584,8004.202993,0,0,0
2060,9,20,24,99200.05089,52660.84971,38101.69253,54486.29649,7795.677359,0,0,0
2060,9,21,1,99294.44808,52395.56408,37210.65615,53697.48027,7563.07436,0,0,0
2060,9,21,2,97321.14714,51216.81621,36006.44018,52946.12738,7267.887593,0,0,0
2060,9,21,3,94798.41289,49897.3418,34788.92515,51535.12421,7013.901807,0,0,0
2060,9,21,4,93020.1647,48096.8416,33910.75321,50138.20238,6923.242267,0,0,0
2060,9,21,5,90722.81893,47270.38819,33320.20583,49891.7788,7015.292557,0,0,0
2060,9,21,6,88821.22857,48733.19682,34407.94647,50877.99466,7009.46879,0,0,0
2060,9,21,7,90821.47529,49387.45795,36148.55748,50816.45395,7261.194607,0,0,0
2060,9,21,8,88439.46759,47764.71303,33455.10862,47483.34684,7834.705291,0,0,0
2060,9,21,9,85836.33058,46708.43812,32897.50464,47455.7926,8418.907369,0,0,0
2060,9,21,10,88756.99328,46782.49558,33645.46758,48155.86157,8553.549389,0,0,0
2060,9,21,11,93156.02363,46995.54115,33917.62004,47945.51058,8623.260752,0,0,0
2060,9,21,12,95354.45228,47288.81564,34218.63057,48209.40546,8501.222407,0,0,0
2060,9,21,13,93295.88096,47581.04706,34194.64013,48572.91284,8614.48164,0,0,0
2060,9,21,14,94917.66974,45821.48707,33851.03787,48320.14396,8686.018362,0,0,0
2060,9,21,15,94633.95666,46504.3455,34292.86188,49523.57764,8561.893892,0,0,0
2060,9,21,16,94529.73731,47082.20228,33743.16779,48070.41734,8412.388227,0,0,0
2060,9,21,17,94575.63207,45330.03066,33678.93251,47730.98733,8290.958335,0,0,0
2060,9,21,18,93288.31876,46248.36051,34211.15529,48787.17532,9268.308158,0,0,0
2060,9,21,19,94406.13437,49186.14683,38253.9797,55041.55358,9455.537927,0,0,0
2060,9,21,20,99467.16189,53177.25271,42471.69096,56552.60386,9309.335294,0,0,0
2060,9,21,21,98909.1233,52921.96309,42137.04165,56272.62842,9058.044086,0,0,0
2060,9,21,22,98786.65035,52582.53308,41167.08019,55913.90175,8589.882743,0,0,0
2060,9,21,23,99214.04532,51275.9231,39676.54348,54220.83701,8080.433498,0,0,0
2060,9,21,24,97727.59394,50499.8844,37281.23673,52912.83629,7395.141252,0,0,0
2060,9,22,1,92246.29904,46573.27457,34506.08129,49775.65114,7572.461925,0,0,0
2060,9,22,2,105962.4007,56047.5007,37747.39887,55994.04374,7317.433075,0,0,0
2060,9,22,3,103627.7655,54910.82304,36589.51227,54712.72804,7093.783031,0,0,0
2060,9,22,4,102399.646,53154.39225,35669.87859,53960.24516,7075.181745,0,0,0
2060,9,22,5,98406.10628,52333.15415,35221.88312,53580.48339,7248.243245,0,0,0
2060,9,22,6,97950.46169,53045.13142,36432.4444,54893.69943,7377.669951,0,0,0
2060,9,22,7,99444.90988,55301.10237,39144.58147,55877.13378,7557.859046,0,0,0
2060,9,22,8,101715.5706,54092.9749,36771.26596,53122.14422,8327.639376,0,0,0
2060,9,22,9,105985.522,54727.07015,37424.3971,54960.19468,8800.755268,0,0,0
2060,9,22,10,113434.1202,58219.15741,39666.89515,58239.23637,9058.739461,0,0,0
2060,9,22,11,119400.1785,58410.29866,40086.46715,59758.10962,9041.26816,0,0,0
2060,9,22,12,122814.123,58768.24304,40761.8503,60395.16021,8896.021668,0,0,0
2060,9,22,13,121490.9978,58124.58638,40791.66451,59914.56903,9099.245066,0,0,0
2060,9,22,14,117401.6702,55270.94047,39472.79855,57503.52942,9121.236306,0,0,0
2060,9,22,15,122024.7852,58941.91299,41578.22077,60637.93307,9011.714715,0,0,0
2060,9,22,16,121744.9836,58212.11674,40902.66378,60117.79243,8746.342159,0,0,0
2060,9,22,17,122122.3985,57892.50492,40230.7575,58798.40494,8497.832453,0,0,0
2060,9,22,18,117335.5227,57421.47515,39602.92063,58041.48905,9480.658355,0,0,0
2060,9,22,19,114040.6612,58875.41774,42790.08587,62175.58145,9672.75575,0,0,0
2060,9,22,20,111427.9628,61496.46066,47153.39132,62507.53618,9659.282856,0,0,0
2060,9,22,21,111736.2747,61538.96547,47462.74635,63190.13384,9193.468404,0,0,0
2060,9,22,22,113984.3358,61445.69827,46292.25607,62286.66763,8598.748776,0,0,0
2060,9,22,23,112950.3129,60027.30673,43862.52825,60448.79102,8148.3195,0,0,0
2060,9,22,24,111504.3671,58547.54834,41523.80766,59206.59017,7857.565751,0,0,0
2060,9,23,1,109412.2439,57299.78449,39999.11065,57217.81714,7565.942782,0,0,0
2060,9,23,2,105874.175,56002.47516,37717.06313,55948.67051,7311.174699,0,0,0
2060,9,23,3,103541.452,54865.18905,36559.8719,54668.65863,7087.698499,0,0,0
2060,9,23,4,102314.2887,53111.71359,35640.23822,53915.82807,7069.184134,0,0,0
2060,9,23,5,98324.74738,52290.21473,35192.32968,53536.67475,7241.897946,0,0,0
2060,9,23,6,97869.5374,53002.36585,36402.2825,54849.71695,7371.324652,0,0,0
2060,9,23,7,99363.02945,55256.7722,39112.42036,55830.97826,7551.426825,0,0,0
2060,9,23,8,101631.5172,54049.6878,36741.01714,53078.42251,8321.120234,0,0,0
2060,9,23,9,105899.2085,54683.08767,37393.88751,54915.77759,8793.888438,0,0,0
2060,9,23,10,113340.6791,58170.04654,39634.73405,58190.5601,9051.264178,0,0,0
2060,9,23,11,119298.8276,58361.53548,40053.95836,59707.78184,9033.532111,0,0,0
2060,9,23,12,122708.2521,58719.74062,40728.38537,60344.22398,8888.807151,0,0,0
2060,9,23,13,121386.6046,58076.69242,40757.50421,59863.6328,9091.682861,0,0,0
2060,9,23,14,117304.6654,55226.6103,39440.89822,57457.20005,9113.587179,0,0,0
2060,9,23,15,121919.6966,58892.7152,41543.0174,60586.64915,9004.152509,0,0,0
2060,9,23,16,121640.8512,58163.70124,40868.41655,60066.76928,8739.127642,0,0,0
2060,9,23,17,122017.5707,57844.52403,40196.94489,58749.64175,8491.139466,0,0,0
2060,9,23,18,117238.257,57375.2327,39570.58569,57994.4643,9472.226931,0,0,0
2060,9,23,19,113946.7855,58827.43685,42753.49176,62122.2114,9664.237404,0,0,0
2060,9,23,20,111336.0863,61442.56908,47111.66881,62453.81844,9650.76451,0,0,0
2060,9,23,21,111643.2683,61485.33465,47421.11076,63135.80766,9185.819277,0,0,0
2060,9,23,22,113888.374,61392.76283,46252.01123,62233.64528,8591.968868,0,0,0
2060,9,23,23,112854.9596,59976.10974,43824.97799,60398.63708,8141.713436,0,0,0
2060,9,23,24,111410.9261,58498.43747,41488.43045,59157.82699,7851.046608,0,0,0
2060,9,24,1,109320.4544,57252.15129,39966.68878,57171.66161,7564.291266,0,0,0
2060,9,24,2,105850.7061,55989.95841,37709.06632,55936.76221,7309.523183,0,0,0
2060,9,24,3,103518.5046,54853.19382,36551.87509,54656.66341,7086.133904,0,0,0
2060,9,24,4,102291.5151,53100.15298,35632.41525,53904.18054,7067.61954,0,0,0
2060,9,24,5,98302.92998,52278.82797,35184.50671,53525.02722,7240.24643,0,0,0
2060,9,24,6,97848.24153,52991.066,36394.28569,54838.06941,7369.586214,0,0,0
2060,9,24,7,99341.47282,55244.77698,39103.72817,55819.15688,7549.688387,0,0,0
2060,9,24,8,101608.8305,54038.21411,36733.10724,53066.86189,8319.468718,0,0,0
2060,9,24,9,105876.1742,54671.26629,37385.54301,54904.21698,8791.802312,0,0,0
2060,9,24,10,113315.3849,58157.00825,39626.04186,58177.60874,9049.178053,0,0,0
2060,9,24,11,119272.2295,58348.84488,40045.09233,59694.39586,9031.532907,0,0,0
2060,9,24,12,122680.0025,58706.61541,40719.43242,60330.49032,8886.894869,0,0,0
2060,9,24,13,121358.9635,58064.17566,40748.7251,59850.15991,9089.596735,0,0,0
2060,9,24,14,117279.3711,55214.78892,39432.29295,57444.6833,9111.501054,0,0,0
2060,9,24,15,121891.447,58880.11152,41533.71676,60572.91549,9002.153306,0,0,0
2060,9,24,16,121612.7754,58150.48911,40859.20283,60053.12254,8737.302282,0,0,0
2060,9,24,17,121989.6688,57831.65959,40188.16577,58736.77731,8489.314107,0,0,0
2060,9,24,18,117212.0936,57363.15056,39561.98042,57982.12139,9469.966962,0,0,0
2060,9,24,19,113922.3605,58814.48549,42743.66958,62108.21698,9662.064357,0,0,0
2060,9,24,20,111311.2267,61428.40081,47100.80357,62439.65017,9648.504541,0,0,0
2060,9,24,21,111618.5825,61471.25331,47410.07168,63121.46554,9183.906995,0,0,0
2060,9,24,22,113862.7321,61378.94225,46241.23292,62219.65085,8590.23043,0,0,0
2060,9,24,23,112830.1868,59962.37608,43814.80813,60385.33803,8139.888076,0,0,0
2060,9,24,24,111385.8926,58485.31226,41479.12981,59144.87562,7849.221248,0,0,0
2060,9,25,1,109295.5948,57239.37377,39958.08351,57159.40563,7606.882996,0,0,0
2060,9,25,2,106434.7343,56292.012,37910.46435,56237.85966,7350.811084,0,0,0
2060,9,25,3,104089.5815,55149.85826,36750.05701,54951.32865,7126.204899,0,0,0
2060,9,25,4,102854.769,53381.95378,35827.81567,54196.58581,7107.516691,0,0,0
2060,9,25,5,98842.71497,52559.67262,35378.95099,53814.04253,7281.621253,0,0,0
2060,9,25,6,98382.72429,53276.16983,36593.33683,55132.82157,7411.221804,0,0,0
2060,9,25,7,99881.51858,55538.39915,39316.07837,56123.90505,7592.193196,0,0,0
2060,9,25,8,102166.4345,54325.75175,36931.98455,53354.6603,8363.016589,0,0,0
2060,9,25,9,106448.6418,54962.54157,37587.02797,55197.14378,8839.174747,0,0,0
2060,9,25,10,113938.441,58479.48849,39840.99971,58494.87367,9099.853519,0,0,0
2060,9,25,11,119943.6142,58672.88972,40262.83169,60027.65442,9082.03453,0,0,0
2060,9,25,12,123386.5037,59029.2695,40944.73398,60672.87567,8935.571132,0,0,0
2060,9,25,13,122048.7757,58384.13517,40974.9828,60188.19917,9140.359124,0,0,0
2060,9,25,14,117923.1147,55507.10726,39644.29546,57752.12605,9161.741911,0,0,0
2060,9,25,15,122590.5598,59209.11091,41767.44974,60916.6916,9052.307241,0,0,0
2060,9,25,16,122308.0637,58471.66552,41087.02512,60391.68333,8783.805498,0,0,0
2060,9,25,17,122686.8693,58152.22755,40410.42507,59060.12677,8534.426572,0,0,0
2060,9,25,18,117858.2709,57673.80942,39776.2429,58295.38791,9525.510055,0,0,0
2060,9,25,19,114544.8951,59139.2257,42986.52936,62461.38065,9718.56359,0,0,0
2060,9,25,20,111920.6361,61782.86831,47375.82446,62795.07382,9704.829931,0,0,0
2060,9,25,21,112235.9018,61827.63309,47687.26562,63482.45219,9234.756305,0,0,0
2060,9,25,22,114500.478,61730.54133,46510.25619,62572.37991,8635.255974,0,0,0
2060,9,25,23,113459.4144,60301.02379,44064.88243,60721.37809,8184.131322,0,0,0
2060,9,25,24,112006.7757,58812.74705,41712.34126,59471.78888,7892.595276,0,0,0
2060,9,26,1,109902.4835,57558.02945,40175.82287,57465.89224,7587.499413,0,0,0
2060,9,26,2,106168.4056,56153.98003,37818.76175,56100.95767,7331.949032,0,0,0
2060,9,26,3,103828.1204,55015.0424,36659.31055,54817.03431,7107.864379,0,0,0
2060,9,26,4,102598.1756,53253.13552,35739.15534,54062.63916,7089.350015,0,0,0
2060,9,26,5,98596.89984,52431.63666,35290.29066,53683.05123,7262.759201,0,0,0
2060,9,26,6,98138.90836,53145.70006,36502.50345,54998.09263,7392.185908,0,0,0
2060,9,26,7,99635.00807,55404.19174,39219.85583,55984.83002,7572.72269,0,0,0
2060,9,26,8,101912.6226,54194.67352,36840.97732,53223.23439,8343.198396,0,0,0
2060,9,26,9,106188.1369,54830.50721,37495.67306,55062.84944,8817.705038,0,0,0
2060,9,26,10,113653.598,58332.76433,39742.34336,58350.58332,9076.819216,0,0,0
2060,9,26,11,119636.4322,58524.94865,40163.6538,59875.28033,9058.739461,0,0,0
2060,9,26,12,123062.7196,58882.19765,40841.6446,60515.98165,8913.232204,0,0,0
2060,9,26,13,121733.1622,58236.80255,40870.93728,60034.86894,9117.324821,0,0,0
2060,9,26,14,117628.5364,55374.20368,39547.81215,57612.09487,9139.055295,0,0,0
2060,9,26,15,122271.9042,59057.17143,41660.18812,60759.27604,9029.35986,0,0,0
2060,9,26,16,121989.9295,58325.81058,40983.24038,60237.48388,8762.161945,0,0,0
2060,9,26,17,122367.5183,58006.11184,40308.03107,58912.35955,8513.73916,0,0,0
2060,9,26,18,117563.3449,57531.51827,39677.84731,58152.0537,9500.12886,0,0,0
2060,9,26,19,114260.6605,58990.41541,42876.39932,62300.05361,9692.747787,0,0,0
2060,9,26,20,111643.7029,61621.54127,47250.22231,62632.96448,9679.014127,0,0,0
2060,9,26,21,111953.3187,61664.74145,47560.53349,63317.56135,9211.287393,0,0,0
2060,9,26,22,114209.1158,61569.21429,46387.34863,62410.09673,8614.655484,0,0,0
2060,9,26,23,113171.4422,60146.21589,43950.8409,60567.35249,8163.87852,0,0,0
2060,9,26,24,111723.9318,58663.15446,41605.94886,59322.28322,7872.950927,0,0,0
2060,9,27,1,109626.0718,57411.91374,40076.03653,57325.77414,7543.690776,0,0,0
2060,9,27,2,101854.6457,53787.00982,37057.67361,55572.55945,7356.461008,0,0,0
2060,9,27,3,99344.42817,53344.83813,35985.40508,54476.03971,7151.933781,0,0,0
2060,9,27,4,95785.15028,52140.10062,34988.58475,53296.42263,7074.399448,0,0,0
2060,9,27,5,94061.57596,51520.69517,34605.95455,52424.76983,7241.550258,0,0,0
2060,9,27,6,93085.61689,51703.14423,35610.33709,53725.64296,7348.377271,0,0,0
2060,9,27,7,95411.64688,54360.60743,38011.4676,54482.90654,7430.779231,0,0,0
2060,9,27,8,94549.99011,52123.84622,35759.75583,52581.05541,8146.320296,0,0,0
2060,9,27,9,96902.35744,52042.05272,35818.86272,51800.84445,8655.334932,0,0,0
2060,9,27,10,101968.6872,54895.1771,37777.73462,55690.07786,8999.806415,0,0,0
2060,9,27,11,106896.6373,55500.93581,38543.25577,56631.00741,9041.702769,0,0,0
2060,9,27,12,108642.9851,55471.64313,39052.6181,58035.92605,8870.118942,0,0,0
2060,9,27,13,109383.4728,54315.49496,39010.63482,57186.52526,8973.295236,0,0,0
2060,9,27,14,104954.1936,52714.56744,37807.20114,55131.77851,8966.16764,0,0,0
2060,9,27,15,105495.7171,54724.20173,38652.95121,56919.9358,8867.598207,0,0,0
2060,9,27,16,106179.097,53951.20529,37766.60861,55499.37122,8625.520721,0,0,0
2060,9,27,17,104127.2187,53078.77019,37062.45432,53648.63016,8462.45524,0,0,0
2060,9,27,18,101786.9335,52617.47568,36798.0379,53690.0919,9429.809045,0,0,0
2060,9,27,19,100199.9135,54319.40645,40612.51848,59090.89713,9434.15514,0,0,0
2060,9,27,20,105160.5462,57681.98008,43972.04985,59342.79679,9312.290638,0,0,0
2060,9,27,21,104993.1346,57523.43454,43689.55368,59733.94533,9139.402983,0,0,0
2060,9,27,22,103097.6288,57441.72795,42930.81243,58942.86913,8644.469695,0,0,0
2060,9,27,23,103308.6752,55498.84968,41118.83854,56509.14291,8191.171996,0,0,0
2060,9,27,24,101512.1734,53879.06011,38973.43225,55745.44711,7978.995642,0,0,0
2060,9,28,1,101620.6519,53605.25613,38065.61994,54939.2465,7640.608693,0,0,0
2060,9,28,2,98300.67001,51729.48157,36367.77451,53468.44106,7342.988114,0,0,0
2060,9,28,3,95755.59684,50401.92342,35142.69727,52053.26564,7086.307748,0,0,0
2060,9,28,4,93970.13413,48591.34028,34257.91927,50645.21781,6994.865911,0,0,0
2060,9,28,5,91650.79712,47760.10617,33663.19964,50398.2727,7087.78542,0,0,0
2060,9,28,6,89734.25618,49232.82389,34759.28478,51389.53003,7081.700888,0,0,0
2060,9,28,7,91746.84581,49894.03877,36508.32722,51327.81548,7336.208205,0,0,0
2060,9,28,8,89349.88755,48258.86402,33799.75395,47968.71872,7913.282687,0,0,0
2060,9,28,9,86726.84543,47191.89772,33237.54311,47942.55523,8500.700875,0,0,0
2060,9,28,10,89670.10782,47266.47671,33990.72136,48649.7518,8635.516739,0,0,0
2060,9,28,11,94104.6023,47480.99995,34264.69918,48440.70463,8706.271164,0,0,0
2060,9,28,12,96323.02299,47777.92516,34568.57814,48707.12025,8583.885132,0,0,0
2060,9,28,13,94250.97878,48071.80809,34543.97924,49072.8876,8697.144365,0,0,0
2060,9,28,14,95889.89117,46298.07984,34197.94316,48818.98873,8769.463384,0,0,0
2060,9,28,15,95597.92051,46987.54434,34642.80944,50029.1154,8643.948163,0,0,0
2060,9,28,16,95493.26655,47569.39952,34088.33465,48567.34984,8494.268655,0,0,0
2060,9,28,17,95539.59592,45801.40811,34024.01244,48226.26831,8370.40495,0,0,0
2060,9,28,18,94242.54735,46728.77785,34560.05979,49288.80159,9364.878387,0,0,0
2060,9,28,19,95368.18594,49692.46689,38626.26619,55593.24687,9555.932719,0,0,0
2060,9,28,20,100467.8937,53707.82397,42909.42964,57128.20066,9406.600898,0,0,0
2060,9,28,21,99904.11827,53452.36051,42569.30425,56846.57371,9150.094376,0,0,0
2060,9,28,22,99784.07913,53107.62827,41585.26144,56480.19791,8672.023937,0,0,0
2060,9,28,23,100211.0395,51792.67379,40069.34354,54756.01514,8160.66241,0,0,0
2060,9,28,24,98715.72208,51010.20286,37646.74332,53434.80229,7471.197913,0,0,0
2060,9,29,1,93187.05475,47056.82109,34856.81115,50281.62351,7649.996258,0,0,0
2060,9,29,2,107031.2793,56599.19399,38116.38233,56545.30242,7392.533595,0,0,0
2060,9,29,3,104670.8282,55448.86959,36951.45505,55250.33998,7166.710504,0,0,0
2060,9,29,4,103428.8882,53672.53368,36025.47607,54492.20718,7148.022296,0,0,0
2060,9,29,5,99388.32373,52845.29798,35576.17678,54107.05625,7323.256843,0,0,0
2060,9,29,6,98924.5954,53565.35898,36793.17028,55433.31057,7453.378924,0,0,0
2060,9,29,7,100431.6473,55837.93201,39533.03543,56432.99932,7635.219535,0,0,0
2060,9,29,8,102728.8192,54622.50311,37133.73027,53644.71867,8407.607522,0,0,0
2060,9,29,9,107028.4978,55253.2084,37791.03367,55493.72129,8887.242556,0,0,0
2060,9,29,10,114572.1886,58807.96635,40061.60749,58819.44004,9150.70283,0,0,0
2060,9,29,11,120627.4288,59000.32451,40485.35174,60369.86594,9133.231528,0,0,0
2060,9,29,12,124102.827,59362.87574,41176.12007,61019.78097,8985.464301,0,0,0
2060,9,29,13,122753.6253,58712.00457,41204.71737,60531.45374,9190.686903,0,0,0
2060,9,29,14,118584.8511,55802.20711,39860.47022,58064.52335,9212.417377,0,0,0
2060,9,29,15,123299.0602,59542.02178,42005.35498,61264.98764,9103.330395,0,0,0
2060,9,29,16,123016.1295,58799.53492,41316.93354,60737.80633,8831.351776,0,0,0
2060,9,29,17,123400.6719,58477.1416,40634.77049,59391.03844,8580.408256,0,0,0
2060,9,29,18,118517.8343,57988.29285,39995.54685,58615.86895,9581.400835,0,0,0
2060,9,29,19,115181.598,59473.00579,43233.47448,62820.62885,9776.018965,0,0,0
2060,9,29,20,112540.7369,62143.94188,47655.4522,63154.75663,9762.372227,0,0,0
2060,9,29,21,112859.3926,62188.53281,47969.4141,63850.13182,9287.778663,0,0,0
2060,9,29,22,115147.3508,62091.87566,46783.88633,62932.41042,8681.150736,0,0,0
2060,9,29,23,114097.8558,60647.05987,44319.12899,61062.11193,8228.113803,0,0,0
2060,9,29,24,112636.0033,59145.65792,41947.63884,59804.0913,7936.143147,0,0,0
2060,9,30,1,110523.5404,57881.81352,40398.60369,57776.89879,7643.477115,0,0,0
2060,9,30,2,106941.0544,56552.69078,38085.17737,56498.45151,7386.188297,0,0,0
2060,9,30,3,104583.124,55403.14867,36920.85854,55204.96675,7160.539049,0,0,0
2060,9,30,4,103341.8793,53628.63812,35995.40109,54447.61625,7141.937763,0,0,0
2060,9,30,5,99306.18253,52801.92395,35546.27565,54062.72608,7316.911544,0,0,0
2060,9,30,6,98842.0196,53521.81111,36763.18222,55387.32889,7447.033626,0,0,0
2060,9,30,7,100349.0715,55792.99339,39500.43972,56386.23534,7628.787315,0,0,0
2060,9,30,8,102643.288,54577.39064,37103.13376,53600.21466,8400.740692,0,0,0
2060,9,30,9,106940.9675,55208.87823,37759.74178,55448.78267,8879.767273,0,0,0
2060,9,30,10,114476.7483,58757.72549,40028.92486,58769.63379,9143.140625,0,0,0
2060,9,30,11,120523.4702,58951.21364,40451.27836,60317.53895,9125.408557,0,0,0
2060,9,30,12,123994.5223,59312.2872,41141.17747,60967.28014,8977.902096,0,0,0
2060,9,30,13,122646.5376,58662.71986,41170.12246,60479.21368,9183.21162,0,0,0
2060,9,30,14,118484.4563,55758.48539,39827.96143,58017.49861,9205.029016,0,0,0
2060,9,30,15,123191.4509,59491.694,41968.9347,61212.31297,9095.594346,0,0,0
2060,9,30,16,122909.2155,58749.90252,41282.25171,60685.3055,8824.22418,0,0,0
2060,9,30,17,123292.4542,58428.20457,40601.04479,59340.36297,8573.28066,0,0,0
2060,9,30,18,118418.2218,57941.00733,39962.60345,58567.80114,9572.882489,0,0,0
2060,9,30,19,115085.2016,59422.76493,43196.01114,62766.21575,9767.413697,0,0,0
2060,9,30,20,112446.6005,62089.09416,47613.12124,63100.2566,9753.593115,0,0,0
2060,9,30,21,112765.5169,62133.94586,47926.64852,63794.67564,9279.608005,0,0,0
2060,9,30,22,115049.216,62036.94102,46742.25074,62878.34499,8674.196984,0,0,0
2060,9,30,23,114000.5902,60594.90673,44281.05719,61010.82801,8221.681582,0,0,0
2060,9,30,24,112540.8238,59095.24322,41911.82702,59753.50276,7929.45016,0,0,0
2060,10,1,1,110429.0563,57833.22418,40365.13876,57730.30865,7641.825599,0,0,0
2060,10,1,2,106917.4116,56540.17402,38076.83287,56486.71706,7384.623703,0,0,0
2060,10,1,3,104559.3074,55391.06653,36912.86173,55193.05845,7158.974455,0,0,0
2060,10,1,4,103319.1927,53617.16443,35987.40428,54435.62103,7140.286247,0,0,0
2060,10,1,5,99284.19129,52790.27641,35538.27883,54051.16547,7315.34695,0,0,0
2060,10,1,6,98820.46297,53510.16358,36755.27233,55375.24674,7445.295188,0,0,0
2060,10,1,7,100326.9064,55781.34585,39491.74753,56374.06628,7627.048877,0,0,0
2060,10,1,8,102620.9491,54565.39542,37095.13695,53588.56713,8399.002254,0,0,0
2060,10,1,9,106918.1939,55197.31762,37751.65805,55437.22206,8877.768069,0,0,0
2060,10,1,10,114451.4541,58744.68721,40020.05882,58756.42166,9141.141421,0,0,0
2060,10,1,11,120495.9159,58938.34919,40442.41233,60303.71837,9123.496276,0,0,0
2060,10,1,12,123965.8381,59298.90123,41131.87682,60953.45956,8975.902893,0,0,0
2060,10,1,13,122618.5487,58649.68157,41160.99566,60465.56695,9181.125494,0,0,0
2060,10,1,14,118458.032,55746.57709,39819.00847,58005.1557,9202.855969,0,0,0
2060,10,1,15,123163.4621,59478.56879,41959.72098,61198.57931,9093.595143,0,0,0
2060,10,1,16,122880.879,58736.77731,41273.03799,60671.57184,8822.311898,0,0,0
2060,10,1,17,123263.7699,58415.16629,40591.83107,59327.23777,8571.629144,0,0,0
2060,10,1,18,118391.8845,57928.83827,39953.82434,58555.11055,9570.709442,0,0,0
2060,10,1,19,115059.8204,59409.5528,43185.9282,62751.96055,9765.153728,0,0,0
2060,10,1,20,112421.8277,62074.75205,47602.08216,63085.65372,9751.333146,0,0,0
2060,10,1,21,112740.918,62119.34298,47915.4356,63780.07277,9277.434957,0,0,0
2060,10,1,22,115023.4871,62022.51199,46731.3855,62863.91596,8672.371624,0,0,0
2060,10,1,23,113975.0351,60580.9123,44270.80041,60997.2682,8219.943144,0,0,0
2060,10,1,24,112515.7034,59082.20494,41902.35253,59740.11678,7927.798644,0,0,0
2060,10,2,1,110404.1966,57820.1859,40356.27273,57717.87882,7684.591173,0,0,0
2060,10,2,2,107509.8713,56848.39907,38279.88242,56792.24753,7426.259292,0,0,0
2060,10,2,3,105135.5127,55689.73017,37111.9998,55490.93979,7198.958528,0,0,0
2060,10,2,4,103887.9227,53904.61515,36183.84777,54728.89551,7180.357242,0,0,0
2060,10,2,5,99828.14853,53072.33797,35733.24465,54342.61459,7356.54793,0,0,0
2060,10,2,6,99362.24716,53795.87585,36954.23655,55674.60576,7487.191543,0,0,0
2060,10,2,7,100871.6459,56075.92417,39707.5746,56682.37825,7669.727529,0,0,0
2060,10,2,8,103181.4215,54857.71376,37294.79655,53877.66936,8444.201641,0,0,0
2060,10,2,9,107497.3545,55488.15829,37954.09915,55730.75731,8926.618176,0,0,0
2060,10,2,10,115080.1602,59069.51434,40237.18973,59080.64034,9191.208434,0,0,0
2060,10,2,11,121177.9052,59265.00169,40665.367,60644.62606,9173.650211,0,0,0
2060,10,2,12,124679.9015,59633.37669,41360.74218,61298.80026,9025.796062,0,0,0
2060,10,2,13,123318.9654,58973.55256,41389.25256,60808.12615,9231.887883,0,0,0
2060,10,2,14,119117.5954,56038.98236,40034.57478,58317.90069,9254.22681,0,0,0
2060,10,2,15,123871.0063,59812.17504,42195.71393,61545.91922,9144.183687,0,0,0
2060,10,2,16,123583.5556,59063.16904,41502.85948,61015.78256,8869.510489,0,0,0
2060,10,2,17,123970.8796,58735.82117,40817.04571,59658.58404,8616.654687,0,0,0
2060,10,2,18,119046.3195,58242.19171,40172.34599,58875.2439,9626.687144,0,0,0
2060,10,2,19,115691.9165,59741.59446,43432.35178,63109.73109,9822.000649,0,0,0
2060,10,2,20,113042.2763,62433.47872,47880.05839,63446.11883,9808.180067,0,0,0
2060,10,2,21,113362.7573,62478.76503,48196.19333,64146.27472,9330.544237,0,0,0
2060,10,2,22,115667.2307,62383.93324,47003.71181,63222.46879,8718.266386,0,0,0
2060,10,2,23,114611.3034,60924.42765,44522.70007,61337.0459,8263.664859,0,0,0
2060,10,2,24,113141.9757,59413.81198,42137.65011,60073.11457,7970.998828,0,0,0
2060,10,3,1,111020.0383,58142.66614,40575.75052,58028.27692,7665.033746,0,0,0
2060,10,3,2,107240.6742,56708.02021,38187.83213,56653.6071,7407.223396,0,0,0
2060,10,3,3,104873.704,55554.65354,37021.68795,55355.77624,7180.791852,0,0,0
2060,10,3,4,103628.7216,53773.79769,36094.49206,54595.20963,7162.103643,0,0,0
2060,10,3,5,99580.16036,52944.38894,35644.67124,54210.40639,7337.7728,0,0,0
2060,10,3,6,99116.08434,53665.40609,36863.1424,55538.48607,7468.155647,0,0,0
2060,10,3,7,100623.7447,55942.23829,39609.87439,56541.99938,7650.257024,0,0,0
2060,10,3,8,102926.4796,54726.02709,37204.05009,53745.72192,8423.51423,0,0,0
2060,10,3,9,107233.2858,55355.86316,37862.2227,55596.72374,8903.931561,0,0,0
2060,10,3,10,114792.9702,58922.96402,40137.75107,58933.74233,9168.434897,0,0,0
2060,10,3,11,120867.5071,59115.23526,40564.27683,60488.94894,9150.70283,0,0,0
2060,10,3,12,124354.0313,59481.26337,41256.4359,61141.3847,9003.109447,0,0,0
2060,10,3,13,123000.3966,58825.17688,41285.29397,60652.62287,9208.679736,0,0,0
2060,10,3,14,118817.0195,55904.68803,39936.26611,58175.00108,9230.757898,0,0,0
2060,10,3,15,123548.2653,59659.01865,42088.45231,61387.4606,9121.41015,0,0,0
2060,10,3,16,123262.3792,58914.35875,41397.51014,60858.97546,8847.866937,0,0,0
2060,10,3,17,123649.0078,58589.44469,40713.52173,59507.51378,8596.488807,0,0,0
2060,10,3,18,118747.1343,58098.77058,40072.38581,58728.17204,9601.045184,0,0,0
2060,10,3,19,115404.8134,59589.48113,43320.13561,62946.92637,9796.097924,0,0,0
2060,10,3,20,112759.5193,62270.58708,47753.32626,63282.18413,9782.364264,0,0,0
2060,10,3,21,113078.5227,62314.48264,48068.33122,63979.21083,9306.553793,0,0,0
2060,10,3,22,115373.087,62219.12932,46879.93503,63058.70793,8697.318209,0,0,0
2060,10,3,23,114321.2451,60767.79439,44408.05009,61181.10801,8243.498979,0,0,0
2060,10,3,24,112856.8718,59262.82864,42030.0408,59921.43586,7951.528323,0,0,0
2060,10,4,1,110740.5844,57995.33352,40476.0511,57886.15962,7621.051266,0,0,0
2060,10,4,2,102867.4596,54309.14966,37422.3979,56118.77666,7432.083059,0,0,0
2060,10,4,3,100329.7748,53868.89025,36342.82792,55013.39088,7224.948176,0,0,0
2060,10,4,4,96745.0288,52652.59213,35341.13997,53825.86391,7147.326921,0,0,0
2060,10,4,5,95006.59084,52033.09976,34956.68441,52944.2151,7316.563856,0,0,0
2060,10,4,6,94026.37259,52218.93878,35966.19534,54253.08504,7423.825479,0,0,0
2060,10,4,7,96363.9632,54889.00565,38386.44867,55020.77924,7506.922813,0,0,0
2060,10,4,8,95500.2203,52646.76836,36116.13561,53097.97993,8226.288443,0,0,0
2060,10,4,9,97871.97121,52564.01871,36177.41555,52315.42209,8738.779954,0,0,0
2060,10,4,10,102975.1559,55443.65428,38146.28346,56231.2536,9091.248251,0,0,0
2060,10,4,11,107949.6092,56055.14983,38922.8437,57179.31074,9133.666138,0,0,0
2060,10,4,12,109719.339,56023.33642,39438.37748,58611.78362,8959.040044,0,0,0
2060,10,4,13,110464.3466,54847.19621,39394.82961,57744.30308,9063.867853,0,0,0
2060,10,4,14,105990.8242,53232.36119,38178.27072,55667.9997,9056.479492,0,0,0
2060,10,4,15,106537.8237,55259.20601,39034.71219,57473.10676,8956.258544,0,0,0
2060,10,4,16,107226.5928,54475.69202,38138.19973,56037.76545,8708.531134,0,0,0
2060,10,4,17,105160.5462,53600.73619,37429.09088,54173.46458,8544.683356,0,0,0
2060,10,4,18,102798.4436,53138.39862,37161.45836,54212.66636,9529.682306,0,0,0
2060,10,4,19,101201.3407,54851.89,41023.74598,59682.92217,9534.028401,0,0,0
2060,10,4,20,106205.3474,58249.49315,44428.30289,59949.16395,9409.730086,0,0,0
2060,10,4,21,106040.1089,58086.60151,44141.02602,60343.61552,9231.018664,0,0,0
2060,10,4,22,104126.3495,58004.54724,43376.11331,59541.06564,8727.653951,0,0,0
2060,10,4,23,104342.2635,56035.41856,41538.2367,57077.00367,8270.879376,0,0,0
2060,10,4,24,102518.8159,54403.98145,39357.36627,56299.05268,8058.703023,0,0,0
2060,10,5,1,102632.3359,54126.87444,38435.29878,55473.55541,7654.516197,0,0,0
2060,10,5,2,98477.38223,51822.92261,36432.35748,53562.92517,7356.374086,0,0,0
2060,10,5,3,95927.70219,50492.32219,35206.15026,52146.96745,7099.346033,0,0,0
2060,10,5,4,94142.23948,48680.43523,34320.93765,50737.09426,7007.730352,0,0,0
2060,10,5,5,91817.68716,47848.33189,33725.43572,50489.27993,7100.823705,0,0,0
2060,10,5,6,89898.97318,49322.70113,34822.477,51482.18877,7094.826094,0,0,0
2060,10,5,7,91914.34431,49985.56753,36572.99711,51420.03961,7349.6811,0,0,0
2060,10,5,8,89513.82225,48348.30665,33861.64234,48055.90139,7927.277113,0,0,0
2060,10,5,9,86887.56402,47279.34115,33298.90997,48030.34635,8515.390676,0,0,0
2060,10,5,10,89834.99866,47353.65937,34052.87051,48738.58598,8650.293462,0,0,0
2060,10,5,11,94275.83844,47568.61723,34327.54371,48529.79958,8721.134809,0,0,0
2060,10,5,12,96498.60522,47866.15088,34631.24882,48797.17133,8598.401089,0,0,0
2060,10,5,13,94422.82337,48160.55535,34607.17146,49162.85176,8712.268775,0,0,0
2060,10,5,14,96065.64725,46384.0456,34260.52693,48909.21366,8785.109326,0,0,0
2060,10,5,15,95772.112,47074.55316,34705.74089,50120.0357,8658.637964,0,0,0
2060,10,5,16,95668.58802,47657.19064,34150.91842,48657.14016,8509.045377,0,0,0
2060,10,5,17,95714.30893,45886.76542,34086.33545,48315.45018,8384.920907,0,0,0
2060,10,5,18,94414.47887,46815.61282,34622.90432,49379.37421,9382.43661,0,0,0
2060,10,5,19,95542.37742,49783.99564,38693.36989,55692.85936,9574.012474,0,0,0
2060,10,5,20,100649.4735,53803.17729,42988.2678,57232.3331,9424.419887,0,0,0
2060,10,5,21,100084.4812,53547.80076,42648.05549,56949.57616,9166.522615,0,0,0
2060,10,5,22,99963.22516,53201.59084,41659.49274,56582.33114,8686.974503,0,0,0
2060,10,5,23,100391.6632,51886.11483,40140.6195,54853.80228,8175.178367,0,0,0
2060,10,5,24,98894.34658,51102.427,37712.54319,53528.93871,7484.844651,0,0,0
2060,10,6,1,93356.63937,47144.35144,34919.82953,50372.54382,7663.990683,0,0,0
2060,10,6,2,107225.2021,56699.84955,38182.61682,56645.69721,7406.180333,0,0,0
2060,10,6,3,104858.7534,55546.91749,37016.47263,55347.95327,7179.661867,0,0,0
2060,10,6,4,103614.2056,53766.32241,36089.53751,54587.5605,7161.147503,0,0,0
2060,10,6,5,99566.16593,52936.91366,35639.54284,54202.58342,7336.729737,0,0,0
2060,10,6,6,99102.08992,53657.84388,36857.66632,55530.75002,7467.112584,0,0,0
2060,10,6,7,100609.4895,55934.50224,39604.13754,56534.00257,7649.213961,0,0,0
2060,10,6,8,102911.529,54718.37796,37199.00862,53738.24664,8422.471167,0,0,0
2060,10,6,9,107218.5091,55348.21403,37857.00739,55589.4223,8902.714654,0,0,0
2060,10,6,10,114776.542,58914.53259,40132.10115,58925.39783,9167.131068,0,0,0
2060,10,6,11,120849.6881,59106.62999,40558.71383,60480.16982,9149.572845,0,0,0
2060,10,6,12,124335.517,59472.6581,41250.43829,61132.34483,9001.805618,0,0,0
2060,10,6,13,122982.2299,58816.9193,41279.38328,60643.93068,9207.375907,0,0,0
2060,10,6,14,118800.1566,55897.29966,39930.96388,58166.7435,9229.454069,0,0,0
2060,10,6,15,123529.9248,59650.50031,42082.36778,61378.59456,9120.106322,0,0,0
2060,10,6,16,123244.2994,58905.92733,41391.42561,60849.93558,8846.65003,0,0,0
2060,10,6,17,123630.8411,58581.27404,40707.69796,59498.82159,8595.2719,0,0,0
2060,10,6,18,118730.1845,58090.513,40066.64896,58719.82754,9599.654434,0,0,0
2060,10,6,19,115388.1244,59581.04971,43313.79031,62937.45189,9794.620251,0,0,0
2060,10,6,20,112743.6126,62261.28644,47746.28559,63272.88349,9780.886591,0,0,0
2060,10,6,21,113062.7029,62305.35584,48061.02978,63969.99711,9305.163043,0,0,0
2060,10,6,22,115356.6587,62209.65483,46872.63359,63049.23345,8696.101302,0,0,0
2060,10,6,23,114304.8168,60758.92835,44401.3571,61172.3289,8242.282072,0,0,0
2060,10,6,24,112840.6175,59254.31029,42023.78242,59912.91752,7950.48526,0,0,0
2060,10,7,1,110724.5038,57987.07594,40470.4881,57878.07588,7657.384619,0,0,0
2060,10,7,2,107134.4556,56652.56404,38151.5857,56598.58554,7399.661191,0,0,0
2060,10,7,3,104771.0492,55501.37042,36986.39766,55302.14543,7173.664256,0,0,0
2060,10,7,4,103527.9791,53722.51377,36059.7233,54542.7088,7155.06297,0,0,0
2060,10,7,5,99482.80783,52893.88732,35610.16324,54157.90556,7330.384438,0,0,0
2060,10,7,6,99019.34027,53615.07831,36827.15674,55485.46371,7460.680364,0,0,0
2060,10,7,7,100526.3052,55889.38977,39571.0203,56486.63013,7642.694818,0,0,0
2060,10,7,8,102825.911,54673.7001,37168.41211,53694.61184,8415.517415,0,0,0
2060,10,7,9,107129.6749,55303.6231,37826.41088,55544.48368,8895.413215,0,0,0
2060,10,7,10,114681.1886,58864.72635,40099.07083,58875.67851,9159.481941,0,0,0
2060,10,7,11,120746.1641,59056.47605,40524.37968,60428.53822,9141.923718,0,0,0
2060,10,7,12,124226.7777,59421.11342,41215.84338,61079.75708,8994.330335,0,0,0
2060,10,7,13,122875.4898,58767.98227,41244.26684,60591.42985,9199.552936,0,0,0
2060,10,7,14,118699.3272,55852.53489,39897.67279,58118.67569,9221.544177,0,0,0
2060,10,7,15,123421.794,59599.56407,42046.55596,61325.31144,9112.370273,0,0,0
2060,10,7,16,123137.6463,58856.29492,41356.56993,60797.78244,8839.609356,0,0,0
2060,10,7,17,123523.4926,58532.59777,40673.7115,59448.31997,8588.40507,0,0,0
2060,10,7,18,118630.8328,58042.79288,40032.92326,58671.75973,9591.136088,0,0,0
2060,10,7,19,115291.9019,59529.93963,43276.41389,62882.77801,9785.928062,0,0,0
2060,10,7,20,112648.6939,62206.43872,47703.95462,63217.42732,9772.194402,0,0,0
2060,10,7,21,112967.1757,62250.59505,48018.17728,63914.3671,9296.992384,0,0,0
2060,10,7,22,115258.8716,62154.54635,46831.08492,62994.21188,8689.14755,0,0,0
2060,10,7,23,114208.3335,60706.68829,44362.8507,61120.26268,8235.76293,0,0,0
2060,10,7,24,112744.9164,59203.89559,41988.57905,59861.89436,7943.705352,0,0,0
2060,10,8,1,110630.802,57937.35661,40436.84933,57830.96421,7655.733103,0,0,0
2060,10,8,2,107110.639,56640.13421,38143.2412,56586.24263,7398.009675,0,0,0
2060,10,8,3,104747.7541,55489.11443,36978.227,55290.15021,7172.01274,0,0,0
2060,10,8,4,103504.9448,53711.127,36051.72648,54531.06127,7153.411454,0,0,0
2060,10,8,5,99460.90351,52882.67439,35602.25335,54146.08418,7328.732922,0,0,0
2060,10,8,6,98997.43595,53603.86538,36819.42069,55473.1208,7459.028848,0,0,0
2060,10,8,7,100504.314,55877.48147,39562.24119,56474.28722,7640.95638,0,0,0
2060,10,8,8,102803.8328,54661.61796,37160.32837,53683.13815,8413.778977,0,0,0
2060,10,8,9,107106.5537,55292.14941,37818.06638,55532.57538,8893.327089,0,0,0
2060,10,8,10,114656.0682,58851.68806,40090.55248,58862.90099,9157.482738,0,0,0
2060,10,8,11,120718.6098,59043.26393,40515.25288,60414.80456,9140.011436,0,0,0
2060,10,8,12,124198.1804,59407.72744,41206.71658,61065.76265,8992.331131,0,0,0
2060,10,8,13,122847.2402,58755.29168,41235.31388,60577.52235,9197.466811,0,0,0
2060,10,8,14,118673.1637,55840.88735,39888.80676,58105.89818,9219.458051,0,0,0
2060,10,8,15,123393.2836,59586.00426,42037.08147,61311.49086,9110.284147,0,0,0
2060,10,8,16,123109.2228,58843.16972,41347.00852,60784.04878,8837.610153,0,0,0
2060,10,8,17,123494.9822,58519.47257,40664.75854,59434.84708,8586.579711,0,0,0
2060,10,8,18,118604.8431,58029.92844,40024.14415,58658.5476,9588.876118,0,0,0
2060,10,8,19,115266.7815,59516.55366,43266.59172,62868.52282,9783.668092,0,0,0
2060,10,8,20,112624.0081,62192.00969,47692.56785,63203.17213,9769.934432,0,0,0
2060,10,8,21,112942.2292,62235.99217,48006.87744,63899.50345,9294.906259,0,0,0
2060,10,8,22,115232.9689,62140.11731,46820.13276,62979.95669,8687.235269,0,0,0
2060,10,8,23,114183.2131,60693.04155,44352.76776,61106.70287,8234.024492,0,0,0
2060,10,8,24,112719.6222,59190.24886,41978.93072,59848.68223,7941.966914,0,0,0
2060,10,9,1,110605.7685,57924.23141,40428.07021,57818.36054,7698.759443,0,0,0
2060,10,9,2,107704.4894,56948.70695,38346.37767,56892.38156,7439.90603,0,0,0
2060,10,9,3,105323.8725,55788.56037,37177.8866,55587.68386,7212.257579,0,0,0
2060,10,9,4,104074.4571,53998.57772,36248.08305,54825.03113,7193.482449,0,0,0
2060,10,9,5,100007.9899,53164.21442,35797.30609,54438.57637,7370.194668,0,0,0
2060,10,9,6,99539.39399,53890.35996,37018.81952,55772.3929,7500.925202,0,0,0
2060,10,9,7,101051.2266,56174.4936,39777.80749,56784.07687,7683.721954,0,0,0
2060,10,9,8,103365.4352,54953.24093,37360.85719,53971.97962,8458.978364,0,0,0
2060,10,9,9,107688.4958,55581.94702,38019.63826,55828.28368,8942.611806,0,0,0
2060,10,9,10,115286.7735,59177.03673,40308.90029,59185.98968,9207.897439,0,0,0
2060,10,9,11,121403.4675,59373.91483,40739.07677,60755.27763,9189.991528,0,0,0
2060,10,9,12,124915.9814,59743.59366,41435.66886,61412.92871,9042.224301,0,0,0
2060,10,9,13,123550.4384,59079.94497,41465.2223,60920.51616,9248.750731,0,0,0
2060,10,9,14,119334.4655,56134.07492,40105.15536,58419.94699,9271.524268,0,0,0
2060,10,9,15,124103.6093,59923.69583,42274.03056,61660.48228,9160.525004,0,0,0
2060,10,9,16,123814.7679,59170.08297,41578.82922,61128.2595,8885.330275,0,0,0
2060,10,9,17,124204.3518,58841.17051,40891.53777,59767.75795,8631.518332,0,0,0
2060,10,9,18,119262.2334,58347.01952,40243.36118,58981.28861,9645.114587,0,0,0
2060,10,9,19,115898.5298,59849.89914,43512.92838,63226.98873,9840.775779,0,0,0
2060,10,9,20,113243.8481,62550.99713,47971.58715,63565.72337,9826.868276,0,0,0
2060,10,9,21,113568.1537,62597.84803,48288.33054,64267.09616,9347.841695,0,0,0
2060,10,9,22,115879.2332,62502.92932,47093.41521,63339.9872,8733.651562,0,0,0
2060,10,9,23,114819.6552,61038.5561,44605.71048,61448.56669,8278.180816,0,0,0
2060,10,9,24,113348.7629,59522.81204,42214.92367,60181.76695,7985.080175,0,0,0
2060,10,10,1,111220.2194,58247.92856,40647.46108,58131.36629,7678.94125,0,0,0
2060,10,10,2,107433.6408,56809.02345,38253.63201,56752.87191,7420.870134,0,0,0
2060,10,10,3,105061.3683,55651.65838,37086.53168,55452.60723,7193.830136,0,0,0
2060,10,10,4,103814.6475,53867.84719,36158.29273,54690.99756,7175.22885,0,0,0
2060,10,10,5,99758.1764,53035.65693,35708.21114,54304.89049,7351.245694,0,0,0
2060,10,10,6,99292.27503,53758.67328,36928.24691,55636.44705,7481.802385,0,0,0
2060,10,10,7,100801.4999,56037.67853,39680.02036,56642.82879,7664.251449,0,0,0
2060,10,10,8,103109.3633,54820.51119,37269.5892,53840.55371,8438.290952,0,0,0
2060,10,10,9,107422.3409,55450.69495,37927.50105,55693.0332,8920.012112,0,0,0
2060,10,10,10,114998.6274,59027.79183,40209.02703,59038.3963,9184.863136,0,0,0
2060,10,10,11,121089.3317,59222.40996,40636.24816,60600.81742,9167.131068,0,0,0
2060,10,10,12,124587.2428,59590.26343,41331.4495,61254.03548,9019.27692,0,0,0
2060,10,10,13,123229.262,58931.13468,41359.52527,60763.53521,9225.36874,0,0,0
2060,10,10,14,119032.4119,56001.17133,40006.49901,58277.65585,9247.446902,0,0,0
2060,10,10,15,123779.7383,59768.45332,42165.37819,61500.71983,9137.925311,0,0,0
2060,10,10,16,123492.6353,59020.925,41472.69759,60971.80008,8863.425956,0,0,0
2060,10,10,17,123879.6116,58694.62019,40787.83995,59615.81847,8611.004764,0,0,0
2060,10,10,18,118961.3968,58201.68611,40143.92253,58833.60831,9619.385705,0,0,0
2060,10,10,19,115610.2968,59698.56812,43400.2776,63063.66248,9814.612288,0,0,0
2060,10,10,20,112963.3512,62387.14935,47844.07272,63399.5287,9800.878628,0,0,0
2060,10,10,21,113282.0069,62432.00105,48160.03382,64098.90229,9323.851251,0,0,0
2060,10,10,22,115583.1772,62336.99541,46968.3346,63176.0525,8712.442619,0,0,0
2060,10,10,23,114528.8146,60879.83671,44490.19128,61292.80265,8258.014936,0,0,0
2060,10,10,24,113062.1814,59371.39409,42107.0536,60030.00131,7965.435826,0,0,0
2060,10,11,1,110940.9394,58101.11747,40547.15321,57988.119,7635.045691,0,0,0
2060,10,11,2,103051.2125,54403.54684,37487.5024,56217.43302,7445.729797,0,0,0
2060,10,11,3,100507.9647,53962.7659,36407.75858,55110.48264,7238.247226,0,0,0
2060,10,11,4,96919.04644,52743.86012,35404.85372,53921.82569,7160.365205,0,0,0
2060,10,11,5,95177.47929,52125.06313,35019.96355,53038.17767,7329.949829,0,0,0
2060,10,11,6,94195.60953,52311.33676,36030.3437,54348.09067,7437.472217,0,0,0
2060,10,11,7,96536.93778,54983.92436,38453.81314,55118.47946,7520.830317,0,0,0
2060,10,11,8,95671.02183,52740.38325,36180.54474,53191.33405,8240.36979,0,0,0
2060,10,11,9,98046.94499,52658.4159,36241.73775,52408.86313,8753.904365,0,0,0
2060,10,11,10,103155.8665,55542.74524,38213.38717,56329.47534,9107.850334,0,0,0
2060,10,11,11,108139.8812,56155.80539,38991.07739,57279.35785,9150.007455,0,0,0
2060,10,11,12,109917.6079,56122.86199,39507.74116,58715.74221,8975.033674,0,0,0
2060,10,11,13,110660.7032,54943.50568,39464.19328,57844.78479,9080.556858,0,0,0
2060,10,11,14,106177.4455,53326.14992,38245.63519,55763.87455,9072.994653,0,0,0
2060,10,11,15,106724.9665,55356.47161,39103.72817,57573.32771,8972.426017,0,0,0
2060,10,11,16,107414.1703,54570.43689,38205.82496,56135.46567,8723.4817,0,0,0
2060,10,11,17,105345.1683,53694.69877,37495.32537,54268.03561,8559.460078,0,0,0
2060,10,11,18,102980.7189,53231.05736,37227.77977,54306.80277,9547.762061,0,0,0
2060,10,11,19,101382.0513,54947.85177,41098.15113,59789.83611,9552.195077,0,0,0
2060,10,11,20,106395.7064,58351.36562,44511.92176,60058.85938,9427.28831,0,0,0
2060,10,11,21,106229.7725,58188.30013,44222.64568,60453.4848,9247.79459,0,0,0
2060,10,11,22,104311.1454,58106.68047,43456.77683,59649.19648,8743.039127,0,0,0
2060,10,11,23,104527.4071,56132.94493,41613.94567,57179.31074,8285.482255,0,0,0
2060,10,11,24,102702.2211,54499.76939,39427.68609,56399.27363,8072.871292,0,0,0
2060,10,12,1,102816.4365,54222.31469,38502.14172,55571.1687,7565.682017,0,0,0
2060,10,12,2,97353.22132,51233.76598,36018.26155,52963.51176,7270.408329,0,0,0
2060,10,12,3,94830.05246,49914.20465,34800.57268,51552.42166,7016.248698,0,0,0
2060,10,12,4,93051.63043,48113.35676,33922.13998,50155.23907,6925.589158,0,0,0
2060,10,12,5,90753.85005,47286.72951,33331.5926,49908.81549,7017.726371,0,0,0
2060,10,12,6,88851.65123,48749.88582,34419.594,50895.11827,7011.815681,0,0,0
2060,10,12,7,90852.33256,49404.23387,36160.5527,50833.3168,7263.62842,0,0,0
2060,10,12,8,88469.80333,47781.05435,33466.40847,47499.51432,7837.226026,0,0,0
2060,10,12,9,85866.05787,46724.43175,32908.80449,47471.96008,8421.515026,0,0,0
2060,10,12,10,88787.06826,46798.40229,33656.94127,48172.11597,8556.243968,0,0,0
2060,10,12,11,93187.6632,47011.70862,33929.18065,47962.02574,8625.95533,0,0,0
2060,10,12,12,95386.52646,47305.07003,34230.27811,48225.8337,8503.916985,0,0,0
2060,10,12,13,93327.69438,47597.38837,34206.37459,48589.68876,8617.176219,0,0,0
2060,10,12,14,94949.74392,45837.30686,33862.6854,48336.74604,8688.712941,0,0,0
2060,10,12,15,94666.46545,46520.42606,34304.42249,49540.26664,8564.675392,0,0,0
2060,10,12,16,94561.63764,47098.28284,33754.64148,48086.9325,8415.169727,0,0,0
2060,10,12,17,94607.5324,45345.76352,33690.49312,47747.50249,8293.652914,0,0,0
2060,10,12,18,93319.69756,46264.44107,34222.80283,48803.95124,9271.524268,0,0,0
2060,10,12,19,94438.38239,49203.0966,38266.32261,55059.8941,9458.754037,0,0,0
2060,10,12,20,99500.36605,53195.24554,42486.20692,56571.0313,9312.464482,0,0,0
2060,10,12,21,98942.41439,52939.69516,42151.20992,56291.66432,9061.086353,0,0,0
2060,10,12,22,98819.76759,52600.17822,41180.72693,55932.58996,8592.577322,0,0,0
2060,10,12,23,99247.07564,51293.13364,39689.75561,54238.48216,8083.041155,0,0,0
2060,10,12,24,97760.27657,50517.00801,37293.4058,52930.30759,7397.661987,0,0,0
2060,10,13,1,92277.67785,46589.44204,34517.98959,49792.51399,7574.98266,0,0,0
2060,10,13,2,105996.9087,56065.31969,37759.82871,56012.21041,7319.95381,0,0,0
2060,10,13,3,103662.0996,54929.16356,36601.33365,54730.89471,7096.216845,0,0,0
2060,10,13,4,102433.7194,53171.16817,35681.96073,53978.06415,7077.615558,0,0,0
2060,10,13,5,98438.3543,52349.84316,35233.7045,53598.12854,7250.677058,0,0,0
2060,10,13,6,97982.79663,53062.25503,36444.26578,54911.77918,7380.190686,0,0,0
2060,10,13,7,99477.59252,55318.57367,39157.88052,55895.56123,7560.379781,0,0,0
2060,10,13,8,101749.3832,54110.62005,36783.17426,53139.26784,8330.333955,0,0,0
2060,10,13,9,106019.8561,54744.97606,37436.82693,54977.57906,8803.62369,0,0,0
2060,10,13,10,113472.0181,58238.45407,39679.75959,58258.35918,9061.781728,0,0,0
2060,10,13,11,119439.8149,58430.02993,40099.50544,59778.44934,9044.310426,0,0,0
2060,10,13,12,122856.6278,58787.80047,40775.3232,60415.7607,8898.977013,0,0,0
2060,10,13,13,121532.2857,58143.88304,40805.22433,59935.0826,9102.374254,0,0,0
2060,10,13,14,117439.6551,55289.10714,39485.40223,57521.6961,9124.278573,0,0,0
2060,10,13,15,122066.9423,58961.47042,41591.78059,60658.62048,9014.756981,0,0,0
2060,10,13,16,121786.6192,58231.58724,40916.48436,60138.47984,8749.036738,0,0,0
2060,10,13,17,122164.6425,57911.8885,40244.2304,58817.96237,8500.613953,0,0,0
2060,10,13,18,117374.8113,57440.51104,39615.872,58060.43802,9483.874465,0,0,0
2060,10,13,19,114077.9507,58894.97517,42804.77568,62196.96423,9676.232626,0,0,0
2060,10,13,20,111465.4261,61518.01729,47169.81956,62529.09281,9662.67281,0,0,0
2060,10,13,21,111773.3035,61560.43517,47479.43536,63212.03816,9196.597592,0,0,0
2060,10,13,22,114022.9291,61466.73337,46308.33662,62308.05042,8601.443355,0,0,0
2060,10,13,23,112988.3847,60047.47261,43877.73959,60469.04382,8151.014079,0,0,0
2060,10,13,24,111542.0912,58567.19269,41537.62824,59226.49529,7860.26033,0,0,0
2060,10,14,1,109448.4035,57319.08115,40012.06201,57236.24458,7568.463517,0,0,0
2060,10,14,2,105909.2914,56020.20723,37729.31912,55966.57642,7313.695434,0,0,0
2060,10,14,3,103575.6123,54883.18188,36571.51944,54686.12994,7090.132312,0,0,0
2060,10,14,4,102348.449,53128.75029,35651.97267,53933.29938,7071.617947,0,0,0
2060,10,14,5,98356.9954,52306.90374,35204.15106,53554.14606,7244.418681,0,0,0
2060,10,14,6,97901.26389,53019.57638,36414.27772,54866.92748,7373.845387,0,0,0
2060,10,14,7,99395.71209,55274.41734,39125.19788,55849.31878,7553.94756,0,0,0
2060,10,14,8,101665.069,54067.07218,36753.09928,53095.54612,8323.727891,0,0,0
2060,10,14,9,105933.2819,54700.29821,37406.05658,54933.50966,8796.583017,0,0,0
2060,10,14,10,113377.9686,58189.3432,39647.68541,58209.76984,9054.219523,0,0,0
2060,10,14,11,119338.9855,58381.17983,40066.73588,59727.8608,9036.574377,0,0,0
2060,10,14,12,122750.3223,58739.1242,40741.51058,60364.38986,8891.501729,0,0,0
2060,10,14,13,121427.7187,58095.72831,40771.15095,59883.79868,9094.638205,0,0,0
2060,10,14,14,117342.9979,55244.60313,39453.50189,57475.54057,9116.629446,0,0,0
2060,10,14,15,121961.3322,58912.53339,41556.83798,60606.98887,9007.194776,0,0,0
2060,10,14,16,121681.9652,58183.08482,40882.15021,60087.109,8742.169908,0,0,0
2060,10,14,17,122058.9455,57863.73377,40210.24394,58768.93841,8493.747123,0,0,0
2060,10,14,18,117276.5896,57393.39938,39583.62397,58013.41328,9475.529963,0,0,0
2060,10,14,19,113983.6404,58846.64659,42767.92079,62143.33342,9667.627358,0,0,0
2060,10,14,20,111372.2458,61463.86495,47128.09705,62474.94047,9654.154464,0,0,0
2060,10,14,21,111679.8624,61506.5436,47437.45208,63157.10352,9188.861543,0,0,0
2060,10,14,22,113926.185,61413.71101,46267.7441,62254.59345,8594.837291,0,0,0
2060,10,14,23,112892.4229,59996.36254,43839.66779,60418.62912,8144.321093,0,0,0
2060,10,14,24,111447.8679,58517.64721,41502.42487,59177.47134,7853.567343,0,0,0
2060,10,15,1,109356.7009,57271.36103,39979.55322,57189.91521,7566.812001,0,0,0
2060,10,15,2,105885.9095,56008.29893,37721.14846,55954.66812,7312.043918,0,0,0
2060,10,15,3,103552.6649,54871.01281,36563.69646,54674.4824,7088.567718,0,0,0
2060,10,15,4,102325.6754,53117.45044,35644.1497,53921.65184,7069.966431,0,0,0
2060,10,15,5,98335.26493,52295.69081,35196.24116,53542.32468,7242.767165,0,0,0
2060,10,15,6,97879.88111,53007.84193,36406.19399,54855.45379,7372.193871,0,0,0
2060,10,15,7,99373.80777,55262.42212,39116.67954,55837.14971,7552.296044,0,0,0
2060,10,15,8,101642.5562,54055.2508,36744.92862,53083.89859,8321.989453,0,0,0
2060,10,15,9,105910.4214,54688.73759,37397.97284,54921.51444,8794.757657,0,0,0
2060,10,15,10,113353.022,58176.13107,39639.08014,58196.73156,9052.307241,0,0,0
2060,10,15,11,119311.9528,58367.9677,40058.13061,59714.12714,9034.488252,0,0,0
2060,10,15,12,122722.1596,58726.17284,40732.81839,60350.6562,8889.589448,0,0,0
2060,10,15,13,121400.0775,58082.86387,40761.93722,59870.23886,9092.639002,0,0,0
2060,10,15,14,117317.2691,55232.52099,39445.07047,57463.02382,9114.630242,0,0,0
2060,10,15,15,121933.3434,58899.14742,41547.53734,60593.25521,9005.10865,0,0,0
2060,10,15,16,121653.8895,58169.95961,40872.84957,60073.28842,8740.083783,0,0,0
2060,10,15,17,122031.0436,57850.7824,40201.29098,58755.90013,8492.008685,0,0,0
2060,10,15,18,117250.8607,57381.23031,39574.84486,58000.72268,9473.356916,0,0,0
2060,10,15,19,113958.4331,58833.69523,42758.35938,62129.16515,9665.367389,0,0,0
2060,10,15,20,111348.1685,61449.52283,47117.05797,62460.7722,9651.894495,0,0,0
2060,10,15,21,111655.0897,61492.28841,47426.32608,63142.76141,9186.862339,0,0,0
2060,10,15,22,113900.8908,61399.62966,46257.22655,62240.59903,8592.925009,0,0,0
2060,10,15,23,112867.3025,59982.80272,43829.7587,60405.24315,8142.495733,0,0,0
2060,10,15,24,111422.8344,58504.69584,41493.12423,59164.25921,7851.828905,0,0,0
2060,10,16,1,109332.4496,57258.32275,39970.77411,57177.65922,7609.490653,0,0,0
2060,10,16,2,106470.5461,56309.65715,37922.80726,56256.02634,7353.244897,0,0,0
2060,10,16,3,104123.8287,55167.67725,36761.79147,54969.06071,7128.638713,0,0,0
2060,10,16,4,102889.1901,53399.16431,35839.89782,54214.49172,7109.950505,0,0,0
2060,10,16,5,98875.13684,52576.70931,35390.85929,53831.51383,7284.141988,0,0,0
2060,10,16,6,98414.62462,53293.46728,36605.15821,55150.72748,7413.742539,0,0,0
2060,10,16,7,99914.89659,55555.95737,39328.85589,56141.98481,7594.800852,0,0,0
2060,10,16,8,102200.1602,54343.65766,36943.89285,53371.69699,8365.798089,0,0,0
2060,10,16,9,106483.5844,54979.57826,37599.28396,55215.13661,8842.043169,0,0,0
2060,10,16,10,113977.0343,58498.959,39854.47261,58514.51802,9102.982708,0,0,0
2060,10,16,11,119984.3806,58692.70791,40276.04381,60048.16799,9085.163719,0,0,0
2060,10,16,12,123429.4431,59048.91385,40958.38071,60693.65001,8938.613398,0,0,0
2060,10,16,13,122090.5851,58403.86644,40988.71646,60208.36505,9143.227546,0,0,0
2060,10,16,14,117962.1426,55525.27394,39657.24682,57770.81426,9164.871099,0,0,0
2060,10,16,15,122633.0647,59228.75526,41781.61801,60937.29209,9055.262586,0,0,0
2060,10,16,16,122349.96,58491.22295,41100.93263,60412.28382,8786.586998,0,0,0
2060,10,16,17,122729.461,58171.61113,40423.89796,59079.51036,8537.294994,0,0,0
2060,10,16,18,117897.5596,57692.84532,39789.28118,58314.94534,9528.813087,0,0,0
2060,10,16,19,114583.2277,59159.21774,43001.30609,62482.76344,9722.040466,0,0,0
2060,10,16,20,111957.9256,61804.51186,47392.51346,62816.4566,9708.306806,0,0,0
2060,10,16,21,112273.4521,61849.27664,47704.04154,63504.18266,9237.885494,0,0,0
2060,10,16,22,114538.6367,61751.83719,46526.51059,62594.11039,8638.124396,0,0,0
2060,10,16,23,113498.0078,60321.62428,44080.00684,60741.54397,8186.738979,0,0,0
2060,10,16,24,112044.239,58832.3914,41726.33568,59491.60708,7895.202933,0,0,0
2060,10,17,1,109939.1645,57577.41303,40189.03499,57484.14584,7590.10707,0,0,0
2060,10,17,2,106203.3482,56171.97286,37831.19158,56119.38511,7334.469767,0,0,0
2060,10,17,3,103862.8023,55032.94831,36671.30577,54834.76638,7110.298192,0,0,0
2060,10,17,4,102631.7274,53270.08529,35750.88979,54080.63199,7091.696906,0,0,0
2060,10,17,5,98629.32171,52448.15182,35302.11203,53700.08792,7265.279937,0,0,0
2060,10,17,6,98171.33023,53163.25828,36514.75944,55015.8247,7394.706643,0,0,0
2060,10,17,7,99667.42994,55422.09765,39232.54643,56003.17054,7575.330347,0,0,0
2060,10,17,8,101946.0006,54212.40559,36853.23331,53240.61877,8345.806053,0,0,0
2060,10,17,9,106222.558,54847.89159,37507.49444,55080.58151,8820.57346,0,0,0
2060,10,17,10,113691.3221,58351.97407,39755.55549,58369.79306,9079.948405,0,0,0
2060,10,17,11,119676.8509,58544.41915,40176.60516,59895.44621,9061.781728,0,0,0
2060,10,17,12,123105.659,58902.36353,40855.37826,60536.75598,8916.100627,0,0,0
2060,10,17,13,121775.3194,58256.4469,40884.67094,60055.20866,9120.454009,0,0,0
2060,10,17,14,117667.1297,55391.93575,39560.3289,57630.87,9142.01064,0,0,0
2060,10,17,15,122313.9744,59077.42423,41674.44331,60780.13729,9032.489048,0,0,0
2060,10,17,16,122031.9128,58345.368,40997.32172,60257.82361,8764.856524,0,0,0
2060,10,17,17,122409.6754,58025.4085,40321.59089,58931.56929,8516.520661,0,0,0
2060,10,17,18,117602.0252,57550.2934,39690.97252,58171.26344,9503.518814,0,0,0
2060,10,17,19,114298.4715,59010.14668,42890.65451,62321.61024,9696.137741,0,0,0
2060,10,17,20,111680.384,61642.83713,47266.8244,62654.69495,9682.491003,0,0,0
2060,10,17,21,111990.6082,61686.47193,47577.30942,63339.29182,9214.416581,0,0,0
2060,10,17,22,114247.6222,61590.16246,46403.60303,62431.65336,8617.350063,0,0,0
2060,10,17,23,113209.3401,60166.29485,43965.87839,60587.69221,8166.573099,0,0,0
2060,10,17,24,111761.1344,58682.79881,41619.94328,59341.84065,7875.645505,0,0,0
2060,10,18,1,109662.7529,57431.64501,40089.59634,57344.11466,7546.298433,0,0,0
2060,10,18,2,101888.1106,53804.48112,37069.9296,55590.89997,7358.981743,0,0,0
2060,10,18,3,99376.58927,53362.13558,35997.31338,54493.77178,7154.367594,0,0,0
2060,10,18,4,95817.05062,52156.87654,35000.3192,53313.80701,7076.833261,0,0,0
2060,10,18,5,94092.78092,51537.55802,34617.51516,52441.89345,7243.984071,0,0,0
2060,10,18,6,93116.82185,51720.35477,35622.07154,53743.28811,7350.811084,0,0,0
2060,10,18,7,95443.19953,54378.16565,38023.63667,54500.72553,7433.386888,0,0,0
2060,10,18,8,94581.28199,52141.2306,35771.66413,52598.00518,8149.014875,0,0,0
2060,10,18,9,96934.86623,52059.35017,35830.85794,51817.79422,8658.029511,0,0,0
2060,10,18,10,102002.4998,54912.56148,37789.9906,55708.15761,9002.848681,0,0,0
2060,10,18,11,106931.5799,55518.92864,38556.03329,56649.08716,9044.745036,0,0,0
2060,10,18,12,108678.1016,55489.89673,39065.48254,58054.52733,8872.987365,0,0,0
2060,10,18,13,109419.5454,54333.05319,39023.58618,57204.60501,8976.25058,0,0,0
2060,10,18,14,104989.0493,52731.51721,37819.37021,55149.51057,8969.122984,0,0,0
2060,10,18,15,105529.7904,54741.93379,38665.46796,56938.10247,8870.292786,0,0,0
2060,10,18,16,106214.0396,53968.3289,37778.77768,55517.45097,8628.2153,0,0,0
2060,10,18,17,104161.2921,53096.2415,37074.44954,53666.18838,8465.149819,0,0,0
2060,10,18,18,101820.3984,52634.86006,36810.20697,53707.73705,9433.112077,0,0,0
2060,10,18,19,100233.2915,54337.05159,40626.25214,59110.45455,9437.458172,0,0,0
2060,10,18,20,105194.9673,57700.75521,43987.08733,59362.7019,9315.419827,0,0,0
2060,10,18,21,105027.8165,57542.03582,43704.24348,59754.19813,9142.358327,0,0,0
2060,10,18,22,103131.7022,57459.98155,42945.41531,58962.68733,8647.164274,0,0,0
2060,10,18,23,103343.0962,55516.49483,41132.65912,56527.3965,8193.779653,0,0,0
2060,10,18,24,101545.3776,53896.53141,38986.29669,55763.78763,7981.603299,0,0,0
2060,10,19,1,101653.5084,53622.11898,38077.70209,54956.54396,7669.205997,0,0,0
2060,10,19,2,98663.8297,51920.97051,36500.50424,53662.88535,7370.716199,0,0,0
2060,10,19,3,96109.80357,50588.54473,35272.9932,52245.97149,7113.079693,0,0,0
2060,10,19,4,94322.95011,48774.48472,34387.25906,50833.66449,7021.290168,0,0,0
2060,10,19,5,91995.35552,47941.33833,33791.14868,50586.024,7114.557365,0,0,0
2060,10,19,6,90073.07774,49418.14138,34889.49378,51579.9759,7108.559754,0,0,0
2060,10,19,7,92090.62192,50081.87699,36641.2308,51517.73983,7363.936291,0,0,0
2060,10,19,8,89687.05759,48442.35615,33927.09453,48148.0386,7942.227679,0,0,0
2060,10,19,9,87057.40941,47371.82605,33363.66678,48123.00509,8531.12354,0,0,0
2060,10,19,10,90009.10323,47446.05735,34118.49655,48832.3747,8666.113247,0,0,0
2060,10,19,11,94457.0706,47661.36289,34393.60436,48624.19676,8737.21536,0,0,0
2060,10,19,12,96683.05349,47958.89655,34697.831,48891.9162,8613.873187,0,0,0
2060,10,19,13,94604.57706,48254.34408,34673.40595,49258.37893,8728.175483,0,0,0
2060,10,19,14,96251.13858,46474.9659,34326.93526,49004.04545,8801.102955,0,0,0
2060,10,19,15,95956.64719,47166.77729,34772.58383,50216.17132,8674.45775,0,0,0
2060,10,19,16,95853.38397,47750.11015,34216.54445,48751.62426,8524.691319,0,0,0
2060,10,19,17,95898.93105,45976.72958,34152.13532,48410.19504,8400.132239,0,0,0
2060,10,19,18,94596.05871,46907.31542,34689.05189,49474.29292,9401.124818,0,0,0
2060,10,19,19,95725.86955,49880.56587,38764.81969,55797.51333,9593.222213,0,0,0
2060,10,19,20,100840.441,53903.91977,43072.32128,57342.11546,9442.760408,0,0,0
2060,10,19,21,100274.3186,53648.36939,42731.15283,57059.96697,9183.906995,0,0,0
2060,10,19,22,100154.0187,53300.85564,41739.72166,56690.02738,8702.794288,0,0,0
2060,10,19,23,100581.5006,51985.03195,40216.67616,54956.63088,8190.389699,0,0,0
2060,10,19,24,99082.01096,51199.60568,37782.25456,53628.98581,7499.273686,0,0,0
2060,10,20,1,93536.48078,47236.83634,34986.32478,50468.67944,7678.680484,0,0,0
2060,10,20,2,107428.7732,56806.58964,38251.89357,56750.4381,7420.522447,0,0,0
2060,10,20,3,105056.7615,55649.22457,37084.88017,55450.34726,7193.482449,0,0,0
2060,10,20,4,103810.0407,53865.5003,36156.72814,54688.73759,7174.881162,0,0,0
2060,10,20,5,99753.74339,53033.57081,35706.64655,54302.5436,7350.898006,0,0,0
2060,10,20,6,99287.84201,53756.32639,36926.59539,55634.10016,7481.454697,0,0,0
2060,10,20,7,100796.8062,56035.33164,39678.195,56640.48189,7663.903762,0,0,0
2060,10,20,8,103105.0172,54818.33814,37268.02461,53838.38066,8437.943265,0,0,0
2060,10,20,9,107417.6471,55448.5219,37925.93645,55690.51247,8919.577502,0,0,0
2060,10,20,10,114993.4121,59025.27109,40207.28859,59035.87556,9184.515448,0,0,0
2060,10,20,11,121084.0295,59219.8023,40634.4228,60598.03592,9166.783381,0,0,0
2060,10,20,12,124581.5928,59587.56885,41329.62414,61251.42783,9018.929232,0,0,0
2060,10,20,13,123223.7859,58928.78779,41357.69991,60760.84063,9224.934131,0,0,0
2060,10,20,14,119027.3705,55998.82444,40004.67365,58275.30896,9247.099215,0,0,0
2060,10,20,15,123774.0015,59765.84566,42163.55283,61497.76449,9137.490701,0,0,0
2060,10,20,16,123486.8115,59018.49118,41470.87223,60969.1055,8862.991347,0,0,0
2060,10,20,17,123874.3094,58692.01253,40785.92767,59613.12389,8610.657076,0,0,0
2060,10,20,18,118956.2684,58199.33922,40142.27101,58830.91373,9618.951095,0,0,0
2060,10,20,19,115605.4292,59696.04738,43398.45224,63060.79406,9814.177678,0,0,0
2060,10,20,20,112958.2228,62384.28093,47841.89967,63396.7472,9800.444019,0,0,0
2060,10,20,21,113276.9654,62429.21955,48157.68693,64096.20771,9323.416641,0,0,0
2060,10,20,22,115578.1357,62334.21391,46966.16155,63173.18407,8712.094932,0,0,0
2060,10,20,23,114523.7731,60877.05521,44488.36592,61290.02115,8257.580326,0,0,0
2060,10,20,24,113057.4876,59368.69951,42105.22824,60027.30673,7965.001217,0,0,0
2060,10,21,1,110935.811,58098.42289,40545.41478,57985.59827,7672.07442,0,0,0
2060,10,21,2,107338.7221,56758.7826,38221.38398,56704.10872,7414.177148,0,0,0
2060,10,21,3,104968.3619,55603.50365,37054.80519,55405.2348,7187.397916,0,0,0
2060,10,21,4,103722.6842,53821.43089,36126.91393,54643.71205,7168.79663,0,0,0
2060,10,21,5,99670.73297,52990.89216,35677.00618,54258.30035,7344.63963,0,0,0
2060,10,21,6,99205.52697,53712.60468,36895.91196,55588.11847,7475.022477,0,0,0
2060,10,21,7,100713.2742,55990.65378,39645.33852,56592.76177,7657.297697,0,0,0
2060,10,21,8,103019.6599,54774.26874,37237.25425,53794.13742,8430.989513,0,0,0
2060,10,21,9,107328.5522,55404.27866,37894.99226,55645.48693,8912.102219,0,0,0
2060,10,21,10,114897.5373,58975.72561,40173.82366,58986.33008,9176.866321,0,0,0
2060,10,21,11,120980.2448,59169.64837,40600.61018,60545.62201,9159.134254,0,0,0
2060,10,21,12,124472.332,59536.80646,41294.42077,61198.66623,9011.280105,0,0,0
2060,10,21,13,123116.5243,58878.89462,41322.93116,60708.86134,9217.11116,0,0,0
2060,10,21,14,118925.6719,55953.71198,39971.99101,58227.58883,9239.189322,0,0,0
2060,10,21,15,123665.6968,59713.95329,42127.56717,61444.56828,9129.66773,0,0,0
2060,10,21,16,123379.0284,58968.68494,41436.01654,60915.9093,8855.602985,0,0,0
2060,10,21,17,123766.2654,58642.38013,40751.15891,59562.62227,8603.616403,0,0,0
2060,10,21,18,118856.3082,58151.18448,40108.28455,58781.62901,9610.345827,0,0,0
2060,10,21,19,115508.1636,59645.02423,43360.72814,63005.94634,9805.485489,0,0,0
2060,10,21,20,112862.6087,62329.95474,47799.39487,63341.72563,9791.751829,0,0,0
2060,10,21,21,113181.2644,62374.37183,48114.74751,64040.31693,9315.245983,0,0,0
2060,10,21,22,115479.6532,62278.84466,46924.78673,63118.16251,8705.054258,0,0,0
2060,10,21,23,114426.5075,60824.55438,44449.59875,61237.69417,8250.713496,0,0,0
2060,10,21,24,112961.0043,59318.19789,42068.80796,59976.3705,7958.655918,0,0,0
2060,10,22,1,110841.9353,58048.96433,40512.12369,57938.13891,7670.335982,0,0,0
2060,10,22,2,107314.8185,56746.43969,38213.30025,56691.93966,7412.43871,0,0,0
2060,10,22,3,104945.6753,55591.50843,37046.80837,55393.3265,7185.7464,0,0,0
2060,10,22,4,103699.9106,53809.69644,36119.17788,54631.71683,7167.145114,0,0,0
2060,10,22,5,99648.56789,52979.1577,35668.92244,54246.5659,7342.988114,0,0,0
2060,10,22,6,99183.97034,53701.13099,36887.91514,55576.03633,7473.370961,0,0,0
2060,10,22,7,100691.1961,55978.83241,39636.73325,56580.50578,7655.646181,0,0,0
2060,10,22,8,102996.8863,54762.70813,37228.99667,53782.14219,8429.164153,0,0,0
2060,10,22,9,107305.431,55392.71805,37887.08236,55633.4917,8910.189937,0,0,0
2060,10,22,10,114871.8084,58962.86117,40164.78378,58973.46564,9174.693274,0,0,0
2060,10,22,11,120952.6905,59156.61008,40591.83107,60531.80143,9157.13505,0,0,0
2060,10,22,12,124443.474,59523.0728,41285.12013,61184.58489,9009.367823,0,0,0
2060,10,22,13,123088.0139,58865.85633,41313.89128,60695.04076,9214.938112,0,0,0
2060,10,22,14,118899.0738,55942.06444,39963.2119,58214.63747,9237.103197,0,0,0
2060,10,22,15,123637.0126,59700.4804,42117.91884,61430.92155,9127.581605,0,0,0
2060,10,22,16,123350.4311,58955.64665,41426.54206,60902.0018,8853.690704,0,0,0
2060,10,22,17,123737.6681,58629.25492,40742.11903,59549.23629,8601.791043,0,0,0
2060,10,22,18,118829.9708,58138.58081,40099.59236,58768.59073,9608.085858,0,0,0
2060,10,22,19,115483.1301,59631.55133,43350.73212,62991.51731,9803.138597,0,0,0
2060,10,22,20,112838.0967,62315.61263,47788.09502,63327.20968,9789.404937,0,0,0
2060,10,22,21,113156.3178,62359.76895,48103.53459,64025.45328,9313.072936,0,0,0
2060,10,22,22,115454.0112,62264.06794,46913.92149,63103.55963,8703.141976,0,0,0
2060,10,22,23,114401.2132,60810.82072,44439.42889,61223.61282,8248.975058,0,0,0
2060,10,22,24,112935.4492,59304.725,42059.59424,59962.81069,7956.830558,0,0,0
2060,10,23,1,110817.1626,58035.7522,40503.34458,57925.44831,7713.796931,0,0,0
2060,10,23,2,107911.8851,57055.88165,38416.26288,56998.9478,7454.421987,0,0,0
2060,10,23,3,105524.3144,55892.86665,37247.16335,55692.25091,7226.165082,0,0,0
2060,10,23,4,104272.3783,54100.45019,36316.1429,54927.77281,7207.30303,0,0,0
2060,10,23,5,100196.1758,53262.43617,35864.75748,54540.01423,7384.449859,0,0,0
2060,10,23,6,99727.05836,53990.32014,37087.57474,55875.2215,7515.441159,0,0,0
2060,10,23,7,101241.7594,56277.40913,39852.73417,56891.25157,7698.672521,0,0,0
2060,10,23,8,103558.8364,55054.59186,37430.22087,54071.24443,8474.36354,0,0,0
2060,10,23,9,107890.4154,55683.03719,38090.045,55929.72153,8959.735419,0,0,0
2060,10,23,10,115506.6859,59290.38288,40385.73925,59298.3797,9225.542584,0,0,0
2060,10,23,11,121642.7635,59488.82558,40816.78494,60873.92602,9207.549751,0,0,0
2060,10,23,12,125165.0995,59860.41669,41515.46316,61533.66323,9059.347915,0,0,0
2060,10,23,13,123795.5581,59192.33498,41545.36429,61037.68688,9266.917408,0,0,0
2060,10,23,14,119566.4601,56234.38279,40181.64663,58529.55551,9289.777867,0,0,0
2060,10,23,15,124349.5114,60042.34422,42356.25868,61781.39064,9177.909384,0,0,0
2060,10,23,16,124059.8876,59283.25529,41659.57967,61247.08173,8901.758513,0,0,0
2060,10,23,17,124451.4708,58954.2559,40969.24595,59883.27715,8647.077352,0,0,0
2060,10,23,18,119491.6203,58458.888,40319.76553,59093.41786,9664.324326,0,0,0
2060,10,23,19,116118.4422,59967.41755,43597.938,63351.37396,9860.680894,0,0,0
2060,10,23,20,113460.2837,62676.16466,48068.50506,63690.36937,9846.686468,0,0,0
2060,10,23,21,113785.5454,62724.05863,48385.85691,64394.95827,9366.356059,0,0,0
2060,10,23,22,116103.5786,62628.44454,47188.50777,63465.41549,8749.471348,0,0,0
2060,10,23,23,115040.3499,61159.02985,44693.58852,61568.43199,8293.565992,0,0,0
2060,10,23,24,113568.8491,59636.85357,42297.49948,60297.72076,8000.117664,0,0,0
2060,10,24,1,111435.0904,58359.97088,40724.21312,58240.10559,7693.978738,0,0,0
2060,10,24,2,107638.8634,56914.89433,38323.69106,56858.39509,7435.299169,0,0,0
2060,10,24,3,105259.8979,55755.00852,37155.37383,55555.262,7207.73764,0,0,0
2060,10,24,4,104011.0041,53966.85123,36226.09181,54792.08773,7188.96251,0,0,0
2060,10,24,5,99946.79692,53133.35715,35775.48869,54406.06758,7365.587807,0,0,0
2060,10,24,6,99479.15711,53858.3727,36997.00213,55739.01489,7496.23142,0,0,0
2060,10,24,7,100989.512,56141.11559,39754.16474,56749.39503,7678.94125,0,0,0
2060,10,24,8,103303.3729,54920.73214,37338.17058,53939.99236,8453.936894,0,0,0
2060,10,24,9,107623.739,55550.74206,37997.12549,55794.73183,8937.048804,0,0,0
2060,10,24,10,115216.4537,59140.52953,40284.64908,59150.17786,9202.421359,0,0,0
2060,10,24,11,121326.6285,59336.79918,40714.2171,60717.72737,9184.515448,0,0,0
2060,10,24,12,124835.7525,59706.0434,41410.54843,61374.24847,9036.574377,0,0,0
2060,10,24,13,123471.6871,59043.9593,41439.23265,60882.1836,9243.187729,0,0,0
2060,10,24,14,119260.7558,56100.95767,40081.42568,58385.439,9265.700501,0,0,0
2060,10,24,15,124024.7712,59885.79788,42247.43246,61621.2805,9155.135847,0,0,0
2060,10,24,16,123736.6251,59133.74962,41553.01342,61089.66617,8879.854195,0,0,0
2060,10,24,17,124125.079,58805.27177,40866.15658,59730.81614,8626.38994,0,0,0
2060,10,24,18,119188.6975,58311.72923,40218.76228,58945.65063,9638.85621,0,0,0
2060,10,24,19,115828.4708,59813.30502,43485.6349,63187.09158,9834.430481,0,0,0
2060,10,24,20,113175.3537,62511.1869,47940.46911,63525.56545,9820.522977,0,0,0
2060,10,24,21,113498.3555,62557.51627,48257.12558,64226.41671,9341.931006,0,0,0
2060,10,24,22,115807.1749,62462.51063,47063.07947,63299.82928,8728.262405,0,0,0
2060,10,24,23,114748.727,60999.87585,44577.46087,61410.92951,8273.226268,0,0,0
2060,10,24,24,113278.8777,59486.131,42188.67326,60144.99898,7980.386393,0,0,0
2060,10,25,1,111152.2465,58212.29058,40622.94911,58096.51061,7649.735492,0,0,0
2060,10,25,2,103245.6568,54502.46396,37556.77915,56322.60851,7460.158832,0,0,0
2060,10,25,3,100695.5422,54062.89993,36475.64458,55213.1374,7252.415496,0,0,0
2060,10,25,4,97102.88626,52840.86496,35472.13127,54022.56817,7174.098865,0,0,0
2060,10,25,5,95357.58146,52221.98104,35086.89341,53137.18171,7344.20502,0,0,0
2060,10,25,6,94374.84248,52408.95005,36097.79509,54447.79009,7451.901252,0,0,0
2060,10,25,7,96719.56069,55084.40607,38525.43678,55220.78653,7535.520118,0,0,0
2060,10,25,8,95851.29785,52838.69191,36248.77843,53289.38195,8255.581122,0,0,0
2060,10,25,9,98232.61017,52757.50686,36310.05837,52506.65026,8769.463384,0,0,0
2060,10,25,10,103347.6162,55646.9646,38283.53314,56433.34701,9125.147792,0,0,0
2060,10,25,11,108340.3231,56261.85011,39064.26563,57384.62026,9167.21799,0,0,0
2060,10,25,12,110124.1343,56227.86364,39581.01632,58826.91532,8992.331131,0,0,0
2060,10,25,13,110867.3165,55046.33428,39537.98998,57950.91643,9098.028159,0,0,0
2060,10,25,14,106374.9321,53425.67549,38316.21578,55865.57317,9090.72672,0,0,0
2060,10,25,15,106923.2354,55458.77869,39176.56872,57678.93781,8989.462709,0,0,0
2060,10,25,16,107616.0029,54671.26629,38276.66631,56238.29427,8739.562251,0,0,0
2060,10,25,17,105541.8726,53794.22434,37564.86289,54366.8658,8575.019098,0,0,0
2060,10,25,18,103174.1201,53330.32217,37296.70883,54405.89374,9566.9718,0,0,0
2060,10,25,19,101573.1926,55049.55039,41176.98929,59903.00842,9571.404817,0,0,0
2060,10,25,20,106595.6268,58460.01799,44599.71287,60174.37859,9445.715752,0,0,0
2060,10,25,21,106429.4321,58295.56176,44308.69836,60570.04707,9265.961267,0,0,0
2060,10,25,22,104506.8935,58214.72439,43542.04722,59763.15109,8758.424303,0,0,0
2060,10,25,23,104722.8945,56233.2528,41694.52227,57287.96311,8300.606666,0,0,0
2060,10,25,24,102894.7531,54601.12032,39502.17815,56505.05758,8087.995703,0,0,0
2060,10,26,1,103010.0985,54322.97025,38572.20077,55674.17115,7464.939537,0,0,0
2060,10,26,2,96083.20547,50567.07503,35548.70946,52279.26258,7173.577334,0,0,0
2060,10,26,3,93581.59324,49253.59822,34339.45201,50879.21156,6922.286126,0,0,0
2060,10,26,4,91815.60104,47467.52706,33469.27689,49491.59038,6833.017337,0,0,0
2060,10,26,5,89546.41796,46649.85276,32885.59634,49248.38291,6923.763799,0,0,0
2060,10,26,6,87660.7343,48098.31927,33962.55866,50227.90578,6917.940031,0,0,0
2060,10,26,7,89646.46507,48743.62745,35691.86983,50170.36348,7166.97127,0,0,0
2060,10,26,8,87285.2317,47138.09306,33017.71763,46866.80982,7733.87589,0,0,0
2060,10,26,9,84706.86744,46095.37797,32465.8505,46836.73484,8316.252607,0,0,0
2060,10,26,10,87598.75899,46169.08774,33206.68584,47526.54703,8448.373893,0,0,0
2060,10,26,11,91953.9807,46379.17797,33477.01294,47317.49986,8517.998333,0,0,0
2060,10,26,12,94124.94203,46668.97558,33774.98121,47576.87481,8396.655363,0,0,0
2060,10,26,13,92082.10358,46958.68627,33750.99076,47938.64375,8509.132299,0,0,0
2060,10,26,14,93690.94099,45217.64065,33411.03922,47686.3964,8580.755943,0,0,0
2060,10,26,15,93412.26938,45893.11072,33848.7779,48880.7902,8456.718395,0,0,0
2060,10,26,16,93308.39771,46464.53528,33304.21221,47439.01668,8310.254996,0,0,0
2060,10,26,17,93351.94559,44732.61645,33240.84614,47102.36816,8188.651261,0,0,0
2060,10,26,18,92079.66976,45640.51568,33767.85361,48150.38549,9149.659767,0,0,0
2060,10,26,19,93184.79478,48545.96705,37780.16843,54347.91683,9330.370393,0,0,0
2060,10,26,20,98203.31749,52505.69412,41923.90916,55823.32913,9188.426934,0,0,0
2060,10,26,21,97650.23345,52253.09908,41594.90977,55549.52515,8942.524884,0,0,0
2060,10,26,22,97530.19431,51914.9729,40638.94274,55198.27376,8484.44648,0,0,0
2060,10,26,23,97948.5494,50616.35974,39179.61099,53544.4108,7978.647955,0,0,0
2060,10,26,24,96482.2639,49850.83858,36817.50841,52251.79526,7299.266399,0,0,0
2060,10,27,1,91049.21066,45959.25828,34060.60656,49131.12527,7474.066336,0,0,0
2060,10,27,2,104615.8936,55353.86396,37278.28139,55302.14543,7221.732066,0,0,0
2060,10,27,3,102314.5494,54223.09698,36129.00005,54034.2157,7001.385054,0,0,0
2060,10,27,4,101098.4252,52499.17498,35217.0155,53285.47047,6982.957611,0,0,0
2060,10,27,5,97161.03701,51676.98074,34771.97538,52912.66245,7154.454516,0,0,0
2060,10,27,6,96717.90917,52382.26502,35972.88832,54216.23015,7281.621253,0,0,0
2060,10,27,7,98197.23296,54621.54697,38655.55887,55175.32638,7459.637301,0,0,0
2060,10,27,8,100434.168,53428.8916,36310.31913,52461.71164,8225.593068,0,0,0
2060,10,27,9,104663.7006,54053.6862,36958.14804,54284.55077,8692.972114,0,0,0
2060,10,27,10,111999.3004,57484.92813,39174.04799,57508.91858,8943.133337,0,0,0
2060,10,27,11,117870.1792,57668.42026,39586.05779,58996.76071,8926.009723,0,0,0
2060,10,27,12,121193.0296,58018.62859,40244.66501,59612.95005,8785.891623,0,0,0
2060,10,27,13,119906.4986,57387.31484,40273.34923,59141.83336,8982.508957,0,0,0
2060,10,27,14,115919.478,54597.12191,38985.34055,56798.50591,9003.978666,0,0,0
2060,10,27,15,120419.6854,58189.08243,41044.78108,59849.46453,8896.977809,0,0,0
2060,10,27,16,120147.3591,57470.93371,40380.52394,59341.40604,8639.68899,0,0,0
2060,10,27,17,120521.0364,57167.66321,39725.0459,58063.1326,8393.265409,0,0,0
2060,10,27,18,115856.5466,56716.97316,39114.24572,57325.33953,9354.621603,0,0,0
2060,10,27,19,112612.969,58133.53934,42230.9173,61365.6432,9542.894434,0,0,0
2060,10,27,20,110022.6964,60679.48174,46518.68762,61690.29649,9529.508462,0,0,0
2060,10,27,21,110314.5802,60722.85576,46824.21809,62363.59351,9076.384607,0,0,0
2060,10,27,22,112519.0064,60639.58459,45674.50214,61475.07787,8493.57328,0,0,0
2060,10,27,23,111499.3256,59254.04953,43284.67147,59673.70845,8045.925504,0,0,0
2060,10,27,24,110075.8057,57794.37009,40993.84485,58460.62644,7756.910193,0,0,0
2060,10,28,1,108014.6267,56574.5951,39496.44131,56510.79442,7467.807959,0,0,0
2060,10,28,2,104528.3633,55308.92534,37247.59796,55257.29373,7215.560611,0,0,0
2060,10,28,3,102229.4529,54179.54911,36098.83815,53989.10323,6995.387443,0,0,0
2060,10,28,4,101013.1548,52457.10478,35187.37513,53241.31414,6976.873078,0,0,0
2060,10,28,5,97079.59119,51633.78056,34742.50885,52869.11458,7148.283062,0,0,0
2060,10,28,6,96637.59334,52338.891,35943.33488,54172.68228,7275.275955,0,0,0
2060,10,28,7,98115.35253,54577.47756,38623.22392,55129.51854,7453.292002,0,0,0
2060,10,28,8,100350.8099,53384.73528,36280.33108,52418.42453,8218.900081,0,0,0
2060,10,28,9,104577.1264,54009.87757,36927.46461,54240.65521,8686.105284,0,0,0
2060,10,28,10,111906.4678,57437.5557,39142.23457,57461.3723,8935.571132,0,0,0
2060,10,28,11,117770.7406,57620.87398,39553.72284,58947.12831,8918.186752,0,0,0
2060,10,28,12,121088.9841,57969.60464,40210.93931,59562.88303,8778.503262,0,0,0
2060,10,28,13,119804.1046,57339.59472,40239.79738,59091.76634,8975.033674,0,0,0
2060,10,28,14,115823.6901,54553.48712,38954.22251,56752.26346,8996.503382,0,0,0
2060,10,28,15,120316.3353,58139.79772,41010.01232,59798.70214,8889.589448,0,0,0
2060,10,28,16,120044.6175,57422.34437,40347.059,59290.99134,8632.648317,0,0,0
2060,10,28,17,120416.9909,57121.24691,39692.79788,58015.93401,8386.485501,0,0,0
2060,10,28,18,115760.1502,56670.81764,39082.25846,57278.48863,9346.537866,0,0,0
2060,10,28,19,112520.571,58086.51459,42194.75779,61313.57698,9534.376088,0,0,0
2060,10,28,20,109931.3415,60626.11169,46477.48664,61637.5349,9521.077038,0,0,0
2060,10,28,21,110222.2691,60670.44186,46783.01711,62309.35425,9068.474714,0,0,0
2060,10,28,22,112424.5223,60587.17068,45634.43115,61422.4032,8486.619528,0,0,0
2060,10,28,23,111405.8846,59203.63483,43246.68661,59623.4676,8039.145596,0,0,0
2060,10,28,24,109983.3208,57745.1723,40959.33686,58412.90632,7750.39105,0,0,0
2060,10,29,1,107923.7934,56528.09188,39463.58483,56464.20428,7466.069521,0,0,0
2060,10,29,2,104505.1551,55297.19088,37239.34038,55245.29851,7213.909095,0,0,0
2060,10,29,3,102206.8532,54168.51003,36090.84134,53977.62954,6993.735927,0,0,0
2060,10,29,4,100990.8158,52445.63109,35179.55216,53229.49277,6975.308484,0,0,0
2060,10,29,5,97058.12148,51622.21995,34734.59896,52857.90165,7146.718467,0,0,0
2060,10,29,6,96616.29747,52327.59115,35935.59883,54160.94783,7273.624439,0,0,0
2060,10,29,7,98093.70897,54566.00387,38614.70557,55117.52332,7451.553564,0,0,0
2060,10,29,8,100328.7317,53373.34851,36272.50811,52406.777,8217.161643,0,0,0
2060,10,29,9,104554.266,53998.31696,36919.64164,54229.00767,8684.453768,0,0,0
2060,10,29,10,111882.3035,57424.60434,39133.89007,57449.02939,8933.65885,0,0,0
2060,10,29,11,117744.664,57608.18339,39545.20449,58934.26387,8916.100627,0,0,0
2060,10,29,12,121061.4298,57957.00096,40201.89943,59549.49706,8776.504058,0,0,0
2060,10,29,13,119777.0718,57327.07797,40231.19211,59078.46729,8973.03447,0,0,0
2060,10,29,14,115798.3089,54541.66574,38945.70416,56740.18131,8994.417257,0,0,0
2060,10,29,15,120289.2157,58127.0202,41000.62476,59785.49001,8887.85101,0,0,0
2060,10,29,16,120017.5847,57409.56685,40338.27989,59277.86613,8630.822957,0,0,0
2060,10,29,17,120389.6974,57108.99093,39684.10569,58003.33034,8384.660141,0,0,0
2060,10,29,18,115734.8559,56658.64857,39073.6532,57266.0588,9344.364819,0,0,0
2060,10,29,19,112495.4506,58073.91092,42185.28331,61299.93025,9532.203041,0,0,0
2060,10,29,20,109906.9165,60612.29111,46466.6214,61623.36663,9518.817068,0,0,0
2060,10,29,21,110197.6702,60656.44743,46771.97803,62295.01214,9066.47551,0,0,0
2060,10,29,22,112399.5757,60573.26318,45623.65283,61408.14801,8484.794168,0,0,0
2060,10,29,23,111381.1988,59190.68346,43236.86443,59610.08162,8037.407158,0,0,0
2060,10,29,24,109958.9827,57732.65554,40950.64467,58400.56341,7748.652612,0,0,0
2060,10,30,1,107899.4552,56515.74897,39455.06649,56451.9483,7508.052798,0,0,0
2060,10,30,2,105081.4473,55593.94224,37442.30301,55541.0068,7254.849309,0,0,0
2060,10,30,3,102768.1948,54461.43683,36289.5448,54270.03481,7033.28539,0,0,0
2060,10,30,4,101548.8544,52726.38882,35374.86566,53519.81191,7014.857948,0,0,0
2060,10,30,5,97592.60423,51904.88996,34927.73942,53144.74392,7186.702541,0,0,0
2060,10,30,6,97144.86953,52612.43421,36130.99926,54451.09312,7315.086184,0,0,0
2060,10,30,7,98628.71326,54857.10531,38825.66502,55418.62077,7493.362997,0,0,0
2060,10,30,8,100877.3828,53660.10385,36470.25542,52690.92469,8260.883358,0,0,0
2060,10,30,9,105123.1698,54287.59303,37120.17046,54518.8922,8730.435452,0,0,0
2060,10,30,10,112498.5798,57737.95778,39343.89338,57761.07901,8983.11741,0,0,0
2060,10,30,11,118396.0567,57924.05756,39758.16314,59259.091,8965.906874,0,0,0
2060,10,30,12,121754.4581,58276.00433,40422.68106,59883.01638,8824.137258,0,0,0
2060,10,30,13,120453.1504,57642.16985,40451.97374,59408.59666,9022.753796,0,0,0
2060,10,30,14,116430.4049,54830.15952,39152.6652,57043.27797,9044.397348,0,0,0
2060,10,30,15,120974.8556,58449.41352,41228.6209,60122.48621,8936.614195,0,0,0
2060,10,30,16,120698.7917,57726.22332,40561.66917,59608.86472,8676.370031,0,0,0
2060,10,30,17,121072.382,57415.21677,39899.58507,58316.33609,8429.337997,0,0,0
2060,10,30,18,116365.5612,56961.2237,39283.56958,57572.98002,9398.43024,0,0,0
2060,10,30,19,113105.0339,58391.61045,42424.92698,61644.31481,9587.919978,0,0,0
2060,10,30,20,110510.2414,60961.80406,46737.90465,61973.57496,9574.360161,0,0,0
2060,10,30,21,110809.5135,61005.26501,47044.91279,62649.21887,9117.498665,0,0,0
2060,10,30,22,113024.6311,60919.99463,45887.8954,61755.40099,8530.080477,0,0,0
2060,10,30,23,111999.9958,59521.0736,43484.418,59942.2102,8081.302717,0,0,0
2060,10,30,24,110570.2175,58054.0058,41176.20699,58718.34987,7792.113561,0,0,0
2060,10,31,1,108496.5217,56824.40863,39670.19818,56756.43571,7488.843059,0,0,0
2060,10,31,2,104818.9432,55458.431,37349.81811,55406.62555,7236.161101,0,0,0
2060,10,31,3,102512.8183,54327.31634,36198.79834,54137.39199,7015.205636,0,0,0
2060,10,31,4,101294.6079,52598.0921,35286.03148,53387.6037,6996.952037,0,0,0
2060,10,31,5,97349.48368,51776.854,34840.20907,53013.75262,7168.535864,0,0,0
2060,10,31,6,96904.44356,52483.0075,36041.90431,54318.62415,7296.224132,0,0,0
2060,10,31,7,98384.54965,54724.11481,38730.92015,55280.76264,7474.327102,0,0,0
2060,10,31,8,100628.4384,53530.76407,36379.68281,52562.45412,8240.630556,0,0,0
2060,10,31,9,104864.1425,54155.73251,37028.6417,54386.85784,8709.313431,0,0,0
2060,10,31,10,112215.8228,57595.40587,39248.27929,57618.9617,8960.778482,0,0,0
2060,10,31,11,118100.1746,57779.76721,39660.63677,59111.41069,8943.133337,0,0,0
2060,10,31,12,121437.367,58129.97554,40323.15548,59730.81614,8802.319862,0,0,0
2060,10,31,13,120144.4038,57497.0972,40351.23126,59258.13486,9000.154102,0,0,0
2060,10,31,14,116142.085,54699.0813,39058.1811,56905.33292,9021.536889,0,0,0
2060,10,31,15,120661.8498,58301.90706,41124.92307,59968.19984,8914.188345,0,0,0
2060,10,31,16,120387.3505,57580.80299,40459.10133,59458.31599,8655.595698,0,0,0
2060,10,31,17,120760.5062,57275.88097,39800.49411,58172.82804,8408.824429,0,0,0
2060,10,31,18,116078.7189,56823.1048,39188.21626,57432.51423,9373.74442,0,0,0
2060,10,31,19,112827.753,58245.49474,42315.49231,61487.24694,9562.538783,0,0,0
2060,10,31,20,110235.0466,60803.1716,46614.38863,61812.94329,9549.065889,0,0,0
2060,10,31,21,110530.1465,60845.93717,46920.61448,62487.63106,9094.290518,0,0,0
2060,10,31,22,112739.7881,60760.84063,45767.33473,61597.55082,8509.306143,0,0,0
2060,10,31,23,111716.8912,59370.09026,43372.20183,59791.66147,8061.31068,0,0,0
2060,10,31,24,110290.242,57906.76011,41072.94378,58572.49492,7772.208447,0,0,0
2060,11,1,1,108225.5862,56682.20441,39572.58489,56617.79528,7445.729797,0,0,0
2060,11,1,2,100575.503,53119.36272,36594.20605,54885.00724,7260.586154,0,0,0
2060,11,1,3,98096.05587,52685.97014,35530.80355,53794.83279,7058.92735,0,0,0
2060,11,1,4,94568.24371,51486.36102,34539.54622,52625.90711,6982.175314,0,0,0
2060,11,1,5,92859.18535,50870.43245,34159.43676,51765.55416,7147.935374,0,0,0
2060,11,1,6,91890.35387,51047.6662,35158.08245,53059.7343,7252.415496,0,0,0
2060,11,1,7,94199.69486,53683.48584,37541.22013,53799.52657,7334.382846,0,0,0
2060,11,1,8,93344.81799,51456.8945,35305.1543,51922.36126,8043.9263,0,0,0
2060,11,1,9,95676.49791,51383.8801,35365.91271,51146.32255,8550.246357,0,0,0
2060,11,1,10,100691.4568,54203.45264,37310.0948,55003.39486,8885.59104,0,0,0
2060,11,1,11,105565.95,54799.82378,38067.35838,55935.5453,8926.444332,0,0,0
2060,11,1,12,107292.8273,54772.5303,38568.20236,57319.255,8760.423507,0,0,0
2060,11,1,13,108009.4114,53646.89172,38526.39293,56486.28245,8859.94908,0,0,0
2060,11,1,14,103633.3285,52055.17792,37338.77903,54454.48308,8852.734563,0,0,0
2060,11,1,15,104176.3296,54053.51236,38173.66386,56221.43142,8757.989694,0,0,0
2060,11,1,16,104850.4958,53284.25356,37296.27422,54819.81582,8520.345224,0,0,0
2060,11,1,17,102820.1741,52409.12389,36599.85597,52984.80762,8358.49665,0,0,0
2060,11,1,18,100500.7502,51951.91471,36337.26492,53024.0094,9305.423808,0,0,0
2060,11,1,19,98928.24612,53648.02171,40099.7662,58342.15189,9309.59606,0,0,0
2060,11,1,20,103830.6412,56971.04587,43395.67074,58576.58025,9191.121512,0,0,0
2060,11,1,21,103675.2248,56816.32489,43117.43374,58959.47122,9021.797655,0,0,0
2060,11,1,22,101797.1034,56738.70364,42370.25311,58181.34638,8539.38112,0,0,0
2060,11,1,23,102005.629,54810.68902,40592.3526,55795.4272,8088.430312,0,0,0
2060,11,1,24,100238.6807,53209.7615,38493.01492,55051.46267,7878.774694,0,0,0
2060,11,2,1,100341.6831,52943.51972,37595.4594,54253.60657,7385.406,0,0,0
2060,11,2,2,95077.0845,50038.06835,35176.68374,51734.17535,7097.172985,0,0,0
2060,11,2,3,92594.50817,48732.58836,33974.64081,50345.16342,6848.315591,0,0,0
2060,11,2,4,90840.16349,46956.16553,33111.33251,48968.32055,6759.307567,0,0,0
2060,11,2,5,88589.49479,46145.27114,32532.17191,48725.63461,6849.706341,0,0,0
2060,11,2,6,86717.37094,47583.22011,33600.61588,49700.28986,6843.969496,0,0,0
2060,11,2,7,88690.67187,48221.57453,35319.49641,49643.52986,7090.653843,0,0,0
2060,11,2,8,86347.2575,46629.51304,32662.7286,46366.5743,7652.082383,0,0,0
2060,11,2,9,83789.4068,45598.09779,32115.64217,46331.89246,8232.199132,0,0,0
2060,11,2,10,86657.30791,45671.45988,32850.65374,47015.53319,8363.190432,0,0,0
2060,11,2,11,90978.10855,45879.02937,33118.19934,46806.74679,8431.945654,0,0,0
2060,11,2,12,93124.64482,46165.61087,33415.03763,47063.42715,8313.036497,0,0,0
2060,11,2,13,91097.0177,46452.54005,33391.1341,47422.76228,8423.253464,0,0,0
2060,11,2,14,92695.77218,44728.00959,33054.31175,47171.73184,8494.181733,0,0,0
2060,11,2,15,92418.4044,45397.22129,33488.22586,48357.69422,8371.187247,0,0,0
2060,11,2,16,92317.66192,45963.60438,32947.91934,46925.91671,8226.201521,0,0,0
2060,11,2,17,92358.94982,44247.59226,32885.4225,46592.13662,8104.33702,0,0,0
2060,11,2,18,91103.10224,45147.40775,33408.69233,47633.11327,9053.350304,0,0,0
2060,11,2,19,92193.62437,48024.69643,37394.93058,53789.35671,9230.149445,0,0,0
2060,11,2,20,97177.72601,51958.69462,41481.73746,55236.25863,9092.55208,0,0,0
2060,11,2,21,96631.07419,51707.22956,41157.08417,54965.67076,8850.213828,0,0,0
2060,11,2,22,96513.55579,51371.01566,40216.58924,54621.89465,8398.654567,0,0,0
2060,11,2,23,96920.52412,50079.26933,38775.85877,52996.45516,7896.419839,0,0,0
2060,11,2,24,95471.01454,49321.57115,36438.09432,51715.40022,7220.862847,0,0,0
2060,11,3,1,90077.42384,45460.93504,33699.27223,48605.42163,7394.445877,0,0,0
2060,11,3,2,103530.326,54788.35009,36896.95502,54739.15229,7145.327717,0,0,0
2060,11,3,3,101255.4061,53672.79445,35756.97433,53480.8709,6926.197612,0,0,0
2060,11,3,4,100049.5386,51962.08457,34847.94512,52737.51482,6908.117857,0,0,0
2060,11,3,5,96150.65686,51144.58412,34405.6865,52370.35672,7078.050168,0,0,0
2060,11,3,6,95715.00431,51845.17462,35601.29721,53666.44915,7203.565389,0,0,0
2060,11,3,7,97180.68136,54066.63757,38261.5419,54611.46403,7380.190686,0,0,0
2060,11,3,8,99399.97126,52883.19592,35934.90345,51921.83973,8141.713436,0,0,0
2060,11,3,9,103582.9138,53505.55671,36579.34241,53734.33515,8606.484825,0,0,0
2060,11,3,10,110843.2392,56898.29224,38777.59721,56926.7157,8850.822281,0,0,0
2060,11,3,11,116643.3636,57073.87448,39180.65405,58384.48286,8834.480964,0,0,0
2060,11,3,12,119899.7186,57412.86988,39829.87371,58986.59085,8697.578975,0,0,0
2060,11,3,13,118643.0018,56803.28661,39855.86336,58529.29474,8888.980994,0,0,0
2060,11,3,14,114723.6935,54049.94856,38593.40971,56224.82138,8909.755328,0,0,0
2060,11,3,15,119144.4543,57586.27907,40614.60461,59216.67311,8806.405191,0,0,0
2060,11,3,16,118881.4286,56885.34088,39960.34348,58721.47906,8553.636311,0,0,0
2060,11,3,17,119240.6768,56593.10946,39322.9452,57475.62749,8309.820387,0,0,0
2060,11,3,18,114664.6735,56146.93936,38718.05571,56749.74272,9253.792201,0,0,0
2060,11,3,19,111461.6885,57536.3859,41781.09648,60719.8135,9437.979703,0,0,0
2060,11,3,20,108880.5427,60028.87133,46007.41301,61030.12467,9425.115262,0,0,0
2060,11,3,21,109164.5165,60073.11457,46308.59739,61694.90335,8981.031284,0,0,0
2060,11,3,22,111342.4316,59986.71421,45176.70043,60822.12057,8407.5206,0,0,0
2060,11,3,23,110335.4414,58636.2956,42819.90009,59047.00157,7962.741247,0,0,0
2060,11,3,24,108927.6544,57193.47901,40567.23217,57859.64844,7674.768999,0,0,0
2060,11,4,1,106891.5958,55994.56527,39094.42753,55935.89299,7388.100579,0,0,0
2060,11,4,2,103444.0126,54743.75915,36866.7062,54694.7352,7139.156262,0,0,0
2060,11,4,3,101171.2657,53628.72504,35727.16012,53436.80149,6920.286923,0,0,0
2060,11,4,4,99966.26743,51919.49284,34818.65244,52694.1408,6902.120246,0,0,0
2060,11,4,5,96070.16719,51101.99239,34376.39382,52327.24346,7071.965635,0,0,0
2060,11,4,6,95635.03616,51802.58289,35571.65684,53622.9882,7197.393934,0,0,0
2060,11,4,7,97100.62629,54023.35046,38230.25002,54566.61233,7373.845387,0,0,0
2060,11,4,8,99318.26468,52839.38729,35904.9154,51878.81339,8135.02045,0,0,0
2060,11,4,9,103497.7303,53461.92192,36549.09359,53690.70036,8599.617995,0,0,0
2060,11,4,10,110752.7535,56852.31056,38746.47917,56879.77788,8843.868529,0,0,0
2060,11,4,11,116546.7933,57028.06664,39148.75372,58335.98044,8827.092603,0,0,0
2060,11,4,12,119798.1939,57366.01898,39797.19108,58937.5669,8690.625223,0,0,0
2060,11,4,13,118544.1716,56758.08722,39822.91996,58480.96617,8881.592633,0,0,0
2060,11,4,14,114629.4701,54006.31377,38562.11783,56179.79583,8902.280045,0,0,0
2060,11,4,15,119044.8418,57538.81971,40580.53122,59167.56224,8799.277595,0,0,0
2060,11,4,16,118781.8161,56838.83767,39927.22624,58673.2374,8546.595637,0,0,0
2060,11,4,17,119140.0213,56548.4316,39291.21871,57429.29812,8302.953557,0,0,0
2060,11,4,18,114569.8417,56101.73997,38686.67691,56704.0218,9245.882308,0,0,0
2060,11,4,19,111369.3774,57490.7519,41745.4585,60668.96419,9429.809045,0,0,0
2060,11,4,20,108790.8393,59977.76125,45967.2551,60978.40614,9416.857682,0,0,0
2060,11,4,21,109074.0308,60022.61295,46268.09179,61642.22868,8973.382157,0,0,0
2060,11,4,22,111250.2944,59934.90876,45137.6725,60770.40204,8400.65377,0,0,0
2060,11,4,23,110245.1296,58588.22779,42783.21904,58997.89069,7956.222105,0,0,0
2060,11,4,24,108837.3425,57146.36734,40533.68032,57812.53677,7668.249856,0,0,0
2060,11,5,1,106802.6747,55948.84435,39062.78796,55890.08515,7386.449063,0,0,0
2060,11,5,2,103421.4129,54732.0247,36858.79631,54683.08767,7137.591668,0,0,0
2060,11,5,3,101149.5352,53617.51212,35719.33715,53425.41472,6918.722329,0,0,0
2060,11,5,4,99944.7108,51907.8453,34811.00331,52682.92787,6900.555652,0,0,0
2060,11,5,5,96049.21901,51091.30099,34368.65777,52315.94362,7070.401041,0,0,0
2060,11,5,6,95614.26183,51791.5438,35564.00771,53611.77527,7195.742418,0,0,0
2060,11,5,7,97079.2435,54011.44216,38222.2532,54554.87787,7372.193871,0,0,0
2060,11,5,8,99296.88189,52828.00052,35896.91858,51867.60047,8133.19509,0,0,0
2060,11,5,9,103475.3045,53450.88284,36541.00985,53679.22667,8597.879557,0,0,0
2060,11,5,10,110728.6761,56840.5761,38738.39543,56868.21727,8841.956247,0,0,0
2060,11,5,11,116522.0206,57016.07142,39140.49614,58323.46369,8825.267243,0,0,0
2060,11,5,12,119772.2911,57353.67607,39788.67273,58924.78938,8688.799863,0,0,0
2060,11,5,13,118518.8774,56746.00508,39814.48853,58468.62326,8879.680351,0,0,0
2060,11,5,14,114605.132,53994.66624,38553.77332,56167.88753,8900.367763,0,0,0
2060,11,5,15,119019.026,57526.12911,40571.83903,59154.78472,8797.452236,0,0,0
2060,11,5,16,118756.1742,56826.84244,39918.88173,58660.54681,8544.770278,0,0,0
2060,11,5,17,119113.8578,56536.78407,39283.22189,57417.56366,8301.128197,0,0,0
2060,11,5,18,114546.112,56089.83167,38678.59317,56692.54811,9243.796183,0,0,0
2060,11,5,19,111345.6477,57478.66976,41736.50555,60656.09975,9427.635997,0,0,0
2060,11,5,20,108767.7181,59964.89681,45956.82447,60965.02017,9414.771556,0,0,0
2060,11,5,21,109050.9096,60009.40082,46257.74808,61628.58194,8971.556798,0,0,0
2060,11,5,22,111226.217,59922.04432,45127.58956,60756.92915,8399.002254,0,0,0
2060,11,5,23,110221.7476,58575.45027,42773.83148,58984.67857,7954.570589,0,0,0
2060,11,5,24,108813.8736,57134.19828,40524.98813,57800.3677,7666.511418,0,0,0
2060,11,6,1,106779.7273,55937.10989,39054.35653,55878.43761,7428.258496,0,0,0
2060,11,6,2,103988.926,55029.47143,37058.54283,54977.83983,7177.575741,0,0,0
2060,11,6,3,101703.4885,53907.48357,35914.56373,53715.21233,6957.924105,0,0,0
2060,11,6,4,100491.7972,52190.34147,35004.23069,52968.72707,6939.670506,0,0,0
2060,11,6,5,96578.66029,51368.92954,34560.66824,52600.43899,7110.298192,0,0,0
2060,11,6,6,96139.00933,52070.73694,35758.97353,53899.48676,7236.421866,0,0,0
2060,11,6,7,97610.94475,54301.67438,38426.69351,54850.23848,7413.742539,0,0,0
2060,11,6,8,99836.7538,53114.14741,36093.70976,52150.44432,8177.351414,0,0,0
2060,11,6,9,104040.4706,53738.33356,36739.53946,53967.80737,8643.165866,0,0,0
2060,11,6,10,111330.9579,57144.10737,38944.31341,57171.57469,8889.502526,0,0,0
2060,11,6,11,117160.375,57323.77494,39352.49865,58642.81474,8872.465834,0,0,0
2060,11,6,12,120445.0666,57668.59411,40003.63058,59250.83342,8735.042313,0,0,0
2060,11,6,13,119173.3993,57047.3633,40031.79328,58787.27894,8928.356614,0,0,0
2060,11,6,14,115227.6666,54280.7262,38759.51746,56467.94193,8949.739401,0,0,0
2060,11,6,15,119680.4147,57841.13407,40795.40216,59484.65332,8844.737748,0,0,0
2060,11,6,16,119414.7814,57130.98217,40138.53337,58982.4186,8590.317352,0,0,0
2060,11,6,17,119779.5926,56833.18774,39492.52982,57723.87643,8345.110677,0,0,0
2060,11,6,18,115167.0821,56387.01764,38885.38036,56993.12404,9296.644697,0,0,0
2060,11,6,19,111947.5819,57787.67711,41971.7162,60992.22673,9482.136027,0,0,0
2060,11,6,20,109363.3938,60300.84995,46223.24009,61309.92626,9468.923899,0,0,0
2060,11,6,21,109649.5407,60345.35396,46525.98906,61975.92185,9021.189201,0,0,0
2060,11,6,22,111838.6687,60263.03892,45386.61682,61097.66299,8444.11472,0,0,0
2060,11,6,23,110825.594,58896.01823,43014.77898,59311.59182,7997.770772,0,0,0
2060,11,6,24,109411.027,57446.85634,40747.1605,58114.24268,7709.885446,0,0,0
2060,11,7,1,107363.8425,56239.25041,39262.79525,56177.36202,7409.2226,0,0,0
2060,11,7,2,103730.7679,54893.35174,36967.79637,54843.02396,7159.409065,0,0,0
2060,11,7,3,101450.8065,53775.44921,35825.81647,53583.52566,6940.105115,0,0,0
2060,11,7,4,100242.9398,52061.08861,34916.17881,52838.43115,6921.851517,0,0,0
2060,11,7,5,96337.27818,51242.45817,34473.31174,52470.6646,7092.131515,0,0,0
2060,11,7,6,95899.01797,51943.1356,35670.22627,53767.887,7217.907502,0,0,0
2060,11,7,7,97368.51958,54169.46617,38333.86092,54715.16185,7394.706643,0,0,0
2060,11,7,8,99590.67791,52984.11225,36004.35405,52021.79991,8157.098612,0,0,0
2060,11,7,9,103782.1388,53606.55996,36649.83607,53835.77301,8622.391533,0,0,0
2060,11,7,10,111054.3724,57006.33616,38849.82931,57033.54272,8867.685129,0,0,0
2060,11,7,11,116869.6213,57182.00532,39255.66765,58497.13364,8850.822281,0,0,0
2060,11,7,12,120136.407,57524.30375,39905.40884,59101.58852,8714.007213,0,0,0
2060,11,7,13,118873.3449,56908.37518,39932.18078,58642.55397,8905.930764,0,0,0
2060,11,7,14,114943.3451,54150.95181,38665.81565,56330.86609,8927.22663,0,0,0
2060,11,7,15,119377.8396,57697.19141,40694.31199,59333.3223,8823.354961,0,0,0
2060,11,7,16,119111.9455,56992.16789,40038.2255,58835.78135,8569.716862,0,0,0
2060,11,7,17,119475.6267,56696.54652,39396.48113,57583.75833,8325.118641,0,0,0
2060,11,7,18,114884.0644,56251.41948,38790.46165,56855.70051,9272.393487,0,0,0
2060,11,7,19,111674.5602,57644.42982,41864.36766,60837.76651,9457.189443,0,0,0
2060,11,7,20,109090.7198,60147.69356,46101.46251,61152.16302,9443.977314,0,0,0
2060,11,7,21,109374.2591,60191.24143,46403.16842,61817.28938,8998.589508,0,0,0
2060,11,7,22,111557.7372,60106.57951,45268.48996,60941.89895,8423.427308,0,0,0
2060,11,7,23,110548.487,58749.20714,42905.17047,59161.73847,7978.039502,0,0,0
2060,11,7,24,109137.8315,57303.86982,40645.28804,57970.6477,7690.067253,0,0,0
2060,11,8,1,107097.6007,56099.91461,39168.57191,56041.24233,7366.370104,0,0,0
2060,11,8,2,99538.87245,52579.92542,36218.35576,54324.96945,7183.138743,0,0,0
2060,11,8,3,97080.8081,52147.48898,35159.90781,53242.27029,6983.305299,0,0,0
2060,11,8,4,93575.8564,50953.26902,34173.25734,52083.07985,6907.33556,0,0,0
2060,11,8,5,91878.44557,50343.33806,33795.92938,51229.33297,7071.617947,0,0,0
2060,11,8,6,90918.82781,50515.70418,34789.5336,52519.08009,7175.22885,0,0,0
2060,11,8,7,93213.39208,53133.53099,37159.02455,53246.61638,7255.718528,0,0,0
2060,11,8,8,92362.4267,50918.32642,34937.04006,51387.4439,7960.828966,0,0,0
2060,11,8,9,94675.15764,50849.39735,34995.5385,50612.44826,8464.019834,0,0,0
2060,11,8,10,99653.87012,53645.93558,36927.98614,54447.26856,8795.279188,0,0,0
2060,11,8,11,104489.5092,54231.18072,37680.12132,55371.24834,8834.915574,0,0,0
2060,11,8,12,106201.0883,54212.23175,38175.4023,56744.78817,8672.980077,0,0,0
2060,11,8,13,106906.8072,53099.89222,38134.37516,55919.98628,8769.811072,0,0,0
2060,11,8,14,102554.0193,51513.56757,36956.93113,53905.04976,8762.944242,0,0,0
2060,11,8,15,103100.6711,53506.25209,37784.60145,55656.26524,8670.633186,0,0,0
2060,11,8,16,103770.8389,52734.73332,36914.77401,54266.90562,8434.292545,0,0,0
2060,11,8,17,101759.1185,51868.46968,36221.91956,52442.32806,8274.790862,0,0,0
2060,11,8,18,99451.3421,51408.21823,35962.28385,52479.18294,9205.985157,0,0,0
2060,11,8,19,97892.31094,53098.06686,39684.19261,57733.17708,9209.80972,0,0,0
2060,11,8,20,102755.8519,56397.79595,42929.76936,57957.87018,9095.333581,0,0,0
2060,11,8,21,102601.6525,56242.90113,42653.79234,58336.50197,8927.574317,0,0,0
2060,11,8,22,100745.9569,56170.32135,41921.56227,57568.02547,8453.328441,0,0,0
2060,11,8,23,100952.2225,54257.95267,40168.78219,55218.70041,8004.811446,0,0,0
2060,11,8,24,99206.91772,52664.50043,38104.30019,54490.12106,7796.285812,0,0,0
2060,11,9,1,99301.40183,52399.2148,37213.08997,53701.39175,7318.041529,0,0,0
2060,11,9,2,94222.12071,49586.24833,34859.67957,51273.75006,7032.155406,0,0,0
2060,11,9,3,91756.05954,48288.59131,33664.24271,49890.56189,6785.123371,0,0,0
2060,11,9,4,90011.88473,46522.5991,32807.97509,48521.88968,6696.897644,0,0,0
2060,11,9,5,87776.86196,45717.6154,32232.20444,48280.59449,6786.601043,0,0,0
2060,11,9,6,85916.47257,47146.61141,33293.34697,49252.55516,6780.777276,0,0,0
2060,11,9,7,87879.77749,47778.8813,35002.75302,49197.01207,7025.636263,0,0,0
2060,11,9,8,85550.6183,46198.55427,32361.02269,45940.48315,7582.457943,0,0,0
2060,11,9,9,83011.45581,45177.13504,31818.10851,45903.71519,8160.66241,0,0,0
2060,11,9,10,85858.2349,45249.80175,32548.16554,46581.61907,8291.914476,0,0,0
2060,11,9,11,90149.74286,45455.6328,32814.755,46373.61497,8359.626634,0,0,0
2060,11,9,12,92275.15711,45738.99819,33109.42023,46627.33999,8240.8044,0,0,0
2060,11,9,13,90264.39284,46023.75433,33085.8644,46984.06746,8351.021367,0,0,0
2060,11,9,14,91848.37059,44312.34908,32751.91046,46735.12314,8420.906573,0,0,0
2060,11,9,15,91572.82817,44976.34546,33182.08694,47913.52332,8300.085134,0,0,0
2060,11,9,16,91476.60563,45538.90398,32646.30036,46490.87261,8154.490955,0,0,0
2060,11,9,17,91514.41666,43836.19092,32583.89044,46159.26557,8032.800297,0,0,0
2060,11,9,18,90274.82347,44729.92188,33103.42262,47192.94078,8972.252173,0,0,0
2060,11,9,19,91353.4373,47582.7855,37067.06118,53318.1531,9147.834407,0,0,0
2060,11,9,20,96309.81086,51493.14093,41109.79866,54738.89153,9010.497808,0,0,0
2060,11,9,21,95766.80976,51240.9805,40787.66611,54470.99824,8773.287948,0,0,0
2060,11,9,22,95649.98673,50905.80966,39859.86177,54136.17509,8327.030923,0,0,0
2060,11,9,23,96047.13288,49625.10241,38434.77724,52533.16144,7826.013102,0,0,0
2060,11,9,24,94612.05234,48872.79339,36115.96177,51258.27796,7155.497579,0,0,0
2060,11,10,1,89252.4481,45038.58154,33391.56871,48158.90384,7327.168328,0,0,0
2060,11,10,2,102613.4738,54309.06274,36573.69248,54263.86335,7079.96245,0,0,0
2060,11,10,3,100362.1098,53210.9784,35439.62248,53012.1011,6862.831548,0,0,0
2060,11,10,4,99168.41132,51503.31079,34534.59167,52273.7865,6844.838715,0,0,0
2060,11,10,5,95295.69307,50694.41561,34093.02843,51909.93143,7013.206432,0,0,0
2060,11,10,6,94862.12664,51390.2254,35284.20612,53200.72162,7138.373965,0,0,0
2060,11,10,7,96320.41533,53598.56315,37930.1087,54130.17748,7312.913137,0,0,0
2060,11,10,8,98524.05929,52416.94686,35617.03007,51462.19673,8069.742104,0,0,0
2060,11,10,9,102668.4954,53043.13222,36258.07907,53264.9569,8532.861978,0,0,0
2060,11,10,10,109874.8423,56413.70266,38444.42558,56438.82309,8773.896401,0,0,0
2060,11,10,11,115608.993,56582.85268,38842.35403,57871.8175,8757.642006,0,0,0
2060,11,10,12,118820.1487,56908.98364,39482.35996,58462.53872,8623.347674,0,0,0
2060,11,10,13,117588.7261,56316.87167,39508.95806,58019.41089,8811.533583,0,0,0
2060,11,10,14,113719.3109,53583.09105,38259.97731,55743.53483,8832.047151,0,0,0
2060,11,10,15,118082.3556,57080.82823,40252.5749,58689.40488,8730.696218,0,0,0
2060,11,10,16,117823.676,56402.14205,39612.39512,58204.8153,8479.665776,0,0,0
2060,11,10,17,118173.2759,56113.03982,38981.68983,56980.43344,8237.675211,0,0,0
2060,11,10,18,113654.2933,55667.2174,38386.36175,56265.50083,9170.694866,0,0,0
2060,11,10,19,110482.0787,57040.84416,41401.76932,60178.37699,9350.188586,0,0,0
2060,11,10,20,107921.4465,59495.51856,45577.41038,60477.38832,9337.324145,0,0,0
2060,11,10,21,108202.7257,59531.24346,45873.90098,61130.34562,8900.628529,0,0,0
2060,11,10,22,110349.5228,59440.23623,44759.3884,60271.81803,8335.896956,0,0,0
2060,11,10,23,109363.8284,58120.32721,42428.83847,58522.08022,7892.508354,0,0,0
2060,11,10,24,107964.299,56692.20042,40208.59242,57351.67687,7605.23148,0,0,0
2060,11,11,1,105943.7125,55509.01955,38757.08364,55451.91186,7320.909951,0,0,0
2060,11,11,2,102528.5511,54265.60179,36543.35674,54219.62011,7073.877917,0,0,0
2060,11,11,3,100278.317,53167.43053,35409.89519,52968.0317,6856.920859,0,0,0
2060,11,11,4,99085.7486,51460.71906,34505.29899,52230.41247,6839.014948,0,0,0
2060,11,11,5,95215.81185,50652.25849,34063.73575,51866.99201,7007.208821,0,0,0
2060,11,11,6,94782.76695,51347.37291,35254.7396,53157.08683,7132.20251,0,0,0
2060,11,11,7,96240.27334,53554.3199,37898.90374,54085.76039,7306.65476,0,0,0
2060,11,11,8,98442.26579,52373.13823,35587.30278,51419.17039,8062.962196,0,0,0
2060,11,11,9,102583.3119,52999.58435,36227.91717,53221.23519,8525.821304,0,0,0
2060,11,11,10,109784.0958,56368.41635,38413.48138,56393.44986,8766.855727,0,0,0
2060,11,11,11,115513.6397,56537.56637,38811.14906,57824.35815,8750.862098,0,0,0
2060,11,11,12,118721.2316,56864.13194,39450.19886,58414.29707,8616.567765,0,0,0
2060,11,11,13,117491.8951,56272.80226,39476.79696,57972.03845,8804.405987,0,0,0
2060,11,11,14,113625.8699,53540.49932,38229.12003,55698.85697,8824.832633,0,0,0
2060,11,11,15,117983.6992,57034.84655,40219.02305,58640.90246,8723.568622,0,0,0
2060,11,11,16,117725.7151,56357.29035,39580.32094,58157.1821,8472.712024,0,0,0
2060,11,11,17,118075.1411,56068.62273,38950.39794,56934.53868,8230.982225,0,0,0
2060,11,11,18,113559.8962,55622.88723,38355.24371,56220.90989,9163.132661,0,0,0
2060,11,11,19,110391.2453,56995.21016,41366.91364,60127.52768,9342.017928,0,0,0
2060,11,11,20,107832.8731,59446.49461,45538.20861,60426.45209,9329.240409,0,0,0
2060,11,11,21,108113.8916,59482.04567,45833.56922,61078.27941,8893.240167,0,0,0
2060,11,11,22,110257.5594,59389.73461,44720.53431,60220.96872,8329.030126,0,0,0
2060,11,11,23,109273.5166,58072.34632,42392.93972,58473.75165,7885.989211,0,0,0
2060,11,11,24,107875.0302,56645.61029,40175.21441,57304.21751,7598.79926,0,0,0
2060,11,12,1,105856.7037,55463.47247,38725.18331,55407.06016,7319.171513,0,0,0
2060,11,12,2,102505.7776,54253.95426,36535.09916,54207.62489,7072.313323,0,0,0
2060,11,12,3,100256.152,53155.86992,35401.89837,52956.55801,6855.356265,0,0,0
2060,11,12,4,99064.10505,51449.41921,34497.3891,52219.19954,6837.450354,0,0,0
2060,11,12,5,95194.68983,50641.39325,34055.91278,51855.77909,7005.644227,0,0,0
2060,11,12,6,94761.9057,51336.15998,35246.82971,53145.43929,7130.550994,0,0,0
2060,11,12,7,96219.15132,53542.49852,37890.55924,54073.85209,7304.916322,0,0,0
2060,11,12,8,98420.53531,52361.49069,35579.39289,51407.95747,8061.223758,0,0,0
2060,11,12,9,102560.7122,52987.84989,36219.92036,53209.93534,8523.995944,0,0,0
2060,11,12,10,109760.54,56355.98652,38405.31072,56381.28079,8764.856524,0,0,0
2060,11,12,11,115488.4323,56525.65807,38802.63072,57812.10216,8749.036738,0,0,0
2060,11,12,12,118694.3727,56851.87595,39441.50667,58401.78032,8614.655484,0,0,0
2060,11,12,13,117465.9924,56261.4155,39468.10477,57959.17401,8802.406784,0,0,0
2060,11,12,14,113601.5317,53528.59102,38220.86245,55687.12252,8823.007274,0,0,0
2060,11,12,15,117957.7965,57022.50364,40210.15701,58627.9511,8721.65634,0,0,0
2060,11,12,16,117699.8123,56345.46897,39571.62875,58144.40458,8470.799742,0,0,0
2060,11,12,17,118048.8037,56056.6275,38941.8796,56922.36961,8229.156865,0,0,0
2060,11,12,18,113534.9496,55610.97893,38347.07305,56208.82775,9161.046536,0,0,0
2060,11,12,19,110366.8202,56983.38878,41357.61299,60114.31555,9339.931802,0,0,0
2060,11,12,20,107809.4041,59433.19556,45527.60414,60412.80535,9327.067361,0,0,0
2060,11,12,21,108090.3357,59469.00738,45822.96475,61064.3719,8891.240964,0,0,0
2060,11,12,22,110232.7867,59376.34864,44710.27753,60207.49583,8327.37861,0,0,0
2060,11,12,23,109249.1785,58059.65573,42383.46523,58460.62644,7884.250773,0,0,0
2060,11,12,24,107851.4743,56633.09353,40166.26146,57291.52691,7597.060822,0,0,0
2060,11,13,1,105833.2348,55451.56417,38716.49112,55395.06494,7360.546337,0,0,0
2060,11,13,2,103065.6416,54546.44645,36733.54185,54499.59554,7112.297396,0,0,0
2060,11,13,3,100805.3245,53440.19145,35596.86419,53244.09565,6894.297275,0,0,0
2060,11,13,4,99603.62927,51730.87232,34689.83418,52503.78184,6876.21752,0,0,0
2060,11,13,5,95718.1335,50917.80488,34248.18402,52138.01449,7045.367534,0,0,0
2060,11,13,6,95285.69705,51616.91771,35441.7086,53432.02079,7170.708911,0,0,0
2060,11,13,7,96746.94108,53831.94844,38093.69572,54368.95193,7346.204224,0,0,0
2060,11,13,8,98958.06033,52647.98527,35773.83718,51690.01903,8105.119317,0,0,0
2060,11,13,9,103122.8362,53272.34526,36417.31999,53497.5599,8569.716862,0,0,0
2060,11,13,10,110355.1727,56653.34634,38609.40334,56679.59675,8812.142036,0,0,0
2060,11,13,11,116120.7022,56825.10401,39008.37485,58124.76023,8795.713798,0,0,0
2060,11,13,12,119353.936,57156.36336,39653.5961,58721.39214,8660.115636,0,0,0
2060,11,13,13,118110.3445,56558.25378,39680.02036,58270.96286,8849.779218,0,0,0
2060,11,13,14,114216.5911,53812.99947,38424.60738,55982.65697,8870.205864,0,0,0
2060,11,13,15,118607.7116,57330.20716,40430.85171,58950.51826,8767.811868,0,0,0
2060,11,13,16,118347.2935,56638.04808,39783.89203,58459.49646,8516.259895,0,0,0
2060,11,13,17,118700.5441,56351.37966,39151.18753,57226.07472,8273.31319,0,0,0
2060,11,13,18,114153.225,55904.16649,38551.07874,56504.62297,9211.461237,0,0,0
2060,11,13,19,110968.4936,57286.92005,41589.08601,60447.05258,9393.823379,0,0,0
2060,11,13,20,108396.9093,59757.15347,45790.02135,60750.93154,9380.698172,0,0,0
2060,11,13,21,108680.0139,59799.39752,46089.20652,61409.88645,8940.438758,0,0,0
2060,11,13,22,110842.8915,59710.56334,44965.82791,60544.05742,8371.100325,0,0,0
2060,11,13,23,109846.0711,58376.57297,42621.71816,58780.84671,7927.364035,0,0,0
2060,11,13,24,108439.6748,56938.97169,40386.26078,57603.83729,7639.826396,0,0,0
2060,11,14,1,106412.5692,55749.96705,38923.45216,55691.46861,7341.771207,0,0,0
2060,11,14,2,102811.1342,54412.67364,36643.57769,54367.21349,7094.043797,0,0,0
2060,11,14,3,100554.9894,53310.93858,35508.20386,53113.36511,6876.565208,0,0,0
2060,11,14,4,99358.94412,51602.83636,34602.47768,52373.92052,6858.485453,0,0,0
2060,11,14,5,95479.27212,50791.59429,34160.56675,52009.71777,7027.200857,0,0,0
2060,11,14,6,95046.9226,51489.40329,35352.87442,53301.72486,7152.542235,0,0,0
2060,11,14,7,96506.8628,53700.60945,38002.08004,54234.04914,7327.429094,0,0,0
2060,11,14,8,98712.33212,52517.95011,35685.43761,51561.20077,8085.12728,0,0,0
2060,11,14,9,102866.6773,53143.44009,36327.61659,53365.96015,8548.942529,0,0,0
2060,11,14,10,110084.5848,56519.57353,38515.61461,56543.82474,8790.846171,0,0,0
2060,11,14,11,115832.2084,56688.63663,38914.41228,57982.12139,8773.896401,0,0,0
2060,11,14,12,119052.5778,57017.02756,39556.76511,58575.45027,8639.602068,0,0,0
2060,11,14,13,117816.0269,56421.52563,39583.53705,58128.67171,8828.309509,0,0,0
2060,11,14,14,113935.6595,53682.18201,38331.68787,55848.53648,8848.649234,0,0,0
2060,11,14,15,118310.5256,57190.00213,40330.02231,58803.70717,8747.124457,0,0,0
2060,11,14,16,118051.4114,56504.62297,39687.23488,58316.24917,8495.572483,0,0,0
2060,11,14,17,118402.3151,56216.47687,39055.57344,57087.8689,8253.060387,0,0,0
2060,11,14,18,113871.2504,55770.74138,38457.98539,56369.11173,9188.513855,0,0,0
2060,11,14,19,110695.385,57148.80115,41483.82359,60296.33001,9369.224482,0,0,0
2060,11,14,20,108128.929,59608.43011,45670.06913,60596.90593,9356.099275,0,0,0
2060,11,14,21,108410.3821,59648.5011,45967.68971,61252.73165,8917.925986,0,0,0
2060,11,14,22,110564.3068,59557.5808,44849.61333,60389.94489,8351.19521,0,0,0
2060,11,14,23,109573.7448,58232.6303,42512.7181,58634.12255,7907.806608,0,0,0
2060,11,14,24,108172.2161,56800.50511,40286.12675,57461.11153,7620.355891,0,0,0
2060,11,15,1,106148.7613,55615.06426,38828.96805,55555.95737,7299.266399,0,0,0
2060,11,15,2,98659.30977,52120.9778,35898.91779,53850.54973,7117.773475,0,0,0
2060,11,15,3,96220.02054,51688.10675,34844.38132,52772.71819,6919.24386,0,0,0
2060,11,15,4,92733.40936,50501.27515,33863.03309,51622.91532,6844.14334,0,0,0
2060,11,15,5,91046.42916,49891.69188,33486.57435,50772.03686,7006.861133,0,0,0
2060,11,15,6,90092.3744,50060.66805,34475.91939,52059.26325,7109.863583,0,0,0
2060,11,15,7,92377.72495,52664.93504,36833.41511,52777.93351,7189.397119,0,0,0
2060,11,15,8,91524.58652,50459.11803,34623.16509,50932.23392,7890.596072,0,0,0
2060,11,15,9,93821.41076,50393.49199,34680.27278,50155.67368,8390.744674,0,0,0
2060,11,15,10,98771.26517,53173.60199,36605.15821,53979.80259,8719.570215,0,0,0
2060,11,15,11,103574.6562,53748.67726,37351.99116,54897.26323,8758.076616,0,0,0
2060,11,15,12,105271.024,53739.55046,37843.36065,56257.93862,8599.183386,0,0,0
2060,11,15,13,105973.6137,52634.5993,37802.33351,55438.00435,8694.884396,0,0,0
2060,11,15,14,101638.4709,51052.70767,36632.45169,53438.27917,8688.19141,0,0,0
2060,11,15,15,102188.4258,53038.09075,37455.77591,55177.23866,8596.923416,0,0,0
2060,11,15,16,102852.7698,52267.70196,36590.46841,53797.61429,8361.799682,0,0,0
2060,11,15,17,100855.1308,51410.39128,35899.61316,51980.42509,8203.167218,0,0,0
2060,11,15,18,98561.08802,50949.87906,35643.62817,52015.54154,9124.104729,0,0,0
2060,11,15,19,97012.05287,52627.21093,39332.8543,57219.6425,9128.016214,0,0,0
2060,11,15,20,101848.735,55911.20717,42537.23007,57433.38345,9013.279309,0,0,0
2060,11,15,21,101691.4063,55756.66003,42265.07761,57809.05989,8848.909999,0,0,0
2060,11,15,22,99854.65971,55688.42634,41540.93128,57053.79552,8380.053281,0,0,0
2060,11,15,23,100059.1869,53788.74826,39814.40161,54731.32932,7934.404709,0,0,0
2060,11,15,24,98329.35424,52201.90209,37775.04004,54014.48443,7725.792153,0,0,0
2060,11,16,1,98421.31761,51936.52953,36888.69744,53232.36119,7200.349279,0,0,0
2060,11,16,2,92728.54173,48796.91057,34304.42249,50467.81022,6919.070016,0,0,0
2060,11,16,3,90290.20864,47511.3357,33124.02311,49097.13881,6675.254092,0,0,0
2060,11,16,4,88566.11279,45766.20475,32277.75151,47741.76565,6587.984506,0,0,0
2060,11,16,5,86357.1666,44971.99936,31710.41228,47503.16504,6676.644842,0,0,0
2060,11,16,6,84519.46383,46383.69791,32756.34348,48468.17195,6670.907997,0,0,0
2060,11,16,7,86465.29744,47004.92872,34449.14745,48421.58181,6912.724718,0,0,0
2060,11,16,8,84160.30254,45447.20138,31835.05828,45197.12708,7461.288817,0,0,0
2060,11,16,9,81655.99573,44443.4273,31299.44555,45157.66454,8034.27797,0,0,0
2060,11,16,10,84464.87687,44514.70326,32020.81038,45824.3555,8165.616958,0,0,0
2060,11,16,11,88700.75481,44716.62283,32284.18373,45618.3506,8233.50296,0,0,0
2060,11,16,12,90800.44019,44995.64212,32576.24131,45867.29491,8114.767647,0,0,0
2060,11,16,13,88814.53558,45277.0083,32552.68547,46219.93705,8225.24538,0,0,0
2060,11,16,14,90373.21906,43588.55043,32223.51225,45973.51347,8294.348289,0,0,0
2060,11,16,15,90105.15192,44242.63771,32648.0388,47136.70231,8173.874538,0,0,0
2060,11,16,16,90012.5801,44798.41633,32119.29289,45732.73981,8028.193437,0,0,0
2060,11,16,17,90045.17581,43119.95448,32057.92603,45404.95734,7908.588905,0,0,0
2060,11,16,18,88828.0954,44002.8202,32570.50446,46425.3335,8833.264058,0,0,0
2060,11,16,19,89885.58721,46812.7444,36497.37506,52495.43734,9003.28329,0,0,0
2060,11,16,20,94794.8491,50674.51049,40466.142,53875.844,8869.684333,0,0,0
2060,11,16,21,94253.8472,50425.30541,40148.964,53612.12296,8641.862038,0,0,0
2060,11,16,22,94135.98111,50094.39374,39246.7147,53290.94655,8200.907248,0,0,0
2060,11,16,23,94529.47654,48828.89783,37847.88059,51723.48396,7702.062475,0,0,0
2060,11,16,24,93111.78038,48087.28019,35551.40404,50453.64195,7040.673752,0,0,0
2060,11,17,1,87812.32609,44302.96151,32854.56523,47379.04057,7209.215312,0,0,0
2060,11,17,2,101020.717,53486.69466,36006.35325,53433.49846,6966.094763,0,0,0
2060,11,17,3,98813.94382,52400.17094,34881.93158,52195.81755,6751.919206,0,0,0
2060,11,17,4,97628.76374,50706.67159,33983.94145,51463.76133,6734.100217,0,0,0
2060,11,17,5,93802.80947,49903.42633,33545.85508,51100.94932,6900.46873,0,0,0
2060,11,17,6,93378.28292,50590.97855,34729.03596,52385.91574,7023.723982,0,0,0
2060,11,17,7,94823.01179,52772.28358,37352.59961,53294.51035,7195.220887,0,0,0
2060,11,17,8,96990.06163,51602.48868,35059.51302,50656.6915,7944.661493,0,0,0
2060,11,17,9,101081.6492,52231.80322,35693.95595,52442.15421,8403.348349,0,0,0
2060,11,17,10,108189.9482,55575.5148,37861.35348,55585.33697,8642.470491,0,0,0
2060,11,17,11,113823.878,55741.97023,38255.89198,56994.86247,8626.303018,0,0,0
2060,11,17,12,116966.6261,56059.93054,38882.59886,57570.19852,8493.660201,0,0,0
2060,11,17,13,115771.0154,55483.46451,38908.76236,57135.76287,8678.630001,0,0,0
2060,11,17,14,111965.1401,52767.41596,37676.20984,54902.3047,8698.27435,0,0,0
2060,11,17,15,116254.0404,56225.60367,39629.7795,57788.72017,8599.791839,0,0,0
2060,11,17,16,116000.5761,55564.73648,39009.67868,57318.29886,8351.455976,0,0,0
2060,11,17,17,116343.3961,55277.11192,38392.5332,56118.08129,8111.377693,0,0,0
2060,11,17,18,111903.6863,54827.89955,37804.59348,55421.48919,9026.056828,0,0,0
2060,11,17,19,108785.3632,56189.00956,40750.81122,59238.40359,9199.987546,0,0,0
2060,11,17,20,106254.8929,58573.27722,44835.27122,59521.68205,9187.731558,0,0,0
2060,11,17,21,106529.8269,58608.9152,45124.28653,60157.16805,8764.508836,0,0,0
2060,11,17,22,108632.7284,58523.12329,44034.89438,59318.28481,8209.512516,0,0,0
2060,11,17,23,107673.1975,57220.85941,41753.10763,57613.92023,7768.210039,0,0,0
2060,11,17,24,106295.2247,55823.85066,39584.84088,56471.50572,7483.540823,0,0,0
2060,11,18,1,104298.281,54658.05416,38167.75317,54611.63787,7203.043857,0,0,0
2060,11,18,2,100937.0981,53443.92909,35976.27828,53389.6029,6960.097152,0,0,0
2060,11,18,3,98732.93261,52356.44922,34852.29121,52152.53045,6746.095439,0,0,0
2060,11,18,4,97547.31792,50664.6014,33954.82261,51420.12653,6728.189528,0,0,0
2060,11,18,5,93723.79747,49861.52998,33516.99701,51058.18375,6894.471119,0,0,0
2060,11,18,6,93299.79245,50548.21297,34699.65636,52343.23709,7017.639449,0,0,0
2060,11,18,7,94743.91286,52728.90955,37321.65542,53250.70171,7189.136354,0,0,0
2060,11,18,8,96908.70274,51559.37541,35030.04649,50613.83901,7938.055428,0,0,0
2060,11,18,9,100997.8565,52188.42919,35664.14174,52398.86711,8396.655363,0,0,0
2060,11,18,10,108101.0271,55531.18463,37830.32236,55539.70298,8635.429817,0,0,0
2060,11,18,11,113729.4808,55697.81391,38224.77394,56948.27234,8619.349266,0,0,0
2060,11,18,12,116870.3167,56015.51345,38850.35084,57523.6953,8486.793372,0,0,0
2060,11,18,13,115675.2275,55438.78665,38877.29663,57090.04195,8671.763171,0,0,0
2060,11,18,14,111872.5683,52723.95501,37645.43949,54857.62684,8691.233676,0,0,0
2060,11,18,15,116157.2963,56180.75197,39597.6184,57742.04311,8593.185775,0,0,0
2060,11,18,16,115905.049,55520.49324,38977.95219,57272.23025,8344.936834,0,0,0
2060,11,18,17,116246.5651,55233.04252,38361.32824,56072.27345,8104.597785,0,0,0
2060,11,18,18,111810.9406,54784.26476,37773.82313,55376.55057,9018.494623,0,0,0
2060,11,18,19,108695.6598,56144.3317,40716.9986,59189.20579,9192.077653,0,0,0
2060,11,18,20,106167.3626,58525.12249,44796.06944,59471.00659,9180.169353,0,0,0
2060,11,18,21,106441.0796,58560.4997,45084.4763,60106.1449,8757.728928,0,0,0
2060,11,18,22,108542.3296,58475.57701,43996.38798,59268.47856,8202.906452,0,0,0
2060,11,18,23,107585.1456,57174.70388,41717.55657,57565.59166,7761.603975,0,0,0
2060,11,18,24,106207.6943,55777.9559,39552.15825,56426.5671,7477.108602,0,0,0
2060,11,19,1,104211.9675,54613.02862,38136.54821,54566.96001,7201.392341,0,0,0
2060,11,19,2,100915.5415,53432.4554,35968.45531,53378.30306,6958.445636,0,0,0
2060,11,19,3,98711.63675,52345.58398,34844.55516,52141.05676,6744.530845,0,0,0
2060,11,19,4,97526.1959,50653.64924,33947.17349,51408.73977,6726.711855,0,0,0
2060,11,19,5,93703.11005,49850.57782,33509.34788,51046.8839,6892.906525,0,0,0
2060,11,19,6,93279.19196,50537.08697,34691.83339,52331.93725,7015.987933,0,0,0
2060,11,19,7,94722.87776,52717.52279,37313.6586,53239.22802,7187.484838,0,0,0
2060,11,19,8,96887.14611,51547.98865,35022.22352,50602.45224,7936.230069,0,0,0
2060,11,19,9,100976.213,52177.21627,35656.40569,52387.30649,8394.830003,0,0,0
2060,11,19,10,108078.1667,55519.62402,37822.15171,55527.79468,8633.604458,0,0,0
2060,11,19,11,113705.2296,55686.2533,38216.95097,56936.19019,8617.610828,0,0,0
2060,11,19,12,116845.1093,56004.03976,38841.74557,57511.61316,8484.88109,0,0,0
2060,11,19,13,115651.1501,55427.66065,38869.12597,57078.39442,8670.024733,0,0,0
2060,11,19,14,111848.2301,52712.74208,37637.44267,54846.24007,8689.495238,0,0,0
2060,11,19,15,116132.4367,56169.27828,39589.2739,57730.56942,8591.360415,0,0,0
2060,11,19,16,115880.6239,55509.36723,38969.95537,57260.32195,8343.198396,0,0,0
2060,11,19,17,116221.7054,55221.56883,38353.2445,56060.71283,8102.859347,0,0,0
2060,11,19,18,111786.9502,54772.5303,37765.91324,55365.1638,9016.495419,0,0,0
2060,11,19,19,108672.8863,56133.03185,40708.30641,59176.25443,9190.165371,0,0,0
2060,11,19,20,106144.3283,58512.69266,44785.9865,59457.88138,9178.083228,0,0,0
2060,11,19,21,106418.4799,58547.80911,45074.48028,60092.75892,8755.903568,0,0,0
2060,11,19,22,108519.5561,58463.14718,43986.39196,59255.87489,8201.168014,0,0,0
2060,11,19,23,107562.1983,57162.44789,41708.34285,57553.50951,7759.865537,0,0,0
2060,11,19,24,106184.9208,55765.96068,39543.6399,56414.83265,7475.457086,0,0,0
2060,11,20,1,104189.8894,54601.38109,38128.63832,54555.57324,7242.158712,0,0,0
2060,11,20,2,101466.8002,53714.6908,36166.02878,53666.88376,6998.168943,0,0,0
2060,11,20,3,99246.64103,52627.90631,35038.65176,52424.59599,6783.037246,0,0,0
2060,11,20,4,98060.76558,50928.67012,34139.3578,51691.40978,6765.218256,0,0,0
2060,11,20,5,94221.94686,50126.381,33699.88069,51328.51085,6932.021379,0,0,0
2060,11,20,6,93794.9865,50816.6278,34884.88692,52614.52034,7055.972006,0,0,0
2060,11,20,7,95244.23531,53003.32199,37514.70895,53529.37331,7227.990442,0,0,0
2060,11,20,8,97422.15039,51832.31018,35217.0155,50883.12305,7979.604096,0,0,0
2060,11,20,9,101527.6455,52461.27703,35852.15381,52672.67109,8439.768625,0,0,0
2060,11,20,10,108664.281,55810.29084,38025.46203,55826.11063,8679.151532,0,0,0
2060,11,20,11,114325.1566,55977.96319,38421.21743,57238.59148,8663.157903,0,0,0
2060,11,20,12,117483.116,56295.05427,39049.14122,57819.75129,8530.254321,0,0,0
2060,11,20,13,116280.8993,55718.84901,39075.39163,57383.22951,8715.832573,0,0,0
2060,11,20,14,112458.6826,52995.8467,37840.49223,55139.34071,8735.737688,0,0,0
2060,11,20,15,116762.1858,56464.55197,39802.23255,58040.53291,8636.385958,0,0,0
2060,11,20,16,116510.9815,55799.42561,39178.56793,57565.67858,8387.093954,0,0,0
2060,11,20,17,116856.7568,55511.88797,38558.11942,56359.81109,8147.276437,0,0,0
2060,11,20,18,112391.5789,55063.02329,37968.44126,55658.52521,9066.649354,0,0,0
2060,11,20,19,109260.2175,56428.74015,40932.21722,59500.47311,9241.449291,0,0,0
2060,11,20,20,106723.4019,58831.08757,45043.97069,59789.14073,9229.01946,0,0,0
2060,11,20,21,107000.6828,58866.89939,45332.81216,60428.19053,8802.667549,0,0,0
2060,11,20,22,109112.6242,58774.93603,44237.59624,59584.52659,8244.976651,0,0,0
2060,11,20,23,108148.4865,57472.67215,41941.38046,57868.77524,7803.413408,0,0,0
2060,11,20,24,106762.9514,56065.66738,39758.94544,56717.32085,7517.614207,0,0,0
2060,11,21,1,104759.2278,54896.48093,38332.55709,54847.71774,7223.557425,0,0,0
2060,11,21,2,101215.7697,53585.87255,36075.71693,53535.89246,6980.089189,0,0,0
2060,11,21,3,99003.34664,52499.69651,34950.25219,52295.86466,6765.565944,0,0,0
2060,11,21,4,97817.81887,50803.67643,34052.0013,51563.19998,6747.660033,0,0,0
2060,11,21,5,93986.12775,50000.34425,33613.13263,51200.21413,6914.20239,0,0,0
2060,11,21,6,93559.86277,50689.72182,34797.26965,52485.78901,7037.718407,0,0,0
2060,11,21,7,95007.02545,52872.85222,37423.35404,53396.55665,7209.476078,0,0,0
2060,11,21,8,97179.11676,51702.18809,35128.35516,50755.08709,7959.959747,0,0,0
2060,11,21,9,101277.1366,52331.58956,35763.05886,52542.80977,8419.4289,0,0,0
2060,11,21,10,108397.4308,55678.25648,37933.49866,55690.77323,8658.290277,0,0,0
2060,11,21,11,114043.7034,55845.92882,38328.38484,57100.99411,8642.470491,0,0,0
2060,11,21,12,117193.2315,56162.75914,38955.35249,57679.80703,8509.479987,0,0,0
2060,11,21,13,115994.3178,55585.8585,38982.03752,57244.58909,8694.797474,0,0,0
2060,11,21,14,112181.3149,52868.24536,37747.92041,55005.48099,8714.702589,0,0,0
2060,11,21,15,116476.0389,56330.0838,39705.92308,57897.981,8615.785468,0,0,0
2060,11,21,16,116223.8785,55667.39124,39083.82306,57426.08201,8367.101918,0,0,0
2060,11,21,17,116567.4808,55378.98439,38464.85222,56223.60447,8127.197479,0,0,0
2060,11,21,18,112116.9057,54930.20663,37876.04328,55525.53471,9043.962739,0,0,0
2060,11,21,19,108992.6719,56294.79351,40830.43168,59353.14049,9217.980379,0,0,0
2060,11,21,20,106459.9417,58685.58031,44926.27844,59638.59201,9205.724391,0,0,0
2060,11,21,21,106735.8318,58720.78368,45215.38068,60275.72952,8781.371684,0,0,0
2060,11,21,22,108842.6447,58633.42718,44123.46779,59434.58631,8225.332302,0,0,0
2060,11,21,23,107881.6362,57330.55484,41835.59651,57725.18026,7783.682137,0,0,0
2060,11,21,24,106499.7519,55930.24306,39661.76676,56579.3758,7498.317546,0,0,0
2060,11,22,1,104499.3313,54763.57735,38239.89835,54715.50954,7182.008758,0,0,0
2060,11,22,2,97123.74751,51315.38565,35337.83693,53025.66092,7003.558101,0,0,0
2060,11,22,3,94716.96707,50888.25144,34291.21036,51956.34772,6807.809986,0,0,0
2060,11,22,4,91260.34395,49708.54744,33317.6851,50814.19398,6733.31792,0,0,0
2060,11,22,5,89590.83505,49100.61568,32945.22477,49970.18235,6894.123431,0,0,0
2060,11,22,6,88647.21093,49267.67957,33927.18145,51252.54111,6995.822052,0,0,0
2060,11,22,7,90913.87326,51846.82613,36265.38051,51964.6053,7074.660214,0,0,0
2060,11,22,8,90061.86482,49653.69972,34073.03639,50129.85788,7766.297758,0,0,0
2060,11,22,9,92328.44023,49594.15822,34129.0141,49356.16606,8264.534078,0,0,0
2060,11,22,10,97229.53146,52358.79611,36039.20973,53157.69528,8589.274289,0,0,0
2060,11,22,11,101972.8594,52922.22386,36778.91508,54066.20296,8626.650706,0,0,0
2060,11,22,12,103640.8907,52914.48781,37262.72237,55407.40785,8469.235148,0,0,0
2060,11,22,13,104338.1781,51818.83728,37224.30289,54599.03419,8565.02308,0,0,0
2060,11,22,14,100039.108,50253.11313,36065.63399,52617.04107,8558.15625,0,0,0
2060,11,22,15,100596.1904,52216.07036,36882.09138,54346.17839,8466.888257,0,0,0
2060,11,22,16,101254.2761,51459.32831,36023.47687,52976.3762,8235.76293,0,0,0
2060,11,22,17,99271.23993,50603.84299,35339.74922,51166.57536,8076.695856,0,0,0
2060,11,22,18,97005.27297,50145.67766,35084.54652,51205.60329,8979.814378,0,0,0
2060,11,22,19,95471.18839,51806.40745,38727.44328,56327.21537,8983.725863,0,0,0
2060,11,22,20,100261.2803,55064.41404,41856.89238,56525.22346,8872.29199,0,0,0
2060,11,22,21,100110.0362,54914.47376,41591.60674,56891.7731,8715.050276,0,0,0
2060,11,22,22,98294.84625,54847.45698,40883.45404,56155.28386,8253.842684,0,0,0
2060,11,22,23,98496.41813,52960.64334,39198.47304,53882.10238,7810.454082,0,0,0
2060,11,22,24,96793.53122,51388.57388,37199.26938,53182.72879,7602.710745,0,0,0
2060,11,23,1,96882.3654,51126.93897,36321.09745,52411.1231,6941.148178,0,0,0
2060,11,23,2,89400.82378,47036.74213,33070.47922,48667.13618,6668.039574,0,0,0
2060,11,23,3,87024.29216,45781.41608,31922.76248,47326.3659,6430.829714,0,0,0
2060,11,23,4,85352.69714,44087.91674,31101.87207,46003.58845,6346.254707,0,0,0
2060,11,23,5,83201.03247,43320.4833,30550.96108,45771.85467,6432.133543,0,0,0
2060,11,23,6,81418.61203,44690.45933,31563.68812,46714.78342,6426.570541,0,0,0
2060,11,23,7,83312.90096,45288.22123,33210.33656,46688.53301,6661.781198,0,0,0
2060,11,23,8,81075.5313,43784.47239,30667.69719,43543.78565,7192.700152,0,0,0
2060,11,23,9,78655.45181,42816.51013,30149.81652,43501.19392,7752.390254,0,0,0
2060,11,23,10,81372.10881,42883.61384,30849.01627,44144.41597,7881.469273,0,0,0
2060,11,23,11,85477.51699,43077.71044,31104.65357,43943.36562,7948.22529,0,0,0
2060,11,23,12,87516.53087,43346.73371,31390.5397,44182.227,7831.663025,0,0,0
2060,11,23,13,85586.77781,43619.49463,31367.76616,44524.0039,7939.793866,0,0,0
2060,11,23,14,87106.17259,41985.62371,31050.32739,44284.53407,8007.679869,0,0,0
2060,11,23,15,86844.27691,42617.54591,31461.2072,45411.91109,7889.379165,0,0,0
2060,11,23,16,86760.57113,43155.85322,30947.67262,44051.84415,7746.305721,0,0,0
2060,11,23,17,86785.95232,41534.23829,30888.8265,43734.83999,7627.831174,0,0,0
2060,11,23,18,85608.1606,42391.37513,31386.71513,44722.62044,8534.33965,0,0,0
2060,11,23,19,86623.49529,45106.38062,35215.62475,50662.34143,8692.79827,0,0,0
2060,11,23,20,91411.24037,48852.1929,39061.7449,51984.33658,8569.62994,0,0,0
2060,11,23,21,90881.01679,48606.55161,38757.77902,51733.13229,8349.196007,0,0,0
2060,11,23,22,90767.40987,48286.76595,37892.55844,51436.64169,7916.064188,0,0,0
2060,11,23,23,91148.91008,47056.38648,36547.00746,49907.42474,7425.824682,0,0,0
2060,11,23,24,89769.11187,46339.88927,34292.9488,48650.09948,6786.166434,0,0,0
2060,11,24,1,84612.55718,42674.82744,31657.73761,45645.81792,6949.840368,0,0,0
2060,11,24,2,97516.46065,51645.42809,34741.37887,51583.36586,6713.847415,0,0,0
2060,11,24,3,95372.44511,50582.19944,33634.51542,50361.59166,6505.321781,0,0,0
2060,11,24,4,94208.56089,48917.73201,32753.56198,49640.74836,6487.937401,0,0,0
2060,11,24,5,90468.92007,48124.39584,32325.38471,49284.28165,6649.872898,0,0,0
2060,11,24,6,90045.87119,48794.47676,33484.05361,50559.77359,6769.738195,0,0,0
2060,11,24,7,91453.22364,50917.89181,36059.54946,51444.55159,6936.19363,0,0,0
2060,11,24,8,93554.039,49767.30664,33808.88075,48850.6283,7663.556074,0,0,0
2060,11,24,9,97524.02285,50398.70731,34433.93612,50597.9323,8116.853773,0,0,0
2060,11,24,10,104433.5315,53694.09031,36557.00348,53684.96351,8349.80446,0,0,0
2060,11,24,11,109871.8,53854.46121,36943.37132,55062.76252,8334.332362,0,0,0
2060,11,24,12,112907.3735,54168.59695,37558.25682,55613.67351,8205.166421,0,0,0
2060,11,24,13,111748.6176,53602.99616,37583.89878,55202.96754,8384.660141,0,0,0
2060,11,24,14,108066.5191,50932.06008,36375.77132,53011.75341,8403.696037,0,0,0
2060,11,24,15,112215.4752,54332.53165,38281.18625,55820.89532,8308.690402,0,0,0
2060,11,24,16,111969.5731,53682.09509,37683.51128,55365.33765,8065.222165,0,0,0
2060,11,24,17,112303.0924,53403.33656,37078.70871,54211.10176,7828.359993,0,0,0
2060,11,24,18,108023.7535,52958.20952,36501.02578,53525.46183,8714.094135,0,0,0
2060,11,24,19,105011.649,54287.50611,39333.28891,57181.57071,8875.595022,0,0,0
2060,11,24,20,102545.0663,56575.20355,43200.09647,57408.52379,8864.03441,0,0,0
2060,11,24,21,102807.0489,56615.96992,43481.20189,58022.71392,8468.626695,0,0,0
2060,11,24,22,104851.7127,56525.65807,42439.96447,57223.90167,7924.756378,0,0,0
2060,11,24,23,103936.0774,55271.37508,40280.56375,55606.98053,7490.059965,0,0,0
2060,11,24,24,102624.5998,53914.00271,38223.73088,54546.62029,7214.16986,0,0,0
2060,11,25,1,100690.9353,52792.79715,36857.31864,52731.8649,6943.842757,0,0,0
2060,11,25,2,97436.14482,51602.40175,34712.17311,51540.42644,6708.023647,0,0,0
2060,11,25,3,95292.99849,50540.21616,33605.57043,50319.08685,6499.584936,0,0,0
2060,11,25,4,94129.54889,48876.18334,32725.13852,49598.852,6482.287478,0,0,0
2060,11,25,5,90391.55958,48082.9341,32297.30894,49241.95069,6644.04913,0,0,0
2060,11,25,6,89968.77147,48752.66732,33455.10862,50516.92109,6763.827506,0,0,0
2060,11,25,7,91375.16778,50874.77854,36029.64832,51402.04678,6930.196019,0,0,0
2060,11,25,8,93474.94007,49724.88875,33779.93575,48808.64503,7657.036932,0,0,0
2060,11,25,9,97441.70782,50356.37634,34404.73036,50554.99288,8110.073865,0,0,0
2060,11,25,10,104346.7834,53651.32474,36526.84158,53641.76333,8343.198396,0,0,0
2060,11,25,11,109782.6182,53811.43487,36913.03557,55018.25851,8327.552454,0,0,0
2060,11,25,12,112814.367,54124.78832,37527.22571,55568.90873,8198.647279,0,0,0
2060,11,25,13,111656.6543,53559.62214,37553.47612,55158.7243,8377.967155,0,0,0
2060,11,25,14,107976.3811,50889.72911,36345.87019,52967.85785,8397.089973,0,0,0
2060,11,25,15,112123.1641,54288.72302,38249.45976,55775.78285,8301.73665,0,0,0
2060,11,25,16,111877.7836,53638.98183,37652.82785,55321.18132,8058.616101,0,0,0
2060,11,25,17,112211.3898,53360.39714,37048.02528,54166.59775,7821.753929,0,0,0
2060,11,25,18,107935.0063,52915.18318,36470.69003,53481.04474,8707.053461,0,0,0
2060,11,25,19,104924.2925,54243.95824,39300.78012,57134.63289,8868.293583,0,0,0
2060,11,25,20,102458.9267,56530.35185,43163.50235,57359.93445,8856.73297,0,0,0
2060,11,25,21,102720.7355,56571.55283,43443.5647,57973.60305,8462.020631,0,0,0
2060,11,25,22,104765.3123,56479.85023,42403.80496,57176.00771,7918.150314,0,0,0
2060,11,25,23,103849.764,55226.78414,40247.18574,55560.73808,7483.714667,0,0,0
2060,11,25,24,102540.7202,53870.281,38192.26515,54502.02936,7207.998406,0,0,0
2060,11,26,1,100608.0987,52749.3362,36827.24366,52688.23011,6942.191241,0,0,0
2060,11,26,2,97414.67511,51590.75422,34704.35014,51528.95275,6706.459053,0,0,0
2060,11,26,3,95271.70263,50529.52477,33598.00822,50307.787,6498.107263,0,0,0
2060,11,26,4,94108.51379,48864.97042,32717.57631,49587.63908,6480.809806,0,0,0
2060,11,26,5,90371.13293,48071.80809,32289.74673,49230.73776,6642.571458,0,0,0
2060,11,26,6,89948.2579,48741.4544,33447.54642,50505.62124,6762.262912,0,0,0
2060,11,26,7,91354.48037,50863.13101,36021.73843,51390.39924,6928.631425,0,0,0
2060,11,26,8,93453.55728,49713.67583,33772.11278,48797.51902,7655.385416,0,0,0
2060,11,26,9,97419.54273,50345.0765,34396.99431,50543.43227,8108.248505,0,0,0
2060,11,26,10,104324.3576,53640.02489,36518.93169,53629.94195,8341.373036,0,0,0
2060,11,26,11,109758.4539,53799.78734,36905.03876,55006.26329,8325.814016,0,0,0
2060,11,26,12,112789.6812,54113.57539,37518.96813,55557.00043,8196.908841,0,0,0
2060,11,26,13,111632.7508,53548.32229,37545.13162,55147.07676,8376.228717,0,0,0
2060,11,26,14,107952.5645,50878.1685,36337.87337,52956.21032,8395.264613,0,0,0
2060,11,26,15,112098.6521,54276.90164,38241.20218,55763.96147,8300.085134,0,0,0
2060,11,26,16,111853.2716,53627.50814,37644.48335,55309.35995,8056.877663,0,0,0
2060,11,26,17,112187.3994,53348.92345,37039.94154,54154.68945,7820.015491,0,0,0
2060,11,26,18,107911.3635,52903.70949,36462.78014,53469.39721,8705.228102,0,0,0
2060,11,26,19,104900.7367,54231.96302,39292.34869,57122.28998,8866.468223,0,0,0
2060,11,26,20,102435.8924,56518.53047,43153.41941,57346.98308,8854.733766,0,0,0
2060,11,26,21,102698.3965,56559.47069,43433.74253,57960.56476,8460.108349,0,0,0
2060,11,26,22,104742.1911,56467.50732,42394.15663,57163.49096,7916.411876,0,0,0
2060,11,26,23,103826.9905,55215.04969,40238.84124,55548.48209,7481.976229,0,0,0
2060,11,26,24,102517.9467,53858.54654,38184.18141,54489.94721,7206.34689,0,0,0
2060,11,27,1,100585.7598,52737.77559,36819.33377,52676.84334,6981.827627,0,0,0
2060,11,27,2,97946.72404,51872.55501,34897.05599,51813.01351,6744.79161,0,0,0
2060,11,27,3,95794.79861,50805.84948,33788.54102,50588.28397,6535.657523,0,0,0
2060,11,27,4,94628.30674,49139.209,32904.80608,49865.26762,6518.186222,0,0,0
2060,11,27,5,90879.79988,48344.30825,32475.06422,49508.71399,6680.643249,0,0,0
2060,11,27,6,90456.66408,49016.82297,33637.38384,50786.37897,6800.943157,0,0,0
2060,11,27,7,91868.79724,51147.2787,36218.87729,51671.50466,6968.093967,0,0,0
2060,11,27,8,93976.91403,49992.52128,33962.90635,49073.23528,7698.411755,0,0,0
2060,11,27,9,97960.63155,50624.70424,34589.52631,50825.84152,8152.752517,0,0,0
2060,11,27,10,104893.9568,53924.17258,36717.11361,53918.43573,8385.181673,0,0,0
2060,11,27,11,110357.1719,54087.23806,37105.91527,55298.58163,8369.622653,0,0,0
2060,11,27,12,113405.0883,54402.93839,37721.84384,55852.62181,8240.543634,0,0,0
2060,11,27,13,112240.3348,53832.12229,37747.83348,55437.13514,8420.906573,0,0,0
2060,11,27,14,108547.1103,51156.92703,36536.92452,53243.48719,8440.203234,0,0,0
2060,11,27,15,112709.0177,54568.35076,38445.20787,56061.7559,8343.980693,0,0,0
2060,11,27,16,112461.3772,53910.61276,37846.92445,55603.41673,8100.773222,0,0,0
2060,11,27,17,112797.5042,53632.37576,37240.55729,54448.2247,7863.389518,0,0,0
2060,11,27,18,108501.4763,53189.42177,36660.7013,53759.10789,8751.38363,0,0,0
2060,11,27,19,105475.4643,54523.06445,39505.9158,57432.775,8914.622954,0,0,0
2060,11,27,20,103002.1886,56814.49953,43399.4953,57666.42106,8902.801576,0,0,0
2060,11,27,21,103263.3889,56856.48281,43682.68685,58284.6096,8505.220814,0,0,0
2060,11,27,22,105316.3103,56771.12551,42632.93108,57480.92973,7959.698981,0,0,0
2060,11,27,23,104395.7204,55509.28031,40458.75364,55852.9695,7524.307193,0,0,0
2060,11,27,24,103074.1599,54144.60651,38391.3163,54782.78709,7247.11326,0,0,0
2060,11,28,1,101134.5847,53022.61865,37018.81952,52961.86024,6963.747872,0,0,0
2060,11,28,2,97704.21195,51744.60598,34809.43872,51683.41296,6727.320309,0,0,0
2060,11,28,3,95556.54569,50679.37812,33701.5322,50459.8134,6518.533909,0,0,0
2060,11,28,4,94391.27072,49014.38916,32819.5357,49738.53549,6501.14953,0,0,0
2060,11,28,5,90648.15302,48220.35762,32390.57613,49382.06879,6663.25887,0,0,0
2060,11,28,6,90224.84338,48891.56852,33550.89655,50658.60378,6783.298011,0,0,0
2060,11,28,7,91634.19503,51017.59122,36129.52158,51544.07716,6950.101134,0,0,0
2060,11,28,8,93738.2265,49865.44146,33876.07137,48947.63314,7678.680484,0,0,0
2060,11,28,9,97714.03412,50496.84213,34501.7352,50697.71864,8132.673558,0,0,0
2060,11,28,10,104634.7557,53794.31126,36626.71484,53786.48829,8365.189636,0,0,0
2060,11,28,11,110081.6295,53955.37754,37013.77805,55165.24344,8349.80446,0,0,0
2060,11,28,12,113123.9828,54270.12173,37629.01125,55717.28441,8220.986207,0,0,0
2060,11,28,13,111961.4025,53702.34789,37655.08782,55304.66616,8400.219161,0,0,0
2060,11,28,14,108275.914,51029.84721,36445.83037,53113.10434,8419.86351,0,0,0
2060,11,28,15,112430.7807,54435.09949,38352.80989,55925.72313,8323.988656,0,0,0
2060,11,28,16,112183.401,53781.79451,37754.43955,55469.03547,8080.694263,0,0,0
2060,11,28,17,112516.6595,53503.1229,37148.85468,54314.36498,7843.658247,0,0,0
2060,11,28,18,108231.4969,53059.21277,36570.56329,53627.50814,8730.435452,0,0,0
2060,11,28,19,105213.2209,54389.98703,39408.21558,57290.83154,8892.45787,0,0,0
2060,11,28,20,102743.1613,56678.81445,43286.40991,57521.08764,8880.897258,0,0,0
2060,11,28,21,103005.8393,56720.10235,43568.64532,58136.23392,8484.707246,0,0,0
2060,11,28,22,105053.6323,56631.09433,42523.8441,57335.24863,7939.96771,0,0,0
2060,11,28,23,104136.1716,55374.20368,40358.18501,55714.41599,7504.92361,0,0,0
2060,11,28,24,102820.0872,54014.13674,38296.39758,54649.36197,7228.511974,0,0,0
2060,11,29,1,100884.3365,52892.58349,36927.72537,52832.34661,6923.242267,0,0,0
2060,11,29,2,93702.15391,49506.19326,34081.98935,51178.39674,6750.093846,0,0,0
2060,11,29,3,91349.35197,49087.5774,33054.31175,50127.42406,6559.647967,0,0,0
2060,11,29,4,87974.43543,47930.82078,32104.08156,49006.30542,6487.242026,0,0,0
2060,11,29,5,86338.73915,47336.10115,31742.39954,48176.72283,6643.701443,0,0,0
2060,11,29,6,85424.84232,47491.69135,32700.01809,49436.82958,6742.531641,0,0,0
2060,11,29,7,87637.96077,49995.56354,34994.06083,50150.02376,6819.196755,0,0,0
2060,11,29,8,86797.94754,47857.54562,32844.30844,48335.0076,7488.147683,0,0,0
2060,11,29,9,88993.42085,47822.9507,32896.11389,47570.96412,7978.647955,0,0,0
2060,11,29,10,93775.34215,50519.09414,34770.67155,51308.77958,8297.999009,0,0,0
2060,11,29,11,98402.28171,51074.95968,35498.90321,52198.33829,8334.766972,0,0,0
2060,11,29,12,100011.9014,51071.04819,35972.54064,53523.81031,8181.697509,0,0,0
2060,11,29,13,100679.8962,49996.25892,35934.38192,52728.82263,8274.182409,0,0,0
2060,11,29,14,96472.18096,48458.52362,34796.31351,50770.03766,8267.663266,0,0,0
2060,11,29,15,97034.82641,50387.23362,35599.12416,52480.66061,8179.350618,0,0,0
2060,11,29,16,97679.0046,49638.40147,34754.24331,51126.2436,7950.572182,0,0,0
2060,11,29,17,95743.51469,48802.73434,34081.81551,49343.64931,7794.373531,0,0,0
2060,11,29,18,93526.22399,48350.30586,33831.04583,49384.24184,8671.328561,0,0,0
2060,11,29,19,92029.77659,49966.09702,37401.44972,54362.60663,8674.892359,0,0,0
2060,11,29,20,96727.99211,53169.60358,40369.6587,54525.67211,8571.976832,0,0,0
2060,11,29,21,96581.35487,53021.05405,40115.49907,54876.83658,8420.211198,0,0,0
2060,11,29,22,94812.3204,52958.20952,39449.06887,54180.6791,7968.217327,0,0,0
2060,11,29,23,95016.32609,51100.77548,37852.57437,52017.80151,7531.174023,0,0,0
2060,11,29,24,93350.12023,49554.86952,35910.39148,51334.2477,7329.775985,0,0,0
2060,11,30,1,93449.29811,49306.88135,35047.43087,50579.24409,7252.15473,0,0,0
2060,11,30,2,93388.88739,49144.77201,34549.71608,50824.27692,6969.050108,0,0,0
2060,11,30,3,90938.73293,47855.28565,33362.97141,49447.69482,6723.843433,0,0,0
2060,11,30,4,89205.33643,46100.59329,32512.09295,48087.01943,6636.226159,0,0,0
2060,11,30,5,86984.30809,45301.86797,31940.66839,47847.02807,6725.234183,0,0,0
2060,11,30,6,85137.04391,46721.21564,32993.72719,48815.42493,6719.497338,0,0,0
2060,11,30,7,87090.87434,47347.401,34694.87565,48763.96717,6962.617887,0,0,0
2060,11,30,8,84775.10113,45779.32995,32067.92205,45526.38723,7514.658862,0,0,0
2060,11,30,9,82254.97453,44767.81982,31528.74551,45487.44622,8090.255672,0,0,0
2060,11,30,10,85080.80544,44839.70423,32254.10875,46159.0048,8221.681582,0,0,0
2060,11,30,11,89341.89074,45043.36224,32518.69901,45951.95684,8289.741428,0,0,0
2060,11,30,12,91451.83289,45324.20689,32811.62581,46203.16113,8171.093037,0,0,0
2060,11,30,13,89455.32381,45607.13767,32787.80921,46557.88939,8281.049239,0,0,0
2060,11,30,14,91023.39486,43908.42302,32457.24523,46310.07506,8350.152148,0,0,0
2060,11,30,15,90754.02389,44566.85639,32884.11867,47480.13073,8229.504553,0,0,0
2060,11,30,16,90659.45287,45126.02497,32352.59126,46067.73681,8083.910373,0,0,0
2060,11,30,17,90694.48239,43436.52403,32290.44211,45738.30282,7963.262779,0,0,0
2060,11,30,18,89468.62286,44324.3443,32806.23665,46764.85043,8893.587855,0,0,0
2060,11,30,19,90535.3284,47153.13055,36748.57934,52859.98778,9066.91012,0,0,0
2060,11,30,20,95464.58232,51037.58326,40749.76816,54256.47499,8931.485803,0,0,0
2060,11,30,21,94923.92811,50785.33591,40429.54789,53989.27708,8699.752022,0,0,0
2060,11,30,22,94805.80125,50452.85965,39518.69331,53664.44994,8256.624185,0,0,0
2060,11,30,23,95201.90434,49181.01844,38107.69014,52081.60218,7756.823271,0,0,0
2060,11,30,24,93775.68984,48435.05471,35801.56526,50809.67404,7091.43614,0,0,0
2060,12,1,1,88449.37669,44627.96249,33091.86201,47723.85974,7261.194607,0,0,0
2060,12,1,2,101722.6113,53848.4636,36257.64446,53801.00425,7016.33562,0,0,0
2060,12,1,3,99496.45457,52759.33222,35128.61593,52556.19574,6801.030078,0,0,0
2060,12,1,4,98308.66683,51056.87992,34228.2789,51822.57492,6783.037246,0,0,0
2060,12,1,5,94462.6336,50254.24311,33788.10641,51459.41523,6950.188056,0,0,0
2060,12,1,6,94034.28249,50946.22835,34974.24263,52746.03317,7074.399448,0,0,0
2060,12,1,7,95485.61742,53136.83402,37607.80231,53663.92841,7247.026338,0,0,0
2060,12,1,8,97669.26935,51963.64916,35306.80582,51013.15821,7999.683054,0,0,0
2060,12,1,9,101783.7174,52592.44217,35942.72642,52805.92236,8460.716802,0,0,0
2060,12,1,10,108938.2588,55945.62824,38119.4246,55964.22953,8700.360475,0,0,0
2060,12,1,11,114612.6942,56111.30138,38514.48463,57380.0134,8684.453768,0,0,0
2060,12,1,12,117780.3889,56431.60857,39145.103,57963.25934,8551.463264,0,0,0
2060,12,1,13,116574.1737,55853.83872,39172.65724,57526.38988,8737.302282,0,0,0
2060,12,1,14,112742.3957,53127.01185,37934.28096,55275.37348,8756.946631,0,0,0
2060,12,1,15,117055.8949,56603.01856,39901.84504,58184.82326,8657.421058,0,0,0
2060,12,1,16,116802.8653,55933.71994,39275.92045,57708.23049,8407.607522,0,0,0
2060,12,1,17,117151.9436,55646.70383,38652.77737,56499.23381,8167.790005,0,0,0
2060,12,1,18,112672.0759,55197.92607,38062.49075,55793.94953,9090.465954,0,0,0
2060,12,1,19,109533.0654,56567.20673,41036.69734,59651.80413,9265.613579,0,0,0
2060,12,1,20,106993.1206,58978.76788,45163.14062,59943.77479,9252.83606,0,0,0
2060,12,1,21,107269.9668,59015.79661,45453.72052,60584.64995,8824.832633,0,0,0
2060,12,1,22,109389.2966,58923.92016,44354.15851,59736.81375,8265.490219,0,0,0
2060,12,1,23,108421.4212,57618.00556,42049.85899,58014.7171,7823.405445,0,0,0
2060,12,1,24,107032.0616,56206.39393,39860.03561,56859.43816,7537.345478,0,0,0
2060,12,2,1,105024.8611,55034.86059,38426.34582,54982.8813,7255.023153,0,0,0
2060,12,2,2,101638.0363,53804.30728,36227.48256,53756.761,7010.424931,0,0,0
2060,12,2,3,99414.4003,52717.08818,35099.23632,52513.08248,6795.119389,0,0,0
2060,12,2,4,98227.30793,51014.80972,34199.16007,51779.37474,6777.126556,0,0,0
2060,12,2,5,94383.18699,50212.17292,33758.90065,51416.30197,6944.190445,0,0,0
2060,12,2,6,93955.44432,50903.37585,34944.86303,52702.39838,7068.401837,0,0,0
2060,12,2,7,95406.43157,53093.02539,37577.2058,53619.4244,7240.681039,0,0,0
2060,12,2,8,97587.99737,51920.27514,35277.33929,50970.04495,7993.07699,0,0,0
2060,12,2,9,101699.3162,52549.15507,35912.91221,52761.85295,8453.936894,0,0,0
2060,12,2,10,108847.6862,55901.47192,38088.91501,55919.20398,8693.319802,0,0,0
2060,12,2,11,114517.6886,56066.97121,38483.8012,57333.85788,8677.326172,0,0,0
2060,12,2,12,117681.9064,56386.40919,39113.46343,57915.71306,8544.509512,0,0,0
2060,12,2,13,116478.212,55809.24778,39140.7569,57479.53898,8730.261608,0,0,0
2060,12,2,14,112648.9547,53083.81166,37903.77137,55230.1741,8750.079801,0,0,0
2060,12,2,15,116959.4116,56557.29764,39869.24933,58137.3639,8650.467306,0,0,0
2060,12,2,16,116705.6866,55889.56362,39244.28088,57661.55343,8400.740692,0,0,0
2060,12,2,17,117055.1995,55602.54751,38621.83317,56453.77366,8160.923175,0,0,0
2060,12,2,18,112579.0695,55153.50898,38031.28579,55749.44552,9082.556062,0,0,0
2060,12,2,19,109442.7535,56521.92043,41001.84166,59601.91096,9257.442921,0,0,0
2060,12,2,20,106903.9387,58930.35238,45124.19961,59893.09932,9244.926167,0,0,0
2060,12,2,21,107180.9588,58966.68573,45413.64953,60532.93142,8817.618116,0,0,0
2060,12,2,22,109297.507,58874.98313,44315.91287,59686.65982,8258.797233,0,0,0
2060,12,2,23,108331.2832,57570.37236,42014.48178,57966.82314,7816.886302,0,0,0
2060,12,2,24,106943.5751,56160.75994,39826.91837,56812.84802,7530.913257,0,0,0
2060,12,3,1,104937.3308,54989.6612,38395.3147,54938.29036,7253.284715,0,0,0
2060,12,3,2,101615.9581,53792.22514,36219.74651,53745.11347,7008.773415,0,0,0
2060,12,3,3,99392.49598,52705.70141,35091.32643,52501.69571,6793.554795,0,0,0
2060,12,3,4,98205.57746,51003.50988,34191.3371,51767.98797,6775.561962,0,0,0
2060,12,3,5,94362.32573,50200.87307,33751.25153,51405.17597,6942.538929,0,0,0
2060,12,3,6,93934.66999,50891.90216,34937.12698,52691.09853,7066.837243,0,0,0
2060,12,3,7,95385.04878,53081.29093,37569.12206,53607.86379,7239.029523,0,0,0
2060,12,3,8,97566.44074,51908.80145,35269.34248,50958.91894,7991.338552,0,0,0
2060,12,3,9,101677.1511,52537.68138,35904.82848,52750.03158,8452.024612,0,0,0
2060,12,3,10,108823.6958,55889.9113,38080.74435,55907.12184,8691.494442,0,0,0
2060,12,3,11,114492.4812,56055.14983,38475.71746,57321.51497,8675.413891,0,0,0
2060,12,3,12,117656.0906,56374.67473,39105.20585,57903.28323,8542.684152,0,0,0
2060,12,3,13,116452.2223,55797.4264,39132.4124,57467.02222,8728.262405,0,0,0
2060,12,3,14,112624.1819,53072.16413,37895.68763,55218.61348,8748.254441,0,0,0
2060,12,3,15,116934.0304,56545.30242,39860.3833,58124.58638,8648.641946,0,0,0
2060,12,3,16,116680.2185,55877.82916,39235.84946,57648.77591,8399.089176,0,0,0
2060,12,3,17,117028.9491,55590.46536,38613.48867,56441.86536,8159.184737,0,0,0
2060,12,3,18,112554.3836,55141.94837,38023.20206,55737.71106,9080.556858,0,0,0
2060,12,3,19,109419.4585,56509.83828,40992.71486,59588.61191,9255.269873,0,0,0
2060,12,3,20,106880.2091,58917.57486,45113.8559,59879.36566,9242.926964,0,0,0
2060,12,3,21,107157.9245,58953.29976,45403.13198,60519.71929,8815.618912,0,0,0
2060,12,3,22,109273.082,58861.94485,44305.56917,59673.1,8256.971873,0,0,0
2060,12,3,23,108307.4666,57557.421,42004.6596,57953.87178,7815.147864,0,0,0
2060,12,3,24,106919.9324,56148.33011,39818.57386,56800.50511,7529.174819,0,0,0
2060,12,4,1,104913.8619,54977.14445,38387.40481,54926.46898,7294.74646,0,0,0
2060,12,4,2,102173.2144,54083.32657,36417.7546,54034.47647,7048.583644,0,0,0
2060,12,4,3,99933.75864,52986.89375,35286.11841,52787.14723,6832.495806,0,0,0
2060,12,4,4,98743.97169,51282.96378,34383.34757,52052.04873,6814.329129,0,0,0
2060,12,4,5,94884.29173,50477.2847,33942.4797,51688.19367,6982.175314,0,0,0
2060,12,4,6,94454.02833,51170.74761,35131.91896,52976.20236,7106.734394,0,0,0
2060,12,4,7,95908.31861,53370.74085,37770.25933,53900.18213,7280.404347,0,0,0
2060,12,4,8,98103.18346,52192.60144,35463.96061,51240.54589,8035.060267,0,0,0
2060,12,4,9,102230.9306,52820.17755,36102.05426,53039.30765,8497.137077,0,0,0
2060,12,4,10,109412.4178,56180.66505,38284.92389,56204.6555,8737.823813,0,0,0
2060,12,4,11,115116.5804,56349.5543,38680.15776,57628.26235,8721.395575,0,0,0
2060,12,4,12,118307.6572,56674.38143,39315.64376,58215.68053,8588.318149,0,0,0
2060,12,4,13,117088.4037,56089.65783,39343.89338,57776.20342,8774.331011,0,0,0
2060,12,4,14,113237.6767,53359.61485,38099.08487,55511.88797,8794.931501,0,0,0
2060,12,4,15,117576.5571,56844.57451,40079.60032,58440.37364,8694.362864,0,0,0
2060,12,4,16,117317.7906,56170.23443,39446.54814,57958.82632,8444.201641,0,0,0
2060,12,4,17,117667.9989,55883.1314,38819.2328,56743.48434,8203.25414,0,0,0
2060,12,4,18,113168.9215,55436.179,38226.5993,56033.76705,9131.319246,0,0,0
2060,12,4,19,110013.3958,56807.02425,41221.14561,59918.91513,9308.552997,0,0,0
2060,12,4,20,107464.4981,59240.22895,45372.79623,60214.44958,9295.688556,0,0,0
2060,12,4,21,107743.5173,59276.64922,45666.59225,60860.88774,8862.991347,0,0,0
2060,12,4,22,109875.19,59184.33817,44559.29419,60006.96701,8301.302041,0,0,0
2060,12,4,23,108900.0132,57871.90443,42242.21715,58270.70209,7858.348048,0,0,0
2060,12,4,24,107502.9175,56452.99136,40036.66091,57108.81708,7571.766549,0,0,0
2060,12,5,1,105490.5887,55275.80809,38593.32279,55221.30806,7275.797486,0,0,0
2060,12,5,2,101918.794,53951.11836,36327.52967,53902.35518,7030.416968,0,0,0
2060,12,5,3,99687.16121,52858.42318,35197.37115,52656.93822,6814.763738,0,0,0
2060,12,5,4,98498.50425,51155.97089,34296.07799,51922.62203,6796.683984,0,0,0
2060,12,5,5,94646.64726,50352.11717,33855.38396,51559.11465,6964.095559,0,0,0
2060,12,5,6,94217.68769,51044.27625,35042.99786,52846.51488,7088.567718,0,0,0
2060,12,5,7,95670.5003,53238.79341,37678.20904,53766.93086,7261.455373,0,0,0
2060,12,5,8,97858.67216,52063.95703,35375.38719,51112.33609,8015.06823,0,0,0
2060,12,5,9,101979.0309,52691.70698,36011.56857,52908.31635,8476.536588,0,0,0
2060,12,5,10,109144.8722,56048.36992,38191.83054,56068.70965,8716.788714,0,0,0
2060,12,5,11,114831.7374,56214.65152,38586.71672,57487.88348,8700.360475,0,0,0
2060,12,5,12,118010.0366,56538.0879,39219.42122,58073.47631,8567.630737,0,0,0
2060,12,5,13,116798.6061,55957.53654,39247.23623,57634.95533,8753.556677,0,0,0
2060,12,5,14,112959.1789,53228.18894,38006.42613,55379.59284,8773.201026,0,0,0
2060,12,5,15,117283.6303,56709.23712,39979.29245,58297.03943,8673.588531,0,0,0
2060,12,5,16,117027.2976,56036.20086,39350.76021,57818.01285,8423.51423,0,0,0
2060,12,5,17,117376.5498,55750.83627,38725.44407,56605.88698,8183.435947,0,0,0
2060,12,5,18,112888.3376,55301.27621,38134.46209,55898.77734,9108.371865,0,0,0
2060,12,5,19,109742.2864,56672.46915,41116.75241,59768.27948,9284.388709,0,0,0
2060,12,5,20,107199.3863,59092.80941,45255.01706,60061.90165,9271.524268,0,0,0
2060,12,5,21,107476.6671,59130.27275,45546.55311,60704.77601,8841.521638,0,0,0
2060,12,5,22,109601.2991,59036.04941,44443.68807,59854.59292,8281.223082,0,0,0
2060,12,5,23,108630.2076,57729.17867,42133.82554,58127.19404,7838.703699,0,0,0
2060,12,5,24,107237.7188,56314.09017,39936.78765,56968.35129,7552.55681,0,0,0
2060,12,6,1,105228.5191,55139.25379,38498.92561,55087.2745,7233.3796,0,0,0
2060,12,6,2,97802.60754,51672.80849,35585.12974,53389.77675,7054.146646,0,0,0
2060,12,6,3,95382.52805,51242.28433,34536.06935,52317.59513,6857.094703,0,0,0
2060,12,6,4,91911.82358,50061.36342,33559.4149,51172.48605,6782.254948,0,0,0
2060,12,6,5,90234.31786,49449.86787,33184.78152,50324.64985,6943.755835,0,0,0
2060,12,6,6,89286.60841,49619.62634,34169.43278,51610.05088,7046.236753,0,0,0
2060,12,6,7,91562.2237,52209.1166,36516.15019,52325.15734,7125.596446,0,0,0
2060,12,6,8,90709.34604,50010.51411,34317.20001,50484.58614,7821.493163,0,0,0
2060,12,6,9,92989.2205,49948.10419,34372.91694,49710.11203,8320.859468,0,0,0
2060,12,6,10,97912.73758,52719.52199,36290.67478,53521.11573,8646.468898,0,0,0
2060,12,6,11,102681.5337,53284.94894,37032.81395,54434.83873,8684.801456,0,0,0
2060,12,6,12,104358.9525,53280.60284,37519.57658,55783.25813,8526.864367,0,0,0
2060,12,6,13,105062.4114,52180.08469,37479.76635,54970.27762,8622.217689,0,0,0
2060,12,6,14,100745.3484,50606.71141,36317.09904,52981.50459,8615.611625,0,0,0
2060,12,6,15,101300.1709,52579.23005,37135.64255,54714.11879,8524.343632,0,0,0
2060,12,6,16,101961.8204,51816.1427,36274.76808,53340.92664,8292.001398,0,0,0
2060,12,6,17,99972.09119,50962.56966,35587.73739,51527.47508,8133.108168,0,0,0
2060,12,6,18,97693.17287,50502.23129,35332.44778,51565.54687,9043.267364,0,0,0
2060,12,6,19,96153.1776,52167.65486,38993.51121,56721.84079,9047.265771,0,0,0
2060,12,6,20,100964.5654,55435.57054,42157.55522,56926.54186,8934.267303,0,0,0
2060,12,6,21,100806.5414,55283.80491,41889.05348,57295.52532,8773.461792,0,0,0
2060,12,6,22,98985.96226,55216.87505,41172.64319,56553.56,8310.42884,0,0,0
2060,12,6,23,99187.3603,53327.2799,39469.32168,54257.77882,7865.388721,0,0,0
2060,12,6,24,97474.39045,51748.60439,37453.51594,53549.45227,7657.123853,0,0,0
2060,12,7,1,97562.79002,51484.62258,36572.38865,52773.9351,7225.382785,0,0,0
2060,12,7,2,93048.67508,48965.62597,34423.1578,50640.87172,6943.234304,0,0,0
2060,12,7,3,90604.69207,47677.87805,33239.89,49266.89727,6698.809926,0,0,0
2060,12,7,4,88875.81552,45928.14024,32391.44535,47909.00338,6611.453419,0,0,0
2060,12,7,5,86661.04555,45132.02258,31822.02,47669.62047,6700.200677,0,0,0
2060,12,7,6,84818.73592,46547.198,32871.25423,48637.32196,6694.463831,0,0,0
2060,12,7,7,86768.82871,47170.86262,34568.23045,48587.95033,6936.802083,0,0,0
2060,12,7,8,84458.18389,45608.18073,31947.79598,45356.71568,7487.104621,0,0,0
2060,12,7,9,81946.22795,44600.66901,31410.61865,45317.42699,8061.397602,0,0,0
2060,12,7,10,84763.27975,44671.94497,32133.72192,45986.63868,8192.910434,0,0,0
2060,12,7,11,89011.06599,44874.99452,32397.79065,45780.11225,8260.709514,0,0,0
2060,12,7,12,91115.79283,45154.70919,32690.19592,46030.01271,8142.234967,0,0,0
2060,12,7,13,89125.54213,45436.77075,32666.64008,46383.52407,8251.930403,0,0,0
2060,12,7,14,90688.05017,43743.53218,32336.68456,46136.57895,8321.467921,0,0,0
2060,12,7,15,90419.28766,44399.70558,32762.25417,47302.98391,8200.907248,0,0,0
2060,12,7,16,90326.10739,44957.22264,32232.03059,45895.023,8055.399991,0,0,0
2060,12,7,17,90360.09385,43273.45855,32170.48989,45566.54515,7935.100084,0,0,0
2060,12,7,18,89138.58042,44158.58424,32684.54599,46589.87665,8862.382893,0,0,0
2060,12,7,19,90200.85293,46977.80908,36618.97879,52672.58416,9034.140564,0,0,0
2060,12,7,20,95119.41546,50851.22271,40602.95707,54060.37919,8899.3247,0,0,0
2060,12,7,21,94578.67433,50599.23613,40284.99677,53795.61509,8670.024733,0,0,0
2060,12,7,22,94460.28671,50267.62909,39378.48829,53472.35255,8227.939959,0,0,0
2060,12,7,23,94856.47672,48999.78628,37974.26503,51897.15391,7728.573654,0,0,0
2060,12,7,24,93433.30448,48255.9956,35673.18162,50626.26884,7065.446493,0,0,0
2060,12,8,1,88121.07268,44460.46399,32969.5629,47546.2783,7234.335741,0,0,0
2060,12,8,2,101361.1031,53660.53846,36128.30468,53611.68835,6990.606738,0,0,0
2060,12,8,3,99144.42088,52574.18858,35001.62303,52370.44365,6775.735806,0,0,0
2060,12,8,4,97959.06695,50875.99545,34102.76368,51637.43128,6757.829895,0,0,0
2060,12,8,5,94123.02974,50073.44557,33663.37349,51274.53235,6924.459174,0,0,0
2060,12,8,6,93696.41707,50763.69236,34848.11896,52560.62876,7048.322879,0,0,0
2060,12,8,7,95145.23127,52948.64811,37476.02871,53473.83022,7220.254393,0,0,0
2060,12,8,8,97319.93024,51777.81014,35179.98677,50829.49224,7971.259593,0,0,0
2060,12,8,9,101422.9046,52406.60316,35814.77739,52617.82337,8430.989513,0,0,0
2060,12,8,10,108552.6733,55754.9216,37987.04255,55768.8291,8670.633186,0,0,0
2060,12,8,11,114206.2474,55922.50702,38382.71103,57179.83227,8654.465713,0,0,0
2060,12,8,12,117360.4692,56239.68502,39010.02637,57761.33977,8521.562131,0,0,0
2060,12,8,13,116159.9909,55663.56668,39035.92909,57324.99184,8707.053461,0,0,0
2060,12,8,14,112343.0765,52942.47666,37801.81198,55082.84148,8726.871654,0,0,0
2060,12,8,15,116642.4074,56407.96582,39761.72694,57980.29603,8627.606847,0,0,0
2060,12,8,16,116390.5078,55743.88251,39139.27923,57507.96244,8378.66253,0,0,0
2060,12,8,17,116735.8485,55456.25795,38518.91764,56302.96416,8138.931935,0,0,0
2060,12,8,18,112277.1028,55007.48019,37929.41333,55603.50365,9057.087945,0,0,0
2060,12,8,19,109147.5668,56372.93629,40889.19088,59438.93241,9231.453273,0,0,0
2060,12,8,20,106612.4027,58769.80763,44994.7729,59725.86159,9219.110364,0,0,0
2060,12,8,21,106889.6835,58805.35869,45283.26668,60363.86832,8793.97536,0,0,0
2060,12,8,22,108999.1911,58715.13376,44189.70228,59521.68205,8236.71907,0,0,0
2060,12,8,23,108036.4441,57412.52219,41896.7026,57808.88605,7795.068906,0,0,0
2060,12,8,24,106653.5167,56008.55969,39718.09215,56659.60471,7509.53047,0,0,0
2060,12,9,1,104650.1408,54840.59015,38293.78993,54793.21771,7228.077364,0,0,0
2060,12,9,2,101276.5281,53617.33828,36097.96893,53567.70587,6984.522205,0,0,0
2060,12,9,3,99062.27969,52530.90147,34971.89574,52327.41731,6769.825117,0,0,0
2060,12,9,4,97877.01268,50834.27294,34073.38408,51594.75263,6751.919206,0,0,0
2060,12,9,5,94043.67005,50031.02768,33634.25465,51231.67986,6918.548485,0,0,0
2060,12,9,6,93616.97045,50721.10063,34818.73936,52517.16781,7042.151424,0,0,0
2060,12,9,7,95065.35004,52904.57871,37445.51912,53429.41313,7214.082939,0,0,0
2060,12,9,8,97238.31057,51734.08843,35150.08563,50786.4659,7964.653529,0,0,0
2060,12,9,9,101338.3296,52363.14221,35784.96318,52574.44934,8424.035761,0,0,0
2060,12,9,10,108462.5353,55710.33066,37956.09835,55723.80356,8663.50559,0,0,0
2060,12,9,11,114112.111,55877.91608,38351.41914,57134.19828,8647.425039,0,0,0
2060,12,9,12,117263.2906,56195.09409,38978.56064,57714.31502,8514.608379,0,0,0
2060,12,9,13,116063.5945,55618.54114,39004.81105,57278.66247,8699.838944,0,0,0
2060,12,9,14,112249.2009,52899.71108,37771.04163,55037.98978,8719.744059,0,0,0
2060,12,9,15,116545.2288,56362.76643,39729.73968,57932.31514,8620.740017,0,0,0
2060,12,9,16,116294.2852,55700.1608,39107.63966,57460.50308,8371.882622,0,0,0
2060,12,9,17,116638.6698,55411.05857,38487.45191,56257.15632,8132.238949,0,0,0
2060,12,9,18,112184.3571,54963.23695,37898.46913,55558.65195,9049.438818,0,0,0
2060,12,9,19,109057.2549,56327.56306,40854.85673,59389.38692,9223.630302,0,0,0
2060,12,9,20,106524.6116,58720.78368,44955.04959,59675.27305,9211.200471,0,0,0
2060,12,9,21,106800.4147,58756.50858,45243.97798,60312.84517,8786.67392,0,0,0
2060,12,9,22,108908.01,58667.50056,44151.2828,59470.91966,8229.939162,0,0,0
2060,12,9,23,107946.9146,57364.80207,41861.15155,57760.47055,7788.462842,0,0,0
2060,12,9,24,106564.3349,55963.44723,39685.7572,56613.1015,7503.011328,0,0,0
2060,12,10,1,104562.6974,54795.99922,38262.67189,54748.19217,7226.425848,0,0,0
2060,12,10,2,101254.6238,53605.86459,36089.8852,53556.3191,6982.957611,0,0,0
2060,12,10,3,99040.72306,52519.77547,34964.24662,52316.11746,6768.260523,0,0,0
2060,12,10,4,97855.97758,50823.14694,34065.64803,51583.27894,6750.354612,0,0,0
2060,12,10,5,94022.98264,50019.9886,33626.60553,51220.38001,6917.070812,0,0,0
2060,12,10,6,93596.71765,50709.71386,34811.00331,52506.04181,7040.58683,0,0,0
2060,12,10,7,95044.22802,52893.0181,37437.43539,53417.59175,7212.431422,0,0,0
2060,12,10,8,97216.84087,51722.4409,35142.26266,50775.07913,7962.915091,0,0,0
2060,12,10,9,101316.5991,52351.92928,35777.05329,52563.06257,8422.471167,0,0,0
2060,12,10,10,108439.0664,55698.94389,37948.10154,55712.0691,8661.593309,0,0,0
2060,12,10,11,114087.599,55866.26855,38343.16156,57122.28998,8645.686601,0,0,0
2060,12,10,12,117237.7355,56183.53348,38970.38998,57701.88519,8512.783019,0,0,0
2060,12,10,13,116038.561,55606.71976,38996.64039,57266.75417,8698.013584,0,0,0
2060,12,10,14,112224.8627,52888.49816,37762.69713,55026.25532,8717.918699,0,0,0
2060,12,10,15,116520.2822,56350.85813,39721.22134,57920.31992,8618.914657,0,0,0
2060,12,10,16,116269.0779,55688.68711,39099.12131,57448.16017,8370.144184,0,0,0
2060,12,10,17,116613.2886,55399.41103,38479.19433,56245.24802,8130.413589,0,0,0
2060,12,10,18,112160.1059,54951.32865,37890.55924,55546.91749,9047.439615,0,0,0
2060,12,10,19,109033.8729,56315.74168,40846.25147,59376.52248,9221.544177,0,0,0
2060,12,10,20,106500.9688,58708.35385,44944.70589,59662.14784,9209.201267,0,0,0
2060,12,10,21,106777.4674,58743.55722,45233.7212,60299.37228,8784.84856,0,0,0
2060,12,10,22,108884.628,58655.33149,44141.19986,59457.9683,8228.287646,0,0,0
2060,12,10,23,107923.6195,57352.37224,41851.85091,57747.77996,7786.724404,0,0,0
2060,12,10,24,106541.1267,55951.53893,39677.15194,56601.10627,7501.359812,0,0,0
2060,12,11,1,104540.0108,54784.4386,38254.32738,54736.63156,7267.539906,0,0,0
2060,12,11,2,101807.9686,53892.88069,36288.32789,53845.33441,7022.507075,0,0,0
2060,12,11,3,99579.20421,52802.61932,35158.60398,52599.91746,6806.940767,0,0,0
2060,12,11,4,98391.24263,51100.0801,34257.74543,51866.12279,6788.947935,0,0,0
2060,12,11,5,94542.4279,50296.92177,33817.31217,51503.05002,6956.185667,0,0,0
2060,12,11,6,94114.16371,50988.99392,35004.14377,52790.10257,7080.570903,0,0,0
2060,12,11,7,95566.1071,53181.07727,37638.83342,53708.95396,7253.284715,0,0,0
2060,12,11,8,97751.14977,52007.4578,35336.88079,51056.27147,8006.289118,0,0,0
2060,12,11,9,101868.5532,52635.72928,35972.71448,52850.33945,8467.583632,0,0,0
2060,12,11,10,109028.6576,55990.3061,38150.97725,56010.03737,8707.574993,0,0,0
2060,12,11,11,114707.9606,56156.06616,38545.95035,57426.69046,8691.233676,0,0,0
2060,12,11,12,117879.393,56478.11179,39177.35102,58011.41407,8558.330094,0,0,0
2060,12,11,13,116671.787,55899.21195,39205.33987,57573.76231,8744.5168,0,0,0
2060,12,11,14,112836.4452,53170.55972,37965.92053,55321.26825,8763.900383,0,0,0
2060,12,11,15,117155.2466,56649.08716,39935.57074,58233.84721,8664.548653,0,0,0
2060,12,11,16,116900.9132,55978.22395,39308.69001,57756.21138,8414.648196,0,0,0
2060,12,11,17,117249.47,55691.8163,38684.50386,56545.21549,8174.569913,0,0,0
2060,12,11,18,112765.1692,55243.03854,38093.86956,55839.40968,9098.115081,0,0,0
2060,12,11,19,109624.768,56613.62303,41071.63995,59703.17498,9273.697316,0,0,0
2060,12,11,20,107083.5194,59028.05259,45203.03777,59995.23255,9260.919797,0,0,0
2060,12,11,21,107360.0179,59065.7767,45493.87844,60636.97693,8832.047151,0,0,0
2060,12,11,22,109481.5207,58972.42258,44393.0126,59787.57614,8272.357049,0,0,0
2060,12,11,23,108512.1677,57666.50798,42086.27926,58063.74105,7830.098431,0,0,0
2060,12,11,24,107121.4173,56253.59253,39893.50054,56906.89751,7543.951542,0,0,0
2060,12,12,1,105113.0869,55080.40767,38458.07231,55028.77606,7248.851698,0,0,0
2060,12,12,2,101555.7213,53761.36786,36198.18988,53713.99543,7004.514242,0,0,0
2060,12,12,3,99333.47601,52674.40952,35070.11749,52470.75152,6789.295622,0,0,0
2060,12,12,4,98147.51363,50973.69567,34170.47584,51737.1307,6771.389711,0,0,0
2060,12,12,5,94306.17418,50171.2327,33730.56412,51374.23177,6938.366678,0,0,0
2060,12,12,6,93878.43152,50861.82718,34916.17881,52660.15433,7062.491148,0,0,0
2060,12,12,7,95328.20186,53049.73828,37547.47851,53576.05037,7234.596506,0,0,0
2060,12,12,8,97508.37691,51878.03109,35248.22046,50928.23551,7986.557848,0,0,0
2060,12,12,9,101617.0012,52506.91103,35883.70646,52719.08738,8447.156986,0,0,0
2060,12,12,10,108759.5474,55857.66328,38058.40543,55874.61305,8686.626815,0,0,0
2060,12,12,11,114424.9429,56023.94487,38453.55237,57288.39772,8670.633186,0,0,0
2060,12,12,12,117585.9446,56342.42671,39083.04076,57869.55753,8537.642682,0,0,0
2060,12,12,13,116383.4671,55765.61299,39109.63886,57433.29653,8723.220935,0,0,0
2060,12,12,14,112557.5998,53041.39378,37873.43563,55186.5393,8743.386815,0,0,0
2060,12,12,15,116865.3621,56512.88055,39836.82746,58090.68684,8643.861241,0,0,0
2060,12,12,16,116612.1586,55845.92882,39212.38055,57615.57175,8394.308472,0,0,0
2060,12,12,17,116960.0201,55558.82579,38591.14974,56408.74811,8154.404033,0,0,0
2060,12,12,18,112488.8445,55110.3088,38001.21082,55706.07149,9074.993856,0,0,0
2060,12,12,19,109355.3101,56476.9818,40968.37673,59552.88701,9249.61995,0,0,0
2060,12,12,20,106817.0168,58882.54534,45085.95397,59843.29308,9237.190118,0,0,0
2060,12,12,21,107094.6454,58918.531,45374.79544,60482.95132,8810.316676,0,0,0
2060,12,12,22,109208.1513,58827.00224,44278.36261,59637.11433,8252.017325,0,0,0
2060,12,12,23,108243.579,57523.78222,41979.45225,57919.71147,7810.454082,0,0,0
2060,12,12,24,106856.8271,56114.86518,39794.40958,56766.77941,7524.567959,0,0,0
2060,12,13,1,104851.1912,54945.15719,38365.1528,54894.74249,7206.781499,0,0,0
2060,12,13,2,97452.83382,51489.0556,35458.04992,53201.76468,7027.983155,0,0,0
2060,12,13,3,95040.14269,51059.13989,34410.03259,52132.01688,6831.887352,0,0,0
2060,12,13,4,91575.95736,49879.60973,33434.85582,50987.95086,6757.047598,0,0,0
2060,12,13,5,89902.97159,49269.59185,33061.52627,50142.02694,6918.200797,0,0,0
2060,12,13,6,88957.17441,49438.65494,34044.96062,51426.12415,7020.160184,0,0,0
2060,12,13,7,91228.009,52022.75605,36386.89732,52139.14448,7099.259111,0,0,0
2060,12,13,8,90375.21826,49826.6743,34191.3371,50301.96324,7793.156624,0,0,0
2060,12,13,9,92648.57359,49765.39436,34246.96711,49528.01065,8292.001398,0,0,0
2060,12,13,10,97561.31235,52534.89988,36161.16115,53335.27672,8616.741609,0,0,0
2060,12,13,11,102315.9402,53098.58839,36901.56188,54244.30593,8654.900323,0,0,0
2060,12,13,12,103987.8829,53092.06925,37386.93376,55590.11768,8497.223999,0,0,0
2060,12,13,13,104689.6903,51992.768,37348.07967,54778.00638,8592.925009,0,0,0
2060,12,13,14,100382.4495,50423.82774,36187.49849,52793.4056,8586.405867,0,0,0
2060,12,13,15,100937.4458,52390.69645,37004.56433,54524.88981,8494.703264,0,0,0
2060,12,13,16,101597.4438,51632.47673,36144.90676,53153.0015,8262.882562,0,0,0
2060,12,13,17,99611.45224,50777.94755,35460.13605,51341.72298,8103.815488,0,0,0
2060,12,13,18,97339.48766,50317.95687,35204.58566,51379.53401,9010.497808,0,0,0
2060,12,13,19,95801.4916,51981.12046,38855.39231,56518.70431,9014.409293,0,0,0
2060,12,13,20,100601.4927,55244.0816,42002.83424,56720.18927,8902.019279,0,0,0
2060,12,13,21,100447.7278,55092.92442,41737.114,57086.91276,8743.647581,0,0,0
2060,12,13,22,98629.49556,55025.82071,41022.96368,56347.12049,8281.310004,0,0,0
2060,12,13,23,98831.50205,53137.96401,39329.2905,54063.50838,7837.139105,0,0,0
2060,12,13,24,97123.66059,51563.63459,37322.7854,53360.57099,7629.221924,0,0,0
2060,12,14,1,97211.7994,51300.26124,36442.7881,52587.05302,7234.77035,0,0,0
2060,12,14,2,93168.88807,49028.73127,34467.92258,50705.19392,6952.274181,0,0,0
2060,12,14,3,90722.03663,47740.3749,33283.35095,49330.5241,6707.67596,0,0,0
2060,12,14,4,88991.59549,45988.89865,32433.95016,47971.93483,6620.145608,0,0,0
2060,12,14,5,86775.174,45191.651,31864.0902,47732.20424,6709.06671,0,0,0
2060,12,14,6,84931.03901,46608.47794,32914.36749,48699.90573,6703.329865,0,0,0
2060,12,14,7,86882.00102,47233.01178,34612.99523,48649.92564,6945.841961,0,0,0
2060,12,14,8,84569.87853,45668.50453,31990.12695,45416.25718,7496.752951,0,0,0
2060,12,14,9,82055.05417,44659.51514,31452.25424,45377.31617,8071.567464,0,0,0
2060,12,14,10,84875.06131,44731.05186,32176.13981,46047.39709,8202.906452,0,0,0
2060,12,14,11,89127.62826,44934.36218,32440.38238,45840.60989,8270.879376,0,0,0
2060,12,14,12,91233.83277,45214.51146,32732.87457,46090.94496,8152.404829,0,0,0
2060,12,14,13,89241.75671,45496.74686,32709.40566,46444.97785,8262.274109,0,0,0
2060,12,14,14,90805.91627,43801.596,32379.10244,46197.68505,8331.463939,0,0,0
2060,12,14,15,90537.06684,44458.46479,32805.19359,47365.48075,8210.903267,0,0,0
2060,12,14,16,90443.45195,45016.5903,32274.5354,45955.86833,8065.482931,0,0,0
2060,12,14,17,90478.30763,43330.827,32212.73393,45627.12971,7945.096102,0,0,0
2060,12,14,18,89254.44731,44217.08268,32727.48541,46651.50428,8873.161209,0,0,0
2060,12,14,19,90318.97979,47039.69748,36664.96048,52738.38404,9045.701177,0,0,0
2060,12,14,20,95240.58459,50916.58798,40654.93637,54129.30826,8910.537625,0,0,0
2060,12,14,21,94699.93038,50664.6014,40336.01992,53863.76186,8680.455361,0,0,0
2060,12,14,22,94581.97737,50332.90743,39428.1207,53540.15163,8238.022899,0,0,0
2060,12,14,23,94978.08046,49063.67387,38021.3767,51962.08457,7738.569672,0,0,0
2060,12,14,24,93553.77823,48318.92705,35718.20716,50690.93873,7074.48637,0,0,0
2060,12,15,1,88236.59188,44519.39704,33012.67616,47608.68822,7243.810228,0,0,0
2060,12,15,2,101488.9652,53726.33834,36173.76483,53678.1836,6999.733538,0,0,0
2060,12,15,3,99267.84998,52639.55384,35046.38781,52435.98276,6784.60184,0,0,0
2060,12,15,4,98081.97452,50939.62228,34147.00693,51702.44886,6766.695929,0,0,0
2060,12,15,5,94242.80812,50137.507,33707.35597,51339.54993,6933.499051,0,0,0
2060,12,15,6,93815.41315,50827.57995,34892.53605,52625.90711,7057.5366,0,0,0
2060,12,15,7,95264.74888,53014.53491,37522.53192,53540.84701,7229.641958,0,0,0
2060,12,15,8,97443.27241,51843.43618,35224.75155,50894.07521,7981.255612,0,0,0
2060,12,15,9,101549.6367,52472.40303,35859.80293,52683.97093,8441.507063,0,0,0
2060,12,15,10,108687.4022,55821.93838,38033.63268,55838.01893,8681.063814,0,0,0
2060,12,15,11,114349.8424,55988.91535,38429.0404,57250.93439,8664.983263,0,0,0
2060,12,15,12,117507.8019,56306.78873,39057.31188,57832.18112,8532.166602,0,0,0
2060,12,15,13,116305.9328,55729.88809,39083.90998,57395.39858,8717.657933,0,0,0
2060,12,15,14,112483.0208,53006.88579,37848.48904,55150.90133,8737.563048,0,0,0
2060,12,15,15,116787.1324,56476.28643,39810.75089,58052.44121,8638.29824,0,0,0
2060,12,15,16,116536.015,55810.8993,39186.99935,57577.6738,8388.74547,0,0,0
2060,12,15,17,116881.8773,55523.10089,38566.02931,56371.89323,8149.014875,0,0,0
2060,12,15,18,112414.9609,55074.49698,37976.43808,55670.34659,9068.648558,0,0,0
2060,12,15,19,109283.3388,56440.21384,40941.17018,59513.16371,9243.448495,0,0,0
2060,12,15,20,106745.9147,58843.69125,45054.22748,59802.26594,9230.931742,0,0,0
2060,12,15,21,107023.8909,58879.58999,45342.8951,60441.5765,8804.579831,0,0,0
2060,12,15,22,109136.3538,58787.62662,44247.59226,59597.3041,8246.715089,0,0,0
2060,12,15,23,108171.5208,57485.1889,41950.59418,57881.20507,7805.151846,0,0,0
2060,12,15,24,106785.9857,56077.83645,39767.72455,56729.22915,7519.352645,0,0,0
2060,12,16,1,104781.4798,54908.38923,38340.29314,54859.36528,7237.551851,0,0,0
2060,12,16,2,101404.1295,53682.61662,36143.60293,53634.28805,6993.735927,0,0,0
2060,12,16,3,99185.7957,52596.09289,35016.5736,52392.34797,6778.691151,0,0,0
2060,12,16,4,98000.44178,50897.639,34117.71425,51659.42252,6760.78524,0,0,0
2060,12,16,5,94163.18766,50095.17604,33678.41098,51296.26283,6927.50144,0,0,0
2060,12,16,6,93736.57499,50785.50976,34863.24337,52582.62,7051.452067,0,0,0
2060,12,16,7,95185.73687,52970.90012,37491.76157,53496.34299,7223.383582,0,0,0
2060,12,16,8,97361.56583,51800.23599,35195.02426,50851.30963,7974.649547,0,0,0
2060,12,16,9,101465.4963,52428.76824,35830.16257,52640.07537,8434.466389,0,0,0
2060,12,16,10,108598.0465,55777.52129,38002.60157,55792.03725,8674.110062,0,0,0
2060,12,16,11,114254.3152,55945.01979,38398.44389,57203.56195,8657.942589,0,0,0
2060,12,16,12,117410.9709,56261.93703,39026.28076,57785.33022,8525.125929,0,0,0
2060,12,16,13,116209.1887,55685.81869,39051.74888,57348.19999,8710.617259,0,0,0
2060,12,16,14,112390.1882,52964.38098,37817.45792,55105.87578,8730.522374,0,0,0
2060,12,16,15,116690.736,56430.73935,39778.15518,58004.54724,8631.257566,0,0,0
2060,12,16,16,116439.3579,55765.96068,39155.62055,57531.34443,8382.052484,0,0,0
2060,12,16,17,116784.7855,55479.20533,38534.73743,56325.65078,8142.321889,0,0,0
2060,12,16,18,112323.5191,55029.99296,37945.32004,55626.19026,9060.999431,0,0,0
2060,12,16,19,109193.6354,56395.27522,40906.57526,59463.61822,9235.538602,0,0,0
2060,12,16,20,106657.689,58794.75422,45014.67801,59751.59047,9223.108771,0,0,0
2060,12,16,21,106934.7091,58830.3922,45303.08487,60390.03182,8797.452236,0,0,0
2060,12,16,22,109045.1728,58739.03728,44209.08586,59547.23709,8240.022103,0,0,0
2060,12,16,23,108082.3389,57437.20801,41914.86928,57833.39802,7798.45886,0,0,0
2060,12,16,24,106698.2815,56031.33323,39734.86808,56683.33439,7512.833503,0,0,0
2060,12,17,1,104694.471,54863.18984,38309.52279,54815.46972,7235.900335,0,0,0
2060,12,17,2,101381.7036,53671.14293,36135.51919,53622.55359,6992.084411,0,0,0
2060,12,17,3,99164.15215,52584.35844,35008.92447,52381.13504,6777.126556,0,0,0
2060,12,17,4,97978.7113,50886.33916,34109.89128,51647.94883,6759.220645,0,0,0
2060,12,17,5,94142.06564,50083.96312,33670.58801,51284.96298,6925.936846,0,0,0
2060,12,17,6,93715.80065,50774.38375,34855.4204,52571.14631,7049.800551,0,0,0
2060,12,17,7,95164.87562,52959.33951,37483.59091,53484.60854,7221.732066,0,0,0
2060,12,17,8,97339.74843,51788.67538,35187.11436,50839.83594,7972.824188,0,0,0
2060,12,17,9,101443.3312,52417.29455,35822.25267,52628.60168,8432.641029,0,0,0
2060,12,17,10,108574.4038,55765.69991,37994.51783,55780.21587,8672.19778,0,0,0
2060,12,17,11,114229.3686,55933.19841,38390.18631,57191.13212,8656.117229,0,0,0
2060,12,17,12,117384.4597,56250.11565,39017.93626,57772.98731,8523.300569,0,0,0
2060,12,17,13,116183.286,55674.17115,39043.40438,57336.03092,8708.704978,0,0,0
2060,12,17,14,112365.4154,52953.16805,37809.46111,55093.88056,8728.610092,0,0,0
2060,12,17,15,116665.5287,56418.65721,39769.37607,57991.6828,8629.345285,0,0,0
2060,12,17,16,116414.1505,55754.57391,39147.01528,57519.26228,8380.227124,0,0,0
2060,12,17,17,116759.3174,55467.12319,38526.56677,56314.17709,8140.670373,0,0,0
2060,12,17,18,112299.4417,55018.34543,37936.80169,55614.19504,9058.826383,0,0,0
2060,12,17,19,109169.3842,56383.71461,40897.53539,59450.49302,9233.365555,0,0,0
2060,12,17,20,106634.4808,58781.88978,45004.24739,59738.2045,9221.022645,0,0,0
2060,12,17,21,106911.1532,58817.44083,45292.56732,60376.29816,8795.626876,0,0,0
2060,12,17,22,109021.0954,58726.52053,44199.00292,59533.85112,8238.283665,0,0,0
2060,12,17,23,108058.6092,57424.25665,41905.30787,57820.70743,7796.720422,0,0,0
2060,12,17,24,106674.8126,56019.42493,39726.08896,56670.90456,7511.095065,0,0,0
2060,12,18,1,104671.2629,54851.54231,38301.17829,54803.64834,7277.188237,0,0,0
2060,12,18,2,101936.0915,53960.33209,36333.70112,53911.30814,7031.633874,0,0,0
2060,12,18,3,99703.85022,52867.46306,35203.5426,52665.89118,6815.980645,0,0,0
2060,12,18,4,98515.28018,51164.75,34302.16252,51931.40114,6797.90089,0,0,0
2060,12,18,5,94663.0755,50360.89628,33861.46849,51568.0676,6965.312466,0,0,0
2060,12,18,6,94234.11593,51052.88151,35049.16931,52855.29399,7089.784624,0,0,0
2060,12,18,7,95686.84161,53248.09405,37684.3805,53776.14458,7262.759201,0,0,0
2060,12,18,8,97875.44809,52072.90999,35381.55865,51121.02828,8016.458981,0,0,0
2060,12,18,9,101996.2414,52700.74686,36017.82694,52917.53007,8478.01426,0,0,0
2060,12,18,10,109163.4735,56057.06211,38198.34968,56078.18413,8718.179464,0,0,0
2060,12,18,11,114851.121,56224.03908,38593.23587,57497.61873,8701.925069,0,0,0
2060,12,18,12,118030.3763,56547.38854,39226.11421,58083.21156,8569.108409,0,0,0
2060,12,18,13,116818.8589,55967.01103,39253.66845,57644.77751,8754.947427,0,0,0
2060,12,18,14,112978.041,53237.40266,38012.85835,55388.89348,8774.591776,0,0,0
2060,12,18,15,117303.4485,56718.36392,39986.15928,58306.77468,8674.979281,0,0,0
2060,12,18,16,117047.0289,56045.24074,39357.54012,57827.92195,8424.818058,0,0,0
2060,12,18,17,117396.7157,55759.87614,38731.78937,56615.70915,8184.826697,0,0,0
2060,12,18,18,112907.4604,55310.57685,38140.98123,55907.99106,9110.023381,0,0,0
2060,12,18,19,109760.7138,56681.68287,41124.14077,59778.18857,9286.040225,0,0,0
2060,12,18,20,107217.466,59102.97927,45263.18772,60072.33228,9273.175784,0,0,0
2060,12,18,21,107495.0076,59140.44261,45554.89761,60715.55432,8842.99931,0,0,0
2060,12,18,22,109620.248,59046.13235,44451.59796,59865.02355,8282.700755,0,0,0
2060,12,18,23,108648.722,57739.08777,42141.47467,58137.01622,7840.094449,0,0,0
2060,12,18,24,107255.7117,56323.47773,39943.65448,56977.73886,7553.860638,0,0,0
2060,12,19,1,105246.3381,55148.64136,38505.2709,55096.22745,7258.326185,0,0,0
2060,12,19,2,101683.3226,53827.77619,36243.82388,53780.49068,7013.641041,0,0,0
2060,12,19,3,99458.29585,52739.68787,35114.96919,52536.37755,6798.248578,0,0,0
2060,12,19,4,98270.94273,51037.49634,34214.63217,51802.58289,6780.255745,0,0,0
2060,12,19,5,94425.86564,50234.94645,33774.45967,51439.4232,6947.406555,0,0,0
2060,12,19,6,93997.94913,50926.41015,34960.76974,52725.78037,7071.617947,0,0,0
2060,12,19,7,95448.58869,53116.66814,37593.28635,53642.89331,7244.070993,0,0,0
2060,12,19,8,97631.80601,51943.22252,35293.15908,50993.16617,7996.640788,0,0,0
2060,12,19,9,101744.8633,52572.27629,35928.90584,52785.32187,8457.587614,0,0,0
2060,12,19,10,108896.1886,55924.76698,38105.25633,55943.54211,8697.231287,0,0,0
2060,12,19,11,114568.4509,56091.1355,38500.31636,57358.45677,8681.063814,0,0,0
2060,12,19,12,117734.4942,56410.57347,39130.32627,57941.18118,8548.160232,0,0,0
2060,12,19,13,116529.6697,55833.1513,39157.53283,57504.74633,8734.086172,0,0,0
2060,12,19,14,112698.8478,53106.93289,37919.85192,55254.51223,8753.904365,0,0,0
2060,12,19,15,117010.9563,56581.54885,39886.45987,58162.7451,8654.291869,0,0,0
2060,12,19,16,116757.492,55913.03253,39261.66526,57686.67386,8404.478334,0,0,0
2060,12,19,17,117107.0919,55626.45103,38638.43525,56477.59026,8164.660817,0,0,0
2060,12,19,18,112629.0496,55177.32558,38047.80095,55773.52288,9086.815235,0,0,0
2060,12,19,19,109491.6036,56546.17163,41020.44295,59628.85675,9261.875937,0,0,0
2060,12,19,20,106951.7458,58956.34203,45144.88702,59920.13203,9249.098418,0,0,0
2060,12,19,21,107228.8528,58993.02307,45435.11924,60560.31181,8821.529601,0,0,0
2060,12,19,22,109346.6179,58900.71201,44336.42644,59713.86637,8262.447952,0,0,0
2060,12,19,23,108379.8726,57595.66663,42033.34383,57992.72586,7820.363178,0,0,0
2060,12,19,24,106991.1214,56185.27191,39844.65043,56837.88152,7534.390133,0,0,0
2060,12,20,1,104984.0948,55014.08626,38412.00371,54962.19388,7216.169064,0,0,0
2060,12,20,2,97576.69752,51553.98626,35502.8147,53268.17301,7037.109954,0,0,0
2060,12,20,3,95160.26876,51123.72286,34454.71045,52197.29523,6840.840308,0,0,0
2060,12,20,4,91694.51883,49943.58425,33478.57753,51052.88151,6765.913632,0,0,0
2060,12,20,5,90019.79462,49333.39252,33104.81337,50206.26223,6927.153753,0,0,0
2060,12,20,6,89073.21515,49502.45562,34088.85618,51491.0548,7029.286983,0,0,0
2060,12,20,7,91345.61433,52088.55593,36432.35748,52204.59667,7108.472832,0,0,0
2060,12,20,8,90493.08436,49891.34419,34235.66727,50366.28544,7803.239564,0,0,0
2060,12,20,9,92768.78657,49829.89041,34291.21036,49592.07209,8302.084338,0,0,0
2060,12,20,10,97685.43682,52599.83054,36206.70823,53401.25044,8627.172237,0,0,0
2060,12,20,11,102444.2369,53163.86673,36947.97818,54311.32271,8665.417872,0,0,0
2060,12,20,12,104118.6134,53158.73834,37433.35006,55657.74291,8507.567705,0,0,0
2060,12,20,13,104820.5078,52058.82864,37394.32212,54845.71854,8603.181793,0,0,0
2060,12,20,14,100510.5724,50488.32379,36232.87172,52859.81393,8596.749573,0,0,0
2060,12,20,15,101065.3079,52456.58325,37050.63294,54591.21122,8505.133892,0,0,0
2060,12,20,16,101725.3928,51696.62509,36190.7146,53219.14906,8273.139346,0,0,0
2060,12,20,17,99738.09744,50843.2259,35505.07467,51407.26209,8114.159194,0,0,0
2060,12,20,18,97464.22059,50383.06137,35249.87197,51445.24696,9021.884577,0,0,0
2060,12,20,19,95925.78991,52046.7465,38903.63396,56589.98027,9025.882984,0,0,0
2060,12,20,20,100729.7025,55311.61992,42057.42119,56793.37751,8913.319126,0,0,0
2060,12,20,21,100574.1123,55160.28889,41790.74481,57160.62253,8754.16513,0,0,0
2060,12,20,22,98755.18462,55093.09826,41075.55143,56420.2218,8291.65371,0,0,0
2060,12,20,23,98956.93035,53204.45926,39378.66214,54131.39438,7847.048201,0,0,0
2060,12,20,24,97246.742,51628.99986,37368.59324,53426.97932,7639.044099,0,0,0
2060,12,21,1,97335.22849,51364.75728,36488.33518,52652.76597,6601.718166,0,0,0
2060,12,21,2,85018.83013,44723.14197,31451.73271,46288.34459,6338.779424,0,0,0
2060,12,21,3,82737.04338,43518.83907,30350.95379,44997.81517,6112.087114,0,0,0
2060,12,21,4,81141.76578,41903.13483,29564.83215,43729.97236,6031.510514,0,0,0
2060,12,21,5,79080.41297,41172.20858,29038.25929,43508.2346,6113.390942,0,0,0
2060,12,21,6,77381.61139,42481.33929,30003.78773,44412.39618,6108.088706,0,0,0
2060,12,21,7,79191.49916,43050.85157,31579.5079,44403.00862,6332.868735,0,0,0
2060,12,21,8,77057.30579,41621.33403,29147.17243,41386.38414,6843.70873,0,0,0
2060,12,21,9,74753.96241,40696.91964,28654.0645,41344.1401,7378.191482,0,0,0
2060,12,21,10,77342.32269,40757.93882,29320.58161,41955.8095,7502.489797,0,0,0
2060,12,21,11,81260.15341,40941.86555,29564.6583,41763.45134,7568.202752,0,0,0
2060,12,21,12,83215.46151,41197.93747,29839.41842,41990.31749,7454.421987,0,0,0
2060,12,21,13,81371.67421,41458.18163,29817.5141,42315.75308,7560.032093,0,0,0
2060,12,21,14,82830.04981,39902.01889,29515.98204,42087.40925,7627.048877,0,0,0
2060,12,21,15,82575.02096,40502.73612,29907.47827,43161.41622,7510.312767,0,0,0
2060,12,21,16,82499.31199,41016.09685,29416.63031,41866.62763,7372.280793,0,0,0
2060,12,21,17,82519.56479,39472.9724,29360.65261,41564.74788,7258.239263,0,0,0
2060,12,21,18,81391.75316,40292.99358,29836.55,42504.98205,8142.84342,0,0,0
2060,12,21,19,82355.89086,42881.61463,33523.86384,48235.48203,8296.869024,0,0,0
2060,12,21,20,86964.66374,46460.01534,37246.46797,49530.1837,8177.090648,0,0,0
2060,12,21,21,86452.51992,46223.76162,36956.67037,49290.0185,7961.611263,0,0,0
2060,12,21,22,86342.65064,45917.10116,36130.82541,48998.30861,7536.650103,0,0,0
2060,12,21,23,86709.46105,44737.74485,34817.95706,47495.42899,7066.141868,0,0,0
2060,12,21,24,85377.38296,44056.97254,32628.56829,46264.52799,6452.212501,0,0,0
2060,12,22,1,80432.13541,40558.10537,30091.92654,43384.45781,6610.14959,0,0,0
2060,12,22,2,92895.5187,49203.96582,33058.13631,49112.87167,6382.674983,0,0,0
2060,12,22,3,90811.82696,48166.90065,31985.08548,47925.51854,6183.189226,0,0,0
2060,12,22,4,89688.96988,46538.94042,31138.29235,47227.97031,6166.587144,0,0,0
2060,12,22,5,86056.85144,45767.07396,30728.02099,46879.4135,6321.395044,0,0,0
2060,12,22,6,85641.19092,46412.72982,31840.18667,48121.09281,6436.392716,0,0,0
2060,12,22,7,86991.43569,48458.17593,34346.66653,48998.65629,6596.937462,0,0,0
2060,12,22,8,89003.1561,47344.35873,32152.58398,46461.31917,7293.008022,0,0,0
2060,12,22,9,92822.85199,47960.20038,32758.34268,48148.56013,7733.354358,0,0,0
2060,12,22,10,99489.8485,51202.99563,34832.82071,51159.53468,7962.219716,0,0,0
2060,12,22,11,104714.2892,51361.80194,35207.80178,52507.6064,7947.008384,0,0,0
2060,12,22,12,107602.0085,51666.11551,35804.25984,53045.8268,7820.189334,0,0,0
2060,12,22,13,106491.6682,51113.46608,35829.29335,52642.1615,7996.640788,0,0,0
2060,12,22,14,102926.2188,48480.94947,34652.11008,50497.88519,8015.415918,0,0,0
2060,12,22,15,106946.8781,51828.74638,36507.11031,53245.05179,7921.62719,0,0,0
2060,12,22,16,106706.7999,51187.34969,35925.42897,52799.22937,7682.765813,0,0,0
2060,12,22,17,107029.8886,50911.8942,35337.92386,51668.37548,7451.292799,0,0,0
2060,12,22,18,102934.3895,50471.89555,34776.40839,51003.24911,8316.947982,0,0,0
2060,12,22,19,100032.415,51767.46644,37524.70497,54529.32283,8469.930523,0,0,0
2060,12,22,20,97670.6601,53986.32173,41114.57937,54685.95609,8459.23913,0,0,0
2060,12,22,21,97941.59565,54025.43659,41379.95192,55266.07284,8078.781982,0,0,0
2060,12,22,22,99912.28893,53937.64547,40413.03273,54527.49747,7545.255371,0,0,0
2060,12,22,23,99033.68238,52726.38882,38400.70386,53004.79966,7127.508728,0,0,0
2060,12,22,24,97808.34438,51410.21744,36454.60948,52014.84616,6864.222298,0,0,0
2060,12,23,1,95959.25484,50324.64985,35125.92135,50241.11791,6604.325823,0,0,0
2060,12,23,2,92816.33285,49161.72178,33029.27824,49070.5407,6377.111981,0,0,0
2060,12,23,3,90734.03186,48125.35198,31957.09663,47884.14372,6177.713147,0,0,0
2060,12,23,4,89611.69631,46498.52174,31110.99887,47186.94317,6161.197986,0,0,0
2060,12,23,5,85981.49015,45727.17681,30700.90136,46838.5602,6315.832043,0,0,0
2060,12,23,6,85566.26424,46372.31114,31812.19782,48079.28338,6430.742792,0,0,0
2060,12,23,7,86915.46595,48416.54034,34317.28693,48957.02071,6591.113694,0,0,0
2060,12,23,8,88925.96945,47303.33159,32124.59513,46420.72664,7286.662723,0,0,0
2060,12,23,9,92742.62308,47918.65171,32729.74538,48106.92454,7726.835216,0,0,0
2060,12,23,10,99406.05579,51160.23006,34803.26726,51116.59527,7955.700574,0,0,0
2060,12,23,11,104626.4981,51319.38405,35178.24833,52463.537,7940.40232,0,0,0
2060,12,23,12,107512.5659,51623.78454,35774.18486,53001.93124,7813.757114,0,0,0
2060,12,23,13,106403.0078,51070.61358,35799.30529,52598.17902,7990.034723,0,0,0
2060,12,23,14,102839.21,48439.48772,34622.55663,50454.85885,8008.63601,0,0,0
2060,12,23,15,106858.4786,51785.89388,36476.86149,53201.33007,7915.021125,0,0,0
2060,12,23,16,106617.618,51144.67104,35895.70168,52755.24689,7676.159749,0,0,0
2060,12,23,17,106940.359,50869.21554,35308.19657,51624.91453,7444.860578,0,0,0
2060,12,23,18,102847.6414,50429.30382,34747.11571,50960.04893,8310.341918,0,0,0
2060,12,23,19,99947.66614,51724.35318,37493.8477,54484.7319,8463.324459,0,0,0
2060,12,23,20,97587.56276,53942.68694,41079.72368,54639.88749,8452.459222,0,0,0
2060,12,23,21,97859.10677,53981.36719,41344.74855,55219.65655,8072.088995,0,0,0
2060,12,23,22,99828.58314,53892.70685,40379.04626,54482.03732,7538.649306,0,0,0
2060,12,23,23,98950.06352,52683.01479,38369.06429,52960.55641,7121.250351,0,0,0
2060,12,23,24,97726.46395,51367.9734,36424.88219,51971.55906,6858.311609,0,0,0
2060,12,24,1,95878.5044,50282.23197,35096.28098,50198.35233,6602.761229,0,0,0
2060,12,24,2,92795.29775,49150.76962,33021.62911,49059.32778,6375.634309,0,0,0
2060,12,24,3,90713.25752,48114.3129,31949.79519,47872.93079,6176.322396,0,0,0
2060,12,24,4,89591.26966,46487.74342,31103.61051,47175.99101,6159.720314,0,0,0
2060,12,24,5,85961.49812,45716.48542,30693.77376,46827.60804,6314.354371,0,0,0
2060,12,24,6,85546.6199,46361.53283,31804.72254,48068.15737,6429.26512,0,0,0
2060,12,24,7,86895.30007,48405.32742,34309.55088,48945.8947,6589.636022,0,0,0
2060,12,24,8,88905.1082,47292.46636,32116.946,46409.94832,7284.924286,0,0,0
2060,12,24,9,92721.32721,47907.61263,32722.09625,48095.88546,7725.1837,0,0,0
2060,12,24,10,99383.80379,51148.93021,34795.44429,51105.03465,7953.962136,0,0,0
2060,12,24,11,104603.3769,51307.82344,35170.25152,52451.97639,7938.57696,0,0,0
2060,12,24,12,107488.8362,51612.31085,35766.18805,52990.2837,7812.018676,0,0,0
2060,12,24,13,106379.5389,51059.22681,35791.3954,52586.44456,7988.209364,0,0,0
2060,12,24,14,102816.1757,48428.2748,34614.64674,50443.55901,8006.897572,0,0,0
2060,12,24,15,106835.4443,51774.50711,36468.77775,53189.50869,7913.282687,0,0,0
2060,12,24,16,106594.3229,51133.45811,35887.79178,52743.59936,7674.508233,0,0,0
2060,12,24,17,106916.5424,50858.00262,35300.19975,51613.35391,7443.209062,0,0,0
2060,12,24,18,102824.3464,50417.83013,34739.1189,50948.31447,8308.60348,0,0,0
2060,12,24,19,99924.97953,51712.79257,37485.59012,54473.34513,8461.499099,0,0,0
2060,12,24,20,97565.57152,53931.12633,41070.68381,54627.45765,8450.633862,0,0,0
2060,12,24,21,97837.20245,53970.24118,41335.36099,55207.22672,8070.350557,0,0,0
2060,12,24,22,99805.89652,53880.62471,40370.26715,54469.95518,7536.910868,0,0,0
2060,12,24,23,98927.98535,52671.28034,38360.89363,52949.08272,7119.598835,0,0,0
2060,12,24,24,97704.73348,51356.58663,36416.71153,51959.99844,6856.747015,0,0,0
2060,12,25,1,95856.86085,50271.01904,35088.45801,50187.13941,6640.659176,0,0,0
2060,12,25,2,93314.82994,49426.13819,33210.5104,49337.13017,6412.489194,0,0,0
2060,12,25,3,91224.53213,48387.07382,32133.54808,48145.69171,6212.047296,0,0,0
2060,12,25,4,90098.37202,46753.89827,31283.45192,47445.53582,6195.445214,0,0,0
2060,12,25,5,86455.04065,45979.77185,30871.3552,47096.37055,6350.861568,0,0,0
2060,12,25,6,86038.25015,46627.68768,31987.9539,48342.1352,6466.38077,0,0,0
2060,12,25,7,87394.05792,48680.17446,34501.90904,49219.69868,6627.53397,0,0,0
2060,12,25,8,89413.34054,47562.01116,32301.74195,46676.71163,7326.299109,0,0,0
2060,12,25,9,93247.2047,48180.02586,32909.93448,48370.12405,7768.296961,0,0,0
2060,12,25,10,99935.14939,51428.38411,34988.84551,51388.13928,7997.162319,0,0,0
2060,12,25,11,105181.3206,51588.05964,35365.39118,52739.51403,7981.777143,0,0,0
2060,12,25,12,108077.1236,51893.67704,35962.4577,53277.21289,7855.131938,0,0,0
2060,12,25,13,106963.1325,51338.33303,35987.57812,52874.7645,8032.104922,0,0,0
2060,12,25,14,103390.6425,48702.68723,34807.7872,50725.88133,8051.140818,0,0,0
2060,12,25,15,107419.6464,52055.00408,36667.91582,53478.95861,7956.569793,0,0,0
2060,12,25,16,107178.6119,51413.69431,36084.14835,53031.91929,7717.88226,0,0,0
2060,12,25,17,107501.7006,51139.10804,35495.51326,51898.63158,7485.018495,0,0,0
2060,12,25,18,103394.9886,50697.63172,34932.69397,51232.28831,8352.238273,0,0,0
2060,12,25,19,100482.4097,51996.76641,37687.24892,54766.35885,8506.524642,0,0,0
2060,12,25,20,98111.35412,54217.27322,41298.41918,54929.42433,8495.659405,0,0,0
2060,12,25,21,98379.07357,54257.6919,41565.96478,55511.54028,8114.41996,0,0,0
2060,12,25,22,100356.286,54174.68149,40593.39566,54768.35805,7579.415677,0,0,0
2060,12,25,23,99475.07178,52956.47108,38567.07237,53238.44572,7160.017518,0,0,0
2060,12,25,24,98241.99773,51634.21517,36614.89346,52243.6246,6895.688026,0,0,0
2060,12,26,1,96387.51904,50548.99527,35282.46769,50467.02792,6623.44864,0,0,0
2060,12,26,2,93078.75006,49300.44913,33124.45772,49211.00649,6395.713267,0,0,0
2060,12,26,3,90992.45066,48262.86243,32049.84229,48021.65416,6195.792901,0,0,0
2060,12,26,4,89868.02899,46632.90299,31201.65841,47322.88902,6179.190819,0,0,0
2060,12,26,5,86230.69523,45859.99347,30790.43091,46973.98452,6334.259485,0,0,0
2060,12,26,6,85814.51319,46506.77932,31904.76964,48217.57612,6449.517922,0,0,0
2060,12,26,7,87167.01792,48555.26769,34414.55253,49095.05268,6610.323434,0,0,0
2060,12,26,8,89182.47597,47439.1036,32217.7754,46555.28174,7307.523979,0,0,0
2060,12,26,9,93008.08256,48056.07523,32824.49025,48245.3042,7748.652612,0,0,0
2060,12,26,10,99684.46663,51301.04353,34900.79363,51259.58179,7977.51797,0,0,0
2060,12,26,11,104918.5557,51460.54522,35276.90468,52609.30502,7962.219716,0,0,0
2060,12,26,12,107808.9695,51764.9457,35873.18891,53147.09081,7835.487589,0,0,0
2060,12,26,13,106697.2385,51211.77474,35898.5701,52743.94704,8011.85212,0,0,0
2060,12,26,14,103129.0945,48577.60662,34720.16993,50597.75846,8030.974938,0,0,0
2060,12,26,15,107153.3177,51927.14197,36577.51705,53346.48964,7936.7516,0,0,0
2060,12,26,16,106912.3702,51286.6145,35994.87956,52900.92799,7698.150989,0,0,0
2060,12,26,17,107235.7196,51011.24593,35406.766,51769.03103,7466.069521,0,0,0
2060,12,26,18,103135.266,50570.37806,34844.46824,51103.6439,8332.333158,0,0,0
2060,12,26,19,100229.1192,51867.68739,37595.54632,54632.58605,8486.097996,0,0,0
2060,12,26,20,97863.10518,54087.75959,41195.24289,54791.91389,8475.145837,0,0,0
2060,12,26,21,98132.47614,54126.61368,41461.05005,55372.72601,8094.427923,0,0,0
2060,12,26,22,100105.6902,54040.82176,40491.08859,54632.84681,7560.119015,0,0,0
2060,12,26,23,99226.12746,52827.04438,38473.45749,53107.01981,7141.763919,0,0,0
2060,12,26,24,97997.13875,51508.17842,36524.49469,52114.45866,6877.955958,0,0,0
2060,12,27,1,96146.22385,50422.52391,35194.15504,50339.94811,6224.216362,0,0,0
2060,12,27,2,84312.58971,44537.47679,30647.35747,46079.47127,6065.844664,0,0,0
2060,12,27,3,82144.75757,44154.0643,29706.341,45109.59673,5893.130852,0,0,0
2060,12,27,4,79067.63545,43093.61714,28843.98884,44074.53076,5827.852507,0,0,0
2060,12,27,5,77579.18487,42546.79148,28516.98866,43309.35729,5969.187513,0,0,0
2060,12,27,6,76754.12221,42687.86572,29386.0338,44458.29094,6058.977834,0,0,0
2060,12,27,7,78768.97181,44965.3933,31508.14502,45153.23152,6128.689196,0,0,0
2060,12,27,8,78000.58223,43031.81567,29518.67662,43450.51846,6742.01011,0,0,0
2060,12,27,9,79985.00916,43012.0844,29565.26676,42750.79718,7191.222479,0,0,0
2060,12,27,10,84346.14156,45502.0491,31291.01412,46194.29509,7491.18995,0,0,0
2060,12,27,11,88610.96449,46022.88511,31969.52646,47025.87689,7526.741006,0,0,0
2060,12,27,12,90095.06898,46010.10759,32413.34967,48278.94298,7380.972983,0,0,0
2060,12,27,13,90706.99915,45002.94356,32376.84247,47525.33012,7468.937944,0,0,0
2060,12,27,14,86816.89652,43585.76893,31315.17841,45684.32432,7462.766489,0,0,0
2060,12,27,15,87342.42631,45361.75715,32062.27212,47290.46715,7378.713014,0,0,0
2060,12,27,16,87940.36205,44672.4665,31278.41045,46017.75672,7165.058988,0,0,0
2060,12,27,17,86146.12023,43899.38314,30658.30963,44365.71912,7020.681715,0,0,0
2060,12,27,18,84113.62548,43491.89328,30424.48972,44404.83398,7848.178186,0,0,0
2060,12,27,19,82750.51628,44964.69792,33765.15903,49089.22891,7851.655062,0,0,0
2060,12,27,20,87093.13431,47921.60705,36512.15178,49211.78879,7753.172551,0,0,0
2060,12,27,21,86968.57523,47781.83664,36276.76728,49541.30971,7608.795278,0,0,0
2060,12,27,22,85326.44673,47721.59977,35671.00857,48918.77507,7181.661071,0,0,0
2060,12,27,23,85512.1119,45985.59562,34196.03088,46903.40394,6781.124964,0,0,0
2060,12,27,24,83971.76894,44574.07091,32355.28584,46243.9275,6597.111305,0,0,0
2060,12,28,1,84083.46358,44349.37781,31544.21761,45521.69345,6601.718166,0,0,0
2060,12,28,2,85018.91705,44723.05505,31451.64579,46288.43151,6338.779424,0,0,0
2060,12,28,3,82737.1303,43518.83907,30351.04071,44997.81517,6112.087114,0,0,0
2060,12,28,4,81141.76578,41903.13483,29564.83215,43729.97236,6031.510514,0,0,0
2060,12,28,5,79080.49989,41172.20858,29038.34621,43508.2346,6113.390942,0,0,0
2060,12,28,6,77381.61139,42481.42621,30003.78773,44412.30926,6108.088706,0,0,0
2060,12,28,7,79191.49916,43050.93849,31579.5079,44403.00862,6332.868735,0,0,0
2060,12,28,8,77057.30579,41621.33403,29147.17243,41386.38414,6843.70873,0,0,0
2060,12,28,9,74753.87549,40696.91964,28654.0645,41344.31394,7378.191482,0,0,0
2060,12,28,10,77342.23577,40758.02574,29320.75546,41955.8095,7502.489797,0,0,0
2060,12,28,11,81260.15341,40941.86555,29564.6583,41763.45134,7568.202752,0,0,0
2060,12,28,12,83215.28767,41197.93747,29839.41842,41990.31749,7454.421987,0,0,0
2060,12,28,13,81371.76113,41458.26855,29817.60103,42315.75308,7560.032093,0,0,0
2060,12,28,14,82830.13673,39901.93196,29515.98204,42087.40925,7627.048877,0,0,0
2060,12,28,15,82575.02096,40502.82305,29907.47827,43161.41622,7510.312767,0,0,0
2060,12,28,16,82499.22507,41016.09685,29416.63031,41866.54071,7372.280793,0,0,0
2060,12,28,17,82519.47787,39472.9724,29360.73953,41564.74788,7258.239263,0,0,0
2060,12,28,18,81392.01393,40292.99358,29836.46308,42504.98205,8142.84342,0,0,0
2060,12,28,19,82355.97778,42881.70156,33523.77692,48235.48203,8296.869024,0,0,0
2060,12,28,20,86964.57682,46459.92842,37246.46797,49530.27062,8177.090648,0,0,0
2060,12,28,21,86452.60684,46223.76162,36956.67037,49290.0185,7961.611263,0,0,0
2060,12,28,22,86342.56372,45917.10116,36130.91233,48998.22169,7536.650103,0,0,0
2060,12,28,23,86709.46105,44737.74485,34817.95706,47495.42899,7066.141868,0,0,0
2060,12,28,24,85377.46988,44056.97254,32628.56829,46264.52799,6452.212501,0,0,0
2060,12,29,1,80431.96156,40558.10537,30091.92654,43384.45781,6610.14959,0,0,0
2060,12,29,2,92895.43178,49203.96582,33058.13631,49112.87167,6382.674983,0,0,0
2060,12,29,3,90811.82696,48166.90065,31985.08548,47925.51854,6183.189226,0,0,0
2060,12,29,4,89689.0568,46539.02734,31138.29235,47228.05723,6166.587144,0,0,0
2060,12,29,5,86056.85144,45767.16089,30728.02099,46879.50042,6321.395044,0,0,0
2060,12,29,6,85641.27784,46412.90367,31840.18667,48121.09281,6436.392716,0,0,0
2060,12,29,7,86991.26184,48458.26285,34346.66653,48998.65629,6596.937462,0,0,0
2060,12,29,8,89003.24302,47344.44565,32152.58398,46461.23224,7293.008022,0,0,0
2060,12,29,9,92822.85199,47960.20038,32758.34268,48148.64705,7733.354358,0,0,0
2060,12,29,10,99489.76158,51202.99563,34832.82071,51159.44776,7962.219716,0,0,0
2060,12,29,11,104714.2892,51361.80194,35207.80178,52507.6064,7947.008384,0,0,0
2060,12,29,12,107602.0085,51666.11551,35804.17292,53045.8268,7820.189334,0,0,0
2060,12,29,13,106491.6682,51113.37916,35829.29335,52642.24842,7996.640788,0,0,0
2060,12,29,14,102926.3057,48481.03639,34652.02316,50497.88519,8015.415918,0,0,0
2060,12,29,15,106946.8781,51828.74638,36507.11031,53245.05179,7921.62719,0,0,0
2060,12,29,16,106706.7999,51187.34969,35925.34204,52799.22937,7682.765813,0,0,0
2060,12,29,17,107029.8016,50911.8942,35337.92386,51668.37548,7451.292799,0,0,0
2060,12,29,18,102934.3895,50471.80863,34776.32147,51003.50988,8316.947982,0,0,0
2060,12,29,19,100032.3281,51767.46644,37524.70497,54529.40975,8469.930523,0,0,0
2060,12,29,20,97670.6601,53986.14789,41114.49244,54685.95609,8459.23913,0,0,0
2060,12,29,21,97941.59565,54025.43659,41379.95192,55266.07284,8078.781982,0,0,0
2060,12,29,22,99912.28893,53937.64547,40413.03273,54527.49747,7545.255371,0,0,0
2060,12,29,23,99033.7693,52726.47574,38400.70386,53004.79966,7127.508728,0,0,0
2060,12,29,24,97808.34438,51410.21744,36454.60948,52014.84616,6864.222298,0,0,0
2060,12,30,1,95959.25484,50324.64985,35125.92135,50241.11791,6604.325823,0,0,0
2060,12,30,2,92816.33285,49161.8087,33029.36516,49070.45378,6377.111981,0,0,0
2060,12,30,3,90734.03186,48125.26506,31957.18355,47884.05679,6177.713147,0,0,0
2060,12,30,4,89611.69631,46498.52174,31110.91195,47186.94317,6161.197986,0,0,0
2060,12,30,5,85981.49015,45727.17681,30700.98828,46838.5602,6315.832043,0,0,0
2060,12,30,6,85566.26424,46372.31114,31812.28475,48079.28338,6430.742792,0,0,0
2060,12,30,7,86915.46595,48416.54034,34317.37385,48956.93378,6591.200616,0,0,0
2060,12,30,8,88925.79561,47303.24467,32124.59513,46420.72664,7286.662723,0,0,0
2060,12,30,9,92742.62308,47918.65171,32729.74538,48107.01146,7726.835216,0,0,0
2060,12,30,10,99406.05579,51160.23006,34803.26726,51116.59527,7955.700574,0,0,0
2060,12,30,11,104626.585,51319.38405,35178.24833,52463.62392,7940.40232,0,0,0
2060,12,30,12,107512.392,51623.78454,35774.27179,53001.93124,7813.757114,0,0,0
2060,12,30,13,106403.0078,51070.61358,35799.30529,52598.17902,7990.034723,0,0,0
2060,12,30,14,102839.2969,48439.4008,34622.55663,50454.85885,8008.63601,0,0,0
2060,12,30,15,106858.4786,51785.89388,36476.86149,53201.33007,7915.021125,0,0,0
2060,12,30,16,106617.7049,51144.67104,35895.70168,52755.24689,7676.159749,0,0,0
2060,12,30,17,106940.4459,50869.30247,35308.28349,51624.91453,7444.860578,0,0,0
2060,12,30,18,102847.7284,50429.21689,34747.11571,50960.04893,8310.341918,0,0,0
2060,12,30,19,99947.66614,51724.35318,37493.76078,54484.7319,8463.324459,0,0,0
2060,12,30,20,97587.47584,53942.68694,41079.72368,54639.88749,8452.459222,0,0,0
2060,12,30,21,97859.10677,53981.36719,41344.74855,55219.65655,8072.088995,0,0,0
2060,12,30,22,99828.58314,53892.70685,40379.04626,54482.03732,7538.649306,0,0,0
2060,12,30,23,98949.97659,52683.01479,38369.15121,52960.46949,7121.250351,0,0,0
2060,12,30,24,97726.20319,51367.88647,36424.88219,51971.55906,6858.311609,0,0,0
2060,12,31,1,95878.5044,50282.23197,35096.28098,50198.43926,6602.761229,0,0,0
2060,12,31,2,92795.29775,49150.76962,33021.62911,49059.32778,6375.634309,0,0,0
2060,12,31,3,90713.08368,48114.3129,31949.79519,47872.93079,6176.322396,0,0,0
2060,12,31,4,89591.26966,46487.74342,31103.52359,47175.99101,6159.720314,0,0,0
2060,12,31,5,85961.41119,45716.48542,30693.68684,46827.60804,6314.354371,0,0,0
2060,12,31,6,85546.6199,46361.61975,31804.72254,48068.2443,6429.26512,0,0,0
2060,12,31,7,86895.12622,48405.2405,34309.55088,48945.8947,6589.636022,0,0,0
2060,12,31,8,88905.02128,47292.46636,32116.946,46409.77448,7284.924286,0,0,0
2060,12,31,9,92721.41414,47907.61263,32722.09625,48095.88546,7725.1837,0,0,0
2060,12,31,10,99383.80379,51148.93021,34795.44429,51105.12158,7953.962136,0,0,0
2060,12,31,11,104603.2899,51307.82344,35170.25152,52451.97639,7938.57696,0,0,0
2060,12,31,12,107488.8362,51612.39777,35766.18805,52990.2837,7812.018676,0,0,0
2060,12,31,13,106379.6258,51059.22681,35791.48232,52586.44456,7988.209364,0,0,0
2060,12,31,14,102816.2626,48428.18788,34614.64674,50443.55901,8006.897572,0,0,0
2060,12,31,15,106835.4443,51774.50711,36468.77775,53189.50869,7913.282687,0,0,0
2060,12,31,16,106594.236,51133.37119,35887.70486,52743.59936,7674.508233,0,0,0
2060,12,31,17,106916.6293,50858.00262,35300.28667,51613.26699,7443.209062,0,0,0
2060,12,31,18,102824.4333,50417.83013,34739.1189,50948.31447,8308.60348,0,0,0
2060,12,31,19,99924.97953,51712.87949,37485.59012,54473.34513,8461.499099,0,0,0
2060,12,31,20,97565.4846,53931.12633,41070.68381,54627.45765,8450.633862,0,0,0
2060,12,31,21,97837.28938,53970.15426,41335.36099,55207.31364,8070.350557,0,0,0
2060,12,31,22,99805.89652,53880.62471,40370.26715,54469.95518,7536.910868,0,0,0
2060,12,31,23,98927.89843,52671.19341,38360.89363,52949.08272,7119.598835,0,0,0
2060,12,31,24,97704.8204,51356.4997,36416.79846,51959.99844,6856.747015,0,0,0
