Year,Month,Day,Interval,APB1,APB2,APB3,APB4,APB5,Sumatera,Kalimantan,Lombok
2059,1,1,1,90249.70558,47658.92827666667,32339.505526666664,47542.024583333325,6194.4249070000005,0.0,0.0,0.0
2059,1,1,2,84405.06567333335,44800.889010000006,30270.729613333333,45926.75438333334,6113.69272,0.0,0.0,0.0
2059,1,1,3,86804.28790333333,46419.97248,32047.682090000002,46365.14323000001,6980.256326,0.0,0.0,0.0
2059,1,1,4,100591.21546333334,49738.10894333333,34142.98740666666,50541.83545333333,7653.732728,0.0,0.0,0.0
2059,1,1,5,102066.56621333334,48849.45566,34509.52351666667,50440.18480333334,7718.612643666666,0.0,0.0,0.0
2059,1,1,6,102159.88216,49213.34972666667,34206.42372666667,50149.31468666667,7565.210593333333,0.0,0.0,0.0
2059,1,1,7,95395.86498333333,51513.64506666667,38723.09542333334,53056.62673333334,8060.389796666666,0.0,0.0,0.0
2059,1,1,8,95733.01175,50964.80783333333,37178.04370333333,51456.827476666665,6952.991508666666,0.0,0.0,0.0
2059,1,2,1,90571.00007,47828.400499999996,32456.32750666667,47713.70305333333,6230.078899,0.0,0.0,0.0
2059,1,2,2,84882.32255,45055.23353666667,30444.886700000003,46186.51918,6148.910911,0.0,0.0,0.0
2059,1,2,3,87295.51765666668,46682.18866000001,32228.076586666666,46625.97029666667,7019.423965999999,0.0,0.0,0.0
2059,1,2,4,101142.04104666667,50005.5275,34329.837203333336,50815.05561666667,7694.997661666667,0.0,0.0,0.0
2059,1,2,5,102628.61366666667,49114.559023333335,34697.953096666664,50712.99640333333,7760.258903000001,0.0,0.0,0.0
2059,1,2,6,102719.45103333333,49481.23132666666,34393.191816666666,50422.28971666666,7606.557239333334,0.0,0.0,0.0
2059,1,2,7,95922.44912,51788.93529,38939.17114666667,53348.722539999995,8103.152797333333,0.0,0.0,0.0
2059,1,2,8,96257.3624,51236.20308000001,37381.69908666667,51737.67416333334,6992.2136236666665,0.0,0.0,0.0
2059,1,3,1,74328.87706000001,38941.75871666666,26133.749780000002,39009.82542666667,5092.855461333334,0.0,0.0,0.0
2059,1,3,2,69445.53306333332,36849.66743666667,24884.716076666664,37786.69466666667,5025.851014666667,0.0,0.0,0.0
2059,1,3,3,71431.39777666666,38210.78378,26374.72065666667,38165.29702333333,5753.394012666667,0.0,0.0,0.0
2059,1,3,4,83174.11772333333,41081.35233666667,28173.19082,41755.83653,6327.997998999999,0.0,0.0,0.0
2059,1,3,5,84391.63754666667,40308.43152666667,28496.77327,41666.088696666666,6384.8973036666675,0.0,0.0,0.0
2059,1,3,6,84498.92637333334,40614.96325333333,28228.374159999996,41407.22274,6253.721118333334,0.0,0.0,0.0
2059,1,3,7,78757.57137333334,42617.361176666665,32148.379426666666,43962.38011333334,6686.362838666667,0.0,0.0,0.0
2059,1,3,8,79095.09946333333,42161.976083333335,30830.870446666668,42573.67210333334,5728.689527666666,0.0,0.0,0.0
2059,1,4,1,80857.04403333332,42866.612276666674,29405.473410000002,43654.4048,6043.773852333333,0.0,0.0,0.0
2059,1,4,2,77577.83007000001,42649.20190666666,28834.00175,43812.81856666666,5935.286571333333,0.0,0.0,0.0
2059,1,4,3,78687.84316666667,43529.22088,30103.381923333334,43647.568166666664,6662.693381666667,0.0,0.0,0.0
2059,1,4,4,87366.82564333333,45664.7561,31774.65259,46984.00828333333,7430.956561666666,0.0,0.0,0.0
2059,1,4,5,87960.25079666667,44496.99933333333,31800.58276666667,46659.33633,7402.547765666666,0.0,0.0,0.0
2059,1,4,6,85770.73069666667,43873.503893333334,30685.340056666668,44787.54260000001,7308.414689333334,0.0,0.0,0.0
2059,1,4,7,85300.88244333334,46710.352320000005,35300.393893333334,49014.54263333333,7692.954843333333,0.0,0.0,0.0
2059,1,4,8,84646.17272999999,45929.4509,33897.00482,47143.593263333336,6826.173336333333,0.0,0.0,0.0
2059,1,5,1,82181.90716333334,43272.77906666666,30463.05416666667,44641.14060666666,6161.494673,0.0,0.0,0.0
2059,1,5,2,76847.97188,40609.40678666667,28657.692893333337,42577.70326333334,5903.799929,0.0,0.0,0.0
2059,1,5,3,74715.35108,40546.24284,28907.57045,41115.91682333333,6644.7982913333335,0.0,0.0,0.0
2059,1,5,4,78203.72242,39750.82379,28696.42473,40660.42277,7279.1615286666665,0.0,0.0,0.0
2059,1,5,5,79799.57223,39416.48249666667,28862.21988,41260.384946666665,7334.18144,0.0,0.0,0.0
2059,1,5,6,79682.01483333333,39066.15274333333,28659.926373333332,40734.01871333333,7355.835316333333,0.0,0.0,0.0
2059,1,5,7,82694.54565333332,43835.58918,34783.070536666666,47502.067056666674,7885.333870333333,0.0,0.0,0.0
2059,1,5,8,83549.50605000001,43562.69586666667,33457.635416666664,46138.96236666667,6805.745151666667,0.0,0.0,0.0
2059,1,6,1,85364.26429,44575.90660333333,30761.251193333334,45393.142953333336,6201.288777333334,0.0,0.0,0.0
2059,1,6,2,84496.93803,44849.94389666667,30304.177363333332,45976.84429,6120.447639999999,0.0,0.0,0.0
2059,1,6,3,86898.85677999999,46470.498190000006,32082.437243333334,46415.31485,6987.801135999999,0.0,0.0,0.0
2059,1,6,4,100697.3603,49789.47902,34178.80482333333,50594.45846,7661.658863666667,0.0,0.0,0.0
2059,1,6,5,102174.67216999999,48900.77126,34545.69502666666,50492.617146666664,7726.6204916666675,0.0,0.0,0.0
2059,1,6,6,102267.52509333333,49264.992176666674,34242.26838666667,50201.99216666666,7573.191204,0.0,0.0,0.0
2059,1,6,7,95497.21601999999,51566.75834666667,38764.469306666666,53112.8451,8068.670021000001,0.0,0.0,0.0
2059,1,6,8,95833.81803000001,51016.91332,37217.293053333335,51510.56722,6960.536318666666,0.0,0.0,0.0
2059,1,7,1,90288.60084000001,47679.410936666674,32353.669066666665,47562.69790666667,6195.8957359999995,0.0,0.0,0.0
2059,1,7,2,84424.40435333333,44811.29377,30277.75691,45937.29532666667,6115.081836666667,0.0,0.0,0.0
2059,1,7,3,86824.17134,46430.62237,32055.036239999998,46375.71141333333,6981.8088683333335,0.0,0.0,0.0
2059,1,7,4,100613.41408333334,49749.00397666667,34150.47774,50553.00286,7655.366983,0.0,0.0,0.0
2059,1,7,5,102089.25512666667,48860.32345333334,34517.150043333335,50451.32497666666,7720.274135666667,0.0,0.0,0.0
2059,1,7,6,102182.46210333332,49224.05409666667,34213.88682666667,50160.45486,7566.872085333333,0.0,0.0,0.0
2059,1,7,7,95417.11029666667,51524.67628666666,38731.784210000005,53068.22994333333,8062.160239333333,0.0,0.0,0.0
2059,1,7,8,95754.06640000001,50975.73010000001,37186.32392333334,51468.13107,6954.598525666667,0.0,0.0,0.0
2059,1,8,1,90249.73281666667,47658.95551333334,32339.478286666665,47542.07906,6194.4249070000005,0.0,0.0,0.0
2059,1,8,2,84405.03843333333,44800.88901333333,30270.729613333333,45926.72714333333,6113.665482666667,0.0,0.0,0.0
2059,1,8,3,86804.31514,46419.94524,32047.682093333337,46365.19770333334,6980.256326,0.0,0.0,0.0
2059,1,8,4,100591.13375333334,49738.08170666667,34142.960166666664,50541.86269,7653.732728,0.0,0.0,0.0
2059,1,8,5,102066.51173666667,48849.48289666666,34509.52351666667,50440.18480333334,7718.612643666666,0.0,0.0,0.0
2059,1,8,6,102159.88216333331,49213.37696666666,34206.39649,50149.34192333333,7565.210593333333,0.0,0.0,0.0
2059,1,8,7,95395.94669333333,51513.64506666667,38723.068186666664,53056.62673333334,8060.389796666666,0.0,0.0,0.0
2059,1,8,8,95733.01175,50964.80783333333,37178.07094,51456.800240000004,6953.018746333332,0.0,0.0,0.0
2059,1,9,1,90570.97283333335,47828.400499999996,32456.32750666667,47713.70305333333,6230.078899,0.0,0.0,0.0
2059,1,9,2,84882.34978666667,45055.20629666666,30444.886700000003,46186.51918,6148.910911,0.0,0.0,0.0
2059,1,9,3,87295.49042,46682.16142333334,32228.076586666666,46625.997533333335,7019.423965999999,0.0,0.0,0.0
2059,1,9,4,101142.01381333334,50005.50026333333,34329.837203333336,50815.05561666667,7694.997661666667,0.0,0.0,0.0
2059,1,9,5,102628.5592,49114.53178666667,34697.92585666667,50712.94193,7760.258903000001,0.0,0.0,0.0
2059,1,9,6,102719.45103333333,49481.23132666666,34393.191816666666,50422.26247666666,7606.557239333334,0.0,0.0,0.0
2059,1,9,7,95922.44911666667,51788.96252666667,38939.17114666667,53348.6953,8103.152797333333,0.0,0.0,0.0
2059,1,9,8,96257.3624,51236.17584,37381.671850000006,51737.67416333334,6992.2136236666665,0.0,0.0,0.0
2059,1,10,1,90591.29207000001,47838.36945666667,32463.95402666667,47723.018306666665,6213.872539333333,0.0,0.0,0.0
2059,1,10,2,84665.10285000001,44939.582773333335,30365.54363,46068.41703333333,6132.840738666666,0.0,0.0,0.0
2059,1,10,3,87072.11502666667,46562.80635,32146.200419999997,46507.241683333334,7001.583351333334,0.0,0.0,0.0
2059,1,10,4,100892.02730999999,49884.23856,34244.529103333334,50691.179103333336,7676.176493999999,0.0,0.0,0.0
2059,1,10,5,102373.31585666667,48994.468536666674,34612.318146666665,50588.847513333334,7741.274310000001,0.0,0.0,0.0
2059,1,10,6,102465.40612333333,49359.50658000001,34308.23780333333,50298.30425000001,7587.736072,0.0,0.0,0.0
2059,1,10,7,95682.70393999999,51664.05098333334,38841.00691,53216.429613333334,8083.705164999999,0.0,0.0,0.0
2059,1,10,8,96019.30595333333,51113.19816666667,37288.982363333336,51609.684773333334,6974.345771333334,0.0,0.0,0.0
2059,1,11,1,87960.49593333334,46605.4604,32009.249866666665,47422.99636333333,6221.008785333334,0.0,0.0,0.0
2059,1,11,2,79856.55325,43896.81926,29682.0438,45088.57233333334,6109.933934000001,0.0,0.0,0.0
2059,1,11,3,80995.51989333333,44796.14967666666,30978.906693333334,44916.97558,6854.908983333334,0.0,0.0,0.0
2059,1,11,4,89876.44178666668,46968.67352666667,32684.90527666667,48318.15942333333,7638.071119666667,0.0,0.0,0.0
2059,1,11,5,90489.85932,45781.087803333336,32711.734290000004,47989.86487333333,7608.817959,0.0,0.0,0.0
2059,1,11,6,88252.15594333333,45145.85296333333,31574.755993333336,46087.45610333333,7513.649854333333,0.0,0.0,0.0
2059,1,11,7,87762.58768,48044.69412333333,36279.72107666667,50388.32444999999,7902.493545666667,0.0,0.0,0.0
2059,1,11,8,87093.03349,47251.69921666667,34841.52238,48474.36694666667,7022.1477239999995,0.0,0.0,0.0
2059,1,12,1,81121.95674,42715.171330000005,30077.7786,44061.66109333333,5948.850886333334,0.0,0.0,0.0
2059,1,12,2,74187.26888,39202.74920666667,27665.863656666665,41105.48482666667,5699.136753666667,0.0,0.0,0.0
2059,1,12,3,72126.14673333334,39144.40631333333,27907.515466666664,39695.313603333336,6418.099913666666,0.0,0.0,0.0
2059,1,12,4,75503.63388666666,38372.35710666667,27702.55267666667,39250.22430666666,7033.696458333333,0.0,0.0,0.0
2059,1,12,5,77052.88019,38049.29217333333,27863.853626666667,39829.51316,7087.436203333334,0.0,0.0,0.0
2059,1,12,6,76938.29169333332,37711.73684,27667.988186666666,39321.096489999996,7111.378036333333,0.0,0.0,0.0
2059,1,12,7,79863.11750666668,42328.64283333333,33642.19725999999,45921.60647666667,7631.261724666667,0.0,0.0,0.0
2059,1,12,8,80692.80143,42061.98692333334,32344.108673333336,44576.53306666666,6574.280197,0.0,0.0,0.0
2059,1,13,1,82478.14308333333,43068.19760000001,29704.787176666665,43846.34802666667,5987.364824333334,0.0,0.0,0.0
2059,1,13,2,81616.53671333333,43313.55372333334,29258.145343333334,44409.702893333335,5908.7571683333335,0.0,0.0,0.0
2059,1,13,3,83936.93338666666,44889.629049999996,30992.961283333334,44841.79985666667,6751.950930999999,0.0,0.0,0.0
2059,1,13,4,97371.62457333335,48165.547263333334,33052.91222,48939.149013333335,7410.446664,0.0,0.0,0.0
2059,1,13,5,98795.6597,47286.31818333333,33410.65059333333,48836.43609333333,7474.318789,0.0,0.0,0.0
2059,1,13,6,98891.78113666666,47645.309486666665,33114.1423,48550.169129999995,7323.395358666666,0.0,0.0,0.0
2059,1,13,7,92322.21303666667,49900.36320666667,37479.863326666666,51365.826720000005,7810.239862333333,0.0,0.0,0.0
2059,1,13,8,92670.99024999999,49366.0436,35998.111736666666,49825.2692,6724.985726999999,0.0,0.0,0.0
2059,1,14,1,87281.40858999999,46094.21102333334,31260.40708,45962.76246,5982.107971333334,0.0,0.0,0.0
2059,1,14,2,81545.71900666667,43275.802436666665,29232.487540000002,44371.05276333333,5903.6092659999995,0.0,0.0,0.0
2059,1,14,3,83863.99115,44850.76102,30966.050553333334,44803.12249666667,6746.067614,0.0,0.0,0.0
2059,1,14,4,97290.21142666666,48125.37183333334,33025.10264999999,48898.26540333333,7404.182020333334,0.0,0.0,0.0
2059,1,14,5,98712.99365333334,47246.469600000004,33382.43245666667,48795.52525,7468.135858000001,0.0,0.0,0.0
2059,1,14,6,98809.33297333332,47605.188533333334,33086.19654333333,48509.53066,7317.2396653333335,0.0,0.0,0.0
2059,1,14,7,92243.93223666667,49859.17998666666,37448.812483333335,51323.52676,7803.702843333333,0.0,0.0,0.0
2059,1,14,8,92593.33591000001,49325.26894666667,35968.422776666666,49783.677416666666,6719.184122333333,0.0,0.0,0.0
2059,1,15,1,87243.05808,46074.32759,31246.43420666667,45942.41598666667,5980.691617333333,0.0,0.0,0.0
2059,1,15,2,81526.89783666667,43265.860720000004,29225.62367,44360.78419666667,5902.220149333333,0.0,0.0,0.0
2059,1,15,3,83844.62523,44840.43798333333,30958.968783333334,44792.881166666666,6744.515071666666,0.0,0.0,0.0
2059,1,15,4,97268.85717333334,48114.885363333335,33017.694030000006,48887.64274666667,7402.602240666667,0.0,0.0,0.0
2059,1,15,5,98691.17636,47235.9559,33375.02384,48784.82087999999,7466.556078666667,0.0,0.0,0.0
2059,1,15,6,98787.67909666667,47594.56587333333,33078.78792,48498.69010666667,7315.605410333334,0.0,0.0,0.0
2059,1,15,7,92223.34061999999,49848.50285333333,37440.72292333333,51312.4683,7802.123063666667,0.0,0.0,0.0
2059,1,15,8,92572.90772333334,49314.59181333333,35960.66006666666,49772.83686,6717.631580333334,0.0,0.0,0.0
2059,1,16,1,87559.34086,46242.274509999996,31360.505186666665,46111.12555999999,6015.310581333334,0.0,0.0,0.0
2059,1,16,2,81993.50482333334,43514.458113333334,29394.68733,44614.91082,5936.403312333333,0.0,0.0,0.0
2059,1,16,3,84324.11558666667,45096.144380000005,31135.65896666667,45047.7432,6782.947297,0.0,0.0,0.0
2059,1,16,4,97805.62814666667,48377.673539999996,33200.948463333334,49156.64108333333,7443.295185666667,0.0,0.0,0.0
2059,1,16,5,99235.79176666668,47497.40943,33559.47673,49053.76475,7507.276260333333,0.0,0.0,0.0
2059,1,16,6,99331.34119666666,47857.81708333333,33262.04236,48767.361593333335,7356.025979333334,0.0,0.0,0.0
2059,1,16,7,92737.47718,50117.310529999995,37646.99311666667,51593.04261333333,7844.232362,0.0,0.0,0.0
2059,1,16,8,93083.93919666666,49583.20882333334,36156.08970333333,50045.403320000005,6755.818667333333,0.0,0.0,0.0
2059,1,17,1,87578.57058666665,46250.85434333333,31368.267896666668,46120.577,5999.540022666667,0.0,0.0,0.0
2059,1,17,2,81780.83379666666,43401.14978,29317.659453333337,44499.39624,5920.796179,0.0,0.0,0.0
2059,1,17,3,84105.69743333333,44979.70372333333,31055.117443333333,44931.73834666667,6765.4607706666675,0.0,0.0,0.0
2059,1,17,4,97561.66113666666,48258.155033333336,33117.57423333334,49034.20816666667,7424.828106000001,0.0,0.0,0.0
2059,1,17,5,98988.28388,47378.62634333334,33475.584983333334,48931.52249,7488.727469,0.0,0.0,0.0
2059,1,17,6,99083.53370999999,47737.83554666667,33178.722603333335,48645.064860000006,7337.613375333334,0.0,0.0,0.0
2059,1,17,7,92502.98885666666,49995.041033333335,37552.86004,51465.325600000004,7825.166055999999,0.0,0.0,0.0
2059,1,17,8,92851.24855,49461.021043333334,36067.37690333333,49921.19995333334,6738.386616333333,0.0,0.0,0.0
2059,1,18,1,84996.12116,45036.43960666666,30925.058,45826.8197,6006.458368,0.0,0.0,0.0
2059,1,18,2,77098.61209,42386.71335333333,28655.867976666665,43543.65679666667,5898.570313666666,0.0,0.0,0.0
2059,1,18,3,78202.46949333332,43262.26536,29918.90179666667,43380.013419999996,6622.191100333333,0.0,0.0,0.0
2059,1,18,4,86836.45548666666,45390.419193333335,31582.35527666667,46701.037066666664,7387.240245666667,0.0,0.0,0.0
2059,1,18,5,87426.91174333333,44225.304476666664,31608.01308,46377.72699333334,7358.559074,0.0,0.0,0.0
2059,1,18,6,85247.55126,43605.34991333333,30497.754843333332,44513.42359333333,7264.9707493333335,0.0,0.0,0.0
2059,1,18,7,84782.06101666666,46428.36165333333,35095.59452666667,48725.30677333334,7648.230736666667,0.0,0.0,0.0
2059,1,18,8,84129.61202666665,45650.32018333334,33696.91755666667,46862.58315333334,6784.962877999999,0.0,0.0,0.0
2059,1,19,1,80614.16653333332,42445.11072333334,29885.154433333333,43789.74833333333,6002.345493333333,0.0,0.0,0.0
2059,1,19,2,74856.11489333333,39556.26575666667,27915.223703333333,41475.834206666674,5750.534066666667,0.0,0.0,0.0
2059,1,19,3,72776.74356999999,39496.72440666667,28159.000043333333,40052.58894,6475.080931,0.0,0.0,0.0
2059,1,19,4,76182.66675333334,38718.76464666667,27952.403000000002,39604.53075,7095.4712893333335,0.0,0.0,0.0
2059,1,19,5,77743.78864666667,38392.78529333333,28114.956873333333,40188.99473666667,7149.728548666666,0.0,0.0,0.0
2059,1,19,6,77628.46473333333,38052.04317,27917.402703333337,39676.002160000004,7173.343530333333,0.0,0.0,0.0
2059,1,19,7,80575.67983,42707.898896666666,33929.117926666666,46319.95608333333,7695.351750666666,0.0,0.0,0.0
2059,1,19,8,81412.22762333333,42439.30912,32625.472873333332,44971.34179,6632.623093333333,0.0,0.0,0.0
2059,1,20,1,83206.23083333333,43449.333060000004,29970.871096666666,44236.526359999996,6041.159044666667,0.0,0.0,0.0
2059,1,20,2,82342.88126000001,43700.84487666667,29521.342076666668,44805.19255,5962.006637666666,0.0,0.0,0.0
2059,1,20,3,84682.94346333334,45287.37943,31267.89741666667,45238.62416,6811.573993333334,0.0,0.0,0.0
2059,1,20,4,98207.79103666666,48574.79190333333,33337.735590000004,49357.19139,7473.665087,0.0,0.0,0.0
2059,1,20,5,99644.08308666667,47692.62116333333,33697.24441,49255.213886666665,7538.136438666667,0.0,0.0,0.0
2059,1,20,6,99738.18894666666,48054.71755,33399.02014666667,48967.93913333333,7386.205217666667,0.0,0.0,0.0
2059,1,20,7,93122.28971333335,50318.21492333334,37801.375720000004,51803.80700666667,7875.719004333333,0.0,0.0,0.0
2059,1,20,8,93466.92681333334,49783.323326666665,36303.28158333333,50249.303843333335,6784.227463333334,0.0,0.0,0.0
2059,1,21,1,88041.82734666666,46496.21046333333,31536.26929,46367.10433666666,6035.929429333333,0.0,0.0,0.0
2059,1,21,2,82271.73669666667,43662.90292666666,29495.52085,44766.542426666674,5956.777021999999,0.0,0.0,0.0
2059,1,21,3,84610.02846,45248.402453333336,31241.041159999997,45199.78337333333,6805.7451513333335,0.0,0.0,0.0
2059,1,21,4,98126.07828333334,48534.7799,33309.92602333333,49316.41673,7467.427681,0.0,0.0,0.0
2059,1,21,5,99561.38982666667,47653.04496,33669.189699999995,49214.411993333335,7531.899033000001,0.0,0.0,0.0
2059,1,21,6,99655.68629666667,48014.76002000001,33371.210580000006,48927.21895,7380.049524666666,0.0,0.0,0.0
2059,1,21,7,93044.09061666667,50277.331313333336,37770.02526333334,51760.88058,7869.290936,0.0,0.0,0.0
2059,1,21,8,93389.00009333335,49742.68486,36273.483673333336,50208.09338333333,6778.453096333334,0.0,0.0,0.0
2059,1,22,1,88003.58578333333,46476.05465666667,31522.323649999995,46346.866813333334,6034.485837666667,0.0,0.0,0.0
2059,1,22,2,82252.69763000001,43652.74330666667,29488.68422,44756.11043,5955.415143333333,0.0,0.0,0.0
2059,1,22,3,84590.41740333334,45238.05217333333,31233.76873,45189.37862,6804.165371666666,0.0,0.0,0.0
2059,1,22,4,98104.31546,48524.10276666667,33302.517400000004,49305.494459999994,7465.793426333334,0.0,0.0,0.0
2059,1,22,5,99539.30013999999,47642.31335333333,33661.83555333333,49203.408013333334,7530.237540333333,0.0,0.0,0.0
2059,1,22,6,99633.67834,48004.13736666667,33363.80195666667,48916.37839666667,7378.442507666667,0.0,0.0,0.0
2059,1,22,7,93023.19939666666,50266.43628,37761.55437666667,51749.33184666667,7867.629443333334,0.0,0.0,0.0
2059,1,22,8,93368.29953333334,49731.78982333333,36265.475823333334,50196.980449999995,6776.8733170000005,0.0,0.0,0.0
2059,1,23,1,88320.65845666667,46644.137760000005,31636.96662333333,46516.066660000004,6069.295464666667,0.0,0.0,0.0
2059,1,23,2,82722.05561,43902.89324,29658.86461666667,45011.46274333334,5989.843444000001,0.0,0.0,0.0
2059,1,23,3,85072.41362,45495.065976666665,31411.276036666666,45445.73871666667,6842.679309666666,0.0,0.0,0.0
2059,1,23,4,98644.95417333332,48788.47071666666,33486.262116666665,49574.92860000001,7506.840459333333,0.0,0.0,0.0
2059,1,23,5,100087.04787333333,47904.856386666674,33846.47911,49473.00557666667,7571.339048999999,0.0,0.0,0.0
2059,1,23,6,100181.01750333332,48266.84382333333,33547.51943000001,49185.94871999999,7418.972026666666,0.0,0.0,0.0
2059,1,23,7,93540.46827666667,50537.72257666666,37969.84015,52033.31085333333,7910.011117666666,0.0,0.0,0.0
2059,1,23,8,93882.32714333333,50001.22396666667,36463.30236333333,50470.663656666664,6815.060404,0.0,0.0,0.0
2059,1,24,1,88339.47962333333,46652.60864666667,31644.729333333333,46525.24572666667,6053.4431933333335,0.0,0.0,0.0
2059,1,24,2,82508.24060666667,43788.876729999996,29581.291993333332,44895.076563333336,5974.154598,0.0,0.0,0.0
2059,1,24,3,84852.90596333334,45377.91714666667,31330.407659999997,45329.05292666666,6825.138308333334,0.0,0.0,0.0
2059,1,24,4,98398.53580666667,48668.162326666665,33402.31589333333,49452.196066666664,7488.128242,0.0,0.0,0.0
2059,1,24,5,99837.41544000001,47785.17446333333,33762.34222666667,49350.30028,7552.626831333332,0.0,0.0,0.0
2059,1,24,6,99930.86754666666,48147.243610000005,33463.95453333334,49063.325136666674,7400.395997333333,0.0,0.0,0.0
2059,1,24,7,93304.64531,50414.09120333334,37874.72652333334,51903.68721333333,7890.726911000001,0.0,0.0,0.0
2059,1,24,8,93647.70262666668,49878.24629333334,36372.95531333333,50345.97001333333,6797.682828,0.0,0.0,0.0
2059,1,25,1,85744.60986000001,45432.392303333334,31198.49606,46229.96312333333,6060.443251,0.0,0.0,0.0
2059,1,25,2,77792.38049,42766.78654666666,28913.835089999997,43933.09971666667,5951.710832,0.0,0.0,0.0
2059,1,25,3,78905.06286666666,43648.52148333334,30186.047980000003,43767.35904333333,6680.751896999999,0.0,0.0,0.0
2059,1,25,4,87603.4385,45787.624823333324,31860.83229333333,47110.145516666664,7450.513143666667,0.0,0.0,0.0
2059,1,25,5,88198.38895666668,44618.45170333333,31886.68075666667,46785.2829,7421.995398,0.0,0.0,0.0
2059,1,25,6,86004.42913,43993.294766666666,30769.122853333334,44910.19342333334,7327.671658333333,0.0,0.0,0.0
2059,1,25,7,85532.78319666667,46836.21717333334,35392.29348666667,49143.37638333333,7712.783801333334,0.0,0.0,0.0
2059,1,25,8,84877.01122333332,46054.30797,33985.98999333333,47269.32193666667,6844.613177666666,0.0,0.0,0.0
2059,1,26,1,80888.23106333333,42590.3415,29987.48602,43938.084193333336,6005.477814999999,0.0,0.0,0.0
2059,1,26,2,74895.20082333333,39576.939080000004,27929.823043333334,41497.48808333333,5753.557438333333,0.0,0.0,0.0
2059,1,26,3,72814.84894,39517.34325666667,28173.626623333334,40073.5074,6478.431153,0.0,0.0,0.0
2059,1,26,4,76222.35190666666,38739.05664333334,27967.08405,39625.23130666666,7099.148362666667,0.0,0.0,0.0
2059,1,26,5,77784.15474000001,38412.88662666667,28129.637933333335,40209.96767666667,7153.351146666667,0.0,0.0,0.0
2059,1,26,6,77668.88530000001,38071.9266,27932.029286666668,39696.70272,7176.993366,0.0,0.0,0.0
2059,1,26,7,80617.18990666665,42730.01581333333,33945.81456333333,46343.08079,7699.110536333334,0.0,0.0,0.0
2059,1,26,8,81454.25520999999,42461.45327,32641.73371333333,44994.248596666665,6636.027790666667,0.0,0.0,0.0
2059,1,27,1,83248.69421666667,43471.64063666667,29986.396516666664,44259.29697333334,6044.345841333333,0.0,0.0,0.0
2059,1,27,2,82385.34464666666,43723.39759,29536.73131,44828.26278,5965.138958666667,0.0,0.0,0.0
2059,1,27,3,84726.49635666667,45310.55861,31283.913113333332,45261.857813333336,6815.060404,0.0,0.0,0.0
2059,1,27,4,98256.60078333334,48598.7065,33354.29604,49381.705206666666,7477.369398,0.0,0.0,0.0
2059,1,27,5,99693.46481666667,47716.20890666667,33713.968283333335,49279.673233333335,7541.786274333333,0.0,0.0,0.0
2059,1,27,6,99787.57063666667,48078.468720000004,33415.85297,48992.371243333335,7389.746103333334,0.0,0.0,0.0
2059,1,27,7,93168.94768666667,50342.837693333335,37820.0607,51829.49204333333,7879.559503333334,0.0,0.0,0.0
2059,1,27,8,93513.12174333334,49807.755436666666,36321.203910000004,50274.17175666667,6787.686636333333,0.0,0.0,0.0
2059,1,28,1,88085.92499000001,46519.49859333333,31552.366703333333,46390.61036666667,6039.0345136666665,0.0,0.0,0.0
2059,1,28,2,82314.00942333334,43685.37392666667,29510.882846666664,44789.50370666666,5959.909343666666,0.0,0.0,0.0
2059,1,28,3,84653.28174333334,45271.52715666667,31256.975146666664,45222.77189,6809.177086333333,0.0,0.0,0.0
2059,1,28,4,98174.64289,48558.558306666666,33326.40476,49340.57646666667,7471.131992333333,0.0,0.0,0.0
2059,1,28,5,99610.33572000002,47676.46927666667,33685.88634,49238.81686666667,7535.576106,0.0,0.0,0.0
2059,1,28,6,99704.46880333334,48038.45671333334,33387.74379,48951.46039666666,7383.672123,0.0,0.0,0.0
2059,1,28,7,93090.42174,50301.68171,37788.46510333333,51786.42943,7873.076959666666,0.0,0.0,0.0
2059,1,28,8,93435.08607666667,49766.79011666666,36291.26980666667,50232.47102,6781.857793666666,0.0,0.0,0.0
2059,1,29,1,88047.62895,46499.26107333333,31538.366583333333,46370.23665666667,6037.618159000001,0.0,0.0,0.0
2059,1,29,2,82295.02483,43675.26878333333,29503.964500000002,44779.12619,5958.520227333334,0.0,0.0,0.0
2059,1,29,3,84633.86134666667,45261.14964333334,31249.811663333337,45212.42161,6807.624544333333,0.0,0.0,0.0
2059,1,29,4,98152.74387666666,48547.90841333333,33318.941660000004,49329.708673333334,7469.443262000001,0.0,0.0,0.0
2059,1,29,5,99588.13708,47665.95557333333,33678.45048,49227.78564666666,7533.887376333333,0.0,0.0,0.0
2059,1,29,6,99682.59705,48027.80682333334,33380.28069000001,48940.48365,7382.037867999999,0.0,0.0,0.0
2059,1,29,7,93069.36709333333,50290.78668,37780.04869333334,51774.907933333336,7871.415467,0.0,0.0,0.0
2059,1,29,8,93414.33104333334,49755.922320000005,36283.31643666667,50221.46703666667,6780.332489333334,0.0,0.0,0.0
2059,1,30,1,88364.91952,46667.58931666667,31653.064033333332,46539.68164,6072.455024333333,0.0,0.0,0.0
2059,1,30,2,82764.65518333334,43925.58214666666,29674.226613333332,45034.64192666666,5992.975765666667,0.0,0.0,0.0
2059,1,30,3,85116.15717333333,45518.32687,31427.400686666664,45468.97237333333,6846.192957666666,0.0,0.0,0.0
2059,1,30,4,98694.30868333334,48812.358076666664,33502.90427666667,49599.60585,7510.626483,0.0,0.0,0.0
2059,1,30,5,100136.62024999999,47928.825456666666,33863.20298333333,49497.38321333334,7575.016122,0.0,0.0,0.0
2059,1,30,6,100230.58989333334,48290.62223,33564.24330666667,49210.16293,7422.703575,0.0,0.0,0.0
2059,1,30,7,93587.34415,50562.39982666667,37988.743030000005,52059.077606666666,7913.851616666667,0.0,0.0,0.0
2059,1,30,8,93928.87616666667,50025.49265,36481.17022,50495.28643,6818.546814,0.0,0.0,0.0
2059,1,31,1,88383.87687666668,46676.14191666667,31660.772273333336,46548.77899333333,6056.602752333333,0.0,0.0,0.0
2059,1,31,2,82550.86741666666,43811.56563333334,29596.708459999998,44918.22850666667,5977.259682,0.0,0.0,0.0
2059,1,31,3,84896.56780333334,45401.23251333333,31346.505073333334,45352.31382,6828.624718666666,0.0,0.0,0.0
2059,1,31,4,98447.42724333332,48692.131396666664,33418.98529333334,49476.464746666665,7491.859790333333,0.0,0.0,0.0
2059,1,31,5,99887.15126666667,47808.843916666665,33779.03886,49374.73239,7556.331142,0.0,0.0,0.0
2059,1,31,6,99980.41273333335,48171.10373333333,33480.59669666667,49087.675533333335,7404.127545333334,0.0,0.0,0.0
2059,1,31,7,93351.33052333334,50438.441596666664,37893.6294,51929.37225000001,7894.56741,0.0,0.0,0.0
2059,1,31,8,93694.49679,49902.542213333334,36390.632503333334,50370.56555,6801.142000666667,0.0,0.0,0.0
2059,2,1,1,85788.18998666666,45455.57148333333,31214.457283333333,46253.441913333336,6063.575572999999,0.0,0.0,0.0
2059,2,1,2,77832.85553333334,42788.93069333333,28928.97919,43955.84309666667,5954.815916,0.0,0.0,0.0
2059,2,1,3,78946.16437999999,43671.046956666665,30201.655110000003,43789.96623333333,6684.21107,0.0,0.0,0.0
2059,2,1,4,87648.27156000001,45810.83124333333,31877.01142,47133.95116,7454.217455000001,0.0,0.0,0.0
2059,2,1,5,88243.24925333333,44641.44022,31902.88711666667,46809.170256666664,7425.645233666666,0.0,0.0,0.0
2059,2,1,6,86048.71743333334,44015.79301,30785.00236,44933.263653333335,7331.375969333334,0.0,0.0,0.0
2059,2,1,7,85576.60846333334,46859.941106666665,35409.725536666665,49167.34545666666,7716.488112,0.0,0.0,0.0
2059,2,1,8,84920.56410999999,46077.84123666667,34002.87729333333,47292.99139333334,6848.072350666666,0.0,0.0,0.0
2059,2,2,1,80116.23633333335,42183.52100666667,29703.53425,43518.43480333333,5916.029602333333,0.0,0.0,0.0
2059,2,2,2,73777.04369,38985.82912,27512.979116666666,40878.35065,5667.5956356666675,0.0,0.0,0.0
2059,2,2,3,71727.08894666667,38928.33059,27753.29629,39476.160033333326,6383.099623333333,0.0,0.0,0.0
2059,2,2,4,75087.0351,38159.98569666666,27549.28681333333,39033.00460666666,6995.700034,0.0,0.0,0.0
2059,2,2,5,76628.70936333334,37838.60949,27709.87958333333,39609.079423333336,7049.249116333333,0.0,0.0,0.0
2059,2,2,6,76514.74732666666,37503.12422,27515.021936666668,39103.468226666664,7073.5178000000005,0.0,0.0,0.0
2059,2,2,7,79425.19169333333,42095.78876,33465.77945333333,45676.795106666665,7591.603808,0.0,0.0,0.0
2059,2,2,8,80251.14406666666,41830.52197333333,32171.20452,44334.39098333334,6538.626204666667,0.0,0.0,0.0
2059,2,3,1,82030.24831666666,42834.28126333333,29541.30722,43606.65732333333,5954.32564,0.0,0.0,0.0
2059,2,3,2,81170.43962666666,43075.96031333334,29096.708206666666,44166.689203333335,5876.126548,0.0,0.0,0.0
2059,2,3,3,83478.38873,44644.89939333333,30824.06105,44597.80561666667,6715.207436,0.0,0.0,0.0
2059,2,3,4,96858.00551666667,47913.218323333334,32877.801816666666,48681.53597999999,7371.3607366666665,0.0,0.0,0.0
2059,2,3,5,98273.97834333334,47035.269406666666,33234.0966,48578.65963666667,7435.287336666665,0.0,0.0,0.0
2059,2,3,6,98372.85075666667,47392.326843333336,32938.541619999996,48293.128090000006,7284.581807333333,0.0,0.0,0.0
2059,2,3,7,91830.81986,49641.87857666667,37283.207996666664,51096.964570000004,7769.9010063333335,0.0,0.0,0.0
2059,2,3,8,92181.53093666666,49109.492836666665,35810.88061,49564.55108333333,6688.569082666666,0.0,0.0,0.0
2059,2,4,1,86813.24907,45847.73816,31090.68972,45714.13783,5949.096024666666,0.0,0.0,0.0
2059,2,4,2,81099.81258666667,43038.317976666665,29071.13212,44128.311453333336,5870.9514076666665,0.0,0.0,0.0
2059,2,4,3,83405.88229333334,44606.276503333334,30797.368223333335,44559.29168,6709.4058313333335,0.0,0.0,0.0
2059,2,4,4,96776.53790666668,47873.34250666667,32850.12843666666,48640.78855999999,7365.150568666667,0.0,0.0,0.0
2059,2,4,5,98191.1761,46995.61149333333,33206.15084333333,48537.93946,7429.1044059999995,0.0,0.0,0.0
2059,2,4,6,98290.37536666666,47352.124176666664,32910.86824,48252.380670000006,7278.453351666667,0.0,0.0,0.0
2059,2,4,7,91753.02932666667,49600.85878,37252.32058333333,51054.528419999995,7763.581888000001,0.0,0.0,0.0
2059,2,4,8,92104.04002333333,49069.18121666667,35781.24612333334,49523.25891333333,6682.821953,0.0,0.0,0.0
2059,2,5,1,86775.08921666666,45827.58235333333,31076.74408,45693.92755,5947.706908,0.0,0.0,0.0
2059,2,5,2,81081.04589333333,43028.4035,29064.404436666664,44118.09735999999,5869.616766,0.0,0.0,0.0
2059,2,5,3,83386.6798,44596.00794,30790.313686666665,44549.05035,6707.907764,0.0,0.0,0.0
2059,2,5,4,96755.15641,47862.63813666667,32842.71981666667,48630.11143,7363.489076000001,0.0,0.0,0.0
2059,2,5,5,98169.30432666668,46985.09778666667,33198.74222,48527.12614,7427.442913666666,0.0,0.0,0.0
2059,2,5,6,98268.55806666666,47341.47428333334,32903.486853333336,48241.64906333334,7276.819096333333,0.0,0.0,0.0
2059,2,5,7,91732.38324333333,49589.96374666667,37244.094833333336,51043.197583333334,7761.893158,0.0,0.0,0.0
2059,2,5,8,92083.5846,49058.47685,35773.537893333334,49512.28217,6681.296648666666,0.0,0.0,0.0
2059,2,6,1,87090.30973333334,45994.76662,31190.4065,45861.90170333334,5982.053496333334,0.0,0.0,0.0
2059,2,6,2,81545.41939333333,43275.69348666666,29232.37859333333,44370.91657666666,5903.582028333333,0.0,0.0,0.0
2059,2,6,3,83863.85496000001,44850.652070000004,30966.02331666667,44803.013543333334,6746.040376333333,0.0,0.0,0.0
2059,2,6,4,97290.15695333334,48125.20841,33025.07541333333,48898.101976666665,7404.182020333334,0.0,0.0,0.0
2059,2,6,5,98712.80300333333,47246.36065333334,33382.37798333333,48795.416300000004,7468.135858000001,0.0,0.0,0.0
2059,2,6,6,98809.19679333334,47605.05234333334,33086.114826666664,48509.39447333333,7317.2396653333335,0.0,0.0,0.0
2059,2,6,7,92243.74156666668,49859.098276666664,37448.73077,51323.44505,7803.702843333333,0.0,0.0,0.0
2059,2,6,8,92593.19971999999,49325.26894666667,35968.31382666667,49783.59570333333,6719.156884666667,0.0,0.0,0.0
2059,2,7,1,87109.15813666668,46003.45540666667,31198.060263333333,45871.24419333334,5966.446363,0.0,0.0,0.0
2059,2,7,2,81333.97405666667,43163.09333333333,29155.89546666667,44255.783326666664,5888.083845666667,0.0,0.0,0.0
2059,2,7,3,83646.41736,44734.67445666667,30885.94483333333,44687.362779999996,6728.5810876666665,0.0,0.0,0.0
2059,2,7,4,97046.24443666668,48005.88057,32941.919083333334,48775.96867,7385.687703333333,0.0,0.0,0.0
2059,2,7,5,98465.67642999999,47127.30519000001,33298.649666666664,48673.282993333334,7449.641541666667,0.0,0.0,0.0
2059,2,7,6,98563.18697,47485.016326666664,33003.04021,48387.42459,7298.799823666667,0.0,0.0,0.0
2059,2,7,7,92010.72407666668,49736.63811,37355.38758333334,51195.51013333333,7784.663775,0.0,0.0,0.0
2059,2,7,8,92361.13554,49203.65315,35879.41036666667,49660.182226666664,6701.861021333333,0.0,0.0,0.0
2059,2,8,1,84535.39749333334,44793.09906666667,30757.056603333334,45578.957723333326,5973.282995666667,0.0,0.0,0.0
2059,2,8,2,76672.94319,42153.23281666666,28497.590396666666,43304.701506666664,5865.939693,0.0,0.0,0.0
2059,2,8,3,77771.57097666666,43025.29841333333,29754.713659999998,43142.147633333334,6586.210257,0.0,0.0,0.0
2059,2,8,4,86364.50994,45146.31600333333,31410.812996666664,46449.334590000006,7348.1815560000005,0.0,0.0,0.0
2059,2,8,5,86953.11404,43983.92504,31436.606986666666,46126.433079999995,7319.582097333333,0.0,0.0,0.0
2059,2,8,6,84782.85090666666,43367.13004333333,30331.11533,44269.402116666664,7226.456811666667,0.0,0.0,0.0
2059,2,8,7,84320.52022666666,46176.84983666667,34913.32064333333,48468.67429333334,7608.600058,0.0,0.0,0.0
2059,2,8,8,83670.49538,45402.322016666665,33520.06395333334,46612.84178333334,6748.219382666666,0.0,0.0,0.0
2059,2,9,1,79462.61612666666,41838.09402,29460.384373333334,43164.1556,5888.574122000001,0.0,0.0,0.0
2059,2,9,2,73434.44941,38804.780926666666,27385.234873333335,40688.50471666667,5641.311371,0.0,0.0,0.0
2059,2,9,3,71393.91887,38747.99057,27624.51701,39293.09626,6353.764749666666,0.0,0.0,0.0
2059,2,9,4,74739.29291333334,37982.64181333333,27421.351903333332,38851.684036666666,6964.049966,0.0,0.0,0.0
2059,2,9,5,76274.53911,37662.84538666666,27581.236493333334,39425.08957333333,7017.326672666667,0.0,0.0,0.0
2059,2,9,6,76160.93116666666,37328.88542,27387.223216666665,38921.848046666666,7041.813256666667,0.0,0.0,0.0
2059,2,9,7,79059.60889666667,41901.394153333335,33318.20624666667,45471.58718,7558.455673333333,0.0,0.0,0.0
2059,2,9,8,79881.80248333333,41637.05344333333,32026.491256666664,44131.85233666666,6508.719342333334,0.0,0.0,0.0
2059,2,10,1,81655.59540333333,42638.49754333333,29404.81971,43406.21597,5926.706733666666,0.0,0.0,0.0
2059,2,10,2,80797.39373333333,42877.34388,28961.854949999997,43963.74199333333,5848.834492999999,0.0,0.0,0.0
2059,2,10,3,83095.12874,44440.426880000006,30682.91591,44394.09575666667,6684.674108666666,0.0,0.0,0.0
2059,2,10,4,96427.51556333333,47701.22823666667,32730.909546666666,48465.48749666667,7338.512215333333,0.0,0.0,0.0
2059,2,10,5,97836.48833666666,46825.512806666666,33086.468916666665,48363.319333333326,7402.5205283333335,0.0,0.0,0.0
2059,2,10,6,97937.45804666665,47180.55466,32791.540400000005,48077.73331,7252.196324666666,0.0,0.0,0.0
2059,2,10,7,91419.72306333332,49424.604400000004,37118.63854,50872.47243666666,7736.616684,0.0,0.0,0.0
2059,2,10,8,91771.90497333334,48896.031923333336,35655.02718,49346.05121666667,6658.090230666666,0.0,0.0,0.0
2059,2,11,1,86421.24581666668,45640.84150333333,30948.809166666662,45506.315096666665,5921.504356,0.0,0.0,0.0
2059,2,11,2,80727.12077666666,42840.001156666665,28936.44228666667,43925.445953333336,5843.7138276666665,0.0,0.0,0.0
2059,2,11,3,83022.89468,44401.88570666666,30656.304796666667,44355.71800666667,6678.981454333333,0.0,0.0,0.0
2059,2,11,4,96346.94679999999,47661.43413333333,32703.23616666667,48424.93074,7332.329284666666,0.0,0.0,0.0
2059,2,11,5,97754.55769666667,46785.85488666667,33058.68658666667,48322.73533999999,7396.419310333334,0.0,0.0,0.0
2059,2,11,6,97855.50016666665,47140.48818000001,32763.867023333336,48037.12207666666,7246.1495816666675,0.0,0.0,0.0
2059,2,11,7,91342.23214666666,49383.829739999994,37087.72388333333,50830.09076,7730.379278,0.0,0.0,0.0
2059,2,11,8,91694.71367333333,48855.72029999999,35625.801256666666,49304.78628,6652.370338666667,0.0,0.0,0.0
2059,2,12,1,86383.22215666667,45620.849123333326,30934.83628666667,45486.13204999999,5920.088001666667,0.0,0.0,0.0
2059,2,12,2,80708.51751333334,42830.00496666667,28929.71460333333,43915.23186666667,5842.379186333333,0.0,0.0,0.0
2059,2,12,3,83003.71942,44391.67161333334,30649.223023333336,44345.50391333333,6677.456149999999,0.0,0.0,0.0
2059,2,12,4,96325.51082666666,47650.83871666667,32695.854779999998,48414.25360333334,7330.722267333334,0.0,0.0,0.0
2059,2,12,5,97732.57696666666,46775.34118333333,33051.25072333334,48312.00373333334,7394.7578176666675,0.0,0.0,0.0
2059,2,12,6,97833.71010000001,47129.89276333334,32756.485636666668,48026.390466666664,7244.515327,0.0,0.0,0.0
2059,2,12,7,91321.77672666666,49373.09813333334,37079.525376666665,50818.814399999996,7728.717785666667,0.0,0.0,0.0
2059,2,12,8,91674.53062333334,48845.04317333334,35618.09302333333,49293.918490000004,6650.845034333334,0.0,0.0,0.0
2059,2,13,1,86697.65278,45787.62482,31047.84501,45653.561453333336,5954.3801146666665,0.0,0.0,0.0
2059,2,13,2,81171.09333,43076.34164,29096.92611,44167.12500666667,5876.181023,0.0,0.0,0.0
2059,2,13,3,83479.04243,44645.226246666665,30824.27895333333,44598.21418,6715.261910666667,0.0,0.0,0.0
2059,2,13,4,96858.63197333335,47913.51793666667,32878.07419,48681.86283,7371.387974,0.0,0.0,0.0
2059,2,13,5,98274.68651999999,47035.65073666667,33234.26002666666,48579.040966666675,7435.341811666666,0.0,0.0,0.0
2059,2,13,6,98373.47722666668,47392.65369666667,32938.759523333334,48293.53665,7284.609044666667,0.0,0.0,0.0
2059,2,13,7,91831.39184666665,49642.259900000005,37283.4259,51097.26418,7769.928244,0.0,0.0,0.0
2059,2,13,8,92182.04845,49109.81968666666,35811.07127666666,49564.8507,6688.623557333333,0.0,0.0,0.0
2059,2,14,1,86716.80079666666,45796.47703666667,31055.96180666667,45662.82223,5938.745744333333,0.0,0.0,0.0
2059,2,14,2,80960.32893666667,42964.204523333334,29020.742596666667,44052.53650666666,5860.764553,0.0,0.0,0.0
2059,2,14,3,83262.85776,44529.902330000004,30744.663503333333,44483.13540333334,6698.020522666667,0.0,0.0,0.0
2059,2,14,4,96616.27199666668,47794.27181333333,32795.353663333335,48560.355983333335,7352.839182333333,0.0,0.0,0.0
2059,2,14,5,98027.94128333333,46917.27621333333,33151.13093,48457.56136,7416.901970333333,0.0,0.0,0.0
2059,2,14,6,98128.06663,47273.026243333334,32855.82108666667,48171.86638666666,7266.441578666666,0.0,0.0,0.0
2059,2,14,7,91599.32766666666,49519.74526333334,37190.73641333333,50970.74562333333,7751.1343136666665,0.0,0.0,0.0
2059,2,14,8,91950.99206,48989.75643666667,35722.98494333334,49441.73683333333,6671.436644666667,0.0,0.0,0.0
2059,2,15,1,84150.63944,44589.38920666667,30616.64688,45371.70697666667,5945.582376666666,0.0,0.0,0.0
2059,2,15,2,76317.54724666667,41958.26621666666,28365.37918666667,43104.77767,5838.756588333333,0.0,0.0,0.0
2059,2,15,3,77411.29951,42827.33568333334,29617.681396666667,42943.44948666667,6556.003780999999,0.0,0.0,0.0
2059,2,15,4,85969.64674333333,44941.87072666667,31267.543326666666,46238.43400666667,7315.360272333334,0.0,0.0,0.0
2059,2,15,5,86556.53487666667,43782.530373333335,31293.364556666667,45916.37686333334,7286.733575666666,0.0,0.0,0.0
2059,2,15,6,84394.22511666667,43168.241233333334,30191.849583333333,44065.55607,7194.425417333333,0.0,0.0,0.0
2059,2,15,7,83935.16294333333,45966.92981333333,34760.81743333334,48254.314536666665,7575.506398666667,0.0,0.0,0.0
2059,2,15,8,83287.15367666667,45195.071273333335,33371.78256666667,46403.68440666667,6717.631580333334,0.0,0.0,0.0
2059,2,16,1,82059.63766333333,43207.79020333333,30415.49735,44575.4708,6198.728444666667,0.0,0.0,0.0
2059,2,16,2,77314.00687,40855.96136,28831.41417666667,42835.452483333334,5939.726297,0.0,0.0,0.0
2059,2,16,3,75169.21088000001,40791.925806666666,29082.517423333335,41364.650400000006,6684.428970333333,0.0,0.0,0.0
2059,2,16,4,78676.53957000001,39992.42112333333,28870.500103333336,40907.82171,7321.870054,0.0,0.0,0.0
2059,2,16,5,80280.15209,39656.25491333334,29036.94895666667,41511.29753333333,7377.026153333333,0.0,0.0,0.0
2059,2,16,6,80161.96823333333,39303.55549,28833.593183333334,40981.82621666667,7398.625553999999,0.0,0.0,0.0
2059,2,16,7,83189.26181666668,44098.922106666665,34983.212269999996,47777.00318666667,7929.540462666667,0.0,0.0,0.0
2059,2,16,8,84047.70862333332,43825.26614,33650.586436666665,46410.87512333333,6846.192957666666,0.0,0.0,0.0
2059,2,17,1,85865.89880000001,44837.22394333334,30945.404469999998,45662.63156666667,6238.685974666667,0.0,0.0,0.0
2059,2,17,2,84997.72817666666,45116.953890000004,30487.159423333334,46249.41075333334,6157.463511000001,0.0,0.0,0.0
2059,2,17,3,87414.08284333332,46745.597746666666,32271.738426666667,46688.99805666667,7028.902644000001,0.0,0.0,0.0
2059,2,17,4,101274.55187000001,50069.67200333333,34374.58854333334,50880.80713333333,7704.884903333333,0.0,0.0,0.0
2059,2,17,5,102763.52140000001,49178.267726666665,34743.385376666665,50778.747919999994,7770.336807666667,0.0,0.0,0.0
2059,2,17,6,102853.7595,49545.72991666666,34438.133819999995,50487.659903333326,7616.4444809999995,0.0,0.0,0.0
2059,2,17,7,96049.15834000001,51854.98642,38990.94978333334,53419.48577333333,8113.394127333333,0.0,0.0,0.0
2059,2,17,8,96383.14554666665,51301.87288333333,37430.69949333333,51805.141650000005,7001.637826333333,0.0,0.0,0.0
2059,2,18,1,90810.85420333334,47954.020216666664,32543.86908666667,47839.976473333336,6233.238458666667,0.0,0.0,0.0
2059,2,18,2,84925.35792666666,45078.14034333333,30460.63002333333,46209.88902333333,6152.097708,0.0,0.0,0.0
2059,2,18,3,87339.58806333333,46705.80364,32244.41913,46649.421850000006,7022.937614333333,0.0,0.0,0.0
2059,2,18,4,101191.15039333333,50029.25143333333,34346.67003,50839.269823333336,7698.647497666666,0.0,0.0,0.0
2059,2,18,5,102678.59466666666,49138.36467,34714.867633333335,50737.48298666667,7763.963214,0.0,0.0,0.0
2059,2,18,6,102769.35026666666,49505.200396666674,34409.88845333334,50446.66734666666,7610.261550333334,0.0,0.0,0.0
2059,2,18,7,95969.62460666666,51813.53082000001,38958.31916333333,53374.97956666667,8106.938820666666,0.0,0.0,0.0
2059,2,18,8,96304.04761333333,51260.74413666667,37400.05721333333,51762.78721333334,6995.700034,0.0,0.0,0.0
2059,2,19,1,90771.90445999999,47933.61927,32529.67830666667,47819.38486,6231.849342,0.0,0.0,0.0
2059,2,19,2,84905.99200666667,45067.871773333325,30453.548250000003,46199.40255666667,6150.681353333333,0.0,0.0,0.0
2059,2,19,3,87319.97700666667,46695.20822333333,32237.1467,46638.88091,7021.357834333333,0.0,0.0,0.0
2059,2,19,4,101169.25137,50018.68325333333,34339.12522,50828.483746666665,7696.986005333333,0.0,0.0,0.0
2059,2,19,5,102656.15083333333,49127.63306,34707.32282666666,50726.47900666667,7762.328959333333,0.0,0.0,0.0
2059,2,19,6,102746.9882,49494.49603,34402.42535333333,50435.74508,7608.600058,0.0,0.0,0.0
2059,2,19,7,95948.35205666667,51802.49960333334,38949.739330000004,53363.158460000006,8105.222853333333,0.0,0.0,0.0
2059,2,19,8,96283.12915,51249.74015333334,37391.91318,51751.538089999995,6994.120254333334,0.0,0.0,0.0
2059,2,20,1,91093.41685666668,48103.09149333333,32646.60924,47991.49912666667,6267.503334000001,0.0,0.0,0.0
2059,2,20,2,85383.90258666668,45323.333033333336,30628.250089999998,46459.60315666667,6186.062969999999,0.0,0.0,0.0
2059,2,20,3,87811.15228333334,46957.77849333334,32417.650143333332,46899.57178666667,7060.716137333333,0.0,0.0,0.0
2059,2,20,4,101721.46608666667,50284.086233333335,34525.893306666665,51101.622193333336,7738.659502333333,0.0,0.0,0.0
2059,2,20,5,103217.05436666666,49392.87261666667,34894.55394666667,50999.78088333333,7803.675605666666,0.0,0.0,0.0
2059,2,20,6,103305.4948,49760.82508333334,34589.38410333334,50708.17535,7649.864991666666,0.0,0.0,0.0
2059,2,20,7,96475.67160666668,52077.381259999995,39166.52322666667,53657.02470666667,8148.421654999999,0.0,0.0,0.0
2059,2,20,8,96808.73273,51522.687939999996,37596.82149,52032.84781666667,7033.424082333334,0.0,0.0,0.0
2059,2,21,1,91113.51818999999,48113.41453666667,32654.26299666667,48000.35134,6251.242499,0.0,0.0,0.0
2059,2,21,2,85166.16537,45206.97409333333,30548.689116666665,46341.01073666667,6169.938322666666,0.0,0.0,0.0
2059,2,21,3,87587.17766333332,46838.232756666664,32335.5016,46780.81593666666,7042.739334666668,0.0,0.0,0.0
2059,2,21,4,101468.89198999999,50163.178616666664,34440.66691666667,50977.20093,7719.538721333333,0.0,0.0,0.0
2059,2,21,5,102961.64756666667,49271.99223666667,34809.191373333335,50875.16895666666,7785.0178633333335,0.0,0.0,0.0
2059,2,21,6,103050.4421,49639.29100666667,34503.967053333334,50583.78132666667,7631.016586333334,0.0,0.0,0.0
2059,2,21,7,96235.27272333333,51952.27905333333,39067.24224666667,53522.82515333333,8128.592696666667,0.0,0.0,0.0
2059,2,21,8,96568.93307666667,51397.80364,37502.98803,51904.53157666667,7015.556229666666,0.0,0.0,0.0
2059,2,22,1,88476.21227333334,46878.32647333333,32198.088010000003,47699.185423333336,6258.542170333333,0.0,0.0,0.0
2059,2,22,2,80339.14869,44160.66969666667,29861.702876666666,45358.19713666666,6146.895329999999,0.0,0.0,0.0
2059,2,22,3,81483.48113666667,45064.38535999999,31163.52301,45184.63927666666,6895.438502333333,0.0,0.0,0.0
2059,2,22,4,90406.23995333334,47242.683580000004,32876.222036666666,48598.65202666667,7681.487822,0.0,0.0,0.0
2059,2,22,5,91024.42406666667,46050.71260666667,32903.05105,48269.894433333335,7652.4525619999995,0.0,0.0,0.0
2059,2,22,6,88776.47935666668,45415.01473333334,31762.559106666668,46361.79300666667,7557.093794333334,0.0,0.0,0.0
2059,2,22,7,88282.33518000001,48325.949376666664,36486.78116,50679.73931999999,7946.8908010000005,0.0,0.0,0.0
2059,2,22,8,87610.08447,47530.557559999994,35041.25555333333,48754.06965666667,7063.576083333333,0.0,0.0,0.0
2059,2,23,1,83495.03089333333,43967.936583333336,30952.159386666666,45350.10757666667,6199.736235333334,0.0,0.0,0.0
2059,2,23,2,77326.89024666666,40862.825229999995,28836.15351666667,42842.58872666667,5940.706849666666,0.0,0.0,0.0
2059,2,23,3,75181.74016333332,40798.789683333336,29087.365716666667,41371.459793333335,6685.518473666667,0.0,0.0,0.0
2059,2,23,4,78689.50466333334,39999.094333333334,28875.32115666667,40914.658343333336,7323.0140323333335,0.0,0.0,0.0
2059,2,23,5,80293.33508,39662.95536,29041.77000666667,41518.21587666666,7378.197369333334,0.0,0.0,0.0
2059,2,23,6,80175.12398333334,39310.174223333335,28838.441473333336,40988.69008666667,7399.796770333333,0.0,0.0,0.0
2059,2,23,7,83202.85337,44106.221776666665,34988.60531333333,47784.54799666667,7930.711678666667,0.0,0.0,0.0
2059,2,23,8,84061.32741333333,43832.51133333333,33655.78881333333,46418.31098666667,6847.336936,0.0,0.0,0.0
2059,2,24,1,85879.81720333332,44844.38742666666,30950.470660000003,45670.01295333333,6239.693765333333,0.0,0.0,0.0
2059,2,24,2,85011.45591666666,45124.30804,30492.171140000002,46256.98280333334,6158.525776666666,0.0,0.0,0.0
2059,2,24,3,87428.21915,46753.088083333336,32276.913566666666,46696.48838999999,7030.019384666666,0.0,0.0,0.0
2059,2,24,4,101290.40413333334,50077.325763333334,34379.899873333336,50888.65155666667,7706.056119,0.0,0.0,0.0
2059,2,24,5,102779.50986666667,49185.78529666667,34748.723946666665,50786.56511,7771.4807863333335,0.0,0.0,0.0
2059,2,24,6,102869.80246666668,49553.35644,34443.44515,50495.61327666667,7617.642934666666,0.0,0.0,0.0
2059,2,24,7,96064.30243,51863.04874333334,38997.10548,53427.766,8114.592580666666,0.0,0.0,0.0
2059,2,24,8,96398.23516333335,51309.717306666666,37436.55557,51813.176733333334,7002.809042333333,0.0,0.0,0.0
2059,2,25,1,90825.12669333334,47961.53779333333,32549.01699,47847.602993333334,6234.273486333333,0.0,0.0,0.0
2059,2,25,2,84939.00395333332,45085.494483333336,30465.668976666668,46217.29764333333,6153.105498666667,0.0,0.0,0.0
2059,2,25,3,87353.64265000001,46713.23950333334,32249.539796666668,46656.88495,7024.0271170000005,0.0,0.0,0.0
2059,2,25,4,101206.70305000001,50036.79624333334,34351.84516999999,50847.032536666666,7699.818713333333,0.0,0.0,0.0
2059,2,25,5,102694.22899999999,49145.80053333333,34720.23343666666,50745.10951,7765.188905,0.0,0.0,0.0
2059,2,25,6,102785.22976666666,49512.69073333333,34415.14530333333,50454.266633333325,7611.432766000001,0.0,0.0,0.0
2059,2,25,7,95984.60527333333,51821.32077333333,38964.31143,53383.287033333334,8108.137274333334,0.0,0.0,0.0
2059,2,25,8,96319.00104333332,51268.34342333333,37405.64092,51770.71335,6996.816774999999,0.0,0.0,0.0
2059,2,26,1,90786.25866333333,47941.05512999999,32534.907923333332,47826.98414666666,6232.829895,0.0,0.0,0.0
2059,2,26,2,84919.77422333333,45075.22592,30458.61444,46206.89289333334,6151.689144,0.0,0.0,0.0
2059,2,26,3,87334.05883333333,46702.807510000006,32242.37631333333,46646.398479999996,7022.474575,0.0,0.0,0.0
2059,2,26,4,101185.07642333333,50026.30977666667,34344.518260000004,50836.19198,7698.211695999999,0.0,0.0,0.0
2059,2,26,5,102672.27553333335,49135.259586666674,34712.7431,50734.40514333334,7763.527412666666,0.0,0.0,0.0
2059,2,26,6,102763.05833333333,49502.177026666664,34407.76392,50443.56226333333,7609.771274333333,0.0,0.0,0.0
2059,2,26,7,95963.63233666668,51810.45298,38955.922256666665,53371.629343333334,8106.448544333333,0.0,0.0,0.0
2059,2,26,8,96298.13706,51257.748003333334,37397.66031,51759.682126666674,6995.236994999999,0.0,0.0,0.0
2059,2,27,1,91107.58039666666,48110.63630333333,32651.838853333335,47999.07117666667,6268.538361999999,0.0,0.0,0.0
2059,2,27,2,85397.6848,45330.68718,30633.343516666664,46467.12072666667,6187.097998333334,0.0,0.0,0.0
2059,2,27,3,87825.31582333334,46965.24159333333,32422.90699666667,46907.11659333333,7061.832878,0.0,0.0,0.0
2059,2,27,4,101737.48178333334,50291.494856666664,34531.39529666666,51109.65728000001,7739.830718333334,0.0,0.0,0.0
2059,2,27,5,103233.26073333334,49400.49914,34899.94698666667,51007.489120000006,7804.819583666666,0.0,0.0,0.0
2059,2,27,6,103321.456,49768.45160666667,34594.66819333334,50716.019776666675,7651.063445,0.0,0.0,0.0
2059,2,27,7,96490.92465,52085.30739666667,39172.70615666666,53665.577306666666,8149.620108666667,0.0,0.0,0.0
2059,2,27,8,96823.9313,51530.559603333335,37602.67757,52041.04632666666,7034.568060666667,0.0,0.0,0.0
2059,2,28,1,91127.98134666665,48121.01382,32659.547089999996,48007.950626666665,6252.277527333333,0.0,0.0,0.0
2059,2,28,2,85179.97482333332,45214.27376666667,30553.75530666667,46348.55554333333,6170.973351000001,0.0,0.0,0.0
2059,2,28,3,87601.28672999999,46845.85927666666,32340.622263333335,46788.360746666665,7043.883312999999,0.0,0.0,0.0
2059,2,28,4,101484.88046,50170.72342333334,34446.00548,50985.01811333333,7720.709937,0.0,0.0,0.0
2059,2,28,5,102977.69050000001,49279.673233333335,34814.52994,50883.01338,7786.189079333333,0.0,0.0,0.0
2059,2,28,6,103066.4033,49647.02647666667,34509.36009333333,50591.625746666665,7632.133327,0.0,0.0,0.0
2059,2,28,7,96250.36234333333,51960.12347666667,39073.34346333333,53531.10537666667,8129.818388,0.0,0.0,0.0
2059,2,28,8,96583.99546333333,51405.62082666667,37508.84411,51912.64837333333,7016.6729706666665,0.0,0.0,0.0
2059,3,1,1,88490.43029333332,46885.70786,32203.372100000004,47706.811943333334,6259.577198333333,0.0,0.0,0.0
2059,3,1,2,80352.41339333334,44167.969366666664,29866.63287666667,45365.57852,6147.930358333334,0.0,0.0,0.0
2059,3,1,3,81496.88202333332,45071.71227333334,31168.643673333336,45191.99342333333,6896.555243,0.0,0.0,0.0
2059,3,1,4,90420.64863,47250.11944,32881.397176666665,48606.30578,7682.659038000001,0.0,0.0,0.0
2059,3,1,5,91039.05064666667,46058.06675333334,32908.33514333334,48277.54819,7653.678253000001,0.0,0.0,0.0
2059,3,1,6,88790.88803333334,45422.3144,31767.625296666665,46369.39229333333,7558.237772666667,0.0,0.0,0.0
2059,3,1,7,88296.58043333334,48333.68484666666,36492.41934,50687.74716666667,7948.034779666667,0.0,0.0,0.0
2059,3,1,8,87624.27525,47538.10237,35046.75754666667,48761.83236333333,7064.692824000001,0.0,0.0,0.0
2059,3,2,1,83450.52468333334,43944.403313333336,30935.762366666666,45325.89337,6194.152531,0.0,0.0,0.0
2059,3,2,2,77256.53558000001,40825.59146,28809.978203333332,42803.66622333333,5935.259333666666,0.0,0.0,0.0
2059,3,2,3,75113.21041333333,40761.66485666666,29061.054213333333,41334.00812333333,6679.580681333333,0.0,0.0,0.0
2059,3,2,4,78618.30562666667,39962.65045,28849.06413,40877.370096666666,7316.558726,0.0,0.0,0.0
2059,3,2,5,80221.07377999999,39626.70213666667,29015.40403,41480.32840333333,7371.742063000001,0.0,0.0,0.0
2059,3,2,6,80102.88992,39274.32956666667,28812.23892,40951.265653333336,7393.286988666667,0.0,0.0,0.0
2059,3,2,7,83128.49477666667,44066.56385666667,34958.75292333333,47743.5282,7924.092946666667,0.0,0.0,0.0
2059,3,2,8,83986.56026,43792.98960666667,33626.91698,46377.45461666666,6841.290193000001,0.0,0.0,0.0
2059,3,3,1,85804.15120666666,44804.97465,30922.824513333337,45629.45619333334,6234.0555859999995,0.0,0.0,0.0
2059,3,3,2,84936.19848333333,45084.050896666675,30464.60670666667,46215.854053333336,6152.9148350000005,0.0,0.0,0.0
2059,3,3,3,87350.75546999999,46711.795913333335,32248.532006666665,46655.41412,7023.809216333332,0.0,0.0,0.0
2059,3,3,4,101203.51625333335,50035.352653333335,34350.81014,50845.47999666666,7699.573574999999,0.0,0.0,0.0
2059,3,3,5,102691.20563333335,49144.24798666666,34719.22564333333,50743.611443333335,7764.943767,0.0,0.0,0.0
2059,3,3,6,102782.0702,49511.32885333333,34414.08304,50452.823039999996,7611.187628,0.0,0.0,0.0
2059,3,3,7,95981.74532999999,51819.79546666667,38963.167453333335,53381.73449,8107.919373666667,0.0,0.0,0.0
2059,3,3,8,96316.03214666666,51266.845356666665,37404.55141666666,51769.16080333333,6996.598874,0.0,0.0,0.0
2059,3,4,1,90747.00931333333,47920.436283333336,32520.472003333332,47805.95673333333,6228.662545333333,0.0,0.0,0.0
2059,3,4,2,84863.90994666667,45045.31905666667,30438.186253333333,46176.550226666666,6147.549032,0.0,0.0,0.0
2059,3,4,3,87276.58754,46672.029043333336,32221.130999999998,46616.001339999995,7017.898661666666,0.0,0.0,0.0
2059,3,4,4,101121.20429666666,49995.25893333333,34322.70095666667,50804.841523333336,7693.417882000001,0.0,0.0,0.0
2059,3,4,5,102607.23220000001,49104.453883333335,34690.76237666667,50702.61888666666,7758.679123333332,0.0,0.0,0.0
2059,3,4,6,102698.5053,49471.01723333334,34386.082806666665,50411.93943,7605.004697333333,0.0,0.0,0.0
2059,3,4,7,95902.48397333334,51778.61224333334,38931.13606,53337.82750666666,8101.518542333334,0.0,0.0,0.0
2059,3,4,8,96237.31554,51225.79832333333,37373.85466333333,51726.942553333334,6990.688319333333,0.0,0.0,0.0
2059,3,5,1,90708.41366333334,47899.84467,32506.362940000003,47785.4196,6227.246190666666,0.0,0.0,0.0
2059,3,5,2,84844.54402666667,45035.02325,30431.077246666668,46165.95481,6146.105440333333,0.0,0.0,0.0
2059,3,5,3,87256.70410999999,46661.37915,32213.94028,46605.4604,7016.346119333334,0.0,0.0,0.0
2059,3,5,4,101099.14185333333,49984.66351666666,34315.21062333334,50793.86478,7691.756389666666,0.0,0.0,0.0
2059,3,5,5,102584.51603333333,49093.858466666665,34683.108616666665,50691.614903333335,7756.963156000001,0.0,0.0,0.0
2059,3,5,6,102675.97980000002,49460.20391333333,34378.565233333335,50400.93545,7603.397680333333,0.0,0.0,0.0
2059,3,5,7,95881.26589666668,51767.49931000001,38922.42003333333,53326.060873333336,8099.802575000001,0.0,0.0,0.0
2059,3,5,8,96216.15194333333,51214.95776666667,37365.656149999995,51715.53001000001,6989.135777,0.0,0.0,0.0
2059,3,6,1,91029.46302000001,48069.344130000005,32623.103203333332,47957.179776666664,6262.872945666667,0.0,0.0,0.0
2059,3,6,2,85322.04604,45290.157663333324,30605.670136666668,46425.96474333334,6181.514294333334,0.0,0.0,0.0
2059,3,6,3,87747.52529666666,46923.84047333334,32394.307533333336,46865.906136666665,7055.622709666667,0.0,0.0,0.0
2059,3,6,4,101649.96744333334,50249.603456666664,34501.81528333334,51066.32229333333,7733.211986333333,0.0,0.0,0.0
2059,3,6,5,103144.43896666665,49358.41708000001,34870.421453333336,50964.39926666667,7798.364277666667,0.0,0.0,0.0
2059,3,6,6,103233.28793333333,49726.233360000006,34565.00647,50673.01163666666,7644.553663666667,0.0,0.0,0.0
2059,3,6,7,96407.38698999998,52042.08135666667,39138.359566666666,53618.8921,8142.810713666667,0.0,0.0,0.0
2059,3,6,8,96740.66602,51487.25185333333,37570.40104333333,51996.51288333334,7028.3034173333335,0.0,0.0,0.0
2059,3,7,1,91049.10131333333,48079.6127,32630.811443333336,47966.22265333333,6246.666585666666,0.0,0.0,0.0
2059,3,7,2,85104.33606333334,45173.853193333336,30526.08192333333,46307.45403666666,6165.362409333334,0.0,0.0,0.0
2059,3,7,3,87523.71410333335,46804.21302,32312.050040000002,46747.204763333335,7037.645907333333,0.0,0.0,0.0
2059,3,7,4,101398.04704333334,50129.04992666667,34416.425469999995,50941.95550333333,7714.172918,0.0,0.0,0.0
2059,3,7,5,102889.22283333335,49237.50946,34785.14059,50839.97800333333,7779.679297666667,0.0,0.0,0.0
2059,3,7,6,102978.53486666665,49605.18955333333,34479.78008333334,50548.617609999994,7625.623545666666,0.0,0.0,0.0
2059,3,7,7,96167.17877333333,51916.92467666667,39039.21478,53485.01939,8122.954517666666,0.0,0.0,0.0
2059,3,7,8,96500.70293999999,51362.585450000006,37476.431390000005,51868.19664333334,7010.462802333333,0.0,0.0,0.0
2059,3,8,1,88413.1028,46844.7153,32174.88159,47665.30187,6253.911781333333,0.0,0.0,0.0
2059,3,8,2,80279.71629333333,44128.14802666666,29839.61319666667,45325.07623666667,6142.346654666667,0.0,0.0,0.0
2059,3,8,3,81423.31332,45031.2917,31140.80687,45151.84523,6890.454025333333,0.0,0.0,0.0
2059,3,8,4,90341.06042333333,47208.90898,32852.77048,48564.27819666667,7676.094781,0.0,0.0,0.0
2059,3,8,5,90958.83597333333,46017.50999666667,32879.463306666665,48235.493370000004,7647.059521,0.0,0.0,0.0
2059,3,8,6,88711.98076666666,45381.92106666666,31739.379926666665,46328.10012333334,7551.700753666667,0.0,0.0,0.0
2059,3,8,7,88218.46305333334,48291.548310000006,36461.55916333333,50644.22151333333,7941.552235666667,0.0,0.0,0.0
2059,3,8,8,87546.62090666666,47496.29269,35016.85068333333,48719.614116666664,7058.428180666667,0.0,0.0,0.0
2059,3,9,1,84745.99846333334,44629.31949666666,31412.746866666665,46028.54121333334,6344.885298333334,0.0,0.0,0.0
2059,3,9,2,79147.72246333332,41826.79042333333,29514.45097,43847.76438,6080.980386666667,0.0,0.0,0.0
2059,3,9,3,76955.96888333333,41759.86769,29771.301346666663,42341.66239333333,6840.064502,0.0,0.0,0.0
2059,3,9,4,80535.64059333333,40943.58465333333,29555.280103333334,41882.055466666665,7488.101004333334,0.0,0.0,0.0
2059,3,9,5,82170.11329,40600.418386666664,29723.826246666667,42499.39522,7543.420529333333,0.0,0.0,0.0
2059,3,9,6,82048.49749666666,40238.97569666667,29516.38484,41958.04832,7566.463522000001,0.0,0.0,0.0
2059,3,9,7,85131.76430666666,45135.63887,35771.24993333333,48858.49854,8102.4173826666665,0.0,0.0,0.0
2059,3,9,8,86007.20736333333,44857.434230000006,34409.9974,47475.34699,7004.198159,0.0,0.0,0.0
2059,3,10,1,87833.29643666667,45863.018443333334,31667.49995,46718.27845333333,6385.605480666666,0.0,0.0,0.0
2059,3,10,2,86959.37868333333,46164.75635666667,31205.11479333333,47316.22504666667,6303.075613333333,0.0,0.0,0.0
2059,3,10,3,89429.90889666666,47822.38099666667,33013.60838666667,47760.19759999999,7190.339780333333,0.0,0.0,0.0
2059,3,10,4,103548.61741333334,51166.36592333333,35142.14355,52002.85924333333,7874.466076,0.0,0.0,0.0
2059,3,10,5,105076.1826,50267.25340666666,35514.75364666667,51900.854503333336,7940.244831666667,0.0,0.0,0.0
2059,3,10,6,105158.35839999998,50637.194220000005,35206.124626666664,51606.089413333335,7786.897256333333,0.0,0.0,0.0
2059,3,10,7,98223.64329666668,52985.29151333333,39890.98837666667,54631.694266666665,8293.761381666667,0.0,0.0,0.0
2059,3,10,8,98548.17906,52430.95228333334,38277.679280000004,52968.05012333333,7162.775349666666,0.0,0.0,0.0
2059,3,11,1,92856.45092666667,49027.480483333326,33288.51728333333,48924.19558,6380.049014666666,0.0,0.0,0.0
2059,3,11,2,86885.56484333334,46125.58871666666,31178.04063666667,47276.321990000004,6297.60086,0.0,0.0,0.0
2059,3,11,3,89354.13395333332,47781.85147666666,32985.85329666667,47719.80427,7184.293037666666,0.0,0.0,0.0
2059,3,11,4,103462.60113000001,51124.7469,35113.40790333333,51960.47756666667,7867.956294333333,0.0,0.0,0.0
2059,3,11,5,104988.88613333332,50226.39703666667,35485.88181,51858.41835,7933.789525,0.0,0.0,0.0
2059,3,11,6,105071.14366666666,50596.01099666667,35177.28002666667,51564.49762666667,7780.550900333333,0.0,0.0,0.0
2059,3,11,7,98141.35857,52942.4468,39856.832449999994,54585.55380666667,8286.843036333334,0.0,0.0,0.0
2059,3,11,8,98466.62974666666,52388.216519999994,38245.62064666667,52924.27933333333,7156.755844333333,0.0,0.0,0.0
2059,3,12,1,92816.71130000001,49006.77992333333,33273.99965666667,48903.358830000005,6378.578184999999,0.0,0.0,0.0
2059,3,12,2,86865.89931,46115.12948333333,31170.904396666665,47265.69933666667,6296.130030666667,0.0,0.0,0.0
2059,3,12,3,89334.03261333333,47771.17434333334,32978.36296,47709.26332666667,7182.6860203333335,0.0,0.0,0.0
2059,3,12,4,103439.99393333333,51113.63396666667,35105.617953333334,51949.17397,7866.240326666666,0.0,0.0,0.0
2059,3,12,5,104966.08833333333,50215.61095666667,35478.17357333333,51847.33265999999,7932.128032666667,0.0,0.0,0.0
2059,3,12,6,105048.20963333333,50585.197680000005,35169.653510000004,51553.38469666667,7778.807695333334,0.0,0.0,0.0
2059,3,12,7,98119.73193000001,52931.19767666666,39847.844053333334,54573.46032333333,8284.963643333334,0.0,0.0,0.0
2059,3,12,8,98445.19377333333,52377.04911666666,38237.14976,52912.81231,7155.121589666666,0.0,0.0,0.0
2059,3,13,1,93143.64397333334,49178.92142666667,33392.510363333335,49077.35249,6415.10378,0.0,0.0,0.0
2059,3,13,2,87351.62707333332,46373.28726666667,31348.738553333333,47528.65093333333,6332.138111333334,0.0,0.0,0.0
2059,3,13,3,89833.24298,48037.448926666664,33161.345023333335,47974.28498,7222.398411666666,0.0,0.0,0.0
2059,3,13,4,104005.55505333333,51386.881369999996,35295.30046,52226.58872,7908.485813333333,0.0,0.0,0.0
2059,3,13,5,105540.88296666667,50487.006206666665,35669.19072333333,52125.3194,7974.400756666667,0.0,0.0,0.0
2059,3,13,6,105623.65793333332,50854.79524666667,35359.11811333333,51830.03679666666,7821.080419333332,0.0,0.0,0.0
2059,3,13,7,98659.98933666667,53213.37900666666,40073.45292666667,54876.2605,8330.395926666666,0.0,0.0,0.0
2059,3,13,8,98981.85581,52657.568946666666,38449.030893333336,53202.293313333335,7195.242545,0.0,0.0,0.0
2059,3,14,1,93164.07216,49188.37287,33400.54545,49087.21249333333,6398.434380999999,0.0,0.0,0.0
2059,3,14,2,87130.34897,46255.784346666675,31267.788463333334,47408.80558000001,6315.713850666667,0.0,0.0,0.0
2059,3,14,3,89605.99985333334,47916.323410000005,33078.079743333336,47853.64974,7204.285421333334,0.0,0.0,0.0
2059,3,14,4,103748.05098,51262.59629666666,35208.793906666666,52100.07016333333,7889.256082,0.0,0.0,0.0
2059,3,14,5,105278.85743333334,50363.12969333333,35582.05770666667,51998.82808000001,7955.143787666667,0.0,0.0,0.0
2059,3,14,6,105360.78806666668,50731.89928333333,35272.802220000005,51703.89956333333,7801.796212666667,0.0,0.0,0.0
2059,3,14,7,98413.97950333334,53084.68144000001,39970.35868333333,54738.32939333334,8309.777078666666,0.0,0.0,0.0
2059,3,14,8,98736.85378,52530.097076666665,38352.28301,53069.83695999999,7176.938891000001,0.0,0.0,0.0
2059,3,15,1,90500.37302666665,47942.90728666666,32938.59609666667,48782.3695,6405.897477666666,0.0,0.0,0.0
2059,3,15,2,82234.39397666667,45194.66270666666,30568.136746666667,46413.40822333333,6292.262294333334,0.0,0.0,0.0
2059,3,15,3,83401.46980333333,46116.79097666667,31888.42396666667,46235.35616333334,7054.424256333333,0.0,0.0,0.0
2059,3,15,4,92482.37000666668,48317.778099999996,33624.220460000004,49692.32257,7850.524243,0.0,0.0,0.0
2059,3,15,5,93117.76827333333,47113.441263333334,33651.75765,49361.95796333333,7821.3800323333335,0.0,0.0,0.0
2059,3,15,6,90832.72597999999,46466.54874333334,32498.927079999998,47434.57233333334,7726.266403333332,0.0,0.0,0.0
2059,3,15,7,90320.44157333333,49422.28920333334,37308.45723,51831.589336666664,8120.230759666666,0.0,0.0,0.0
2059,3,15,8,89635.74329000001,48619.706673333334,35824.880730000004,49854.54959666667,7226.129960333333,0.0,0.0,0.0
2059,3,16,1,84886.84399000001,44705.20339666667,31467.358213333337,46100.44843,6282.29334,0.0,0.0,0.0
2059,3,16,2,78363.08950333334,41411.25390333333,29222.1645,43414.87751666667,6020.512959,0.0,0.0,0.0
2059,3,16,3,76191.30106333333,41345.556860000004,29476.50902,41923.67449,6773.414143999999,0.0,0.0,0.0
2059,3,16,4,79740.57563333334,40536.464543333335,29262.230980000004,41464.99364666667,7417.419484666666,0.0,0.0,0.0
2059,3,16,5,81361.32059333332,40196.26717333333,29429.987236666668,42076.45008,7472.384920666666,0.0,0.0,0.0
2059,3,16,6,81241.28457333334,39838.50156333333,29224.234553333332,41540.06041666667,7494.828686333333,0.0,0.0,0.0
2059,3,16,7,84301.15431,44692.238306666666,35434.021459999996,48395.05111333333,8028.549065666666,0.0,0.0,0.0
2059,3,16,8,85169.29768999999,44415.64068333333,34085.4344,47020.69730666667,6936.812386333334,0.0,0.0,0.0
2059,3,17,1,86991.84588,45424.275506666665,31359.034356666667,46267.27860333333,6322.7139086666675,0.0,0.0,0.0
2059,3,17,2,86121.22387333332,45717.37910333333,30898.120030000002,46860.94889666667,6240.756030666666,0.0,0.0,0.0
2059,3,17,3,88568.71109666668,47362.17484666667,32696.91705,47302.44282999999,7121.23804,0.0,0.0,0.0
2059,3,17,4,102574.60154666666,50694.5838,34814.366513333334,51523.47783333334,7802.177539,0.0,0.0,0.0
2059,3,17,5,104084.57126666668,49801.35460666667,35185.04274,51421.01005666666,7867.357067333333,0.0,0.0,0.0
2059,3,17,6,104167.7821,50169.90629666666,34878.538250000005,51128.72358666667,7714.036729666666,0.0,0.0,0.0
2059,3,17,7,97292.77176333334,52500.380873333335,39503.01629,54110.69384,8215.752952666668,0.0,0.0,0.0
2059,3,17,8,97621.50211666666,51946.42297666666,37913.512833333334,52469.38451,7093.7553216666665,0.0,0.0,0.0
2059,3,18,1,91981.30748666667,48569.26267333334,32970.4913,48461.45632999999,6317.184679999999,0.0,0.0,0.0
2059,3,18,2,86048.11821,45678.34765,30871.372726666665,46821.20926666667,6235.335752333333,0.0,0.0,0.0
2059,3,18,3,88493.72604,47322.05389,32669.40709333333,47262.34911333333,7115.245772666666,0.0,0.0,0.0
2059,3,18,4,102490.24677333333,50653.890856666665,34785.87600333333,51482.04947666667,7795.858420333333,0.0,0.0,0.0
2059,3,18,5,103998.99079999999,49760.90679666667,35156.334330000005,51379.82683666667,7860.956236333334,0.0,0.0,0.0
2059,3,18,6,104082.28333333333,50129.62191666666,34850.04774,51087.267993333335,7707.635898666667,0.0,0.0,0.0
2059,3,18,7,97211.60377666667,52458.76185666667,39469.84091666667,54065.56117,8209.079745333334,0.0,0.0,0.0
2059,3,18,8,97541.12402,51904.77671333333,37882.13514,52426.13123,7087.7630543333335,0.0,0.0,0.0
2059,3,19,1,91942.00366,48548.53488,32956.19157333334,48440.75577333333,6315.741088333333,0.0,0.0,0.0
2059,3,19,2,86028.64334,45667.88842333333,30864.23648333333,46810.64108666667,6233.892160333334,0.0,0.0,0.0
2059,3,19,3,88473.78813,47311.48571,32662.052946666667,47251.83540666667,7113.611517666667,0.0,0.0,0.0
2059,3,19,4,102467.74854333333,50643.02306,34778.19500666667,51471.01825666666,7794.251402999999,0.0,0.0,0.0
2059,3,19,5,103975.94776666666,49750.14795333333,35148.65333333333,51368.65942666666,7859.294744,0.0,0.0,0.0
2059,3,19,6,104059.75783333334,50118.863073333334,34842.36674666667,51076.127819999994,7705.974406666667,0.0,0.0,0.0
2059,3,19,7,97190.05884999999,52447.866819999996,39461.01594333333,54053.576636666665,8207.282065,0.0,0.0,0.0
2059,3,19,8,97519.74252000001,51893.445883333334,37873.71873,52414.555263333335,7086.183274666667,0.0,0.0,0.0
2059,3,20,1,92265.91296,48719.94096666667,33073.91239333333,48614.20468,6351.939832,0.0,0.0,0.0
2059,3,20,2,86510.42165666666,45925.555929999995,31040.572573333335,47072.802793333336,6269.655103,0.0,0.0,0.0
2059,3,20,3,88968.72219666668,47575.74471,32843.97274333334,47514.84148,7153.432859666667,0.0,0.0,0.0
2059,3,20,4,103027.29011333334,50913.19261666667,34966.97867333333,51745.81819666667,7835.407386333333,0.0,0.0,0.0
2059,3,20,5,104544.77743333334,50017.757176666666,35338.63545,51642.80567,7901.186141666666,0.0,0.0,0.0
2059,3,20,6,104627.17109999999,50386.09097,35030.71461,51351.009476666666,7747.756854333333,0.0,0.0,0.0
2059,3,20,7,97725.11387,52724.70958333334,39683.35630666666,54352.726976666665,8251.624845666665,0.0,0.0,0.0
2059,3,20,8,98052.50958333333,52170.53378333334,38082.71268333334,52701.012890000005,7125.813953666667,0.0,0.0,0.0
2059,3,21,1,92287.45788666666,48729.50135666667,33081.702339999996,48622.59385666667,6335.433858333333,0.0,0.0,0.0
2059,3,21,2,86290.88675666666,45808.29814666667,30960.221713333332,46953.39324333333,6253.339792666667,0.0,0.0,0.0
2059,3,21,3,88743.00437,47455.21841666667,32761.30669,47395.15955333333,7135.292631333334,0.0,0.0,0.0
2059,3,21,4,102771.61096666667,50789.452293333336,34880.66278333333,51620.08952666667,7816.749644333333,0.0,0.0,0.0
2059,3,21,5,104285.17603333334,49895.70558333333,35251.88375666667,51518.03032,7882.038123333333,0.0,0.0,0.0
2059,3,21,6,104367.65143333333,50264.33899,34944.80728666667,51225.852796666666,7728.7722606666675,0.0,0.0,0.0
2059,3,21,7,97481.06515666668,52598.0276,39581.56946666667,54216.13051333333,8231.441799,0.0,0.0,0.0
2059,3,21,8,97808.86943,52043.38876,37987.38115333333,52570.49040666667,7107.728200666667,0.0,0.0,0.0
2059,3,22,1,89635.93395333334,47488.148649999996,32622.231603333334,48319.46683,6342.73353,0.0,0.0,0.0
2059,3,22,2,81424.40282666667,44752.84192333333,30266.044746666666,45963.08931333333,6230.0788993333335,0.0,0.0,0.0
2059,3,22,3,82581.37350666667,45667.34367,31578.759916666666,45786.31742,6986.275831333333,0.0,0.0,0.0
2059,3,22,4,91596.33153000001,47857.89880333334,33304.94154666667,49225.98796666667,7778.75322,0.0,0.0,0.0
2059,3,22,5,92222.52349666668,46659.52699333333,33332.58769,48896.467723333335,7749.5817720000005,0.0,0.0,0.0
2059,3,22,6,89953.82374666666,46016.69287,32184.523693333333,46976.87204000001,7653.9506286666665,0.0,0.0,0.0
2059,3,22,7,89448.94796666666,48952.14133666666,36955.0224,51337.20002333333,8045.953879666667,0.0,0.0,0.0
2059,3,22,8,88771.74001666666,48155.38764666667,35489.83126,49383.584603333344,7156.565181000001,0.0,0.0,0.0
2059,3,23,1,83186.53806,43806.55392,30840.131223333334,45180.28126333334,6120.992391333333,0.0,0.0,0.0
2059,3,23,2,76340.94433,40341.22557333334,28468.80027333333,42297.40133,5864.795714666667,0.0,0.0,0.0
2059,3,23,3,74221.69718333334,40279.014943333335,28716.989106666664,40845.583843333334,6601.5994900000005,0.0,0.0,0.0
2059,3,23,4,77689.31348666667,39488.09009333333,28507.09631333333,40391.56062333333,7232.503554,0.0,0.0,0.0
2059,3,23,5,79276.63793666667,39155.76438,28672.101573333333,40987.57334333333,7287.441752666667,0.0,0.0,0.0
2059,3,23,6,79159.59805333333,38807.967723333335,28470.97928,40464.557336666665,7309.640380333333,0.0,0.0,0.0
2059,3,23,7,82155.73184333333,43548.88641333333,34566.25939666667,47202.04511,7837.096116333333,0.0,0.0,0.0
2059,3,23,8,83006.60660333333,43276.78299,33246.84378666667,45842.50854666667,6761.674747,0.0,0.0,0.0
2059,3,24,1,84816.29865666667,44290.620193333336,30560.319563333334,45100.23001666667,6160.541357666666,0.0,0.0,0.0
2059,3,24,2,83950.63389,44558.28389,30104.907226666666,45679.68229333334,6080.163259333333,0.0,0.0,0.0
2059,3,24,3,86336.45523,46169.57740666667,31875.94915,46116.65479,6943.158742,0.0,0.0,0.0
2059,3,24,4,100063.81420666666,49482.620443333326,33966.02485,50280.844959999995,7613.993098999999,0.0,0.0,0.0
2059,3,24,5,101530.85751666666,48594.32125,34330.46366666667,50178.59508666667,7679.118152666667,0.0,0.0,0.0
2059,3,24,6,101625.53534333334,48958.32426666666,34028.371666666666,49889.79502666666,7525.74334,0.0,0.0,0.0
2059,3,24,7,94895.61959333334,51250.530046666674,38517.996446666664,52778.20419,8019.6968523333335,0.0,0.0,0.0
2059,3,24,8,95231.62237666668,50705.233693333335,36984.08489333334,51189.70852666666,6915.676024333334,0.0,0.0,0.0
2059,3,25,1,89718.51829333334,47379.49794333333,32146.28213333333,47260.38800666667,6155.175554666667,0.0,0.0,0.0
2059,3,25,2,83878.48154,44519.688239999996,30078.6502,45640.514653333325,6074.8246936666665,0.0,0.0,0.0
2059,3,25,3,86261.96045,46129.91949,31848.657096666666,46077.269250000005,6937.248187333334,0.0,0.0,0.0
2059,3,25,4,99980.63061666668,49442.09092333334,33937.83395666666,50239.41660333334,7607.728455333333,0.0,0.0,0.0
2059,3,25,5,101446.09416,48554.11858,34302.163819999994,50136.976063333335,7672.799034000001,0.0,0.0,0.0
2059,3,25,6,101540.41789,48917.79474666666,34000.04458666666,49848.448379999994,7519.505934000001,0.0,0.0,0.0
2059,3,25,7,94816.03138333333,51208.80207666667,38485.47478,52734.56959,8013.1325953333335,0.0,0.0,0.0
2059,3,25,8,95152.30654666666,50664.40456333334,36953.415376666664,51147.24513999999,6909.792706666667,0.0,0.0,0.0
2059,3,26,1,89679.84093333333,47359.3149,32132.009643333335,47239.769159999996,6153.731962666666,0.0,0.0,0.0
2059,3,26,2,83859.41523333333,44509.47414333333,30071.67737666667,45630.02818666666,6073.408339333334,0.0,0.0,0.0
2059,3,26,3,86242.15873000001,46119.35131,31841.33018666667,46066.78278,6935.695645333333,0.0,0.0,0.0
2059,3,26,4,99958.45923666666,49431.168653333334,33930.289143333335,50228.576043333334,7606.039725333333,0.0,0.0,0.0
2059,3,26,5,101423.51421,48543.441450000006,34294.61901333334,50126.135506666666,7671.137541666666,0.0,0.0,0.0
2059,3,26,6,101517.83792333334,48907.09038,33992.52701333333,49837.444396666666,7517.871679,0.0,0.0,0.0
2059,3,26,7,94794.89502,51197.79809,38476.976650000004,52722.74847666667,8011.443865333334,0.0,0.0,0.0
2059,3,26,8,95131.11571,50653.67295666667,36945.135153333336,51135.94154666667,6908.240164666667,0.0,0.0,0.0
2059,3,27,1,90001.02647333332,47528.70540666667,32248.423056666667,47410.65773666667,6189.168054333334,0.0,0.0,0.0
2059,3,27,2,84334.54758333333,44763.164963333336,30244.88115,45888.21320666667,6108.463104666666,0.0,0.0,0.0
2059,3,27,3,86731.29118666665,46380.913786666664,32021.043739999997,46326.493103333334,6974.509196999999,0.0,0.0,0.0
2059,3,27,4,100509.28482,49698.2876,34115.341259999994,50501.30593333333,7647.577034999999,0.0,0.0,0.0
2059,3,27,5,101983.21922000001,48809.661556666666,34481.65947333333,50399.84594666667,7712.565900666666,0.0,0.0,0.0
2059,3,27,6,102076.80755333335,49173.71904999999,34178.80482333333,50108.948593333334,7559.0549,0.0,0.0,0.0
2059,3,27,7,95318.07445666667,51472.65251000001,38690.92784,53013.373456666675,8054.070678,0.0,0.0,0.0
2059,3,27,8,95655.30293666666,50924.57792666667,37147.86446333333,51414.90884,6947.244379333333,0.0,0.0,0.0
2059,3,28,1,90019.52079,47537.93894666666,32256.049580000003,47420.16365,6173.043406666667,0.0,0.0,0.0
2059,3,28,2,84118.25395666667,44647.65039,30166.05559666667,45770.68304999999,6092.529120333333,0.0,0.0,0.0
2059,3,28,3,86508.86911,46261.994516666666,31939.276523333334,46208.25476666667,6956.750294666667,0.0,0.0,0.0
2059,3,28,4,100258.15432666667,49576.562856666664,34030.87753,50376.91190333333,7628.592441666667,0.0,0.0,0.0
2059,3,28,5,101727.78519666666,48687.882333333335,34396.54203666667,50275.17954333333,7693.744732666667,0.0,0.0,0.0
2059,3,28,6,101822.19065,49052.67524666667,34093.93252333333,49985.09931666667,7540.315445,0.0,0.0,0.0
2059,3,28,7,95079.99077333334,51347.41411666666,38593.22664,52880.37235333334,8034.759234,0.0,0.0,0.0
2059,3,28,8,95416.10250333334,50800.81036,37055.52906666666,51287.81829333334,6929.4582396666665,0.0,0.0,0.0
2059,3,29,1,87397.90372333334,46307.09994666666,31803.38824,47120.849883333336,6180.179652666667,0.0,0.0,0.0
2059,3,29,2,79331.46718333334,43609.46279333333,29486.586926666667,44794.92398333334,6069.676791333332,0.0,0.0,0.0
2059,3,29,3,80463.78785666666,44503.64530333333,30777.294126666664,44625.15215,6810.702391,0.0,0.0,0.0
2059,3,29,4,89300.14906666667,46669.08738333333,32475.69342,48012.82615666667,7590.432592,0.0,0.0,0.0
2059,3,29,5,89907.79223666666,45486.40442666667,32502.086639999998,47684.66779,7561.206669,0.0,0.0,0.0
2059,3,29,6,87681.44692666666,44853.02174333334,31370.038343333334,45789.01393666666,7466.310940333333,0.0,0.0,0.0
2059,3,29,7,87196.04601333333,47738.02621,36053.894303333334,50071.52416,7854.283029000001,0.0,0.0,0.0
2059,3,29,8,86530.71364999999,46947.56440333333,34624.27544333333,48168.843010000004,6977.205717333333,0.0,0.0,0.0
2059,3,30,1,84891.93741666667,44705.77538666667,31465.206443333333,46108.292853333325,6399.877972666666,0.0,0.0,0.0
2059,3,30,2,79837.18732666667,42192.56388,29771.27411,44228.35508333333,6134.229855333334,0.0,0.0,0.0
2059,3,30,3,77628.51921,42124.224793333335,30030.03112,42709.01563666667,6898.461873666667,0.0,0.0,0.0
2059,3,30,4,81234.66584333334,41301.677116666666,29812.838659999998,42248.945673333335,7550.148211333333,0.0,0.0,0.0
2059,3,30,5,82880.87793666667,40956.11394,29982.065743333336,42871.35161333333,7606.066963,0.0,0.0,0.0
2059,3,30,6,82757.7096,40591.15760666667,29773.31693,42325.97355,7629.164430666667,0.0,0.0,0.0
2059,3,30,7,85861.1867,45525.54482666667,36067.15900000001,49266.490246666675,8168.141662666668,0.0,0.0,0.0
2059,3,30,8,86743.41191333333,45245.188416666664,34695.09315333333,47875.167426666674,7063.739508666667,0.0,0.0,0.0
2059,3,31,1,88572.41540666665,46248.70257666666,31938.187019999998,47113.57745333333,6440.925005666667,0.0,0.0,0.0
2059,3,31,2,87695.61046666668,46556.296566666664,31474.657883333333,47715.173879999995,6357.659723666667,0.0,0.0,0.0
2059,3,31,3,90187.46771,48225.49718,33290.80524,48161.46162666666,7250.671020000001,0.0,0.0,0.0
2059,3,31,4,104405.83851999999,51581.00360333334,35429.69068,52423.48918666667,7938.120300333333,0.0,0.0,0.0
2059,3,31,5,105948.43886666668,50678.67705333334,35803.689893333336,52321.94749,8004.661708333333,0.0,0.0,0.0
2059,3,31,6,106032.24893333332,51047.80074,35493.42662,52025.657093333335,7850.6876686666665,0.0,0.0,0.0
2059,3,31,7,99041.61506333335,53413.902070000004,40233.473706666664,55090.2934,8362.291132666667,0.0,0.0,0.0
2059,3,31,8,99363.26365,52855.64063,38599.573,53408.318366666674,7223.596865666666,0.0,0.0,0.0
2059,4,1,1,93624.74134666666,49429.83401333333,33567.48458,49330.58027333333,6435.395777000001,0.0,0.0,0.0
2059,4,1,2,87621.6332,46516.93826333334,31447.502016666665,47674.8895,6352.157732666667,0.0,0.0,0.0
2059,4,1,3,90111.20248333334,48185.02213666667,33262.96843666667,48121.422386666665,7244.569802000001,0.0,0.0,0.0
2059,4,1,4,104319.90395666666,51539.41181666667,35400.68266,52381.32541333333,7931.801182,0.0,0.0,0.0
2059,4,1,5,105860.87006666667,50637.956873333336,35774.95424333333,52279.53857999999,7998.151926333333,0.0,0.0,0.0
2059,4,1,6,105944.8435,51006.45408999999,35464.47307,51983.520560000004,7844.314075000001,0.0,0.0,0.0
2059,4,1,7,98959.76614,53370.921169999994,40199.31778333333,55044.370839999996,8355.427262333333,0.0,0.0,0.0
2059,4,1,8,99281.63261666667,52813.23172,38567.51436666666,53364.13901333333,7217.495647333333,0.0,0.0,0.0
2059,4,2,1,93584.89276666667,49409.13345,33553.04866333333,49309.66181,6433.924947666666,0.0,0.0,0.0
2059,4,2,2,87601.99491000001,46506.39731666667,31440.28406,47664.21237,6350.686903000001,0.0,0.0,0.0
2059,4,2,3,90091.01944,48174.154343333335,33255.55981333333,48110.79973,7242.908309666666,0.0,0.0,0.0
2059,4,2,4,104297.35122999999,51528.35335666667,35393.13785,52370.18524333333,7930.085214,0.0,0.0,0.0
2059,4,2,5,105837.88153333333,50626.952886666666,35767.21877,52268.316693333334,7996.408721333333,0.0,0.0,0.0
2059,4,2,6,105921.39193333332,50995.39563666666,35456.76483666667,51972.43486333333,7842.570869666667,0.0,0.0,0.0
2059,4,2,7,98938.03053666667,53359.50862666667,40190.24766666667,55032.35907,8353.602345000001,0.0,0.0,0.0
2059,4,2,8,99259.92425,52801.90088333333,38558.90729,53352.508566666664,7215.861392666667,0.0,0.0,0.0
2059,4,3,1,93913.10560666666,49583.0454,33671.88622,49483.35586,6470.47778,0.0,0.0,0.0
2059,4,3,2,88089.08454999999,46765.59013333334,31618.96258333333,47928.198990000004,6386.912884666667,0.0,0.0,0.0
2059,4,3,3,90592.08196,48441.32775999999,33439.141103333335,48375.65795666666,7282.947552333334,0.0,0.0,0.0
2059,4,3,4,104866.3443,51802.14551333333,35582.65693,52649.88795333333,7972.140037666667,0.0,0.0,0.0
2059,4,3,5,106414.77346666665,50898.40261333333,35958.91686,52549.46299333333,8039.144484333333,0.0,0.0,0.0
2059,4,3,6,106498.20216666667,51268.67027,35647.373419999996,52249.52276666666,7884.979781999999,0.0,0.0,0.0
2059,4,3,7,99478.77821666666,53644.44094666667,40416.97328333333,55336.76626333333,8399.334241666666,0.0,0.0,0.0
2059,4,3,8,99800.09994666667,53083.70089,38772.47715666667,53643.21525666667,7255.9823480000005,0.0,0.0,0.0
2059,4,4,1,93934.21473333333,49591.27115000001,33679.78512,49493.65166333333,6453.781143333334,0.0,0.0,0.0
2059,4,4,2,87867.64302333334,46647.78759666667,31537.603933333332,47808.10850333333,6370.434148333334,0.0,0.0,0.0
2059,4,4,3,90364.34855333333,48319.63025666666,33355.68515666667,48254.88652666667,7264.725611333332,0.0,0.0,0.0
2059,4,4,4,104606.68843333334,51677.56081999999,35496.640653333336,52522.82464333333,7952.937544,0.0,0.0,0.0
2059,4,4,5,106151.98526666667,50774.253723333335,35871.184616666666,52421.88217,8019.696852,0.0,0.0,0.0
2059,4,4,6,106236.25836666666,51144.548623333336,35560.62173,52123.194866666665,7865.804525666666,0.0,0.0,0.0
2059,4,4,7,99232.63221666667,53514.408736666664,40313.74285666667,55197.800129999996,8378.443017666666,0.0,0.0,0.0
2059,4,4,8,99554.22630333334,52955.79321333333,38674.91214666666,53510.786140000004,7237.705932,0.0,0.0,0.0
2059,4,5,1,91258.12250333333,48342.15573333334,33216.147033333335,49187.71916666667,6461.189765,0.0,0.0,0.0
2059,4,5,2,82945.67614,45581.73595333333,30833.53973,46808.78893333334,6346.873642333333,0.0,0.0,0.0
2059,4,5,3,84121.63141666667,46511.92655,32160.581863333337,46628.74852666666,7114.129031666666,0.0,0.0,0.0
2059,4,5,4,93258.94065,48722.63748666667,33904.30449333334,50100.96798666666,7914.1784676666675,0.0,0.0,0.0
2059,4,5,5,93903.54521666667,47510.837556666665,33932.141299999996,49768.56055666666,7884.462268,0.0,0.0,0.0
2059,4,5,6,91604.50280999999,46861.13956333333,32774.54415,47835.346079999996,7789.947865333333,0.0,0.0,0.0
2059,4,5,7,91086.03547333334,49834.12141,37620.30028333334,52266.35559,8185.955040333333,0.0,0.0,0.0
2059,4,5,8,90394.22817666666,49027.235343333334,36120.51742,50268.0433,7287.169377000001,0.0,0.0,0.0
2059,4,6,1,86852.47118000001,45745.76066333333,32193.593806666668,47162.93194333334,6478.621816333333,0.0,0.0,0.0
2059,4,6,2,80825.33949333333,42717.13243333333,30139.390003333334,44773.21563,6210.495079666667,0.0,0.0,0.0
2059,4,6,3,78592.83849,42647.02290333333,30401.19762333333,43234.864356666665,6981.863343666667,0.0,0.0,0.0
2059,4,6,4,82236.57298666667,41815.37787333333,30181.880626666665,42775.09400333333,7639.242335333333,0.0,0.0,0.0
2059,4,6,5,83898.33773666667,41466.192103333335,30351.815889999998,43404.690663333335,7695.351750000001,0.0,0.0,0.0
2059,4,6,6,83772.30945333334,41096.63261666667,30140.969783333334,42853.728899999995,7718.721593666666,0.0,0.0,0.0
2059,4,6,7,86906.64672666667,46083.34322666667,36493.42713,49851.11766333333,8263.173579333334,0.0,0.0,0.0
2059,4,6,8,87794.72802333334,45801.27085,35103.11209666667,48444.48731999999,7148.911421333333,0.0,0.0,0.0
2059,4,7,1,89631.22184666667,46800.89003333333,32324.715519999998,47677.667733333335,6519.941225,0.0,0.0,0.0
2059,4,7,2,88747.30791000002,47114.80314333333,31859.906213333335,48284.166926666665,6435.967766000001,0.0,0.0,0.0
2059,4,7,3,91268.11869333334,48801.57199333334,33687.57507,48734.21345666667,7336.632822,0.0,0.0,0.0
2059,4,7,4,105636.48686666666,52170.53378333334,35840.24272333333,53030.23351666667,8029.556856,0.0,0.0,0.0
2059,4,7,5,107196.65546666668,51263.495129999996,36218.98127333333,52928.63734666666,8096.316164333333,0.0,0.0,0.0
2059,4,7,6,107280.3293,51637.303680000005,35905.0954,52625.86441,7943.159252666667,0.0,0.0,0.0
2059,4,7,7,100210.51579666666,54031.97723333333,40724.81241333333,55749.49731333333,8461.544874000001,0.0,0.0,0.0
2059,4,7,8,100532.87258666666,53469.35778333333,39064.40954,54037.642653333336,7310.457507666666,0.0,0.0,0.0
2059,4,8,1,94725.76604333334,50006.698716666666,33965.58904666667,49910.33216333333,6514.357521333332,0.0,0.0,0.0
2059,4,8,2,88672.48627666668,47075.06351666667,31832.586926666667,48243.74635666667,6430.411299666666,0.0,0.0,0.0
2059,4,8,3,91191.71728333335,48760.79733666667,33659.35693666667,48693.41156666667,7330.504366666667,0.0,0.0,0.0
2059,4,8,4,105549.40830000001,52128.996470000006,35811.04404,52987.089193333326,8022.992599666667,0.0,0.0,0.0
2059,4,8,5,107107.8337,51222.50257666667,36189.61916333333,52885.356830000004,8089.806383,0.0,0.0,0.0
2059,4,8,6,107192.21573333333,51595.57571,35875.70605666667,52583.80958333334,7936.622233333333,0.0,0.0,0.0
2059,4,8,7,100127.57737666667,53988.26091666667,40690.00278666667,55702.43077333333,8454.463103,0.0,0.0,0.0
2059,4,8,8,100449.82517666667,53425.45080666667,39031.31588,53993.272633333334,7304.301814666666,0.0,0.0,0.0
2059,4,9,1,94685.18205,49985.28998,33951.016943333336,49889.19580000001,6512.859454333334,0.0,0.0,0.0
2059,4,9,2,88652.82074333333,47064.63152,31825.368966666665,48233.06922333333,6428.940470333334,0.0,0.0,0.0
2059,4,9,3,91171.67042333334,48749.95678,33651.948313333334,48682.70719666666,7328.979061999999,0.0,0.0,0.0
2059,4,9,4,105526.55596666667,52118.18315333334,35803.41751666667,52975.86731,8021.303869333334,0.0,0.0,0.0
2059,4,9,5,107084.65453333333,51211.825443333335,36181.93816333333,52873.94428333334,8088.063178,0.0,0.0,0.0
2059,4,9,6,107169.00929999999,51584.68067333333,35868.07953333334,52572.61494,7934.933503,0.0,0.0,0.0
2059,4,9,7,100105.86903333334,53976.76665666667,40680.90543333333,55690.20110333333,8452.638185333333,0.0,0.0,0.0
2059,4,9,8,100428.00786,53413.95654666666,39022.65432666666,53981.39705,7302.694797666667,0.0,0.0,0.0
2059,4,10,1,95015.95522,50159.12021666666,34069.908976666666,50063.70697666667,6549.711899666666,0.0,0.0,0.0
2059,4,10,2,89142.03491333332,47324.23289666666,32004.919093333334,48497.98192666667,6465.547778,0.0,0.0,0.0
2059,4,10,3,91673.05979333333,49016.66716333333,33836.23778,48949.58100333333,7368.827642,0.0,0.0,0.0
2059,4,10,4,106099.25336666667,52390.39552666667,35994.57085333333,53257.095323333335,8063.712781666666,0.0,0.0,0.0
2059,4,10,5,107666.7761,51481.66814666666,36375.21603333334,53156.615889999994,8130.962366666667,0.0,0.0,0.0
2059,4,10,6,107747.4538,51855.93973333333,36059.804853333335,52852.88963666667,7977.941642000001,0.0,0.0,0.0
2059,4,10,7,100649.69452666666,54265.04920666667,40909.70110333333,55998.69393333333,8498.533508,0.0,0.0,0.0
2059,4,10,8,100972.59605666668,53700.46864666667,39239.65612666667,54274.60959666667,7343.115366333334,0.0,0.0,0.0
2059,4,11,1,95038.26279666666,50170.20591333334,34078.46157666667,50074.08449,6532.933550999999,0.0,0.0,0.0
2059,4,11,2,88919.8035,47206.40312333333,31923.206350000004,48377.700776666665,6448.905616666667,0.0,0.0,0.0
2059,4,11,3,91445.21744,48895.48717,33752.42774666666,48828.21035,7350.632938333333,0.0,0.0,0.0
2059,4,11,4,105838.61696666665,52267.009289999995,35907.38336,53129.323833333336,8044.483049666666,0.0,0.0,0.0
2059,4,11,5,107402.21746666667,51358.990086666665,36287.23865000001,53027.86384666667,8111.433021333333,0.0,0.0,0.0
2059,4,11,6,107484.28426666667,51732.88034666667,35972.56289,52725.063676666665,7958.357822333334,0.0,0.0,0.0
2059,4,11,7,100402.35008666666,54134.17263666666,40805.408410000004,55858.42039666666,8477.751234000001,0.0,0.0,0.0
2059,4,11,8,100725.03368666668,53570.95395333334,39140.756473333335,54141.06374333333,7324.784475,0.0,0.0,0.0
2059,4,12,1,92342.61398666666,48914.0632,33612.50829666667,49766.572216666675,6540.532835666666,0.0,0.0,0.0
2059,4,12,2,83963.49003,46136.40203666667,31213.721869999998,47373.06987666667,6425.045496666667,0.0,0.0,0.0
2059,4,12,3,85150.69442666667,47076.88843,32549.77964333333,47190.27848,7199.655032666667,0.0,0.0,0.0
2059,4,12,4,94368.10938,49297.43213666667,34303.82531666667,50683.688766666666,8005.233697333333,0.0,0.0,0.0
2059,4,12,5,95027.99423,48076.126286666666,34331.82554333333,50349.45642333333,7975.190646666667,0.0,0.0,0.0
2059,4,12,6,92706.94385333332,47426.45553,33167.99099333333,48406.92669666666,7881.547846666667,0.0,0.0,0.0
2059,4,12,7,92181.88502666667,50420.02899666667,38069.55693,52891.02224333333,8280.605630333333,0.0,0.0,0.0
2059,4,12,8,91478.22938333334,49608.59425,36545.99566,50861.93149333333,7374.683721666667,0.0,0.0,0.0
2059,4,13,1,88739.21834666666,46745.57051,32892.18326,48180.50069666666,6654.549345333333,0.0,0.0,0.0
2059,4,13,2,83028.77799333334,43887.585719999995,30960.73922666667,45983.762636666674,6380.484815666667,0.0,0.0,0.0
2059,4,13,3,80743.49056,43814.34386666666,31227.204469999997,44406.516096666666,7168.250102999999,0.0,0.0,0.0
2059,4,13,4,84469.18293666666,42961.26286333333,31004.346593333332,43949.687406666664,7835.080535666667,0.0,0.0,0.0
2059,4,13,5,86169.76124,42605.540069999995,31176.297436666664,44594.91843333334,7891.516801000001,0.0,0.0,0.0
2059,4,13,6,86035.88853333333,42225.33069333333,30960.248949999997,44032.326219999995,7920.197972666666,0.0,0.0,0.0
2059,4,13,7,89230.52980999999,47324.96831333334,37451.10044,51165.984599999996,8478.105323,0.0,0.0,0.0
2059,4,13,8,90136.31553333334,47037.884216666665,36015.979589999995,49715.33832333334,7337.340999,0.0,0.0,0.0
2059,4,14,1,91997.05080666667,48025.57334,33182.53586333333,48931.25011,6696.713119,0.0,0.0,0.0
2059,4,14,2,91080.20662999999,48348.74722666667,32713.995010000002,49542.16179333333,6610.615128666667,0.0,0.0,0.0
2059,4,14,3,93656.22799,50068.201173333335,34564.706856666664,50007.02557,7528.494335333333,0.0,0.0,0.0
2059,4,14,4,108387.319,53478.89093666666,36754.118006666664,54385.05798333333,8232.694727333334,0.0,0.0,0.0
2059,4,14,5,109987.2817,52559.45919,37150.47926666667,54284.11551333333,8301.578567333332,0.0,0.0,0.0
2059,4,14,6,110070.68316666665,52933.02259666667,36821.55825666667,53966.22571666667,8149.020882000001,0.0,0.0,0.0
2059,4,14,7,102813.03933333333,55424.988783333334,41831.039483333334,57231.739173333335,8686.282146333333,0.0,0.0,0.0
2059,4,14,8,103152.96436666667,54855.423753333336,40108.780066666666,55451.70885333334,7502.536921666667,0.0,0.0,0.0
2059,4,15,1,97193.98107666666,51289.31635666667,34849.61194333333,51194.99261666666,6690.993227,0.0,0.0,0.0
2059,4,15,2,91004.67682333333,48308.89864666667,32686.348863333333,49501.60503333333,6604.949712333334,0.0,0.0,0.0
2059,4,15,3,93579.09116333333,50027.42651666667,34536.40701,49965.760636666666,7522.311405,0.0,0.0,0.0
2059,4,15,4,108297.6529,53436.018983333335,36724.37456999999,54340.82415333334,8226.021520333334,0.0,0.0,0.0
2059,4,15,5,109896.0903,52517.240939999996,37120.10937,54240.181293333335,8294.905359999999,0.0,0.0,0.0
2059,4,15,6,109979.3828,52891.076720000005,36791.814816666665,53922.86348666667,8142.402150000001,0.0,0.0,0.0
2059,4,15,7,102728.24873333333,55379.28413000001,41794.86797666667,57183.41971000001,8678.764574,0.0,0.0,0.0
2059,4,15,8,103067.49283333334,54809.82804,40075.059943333334,55405.759053333335,7496.408466,0.0,0.0,0.0
2059,4,16,1,97152.30756666667,51267.907620000005,34834.82193666667,51173.502166666665,6689.467922333333,0.0,0.0,0.0
2059,4,16,2,90984.35758666667,48298.248753333326,32679.10367,49490.79171666667,6603.424407666666,0.0,0.0,0.0
2059,4,16,3,93558.33612666668,50016.64043666667,34528.88943666667,49954.892843333335,7520.622675,0.0,0.0,0.0
2059,4,16,4,108273.84723333333,53424.49749,36716.53015,54328.948566666666,8224.251077333332,0.0,0.0,0.0
2059,4,16,5,109871.93056666666,52505.82839333334,37112.07428,54228.38742333333,8293.162154666667,0.0,0.0,0.0
2059,4,16,6,109954.92346666666,52879.88208,36783.94315666667,53911.369230000004,8140.604469333334,0.0,0.0,0.0
2059,4,16,7,102705.77776666667,55367.19063999999,41785.19864,57170.59081,8676.748993333333,0.0,0.0,0.0
2059,4,16,8,103044.9401,54797.89798333333,40065.98983,55393.556619999996,7494.746973666667,0.0,0.0,0.0
2059,4,17,1,97494.41157,51445.66006666666,34955.72955333333,51351.69041666667,6727.300921333333,0.0,0.0,0.0
2059,4,17,2,91484.13994000001,48560.71007333333,32860.88727666667,49758.646076666664,6640.7398920000005,0.0,0.0,0.0
2059,4,17,3,94069.23141666666,50285.36640333334,34716.311226666665,50226.72389,7561.642470333333,0.0,0.0,0.0
2059,4,17,4,108868.28023333334,53710.60102666667,36913.757463333335,54623.52299666667,8268.158056666667,0.0,0.0,0.0
2059,4,17,5,110474.15346666666,52787.573919999995,37313.65961,54521.02798333333,8337.804548333334,0.0,0.0,0.0
2059,4,17,6,110560.71446666667,53159.14898333334,36980.73467,54200.16929333333,8184.892774666667,0.0,0.0,0.0
2059,4,17,7,103264.74736666668,55670.61728,42025.29790333333,57490.251046666664,8726.157963333333,0.0,0.0,0.0
2059,4,17,8,103609.19380000001,55099.499703333335,40291.05395,55698.80817666667,7535.521631,0.0,0.0,0.0
2059,4,18,1,97518.05379666667,51456.418913333335,34964.826903333334,51362.34031,6710.141246,0.0,0.0,0.0
2059,4,18,2,91256.92404666667,48441.68184999999,32778.275700000006,49637.03028333333,6623.825355,0.0,0.0,0.0
2059,4,18,3,93837.49408666666,50163.369276666665,34630.92141333333,50103.228703333334,7543.039203,0.0,0.0,0.0
2059,4,18,4,108598.84606666667,53580.70501,36823.92792666666,54489.37791333333,8248.192910666667,0.0,0.0,0.0
2059,4,18,5,110201.12393333334,52659.339393333335,37222.38648,54387.80898,8317.458076,0.0,0.0,0.0
2059,4,18,6,110285.23359999999,53031.704346666666,36891.259223333334,54068.85691666667,8164.709728000001,0.0,0.0,0.0
2059,4,18,7,103011.0293,55532.495513333335,41916.32035,57345.592260000005,8703.795910333332,0.0,0.0,0.0
2059,4,18,8,103353.4329,54962.84876666666,40189.076453333335,55559.433483333334,7516.945601666666,0.0,0.0,0.0
2059,4,19,1,94764.00762333332,50183.87917666667,34492.77241,51051.314386666665,6717.658817666666,0.0,0.0,0.0
2059,4,19,2,86224.34535,47365.388880000006,32058.713310000003,48622.13082,6599.502196,0.0,0.0,0.0
2059,4,19,3,87435.70948333334,48330.08948333334,33413.45606333333,48438.11372666666,7388.5476493333335,0.0,0.0,0.0
2059,4,19,4,96834.63566999999,50575.03806333333,35192.6965,51976.65669,8207.717866333334,0.0,0.0,0.0
2059,4,19,5,97524.3729,49337.77099,35221.377669999994,51637.71224666666,8177.239015,0.0,0.0,0.0
2059,4,19,6,95156.71903333334,48677.341393333336,34040.43791666667,49671.62201333333,8086.292735,0.0,0.0,0.0
2059,4,19,7,94616.46163333334,51716.94636333333,39081.0517,54295.06501666666,8496.572401666666,0.0,0.0,0.0
2059,4,19,8,93887.28438000001,50892.38310666667,37503.15146,52192.70517333333,7567.743688333333,0.0,0.0,0.0
2059,4,20,1,88015.62479999999,46359.804663333336,32623.430060000002,47783.785346666664,6479.793032333334,0.0,0.0,0.0
2059,4,20,2,80839.93883333333,42724.97685666667,30144.810283333336,44781.30519333333,6211.639057666667,0.0,0.0,0.0
2059,4,20,3,78607.16545666667,42654.73113666667,30406.754090000002,43242.70877666667,6983.0890346666665,0.0,0.0,0.0
2059,4,20,4,82251.33575333333,41823.0044,30187.300906666667,42782.992900000005,7640.604214333333,0.0,0.0,0.0
2059,4,20,5,83913.31840666667,41473.81862333333,30357.31788,43412.69851333334,7696.659154,0.0,0.0,0.0
2059,4,20,6,83787.45354999999,41104.095713333336,30146.499013333334,42861.65503666667,7720.083473,0.0,0.0,0.0
2059,4,20,7,86922.09043666667,46091.62345333333,36499.909673333335,49859.83368666666,8264.535458333334,0.0,0.0,0.0
2059,4,20,8,87810.25344333333,45809.46936333334,35109.10436666667,48452.849259999995,7150.16435,0.0,0.0,0.0
2059,4,21,1,89646.91069666667,46808.979596666664,32330.51712,47686.002433333335,6521.139678333333,0.0,0.0,0.0
2059,4,21,2,88762.91503999999,47123.16508,31865.68058,48292.52886,6437.138982333333,0.0,0.0,0.0
2059,4,21,3,91283.91648999999,48809.98840666667,33693.458386666665,48742.68434666667,7337.9129883333335,0.0,0.0,0.0
2059,4,21,4,105654.49089999999,52179.19533333334,35846.316706666665,53039.249156666665,8030.8914976666665,0.0,0.0,0.0
2059,4,21,5,107214.85013333334,51272.02049333334,36225.05525333333,52937.38061,8097.650806000001,0.0,0.0,0.0
2059,4,21,6,107298.71466666665,51645.883519999996,35911.11490666666,52634.55319333333,7944.521131333334,0.0,0.0,0.0
2059,4,21,7,100227.70271333335,54041.23801,40731.97589666666,55759.33008000001,8462.933990666666,0.0,0.0,0.0
2059,4,21,8,100550.27737666667,53478.56408333333,39071.27340666667,54046.903426666664,7311.764911666666,0.0,0.0,0.0
2059,4,22,1,94741.72726333333,50015.278556666664,33971.526836666664,49918.83028333334,6515.5014993333325,0.0,0.0,0.0
2059,4,22,2,88688.17511999999,47083.39821666666,31838.36129,48252.190006666664,6431.609753333333,0.0,0.0,0.0
2059,4,22,3,91207.76021666666,48769.268223333325,33665.29472666667,48701.93692666667,7331.757295666666,0.0,0.0,0.0
2059,4,22,4,105567.49410000001,52137.7125,35817.00907,52996.104830000004,8024.381716,0.0,0.0,0.0
2059,4,22,5,107126.30080000001,51231.19136333334,36195.85656666666,52894.23628333333,8091.113786999999,0.0,0.0,0.0
2059,4,22,6,107210.51936666667,51604.373446666665,35881.88898333333,52592.47113,7937.956874666667,0.0,0.0,0.0
2059,4,22,7,100144.84600666666,53997.24932,40697.193503333336,55712.29077666667,8455.906695,0.0,0.0,0.0
2059,4,22,8,100467.20274,53434.65710666667,39038.12527333334,54002.506173333335,7305.581981,0.0,0.0,0.0
2059,4,23,1,94701.55183666667,49993.95153333333,33956.90026,49897.721163333335,6514.030670333334,0.0,0.0,0.0
2059,4,23,2,88668.29169,47072.88450666666,31831.088856666665,48241.48564,6430.111686333334,0.0,0.0,0.0
2059,4,23,3,91187.52269333333,48758.50938,33657.77715333333,48691.17808333333,7330.177516,0.0,0.0,0.0
2059,4,23,4,105544.75069999999,52126.81746666667,35809.437020000005,52984.71952333333,8022.638511,0.0,0.0,0.0
2059,4,23,5,107103.09436666667,51220.37804333333,36188.01214333333,52883.068876666664,8089.425057,0.0,0.0,0.0
2059,4,23,6,107187.4219,51593.396700000005,35874.126273333335,52581.521626666676,7936.268144999999,0.0,0.0,0.0
2059,4,23,7,100123.19212333334,53985.91848666667,40688.15062666667,55699.92491666666,8454.081777333333,0.0,0.0,0.0
2059,4,23,8,100445.30374666666,53423.08113333333,39029.54543666667,53990.84848666666,7303.974964,0.0,0.0,0.0
2059,4,24,1,95032.16158,50167.50939,34075.819533333335,50072.2051,6550.937591000001,0.0,0.0,0.0
2059,4,24,2,89157.50585999999,47332.45864333334,32010.63898666667,48506.39833999999,6466.691756333334,0.0,0.0,0.0
2059,4,24,3,91688.88482666666,49025.05633666667,33841.93043666667,48958.10636333333,7370.107808000001,0.0,0.0,0.0
2059,4,24,4,106117.1757,52398.92089,36000.56312,53265.81134666666,8065.047423,0.0,0.0,0.0
2059,4,24,5,107685.05249999999,51490.24798666666,36381.34448666667,53165.2502,8132.297007666667,0.0,0.0,0.0
2059,4,24,6,107765.73019999999,51864.30166999999,36065.82436,52861.71461333334,7979.303520999999,0.0,0.0,0.0
2059,4,24,7,100666.58183333334,54274.14655666667,40916.81011,56008.36327,8499.977099666667,0.0,0.0,0.0
2059,4,24,8,100989.67401999999,53709.566,39246.43828333333,54283.76142333334,7344.395532666666,0.0,0.0,0.0
2059,4,25,1,95054.46915666666,50178.64956,34084.344893333335,50082.58261666666,6534.104766666666,0.0,0.0,0.0
2059,4,25,2,88935.32892333333,47214.628873333335,31928.899006666663,48385.981,6450.076832666667,0.0,0.0,0.0
2059,4,25,3,91460.79733333334,48903.95805666666,33758.20211,48836.545046666666,7351.940341999999,0.0,0.0,0.0
2059,4,25,4,105856.48479999999,52275.69808,35913.32115333333,53138.067096666666,8045.790453666666,0.0,0.0,0.0
2059,4,25,5,107420.49386666667,51367.35202666667,36293.33986666667,53036.77053666667,8112.849375666668,0.0,0.0,0.0
2059,4,25,6,107502.5062,51741.378469999996,35978.58239333334,52733.80693666667,7959.692463333333,0.0,0.0,0.0
2059,4,25,7,100419.31909,54143.32446333333,40812.51742,55868.00802666667,8479.194825999999,0.0,0.0,0.0
2059,4,25,8,100742.05719,53579.94235666667,39147.620343333336,54150.27004333333,7326.037404,0.0,0.0,0.0
2059,4,26,1,92358.60244333332,48922.6158,33618.36438,49775.09757666666,6541.731289,0.0,0.0,0.0
2059,4,26,2,83978.60688333334,46144.62778333334,31219.36005,47381.459050000005,6426.189474666667,0.0,0.0,0.0
2059,4,26,3,85166.08365666667,47085.27760666667,32555.608483333333,47198.58594,7200.880723666666,0.0,0.0,0.0
2059,4,26,4,94384.53364,49305.82131333333,34309.68139333333,50692.32308333333,8006.513863666667,0.0,0.0,0.0
2059,4,26,5,95044.55467666667,48084.67889,34337.7361,50358.145209999995,7976.525288,0.0,0.0,0.0
2059,4,26,6,92723.47706333332,47434.87194333333,33173.73812666667,48415.45206333333,7882.909725666667,0.0,0.0,0.0
2059,4,26,7,92198.11862333333,50428.63607,38076.03947333334,52900.25578666667,8281.967509666667,0.0,0.0,0.0
2059,4,26,8,91494.27231999999,49617.31027666666,36552.314776666666,50870.56580666666,7375.909412666667,0.0,0.0,0.0
2059,4,27,1,87485.55425333332,46081.51831000001,32427.864230000003,47502.72075666667,6509.481994333332,0.0,0.0,0.0
2059,4,27,2,81214.40108333335,42923.51158,30284.23945333333,44987.275773333335,6240.429179666666,0.0,0.0,0.0
2059,4,27,3,78972.36692666667,42852.85729666667,30547.0821,43441.8972,7014.739102333333,0.0,0.0,0.0
2059,4,27,4,82630.64629,42017.42624666666,30327.02969,42982.371986666665,7674.051962666667,0.0,0.0,0.0
2059,4,27,5,84298.51226,41667.042016666666,30497.237326666665,43614.774119999995,7730.324802666666,0.0,0.0,0.0
2059,4,27,6,84171.1221,41295.575899999996,30285.465146666666,43061.55163333333,7754.1576853333345,0.0,0.0,0.0
2059,4,27,7,87317.47114666666,46302.11547333334,36661.67366,50082.09234,8300.543539,0.0,0.0,0.0
2059,4,27,8,88207.64973666666,46019.71624,35263.48697,48668.43470333333,7182.331932,0.0,0.0,0.0
2059,4,28,1,90046.62218,47016.44824333334,32475.747900000002,47898.45555333333,6550.992066333333,0.0,0.0,0.0
2059,4,28,2,89158.21403999999,47332.86720666667,32010.965833333332,48506.861379999995,6466.7462313333335,0.0,0.0,0.0
2059,4,28,3,91689.59300666668,49025.492139999995,33842.25728666667,48958.54217,7370.162283333334,0.0,0.0,0.0
2059,4,28,4,106117.88386666666,52399.22050333334,36000.86273666667,53266.19267333334,8065.129135333334,0.0,0.0,0.0
2059,4,28,5,107685.76066666667,51490.57483666667,36381.58962666666,53165.65876333334,8132.351482666666,0.0,0.0,0.0
2059,4,28,6,107766.49283333332,51864.710236666666,36066.09674,52862.0687,7979.357996333333,0.0,0.0,0.0
2059,4,28,7,100667.26277333334,54274.52788333333,40917.13696333333,56008.662886666665,8500.031574666667,0.0,0.0,0.0
2059,4,28,8,100990.32772333334,53709.865613333335,39246.710660000004,54284.16998666667,7344.450007666666,0.0,0.0,0.0
2059,4,29,1,95157.59063333333,50232.36207,34121.38800333333,50136.70369,6545.353887,0.0,0.0,0.0
2059,4,29,2,89084.12782000001,47293.454430000005,31983.755493333334,48466.577,6461.217002666667,0.0,0.0,0.0
2059,4,29,3,91613.57291999999,48985.09880666667,33814.33876666667,48918.12159999999,7364.033827666666,0.0,0.0,0.0
2059,4,29,4,106031.07770000001,52358.255183333335,35971.80023666667,53223.83823666667,8058.592116333333,0.0,0.0,0.0
2059,4,29,5,107597.7288,51449.69123,36352.254753333335,53123.00471666667,8125.868939,0.0,0.0,0.0
2059,4,29,6,107679.06023333334,51823.744913333336,36036.898049999996,52819.38741333332,7972.820977333334,0.0,0.0,0.0
2059,4,29,7,100585.16872999999,54231.056703333335,40882.38181,55961.78701,8493.140467,0.0,0.0,0.0
2059,4,29,8,100907.90679333334,53666.63957333334,39213.780426666664,54239.74549333333,7338.376027333333,0.0,0.0,0.0
2059,4,30,1,95116.92492666666,50211.60703000001,34106.78866,50115.67627333334,6543.828582666666,0.0,0.0,0.0
2059,4,30,2,89064.38057666666,47282.96796,31976.40135,48455.845389999995,6459.718935666667,0.0,0.0,0.0
2059,4,30,3,91593.19920999999,48974.28549,33806.79396,48907.22656666667,7362.454048,0.0,0.0,0.0
2059,4,30,4,106007.7623,52347.30567333333,35963.98305,53212.371216666674,8056.903386666668,0.0,0.0,0.0
2059,4,30,5,107574.0866,51438.79619666666,36344.383089999996,53111.56493,8124.071258333333,0.0,0.0,0.0
2059,4,30,6,107655.33630000001,51812.74093333333,36029.02639,52807.94763,7971.0505343333325,0.0,0.0,0.0
2059,4,30,7,100563.21524333332,54219.20836,40873.12103333334,55949.42115,8491.261073666667,0.0,0.0,0.0
2059,4,30,8,100885.65367666667,53655.22703,39204.92821333333,54227.842670000005,7336.741772666667,0.0,0.0,0.0
2059,5,1,1,95449.68644333334,50384.51119,34226.63401333333,50290.895626666665,6581.089592,0.0,0.0,0.0
2059,5,1,2,89555.39243,47542.9779,32156.65965,48721.03047,6496.435193666667,0.0,0.0,0.0
2059,5,1,3,92096.65863666666,49241.349956666665,33991.90055,49175.05369,7402.656716,0.0,0.0,0.0
2059,5,1,4,106584.3274,52620.49860333333,36156.87959333334,53495.914423333335,8099.639149333333,0.0,0.0,0.0
2059,5,1,5,108159.36773333333,51710.87238666666,36539.07731666667,53395.05366333333,8166.970447333333,0.0,0.0,0.0
2059,5,1,6,108240.20886666665,52085.007783333334,36221.977406666665,53089.93829333333,8014.4127616666665,0.0,0.0,0.0
2059,5,1,7,101109.819,54510.70494,41104.340853333335,56259.52099333333,8537.67391,0.0,0.0,0.0
2059,5,1,8,101435.4987,53942.69245,39423.80940666667,54523.86069333333,7377.244054,0.0,0.0,0.0
2059,5,2,1,95472.56601,50396.44125,34234.587386666666,50301.32762,6564.066104333334,0.0,0.0,0.0
2059,5,2,2,89331.58123333333,47424.548903333336,32074.538346666668,48600.53141333334,6479.7113193333325,0.0,0.0,0.0
2059,5,2,3,91867.34545333334,49119.54350333333,33907.409576666665,49052.89314333334,7384.380299666666,0.0,0.0,0.0
2059,5,2,4,106321.53923333333,52496.05009999999,36069.20182333334,53366.617633333335,8080.1642796666665,0.0,0.0,0.0
2059,5,2,5,107892.60286666667,51586.72349333333,36450.31004333334,53265.37554666667,8147.413864666666,0.0,0.0,0.0
2059,5,2,6,107972.7903,51960.28690333333,36134.13621333333,52961.48586666666,7994.611041333334,0.0,0.0,0.0
2059,5,2,7,100860.32273,54377.34974666667,40998.84970666667,56118.43033,8516.346884999999,0.0,0.0,0.0
2059,5,2,8,101184.4227,53811.65245,39324.06538666667,54388.48992,7358.831450000001,0.0,0.0,0.0
2059,5,3,1,92768.11946,49138.01058333333,33767.92592666667,49993.54296666667,6571.747102,0.0,0.0,0.0
2059,5,3,2,84362.92913333334,46354.00305666667,31363.119996666665,47593.99388666666,6455.823961666666,0.0,0.0,0.0
2059,5,3,3,85554.68220666666,47298.76576,32702.664180000003,47410.54878666667,7233.075543333333,0.0,0.0,0.0
2059,5,3,4,94803.99237333333,49522.959299999995,34460.713776666664,50912.45720333333,8040.996639666667,0.0,0.0,0.0
2059,5,3,5,95470.14186666667,48299.17483,34489.20428666667,50577.162593333334,8011.117014333334,0.0,0.0,0.0
2059,5,3,6,93140.10308999999,47648.00600666667,33322.754923333334,48631.17369333334,7917.801065333333,0.0,0.0,0.0
2059,5,3,7,92611.80298666668,50647.95306333333,38246.24711,53137.30444666667,8318.139015666666,0.0,0.0,0.0
2059,5,3,8,91904.98778666666,49836.40937,36714.73246666667,51095.493740000005,7408.921359333333,0.0,0.0,0.0
2059,5,4,1,88305.59607000001,46515.68533666667,32731.508776666666,47945.57657,6588.362026,0.0,0.0,0.0
2059,5,4,2,82201.38202666667,43448.10736666666,30652.246396666666,45529.930076666664,6316.585453333333,0.0,0.0,0.0
2059,5,4,3,79935.67842,43376.036733333334,30917.376999999997,43966.601936666666,7098.276760333334,0.0,0.0,0.0
2059,5,4,4,83630.53785000001,42530.6912,30695.390723333334,43508.46584333333,7762.029345666667,0.0,0.0,0.0
2059,5,4,5,85315.29112333333,42177.20188666667,30866.497196666667,44147.94975,7817.975335,0.0,0.0,0.0
2059,5,4,6,85185.50405,41801.26880666667,30652.818386666666,43589.52488333333,7844.1234116666665,0.0,0.0,0.0
2059,5,4,7,88359.30858,46859.23293333334,37090.039079999995,50670.260643333335,8396.910097,0.0,0.0,0.0
2059,5,4,8,89258.01253,46574.082709999995,35672.813323333336,49238.13592333333,7266.959092666667,0.0,0.0,0.0
2059,5,5,1,91105.56481666667,47564.686253333326,32860.86004333334,48460.12169,6630.362374333334,0.0,0.0,0.0
2059,5,5,2,90204.16434333334,47885.953506666665,32394.198586666666,49071.22403666666,6545.0270359999995,0.0,0.0,0.0
2059,5,5,3,92759.70305000001,49593.72253,34235.43175333333,49529.57803,7456.260273333333,0.0,0.0,0.0
2059,5,5,4,107349.32209999999,52983.003553333336,36410.46146,53872.610153333335,8156.211602666667,0.0,0.0,0.0
2059,5,5,5,108935.99283333334,52071.38899,36799.060013333336,53772.566523333335,8223.869751666667,0.0,0.0,0.0
2059,5,5,6,109014.21916666666,52445.49715,36476.784966666666,53461.89468333334,8071.965768333333,0.0,0.0,0.0
2059,5,5,7,101833.82106666667,54898.322940000005,41412.39788333333,56672.00691,8600.347581333333,0.0,0.0,0.0
2059,5,5,8,102164.48533333333,54329.13923,39714.761236666665,54916.81726,7430.8203736666665,0.0,0.0,0.0
2059,5,6,1,96262.10174,50806.99329333333,34517.66755333333,50711.689000000006,6624.588007333333,0.0,0.0,0.0
2059,5,6,2,90128.74348666666,47846.15940333333,32366.47073,49030.476616666674,6539.361619666667,0.0,0.0,0.0
2059,5,6,3,92682.62069333333,49552.89340333333,34206.941243333335,49488.36757,7449.968392333333,0.0,0.0,0.0
2059,5,6,4,107259.84659999999,52940.48569333333,36380.66354666667,53828.78489,8149.538396,0.0,0.0,0.0
2059,5,6,5,108845.48236666666,52029.66101666667,36768.52668666667,53728.52335666667,8217.223782,0.0,0.0,0.0
2059,5,6,6,108923.68146666668,52403.52404333333,36447.09600666667,53418.42351,8065.319798666666,0.0,0.0,0.0
2059,5,6,7,101749.2484,54853.19027,41376.362563333336,56623.769153333335,8593.020672666667,0.0,0.0,0.0
2059,5,6,8,102079.613,54284.2517,39680.68702,54871.08536,7424.637443333333,0.0,0.0,0.0
2059,5,7,1,96220.72785666666,50785.42112666666,34502.741363333334,50690.36197666667,6623.089940000001,0.0,0.0,0.0
2059,5,7,2,90108.7511,47835.56398333333,32359.143819999998,49019.74500999999,6537.89079,0.0,0.0,0.0
2059,5,7,3,92662.38317333332,49541.99836666667,34199.47814666667,49477.36359,7448.334137666668,0.0,0.0,0.0
2059,5,7,4,107236.42229999999,52929.15486333333,36372.8736,53817.263393333335,8147.8224279999995,0.0,0.0,0.0
2059,5,7,5,108821.40433333332,52018.657036666664,36760.35541333333,53717.02910000001,8215.426101666666,0.0,0.0,0.0
2059,5,7,6,108899.65789999999,52392.43834666667,36439.33329666667,53406.929253333336,8063.522118333333,0.0,0.0,0.0
2059,5,7,7,101727.07703333332,54841.17849666667,41366.883883333336,56611.02196666666,8591.059566666667,0.0,0.0,0.0
2059,5,7,8,102057.22373333333,54272.40335,39671.644146666666,54859.01911,7422.975950666667,0.0,0.0,0.0
2059,5,8,1,96559.69953666667,50961.15799666667,34623.48555333333,50867.67862,6660.732275666666,0.0,0.0,0.0
2059,5,8,2,90604.47505666666,48097.398843333336,32540.491626666666,49286.482630000006,6575.097324333333,0.0,0.0,0.0
2059,5,8,3,93168.75702333334,49810.72433333334,34386.40965666666,49747.72380666667,7489.299458,0.0,0.0,0.0
2059,5,8,4,107821.73063333333,53208.612433333336,36567.70401,54105.9545,8190.885042000001,0.0,0.0,0.0
2059,5,8,5,109415.10186666665,52292.993943333335,36959.65278333333,54005.58401666667,8259.387556,0.0,0.0,0.0
2059,5,8,6,109496.10643333335,52668.981499999994,36634.08199,53692.161186666664,8107.156721666666,0.0,0.0,0.0
2059,5,8,7,102280.10883333335,55137.577840000005,41603.06094,56926.950656666675,8639.297320666667,0.0,0.0,0.0
2059,5,8,8,102615.15830000001,54568.47584666667,39894.88335,55161.27453333334,7463.668895333333,0.0,0.0,0.0
2059,5,9,1,96583.31452333333,50972.89739,34632.63738,50877.78376333334,6643.681551000001,0.0,0.0,0.0
2059,5,9,2,90379.08408333334,47978.34338,32458.097946666665,49165.547776666666,6558.128312000001,0.0,0.0,0.0
2059,5,9,3,92938.95355666667,49688.40035666667,34301.619073333335,49624.96403333333,7470.668953666667,0.0,0.0,0.0
2059,5,9,4,107556.246,53081.930446666665,36479.5632,53974.66936666667,8171.410172333333,0.0,0.0,0.0
2059,5,9,5,109146.10350000001,52168.59991333333,36869.63258,53874.46231,8239.422409333332,0.0,0.0,0.0
2059,5,9,6,109225.33763333333,52543.68862666667,36545.69604666667,53563.35467,8087.327763333334,0.0,0.0,0.0
2059,5,9,7,102029.95890000001,55002.915246666664,41495.77211333333,56784.28021,8617.371069,0.0,0.0,0.0
2059,5,9,8,102361.93053333333,54434.249050000006,39793.80469333333,55023.67028333334,7445.147340666666,0.0,0.0,0.0
2059,5,10,1,93853.42807000001,49707.73903999999,34162.05371,50568.283143333334,6650.981221999999,0.0,0.0,0.0
2059,5,10,2,85376.27606333334,46905.455103333334,31742.021973333332,48154.43433333334,6533.968578666667,0.0,0.0,0.0
2059,5,10,3,86578.97864,47860.35018333333,33089.68295333333,47970.09039,7317.866129666666,0.0,0.0,0.0
2059,5,10,4,95909.67469333333,50094.34925333333,34859.25404666667,51492.64489333334,8131.616068333334,0.0,0.0,0.0
2059,5,10,5,96588.19004333334,48863.837100000004,34887.499416666666,51155.47089,8101.436829666666,0.0,0.0,0.0
2059,5,10,6,94237.53242333334,48208.85501666667,33713.96828333333,49198.42353666667,8009.755135666666,0.0,0.0,0.0
2059,5,10,7,93702.42292666667,51226.69716,38699.12635333333,53765.62093999999,8414.832424333334,0.0,0.0,0.0
2059,5,10,8,92985.50258333333,50411.013353333336,37141.953910000004,51692.95005666666,7495.482388333334,0.0,0.0,0.0
2059,5,11,1,77074.26169333333,40592.11092333333,28593.139826666666,41840.7633,5268.565089333333,0.0,0.0,0.0
2059,5,11,2,65697.61482666667,34714.75868,24500.094213333334,36400.79212,5047.341465333334,0.0,0.0,0.0
2059,5,11,3,63872.53354333333,34670.87894333334,24714.399493333334,35154.34598333333,5689.004373333333,0.0,0.0,0.0
2059,5,11,4,66872.83469,33979.371263333334,24532.071133333335,34757.984723333335,6243.970065,0.0,0.0,0.0
2059,5,11,5,68255.49595666667,33693.5401,24675.313563333333,35270.568739999995,6292.452957333334,0.0,0.0,0.0
2059,5,11,6,68151.85697000001,33395.288596666665,24501.701233333337,34820.740106666664,6315.1146236666655,0.0,0.0,0.0
2059,5,11,7,70758.76574333334,37498.03079,29898.854933333332,40749.40795,6787.713873666667,0.0,0.0,0.0
2059,5,11,8,71496.46835666666,37259.91986666666,28697.568710000003,39508.92684,5829.604761333333,0.0,0.0,0.0
2059,5,12,1,64447.24648333333,33582.27458666667,23248.718076666668,34279.69282,4401.565682,0.0,0.0,0.0
2059,5,12,2,60008.22912666667,31839.178416666666,21503.60633,32650.177363333332,4343.767537666667,0.0,0.0,0.0
2059,5,12,3,61725.09550333334,33015.32436,22789.492476666666,32976.919369999996,4971.866131,0.0,0.0,0.0
2059,5,12,4,71934.39417,35495.95971333334,24341.89834666667,36080.777793333335,5469.660142000001,0.0,0.0,0.0
2059,5,12,5,73019.34869333333,34827.35884,24621.71001,36004.32190666667,5519.368725666667,0.0,0.0,0.0
2059,5,12,6,73098.41938666666,35091.94469,24389.37345,35779.693583333334,5406.332769,0.0,0.0,0.0
2059,5,12,7,68068.29207000001,36839.09925666667,27823.62372,38018.867796666666,5785.779495,0.0,0.0,0.0
2059,5,12,8,68355.1855,36438.516169999995,26657.47397333333,36798.161173333334,4950.348443,0.0,0.0,0.0
2059,5,13,1,61840.90969,32649.060623333335,22141.78283,32541.69008,4147.548011666667,0.0,0.0,0.0
2059,5,13,2,56539.85017,29997.918009999998,20261.19136,30762.722023333336,4093.1273266666662,0.0,0.0,0.0
2059,5,13,3,58156.50949,31105.506966666668,21472.09245,31070.370486666667,4684.5369003333335,0.0,0.0,0.0
2059,5,13,4,67777.53090666667,33441.42905666667,22933.851653333335,33993.126240000005,5153.295651333334,0.0,0.0,0.0
2059,5,13,5,68800.27479666666,32811.83240000001,23197.348003333333,33921.27350333333,5200.144288666666,0.0,0.0,0.0
2059,5,13,6,68874.38825,33060.974539999996,22978.630233333333,33709.664743333335,5093.672588666667,0.0,0.0,0.0
2059,5,13,7,64131.48121666667,34707.78586333333,26213.637606666667,35819.07912666667,5451.0024,0.0,0.0,0.0
2059,5,13,8,64399.68966666667,34329.21074,25114.65573,34668.972310000005,4664.299378333333,0.0,0.0,0.0
2059,5,14,1,60192.654780000004,31782.33359,21543.373196666667,31677.768519999998,4108.925123333333,0.0,0.0,0.0
2059,5,14,2,56012.04034666667,29717.806743333334,20072.10808,30475.447263333335,4054.9947149999994,0.0,0.0,0.0
2059,5,14,3,57613.39214666667,30814.909223333332,21271.569386666666,30780.263023333333,4640.847822000001,0.0,0.0,0.0
2059,5,14,4,67144.52954666667,33128.76888,22719.628086666664,33675.481583333334,5105.166847333333,0.0,0.0,0.0
2059,5,14,5,68157.82199666667,32505.082769999997,22980.591340000003,33604.20083333333,5151.552446000001,0.0,0.0,0.0
2059,5,14,6,68231.1728,32751.909723333334,22763.970866666667,33394.74384666667,5046.115774333332,0.0,0.0,0.0
2059,5,14,7,63532.19998,34383.30457,25968.526623333335,35484.19308,5400.068125333334,0.0,0.0,0.0
2059,5,14,8,63797.84810333333,34008.16138333333,24879.84055333333,34344.84511,4620.800963000001,0.0,0.0,0.0
2059,5,15,1,60422.78509333333,31905.447450000003,21622.334943333335,31800.283153333334,4153.077240333333,0.0,0.0,0.0
2059,5,15,2,56615.243793333335,30038.011733333333,20288.21104,30803.769053333333,4098.574842666666,0.0,0.0,0.0
2059,5,15,3,58234.08212,31147.017036666668,21500.746383333335,31111.85332,4690.828781333334,0.0,0.0,0.0
2059,5,15,4,67867.87795666668,33486.15316666666,22964.49393,34038.504049999996,5160.213996666666,0.0,0.0,0.0
2059,5,15,5,68892.06543999999,32855.65766333333,23228.26265666667,33966.542363333334,5207.089871333333,0.0,0.0,0.0
2059,5,15,6,68966.26060666666,33105.15389666666,23009.27251,33754.742940000004,5100.454746,0.0,0.0,0.0
2059,5,15,7,64217.11616666667,34754.089746666665,26248.692373333335,35866.881076666665,5458.274833666666,0.0,0.0,0.0
2059,5,15,8,64485.73318,34375.07882333334,25148.185193333335,34715.19448666667,4670.536784,0.0,0.0,0.0
2059,5,16,1,61546.85277666667,32500.234483333334,22022.482229999998,32392.564330000005,4246.937941,0.0,0.0,0.0
2059,5,16,2,57897.07154333333,30718.433716666666,20747.354923333332,31501.32347666667,4191.209852,0.0,0.0,0.0
2059,5,16,3,59553.03469,31852.85168333333,21987.618126666668,31816.43504,4797.000867666667,0.0,0.0,0.0
2059,5,16,4,69404.73117,34245.34623333334,23484.84066,34810.03574,5277.117689666667,0.0,0.0,0.0
2059,5,16,5,70452.20678000001,33600.57824,23754.683363333334,34736.35808666667,5325.055830333334,0.0,0.0,0.0
2059,5,16,6,70528.06344333333,33855.73989,23530.65427,34519.764846666665,5216.023797666667,0.0,0.0,0.0
2059,5,16,7,65672.09321333333,35542.209123333334,26843.96968,36680.08626333333,5582.042397,0.0,0.0,0.0
2059,5,16,8,65947.54686,35154.645599999996,25718.485636666668,35502.251593333334,4776.2458320000005,0.0,0.0,0.0
2059,5,17,1,63917.066986666665,33874.07077666667,23243.134373333334,34489.285996666666,4656.0736289999995,0.0,0.0,0.0
2059,5,17,2,59759.41383333333,32853.587609999995,22209.440976666665,33755.34216666666,4572.4270209999995,0.0,0.0,0.0
2059,5,17,3,60616.63495,33549.37158666667,23194.324633333334,33630.15825,5140.303325666667,0.0,0.0,0.0
2059,5,17,4,67382.69494666667,35233.144303333334,24500.557253333332,36238.07482,5749.362850666667,0.0,0.0,0.0
2059,5,17,5,67859.13469666666,34302.463436666665,24521.448473333334,35978.745820000004,5725.965769666666,0.0,0.0,0.0
2059,5,17,6,66132.13593666667,33815.428270000004,23648.184426666663,34508.597440000005,5654.167508666666,0.0,0.0,0.0
2059,5,17,7,65780.82562999999,36047.87479666667,27368.456519999996,37944.31854,5964.594207666666,0.0,0.0,0.0
2059,5,17,8,65255.49442666667,35426.25875,26213.283516666666,36407.084,5267.911387666667,0.0,0.0,0.0
2059,5,18,1,73258.35845666667,38564.164143333335,27134.186093333334,39803.719170000004,5874.900856666667,0.0,0.0,0.0
2059,5,18,2,73263.50636,38714.37939666666,27321.41721666667,40593.82689,5628.15562,0.0,0.0,0.0
2059,5,18,3,71227.57896999999,38657.88865666667,27560.263560000003,39201.68694000001,6339.083694333333,0.0,0.0,0.0
2059,5,18,4,74565.57163,37894.20139333333,27357.479773333336,38761.200796666664,6948.306645000001,0.0,0.0,0.0
2059,5,18,5,76097.54931666667,37575.00419,27517.03752,39333.162743333334,7001.338213,0.0,0.0,0.0
2059,5,18,6,75984.29545666666,37241.91582666667,27323.487276666667,38831.14690666667,7025.9337479999995,0.0,0.0,0.0
2059,5,18,7,78876.89921,41804.373889999995,33244.31069333333,45368.79255333333,7541.922462333333,0.0,0.0,0.0
2059,5,18,8,79697.59473,41540.52345666667,31953.930340000003,44030.610253333325,6493.793148333333,0.0,0.0,0.0
2059,5,19,1,81468.30980333334,42540.76910333333,29336.58957333333,43306.335763333336,5912.897280666667,0.0,0.0,0.0
2059,5,19,2,80611.08868666667,42778.25356333333,28894.49641333333,43862.28200666667,5835.2429403333335,0.0,0.0,0.0
2059,5,19,3,82903.75750333334,44338.340430000004,30612.397820000002,44292.199969999994,6669.502776333334,0.0,0.0,0.0
2059,5,19,4,96213.15580999998,47595.41024333334,32657.558746666666,48357.84458,7322.087954333333,0.0,0.0,0.0
2059,5,19,5,97618.47874666667,46720.4847,33012.62783666667,48255.51299333334,7386.096267666667,0.0,0.0,0.0
2059,5,19,6,97719.69359333334,47074.409810000005,32718.107883333334,47969.98144,7236.098914666666,0.0,0.0,0.0
2059,5,19,7,91214.59684666667,49316.22606666666,37036.78961,50760.03570333333,7720.165185333334,0.0,0.0,0.0
2059,5,19,8,91567.70483333334,48789.287846666666,35577.50903,49236.883,6642.918898333333,0.0,0.0,0.0
2059,5,20,1,86225.32590333333,45537.502126666666,30877.719083333333,45402.51268000001,5907.749378333333,0.0,0.0,0.0
2059,5,20,2,80540.81573,42740.88360666667,28869.16546666667,43824.09492333333,5830.122275333334,0.0,0.0,0.0
2059,5,20,3,82831.74134,44299.85373333333,30585.813940000004,44253.82222,6663.782884666667,0.0,0.0,0.0
2059,5,20,4,96131.87887,47555.370996666665,32629.885363333335,48317.12439666667,7315.932261666666,0.0,0.0,0.0
2059,5,20,5,97535.67650333334,46680.82678,32984.76379333333,48214.54767,7379.913337000001,0.0,0.0,0.0
2059,5,20,6,97637.65400333334,47034.50675333334,32690.325553333332,47929.28849666667,7230.079409666668,0.0,0.0,0.0
2059,5,20,7,91137.46002333333,49275.23351333333,37006.011146666664,50717.54508,7713.927779333334,0.0,0.0,0.0
2059,5,20,8,91490.45906000001,48748.94899,35548.20139,49195.6453,6637.199006666667,0.0,0.0,0.0
2059,5,21,1,86187.19329000001,45517.400793333334,30863.88239,45382.46582333333,5906.360261666666,0.0,0.0,0.0
2059,5,21,2,80522.15798666667,42730.99636333333,28862.383303333336,43813.962543333335,5828.760396333334,0.0,0.0,0.0
2059,5,21,3,82812.51161,44289.69411333333,30578.759406666668,44243.58088666666,6662.230342666667,0.0,0.0,0.0
2059,5,21,4,96110.47013333334,47544.721106666664,32622.61292666667,48306.28384,7314.270769,0.0,0.0,0.0
2059,5,21,5,97513.94091333332,46670.2586,32977.382406666664,48203.92501666667,7378.251844333333,0.0,0.0,0.0
2059,5,21,6,97615.75498666667,47023.88410333334,32683.05312,47918.393463333334,7228.445154666667,0.0,0.0,0.0
2059,5,21,7,91116.95012666668,49264.36571666666,36997.92158333334,50706.40491333333,7712.266287666666,0.0,0.0,0.0
2059,5,21,8,91470.08535,48738.244620000005,35540.465919999995,49184.641319999995,6635.6737023333335,0.0,0.0,0.0
2059,5,22,1,86501.35153666667,45683.93135666667,30976.618736666667,45549.24152333333,5940.516186666667,0.0,0.0,0.0
2059,5,22,2,80984.05287,42976.70657,29029.37690666667,44065.36540333333,5862.507757666666,0.0,0.0,0.0
2059,5,22,3,83287.09920333333,44542.84018,30753.62467,44496.04602,6699.954391,0.0,0.0,0.0
2059,5,22,4,96643.31889666668,47807.618226666666,32804.587203333336,48574.00201333334,7354.9637133333335,0.0,0.0,0.0
2059,5,22,5,98055.61466666666,46930.62262666667,33160.44618333333,48471.31633666666,7418.944788666667,0.0,0.0,0.0
2059,5,22,6,98155.63105666667,47286.454373333334,32865.190819999996,48185.594123333336,7268.429922,0.0,0.0,0.0
2059,5,22,7,91625.55745666666,49533.47300666667,37201.222883333336,50984.745740000006,7753.231607333332,0.0,0.0,0.0
2059,5,22,8,91976.895,49003.239036666666,35732.81771,49455.54629,6673.343275333333,0.0,0.0,0.0
2059,5,23,1,86520.71746,45692.97423,30984.980673333335,45558.856386666674,5924.963528666667,0.0,0.0,0.0
2059,5,23,2,80773.91494333334,42864.84183,28953.356823333335,43950.91309333333,5847.145762666667,0.0,0.0,0.0
2059,5,23,3,83071.02348333334,44427.54350333333,30673.98198333333,44381.26686,6682.794715666667,0.0,0.0,0.0
2059,5,23,4,96400.60483333333,47687.90906333333,32721.67601,48451.923180000005,7336.469396666667,0.0,0.0,0.0
2059,5,23,5,97809.27799333334,46812.193633333336,33077.15366666667,48349.782256666665,7400.504947333334,0.0,0.0,0.0
2059,5,23,6,97909.97532333333,47167.09929666666,32782.27962666666,48064.11452,7250.153505666666,0.0,0.0,0.0
2059,5,23,7,91393.76565,49410.87665666667,37108.28826,50858.33613333333,7734.546627666667,0.0,0.0,0.0
2059,5,23,8,91746.00202999999,48882.52208333334,35645.248889999995,49332.323476666665,6656.2108376666665,0.0,0.0,0.0
2059,5,24,1,83957.9608,44487.493420000006,30546.29221,45268.04075000001,5931.772923666666,0.0,0.0,0.0
2059,5,24,2,76140.20336333333,41860.919109999995,28299.355290000003,43004.951943333326,5825.165035666668,0.0,0.0,0.0
2059,5,24,3,77231.55872000002,42728.327079999995,29549.097170000005,42844.27745666667,6540.995874333334,0.0,0.0,0.0
2059,5,24,4,85772.50114,44839.784276666665,31195.935729999997,46133.106283333334,7298.881536333333,0.0,0.0,0.0
2059,5,24,5,86358.16358333333,43681.83304333333,31221.811433333332,45811.62113000001,7270.2548400000005,0.0,0.0,0.0
2059,5,24,6,84200.04841,43069.01473,30122.31204,43963.90541666667,7178.273532333334,0.0,0.0,0.0
2059,5,24,7,83742.53878,45862.14684,34684.770110000005,48147.052950000005,7558.945949666667,0.0,0.0,0.0
2059,5,24,8,83095.89139333332,45091.43228,33297.53292666667,46299.11933666666,6702.378535333333,0.0,0.0,0.0
2059,5,25,1,82462.18186,43420.48846,30563.370173333333,44793.69829333333,6251.787250666665,0.0,0.0,0.0
2059,5,25,2,77979.80227666667,41208.36117,29079.494053333332,43203.45942666667,5991.01466,0.0,0.0,0.0
2059,5,25,3,75818.01003333332,41143.39954,29332.667360000003,41719.58330666667,6741.083136666667,0.0,0.0,0.0
2059,5,25,4,79352.11326666667,40337.73916333334,29119.179210000002,41261.474453333336,7382.582619666667,0.0,0.0,0.0
2059,5,25,5,80966.86595666666,39998.958146666664,29286.554140000004,41870.04369666667,7437.629768666667,0.0,0.0,0.0
2059,5,25,6,80847.42916666667,39643.18087333333,29081.673063333335,41336.15989666667,7459.801158666666,0.0,0.0,0.0
2059,5,25,7,83895.36884,44475.48165,35269.61542333334,48169.251573333335,7992.486509666666,0.0,0.0,0.0
2059,5,25,8,84760.05305333332,44200.00076333334,33927.15682333333,46798.24798666666,6903.745964000001,0.0,0.0,0.0
2059,5,26,1,86581.34831,45209.8068,31208.192643333332,46046.98106,6292.017156000001,0.0,0.0,0.0
2059,5,26,2,85711.48896,45498.52514666666,30748.20439,46638.28168000001,6210.3861289999995,0.0,0.0,0.0
2059,5,26,3,88148.43524,47137.818896666664,32542.18035333333,47078.65887666666,7087.626866333333,0.0,0.0,0.0
2059,5,26,4,102101.51203,50466.95934666666,34654.48192,51289.86111333334,7767.068298333333,0.0,0.0,0.0
2059,5,26,5,103603.63733333333,49574.983076666664,35023.93245,51187.066483333336,7831.893738333333,0.0,0.0,0.0
2059,5,26,6,103689.92596666666,49943.42582333333,34717.89100333333,50895.92399,7678.382738,0.0,0.0,0.0
2059,5,26,7,96838.91197,52266.627966666674,39316.52057666666,53858.637273333334,8178.328517666666,0.0,0.0,0.0
2059,5,26,8,97170.66569333333,51711.41713666666,37737.63978,52226.80662333334,7060.280336,0.0,0.0,0.0
2059,5,27,1,91554.87593333334,48345.26081666667,32814.91024333334,48235.00309333333,6286.569640333334,0.0,0.0,0.0
2059,5,27,2,85638.46500666667,45459.49369666667,30721.429846666666,46598.43310333334,6204.965850666667,0.0,0.0,0.0
2059,5,27,3,88073.1778,47097.88860666667,32514.452496666665,47038.81029666667,7081.607360999999,0.0,0.0,0.0
2059,5,27,4,102017.40238666667,50426.42982333333,34625.90969666666,51248.32380333333,7760.7764173333335,0.0,0.0,0.0
2059,5,27,5,103517.7572,49534.83488666667,34995.33299333334,51145.14784666667,7825.601857666666,0.0,0.0,0.0
2059,5,27,6,103604.29103333333,49902.542213333334,34689.29155,50853.978116666665,7672.009144,0.0,0.0,0.0
2059,5,27,7,96757.88016666665,52224.791040000004,39283.12730666667,53813.96764333333,8171.709785999999,0.0,0.0,0.0
2059,5,27,8,97090.45102333334,51669.38955,37706.23485,52183.71677,7054.3153059999995,0.0,0.0,0.0
2059,5,28,1,91515.29973333333,48324.80539666666,32800.61051333333,48214.24805666666,6285.071573333334,0.0,0.0,0.0
2059,5,28,2,85619.23527333332,45449.11617666667,30714.375320000003,46587.919396666664,6203.522259,0.0,0.0,0.0
2059,5,28,3,88053.18542,47087.12976333333,32507.098353333335,47028.160403333335,7080.027581666666,0.0,0.0,0.0
2059,5,28,4,101995.01309000001,50415.56203333333,34618.33765,51237.21086666667,7759.087687333333,0.0,0.0,0.0
2059,5,28,5,103495.20449999999,49523.93985,34987.86989666667,51134.14386666667,7823.940365333333,0.0,0.0,0.0
2059,5,28,6,103581.84726666666,49891.674419999996,34681.719496666665,50842.75623333334,7670.347652,0.0,0.0,0.0
2059,5,28,7,96736.25353333335,52213.62363666666,39274.35680333333,53801.901396666675,8169.8848683333335,0.0,0.0,0.0
2059,5,28,8,97068.93333333333,51658.358329999995,37698.03634333333,52172.358700000004,7052.735526333334,0.0,0.0,0.0
2059,5,29,1,91837.73820666666,48495.50331,32918.276860000005,48386.82536333334,6321.025178666667,0.0,0.0,0.0
2059,5,29,2,86099.27038666666,45705.74865666666,30890.16666,46849.073313333334,6239.149013333333,0.0,0.0,0.0
2059,5,29,3,88546.24008999999,47350.08135666667,32688.718533333333,47290.45829666667,7119.494835,0.0,0.0,0.0
2059,5,29,4,102549.21611,50682.354126666665,34805.895626666665,51511.00302333333,7800.298145666667,0.0,0.0,0.0
2059,5,29,5,104059.0769,49789.28835333334,35176.462900000006,51408.83486,7865.477674333332,0.0,0.0,0.0
2059,5,29,6,104142.23323333333,50157.7311,34869.985649999995,51116.35772333333,7712.130098999999,0.0,0.0,0.0
2059,5,29,7,97268.66650666668,52487.90606333333,39493.18352,54097.26571333333,8213.737371666666,0.0,0.0,0.0
2059,5,29,8,97597.26066999999,51934.029873333326,37904.061396666664,52456.31047333334,7092.012116666668,0.0,0.0,0.0
2059,5,30,1,91858.79285000001,48504.51894666667,32925.93062,48396.08614,6304.655393333333,0.0,0.0,0.0
2059,5,30,2,85880.93394,45589.06286333333,30810.16988666667,46730.20851333334,6222.915415666666,0.0,0.0,0.0
2059,5,30,3,88322.31994666667,47230.42666999999,32606.13419333333,47171.18493333334,7101.545269666666,0.0,0.0,0.0
2059,5,30,4,102297.32298,50560.929000000004,34720.53305,51386.60899666667,7781.613166,0.0,0.0,0.0
2059,5,30,5,103802.7168,49668.78930333333,35090.55557333334,51283.841603333334,7846.547556333334,0.0,0.0,0.0
2059,5,30,6,103887.45289999999,50037.09586,34784.48689,50992.26331333333,7693.172743666667,0.0,0.0,0.0
2059,5,30,7,97026.25204333333,52363.157946666666,39393.439503333335,53962.684830000006,8193.799463333333,0.0,0.0,0.0
2059,5,30,8,97356.91626333333,51808.46463333333,37810.36412333333,52326.686826666664,7074.089789000001,0.0,0.0,0.0
2059,5,31,1,89213.23395000001,47265.944476666664,32467.740049999997,48093.149776666665,6312.009539666667,0.0,0.0,0.0
2059,5,31,2,81028.20498333334,44536.820673333335,30118.30812,45742.62834333334,6199.790710333334,0.0,0.0,0.0
2059,5,31,3,82180.70870666667,45447.07336,31427.37345,45566.75528666666,6953.182171666667,0.0,0.0,0.0
2059,5,31,4,91162.46412,47633.46114,33148.59783666667,48997.49190666666,7743.317128333333,0.0,0.0,0.0
2059,5,31,5,91786.42260333333,46437.43176666667,33176.18950666667,48667.94442666666,7714.145680333334,0.0,0.0,0.0
2059,5,31,6,89523.60617333332,45797.34863666667,32030.82203,46752.70675666666,7618.569012333333,0.0,0.0,0.0
2059,5,31,7,89023.33354,48724.08108,36783.12602999999,51097.019043333334,8009.700660666666,0.0,0.0,0.0
2059,5,31,8,88348.27736,47927.59976333333,35326.541966666664,49153.39981333333,7122.654394333334,0.0,0.0,0.0
2059,6,1,1,81940.55496666666,43148.7936,30381.286953333332,44504.380719999994,5995.073059666666,0.0,0.0,0.0
2059,6,1,2,74765.03242666666,39508.000766666664,27881.231203333333,41425.362969999995,5743.534009,0.0,0.0,0.0
2059,6,1,3,72688.03077,39448.75903,28124.680689999997,40003.888146666664,6467.345458333333,0.0,0.0,0.0
2059,6,1,4,76090.08621666666,38671.50744666666,27918.410496666667,39556.21128333334,7087.082115,0.0,0.0,0.0
2059,6,1,5,77649.51938333333,38345.96389333333,28080.719236666668,40139.93985666667,7141.230423666667,0.0,0.0,0.0
2059,6,1,6,77534.44060666667,38005.60309333333,27883.437443333332,39627.62821333334,7164.872643,0.0,0.0,0.0
2059,6,1,7,80478.65957333334,42656.310919999996,33889.923050000005,46265.72605999999,7686.526774333334,0.0,0.0,0.0
2059,6,1,8,81314.22681000001,42387.966283333335,32587.17684,44917.46585666667,6624.669720000001,0.0,0.0,0.0
2059,6,2,1,83107.41288999999,43397.66337,29934.617876666667,44183.49478666667,6033.859373333333,0.0,0.0,0.0
2059,6,2,2,82244.19950666667,43648.112916666665,29485.579133333333,44751.45280666667,5954.761441333333,0.0,0.0,0.0
2059,6,2,3,84581.70138,45233.36730666666,31230.554693333335,45184.69375333333,6803.484432333334,0.0,0.0,0.0
2059,6,2,4,98094.56442,48519.30895,33299.11270666667,49300.59169666667,7465.058011666667,0.0,0.0,0.0
2059,6,2,5,99529.38565999999,47637.65572666667,33658.485329999996,49198.50524666667,7529.502125999999,0.0,0.0,0.0
2059,6,2,6,99623.76387000001,47999.234599999996,33360.47897,48911.50286666667,7377.734330333333,0.0,0.0,0.0
2059,6,2,7,93013.88414,50261.66970666667,37757.877303333335,51744.183946666664,7866.839553666668,0.0,0.0,0.0
2059,6,2,8,93359.03875666666,49726.914300000004,36262.07112666667,50192.05045,6776.192377333333,0.0,0.0,0.0
2059,6,3,1,87938.76034666668,46441.57188,31498.872093333335,46312.32956333333,6028.602520333334,0.0,0.0,0.0
2059,6,3,2,82172.97323666666,43610.17097,29459.703433333332,44712.66649333333,5949.559063333334,0.0,0.0,0.0
2059,6,3,3,84508.43229333333,45194.36309666667,31203.61672666667,45145.825723333335,6797.601115,0.0,0.0,0.0
2059,6,3,4,98012.11626,48478.83391000001,33271.275896666666,49259.762566666664,7458.820606,0.0,0.0,0.0
2059,6,3,5,99445.82072333332,47597.698196666664,33630.4851,49157.34926333333,7523.155769666667,0.0,0.0,0.0
2059,6,3,6,99540.58028,47959.168119999995,33332.50597666667,48870.48307333334,7371.524162333334,0.0,0.0,0.0
2059,6,3,7,92935.22200999998,50220.62267333333,37726.25447666666,51701.39370666666,7860.357009666666,0.0,0.0,0.0
2059,6,3,8,93280.89413999999,49686.05792666667,36231.7557,50150.29524,6770.390772666667,0.0,0.0,0.0
2059,6,4,1,87900.35535666667,46421.27988333333,31484.817503333335,46291.95585,6027.186166666666,0.0,0.0,0.0
2059,6,4,2,82154.17930333334,43600.065826666665,29452.83956333333,44702.42516333333,5948.142709333333,0.0,0.0,0.0
2059,6,4,3,84489.06637,45184.012813333335,31196.480483333333,45135.47544666667,6796.130286,0.0,0.0,0.0
2059,6,4,4,97990.46236333332,48468.238489999996,33263.78556333333,49248.813056666666,7457.159113333334,0.0,0.0,0.0
2059,6,4,5,99423.73104,47587.04830333334,33622.94029,49146.59042,7521.439802,0.0,0.0,0.0
2059,6,4,6,99518.59956333332,47948.49099,33325.07011666667,48859.61527666667,7369.889907333333,0.0,0.0,0.0
2059,6,4,7,92914.30355,50209.891063333336,37717.8653,51690.00839333333,7858.695517333334,0.0,0.0,0.0
2059,6,4,8,93260.19357666666,49675.24460666667,36223.8568,50139.20954666667,6768.810993,0.0,0.0,0.0
2059,6,5,1,88216.93774666666,46589.47193666667,31599.406003333334,46461.073983333335,6061.914080666666,0.0,0.0,0.0
2059,6,5,2,82622.85634333333,43849.91614666666,29622.802059999998,44957.341673333336,5982.543772666667,0.0,0.0,0.0
2059,6,5,3,84970.46335666666,45440.645293333335,31373.688176666667,45391.48146,6834.508035999999,0.0,0.0,0.0
2059,6,5,4,98530.39291,48732.63367666667,33447.2579,49517.83863333333,7498.151671333333,0.0,0.0,0.0
2059,6,5,5,99971.23365666666,47849.07382333333,33807.36594333334,49416.187986666664,7562.568547666667,0.0,0.0,0.0
2059,6,5,6,100064.65856000001,48211.38811333333,33508.651406666664,49128.94046666666,7410.337713666667,0.0,0.0,0.0
2059,6,5,7,93430.80977666668,50480.11509666667,37925.633559999995,51973.224753333336,7901.049953999999,0.0,0.0,0.0
2059,6,5,8,93773.34958333331,49943.916096666675,36421.410970000004,50412.53866333333,6806.970842333333,0.0,0.0,0.0
2059,6,6,1,88235.70444333332,46598.13349,31606.95081,46470.062386666665,6046.089047,0.0,0.0,0.0
2059,6,6,2,82409.17752666667,43736.117536666665,29545.33838666667,44841.11892,5966.882164333333,0.0,0.0,0.0
2059,6,6,3,84750.92846333333,45323.55093666667,31292.92875333333,45274.90461666667,6817.021509666666,0.0,0.0,0.0
2059,6,6,4,98283.72938333334,48612.10739,33363.58405666667,49395.18781,7479.439453666666,0.0,0.0,0.0
2059,6,6,5,99721.38334333333,47729.66427333333,33723.33801,49293.400976666664,7543.910805666666,0.0,0.0,0.0
2059,6,6,6,99815.05338,48091.89684666667,33425.168223333334,49006.044506666665,7391.843396666666,0.0,0.0,0.0
2059,6,6,7,93195.23195,50356.53819666667,37830.73782666667,51843.92796,7881.738509666667,0.0,0.0,0.0
2059,6,6,8,93539.21535,49821.26527666667,36331.145626666665,50288.090156666665,6789.620504333333,0.0,0.0,0.0
2059,6,7,1,85642.74130666668,45378.57084666667,31161.31677,46174.834259999996,6053.089104666667,0.0,0.0,0.0
2059,6,7,2,77697.75713666667,42714.95343,28878.69861333333,43880.068146666665,5944.465636,0.0,0.0,0.0
2059,6,7,3,78809.35001333333,43595.98018666666,30149.63133666667,43714.57261,6672.8257613333335,0.0,0.0,0.0
2059,6,7,4,87499.30923,45733.58546666667,31822.863106666668,47054.526379999996,7441.933306333333,0.0,0.0,0.0
2059,6,7,5,88093.33361333334,44564.92986,31848.71157,46729.77271333333,7413.442798,0.0,0.0,0.0
2059,6,7,6,85901.49831333333,43940.53557666667,30732.161456666665,44856.04511333333,7319.228008666666,0.0,0.0,0.0
2059,6,7,7,85430.45161,46780.89765,35351.62777666667,49086.66774333333,7703.958825666666,0.0,0.0,0.0
2059,6,7,8,84775.27886,45999.342533333336,33946.54998,47213.78451,6836.469141666667,0.0,0.0,0.0
2059,6,8,1,82526.87111333333,43455.08019,30590.389853333338,44828.235543333336,6195.977449000001,0.0,0.0,0.0
2059,6,8,2,77279.68752333334,40837.76665666667,28818.503566666666,42816.41341666667,5937.029776666666,0.0,0.0,0.0
2059,6,8,3,75135.68142,40773.86729,29069.63405333333,41346.29227666667,6681.487311666667,0.0,0.0,0.0
2059,6,8,4,78641.59375666667,39974.60774666667,28857.616729999998,40889.545293333336,7318.683257000001,0.0,0.0,0.0
2059,6,8,5,80244.77047333332,39638.577723333336,29024.120056666667,41492.74874,7373.866593999999,0.0,0.0,0.0
2059,6,8,6,80126.55937666667,39286.06896333333,28820.845996666667,40963.5498,7395.438757,0.0,0.0,0.0
2059,6,8,7,83152.81793666667,44079.55618666666,34968.61293,47756.95632999999,7926.3536656666665,0.0,0.0,0.0
2059,6,8,8,84011.07407666666,43805.98193,33636.39565333333,46390.93722,6843.251299333333,0.0,0.0,0.0
2059,6,9,1,85828.91016666667,44817.93973666666,30931.840153333334,45642.720896666666,6235.934979000001,0.0,0.0,0.0
2059,6,9,2,84960.82125666668,45097.17940666666,30473.649586666666,46229.309420000005,6154.766990666667,0.0,0.0,0.0
2059,6,9,3,87376.14089333333,46725.30575333333,32257.79278666667,46668.815006666664,7025.852035,0.0,0.0,0.0
2059,6,9,4,101231.84335,50048.99868,34360.23434333334,50859.616299999994,7701.7253439999995,0.0,0.0,0.0
2059,6,9,5,102720.023,49157.921253333334,34728.81327333333,50757.52984666667,7767.041060333333,0.0,0.0,0.0
2059,6,9,6,102810.8331,49525.083829999996,34423.670666666665,50466.714206666664,7613.284922,0.0,0.0,0.0
2059,6,9,7,96008.79224666666,51833.76834333333,38974.225913333335,53396.74239333333,8110.071142666667,0.0,0.0,0.0
2059,6,9,8,96342.80668666666,51280.76376,37414.928933333336,51783.48777333333,6998.641692666667,0.0,0.0,0.0
2059,6,10,1,90772.66711333334,47933.918886666674,32529.86897,47819.52104666666,6230.514700666667,0.0,0.0,0.0
2059,6,10,2,84888.55995666666,45058.502043333334,30447.120183333333,46189.89664,6149.37395,0.0,0.0,0.0
2059,6,10,3,87301.94572666667,46685.62059666667,32230.50073,46629.402233333334,7019.94148,0.0,0.0,0.0
2059,6,10,4,101149.01386,50008.877726666666,34332.26135,50818.56926333334,7695.515175666667,0.0,0.0,0.0
2059,6,10,5,102635.72266666667,49118.072673333336,34700.40448,50716.51005333333,7760.7764173333335,0.0,0.0,0.0
2059,6,10,6,102726.80516666667,49484.826689999994,34395.561486666666,50425.77612333334,7607.047516,0.0,0.0,0.0
2059,6,10,7,95929.1768,51792.47617,38941.92214,53352.45408999999,8103.670310999999,0.0,0.0,0.0
2059,6,10,8,96264.09008333333,51239.880150000005,37384.31389333333,51741.324,6992.703900666667,0.0,0.0,0.0
2059,6,11,1,90733.85356333334,47913.46346333334,32515.759903333335,47798.98391,6229.0711089999995,0.0,0.0,0.0
2059,6,11,2,84869.11232333333,45048.124526666674,30440.092886666665,46179.41017333333,6147.9303580000005,0.0,0.0,0.0
2059,6,11,3,87282.08953,46674.97070333333,32223.17382,46618.91576333333,7018.361700666667,0.0,0.0,0.0
2059,6,11,4,101127.16933,49998.227829999996,34324.82548666667,50807.783183333326,7693.8809206666665,0.0,0.0,0.0
2059,6,11,5,102613.38786666666,49107.36830333333,34692.85967,50705.50607,7759.114925000001,0.0,0.0,0.0
2059,6,11,6,102704.5248,49474.01336666666,34388.12562666667,50414.90833333333,7605.440498666667,0.0,0.0,0.0
2059,6,11,7,95908.17662666667,51781.662853333335,38933.31506666667,53340.95983,8101.954343666667,0.0,0.0,0.0
2059,6,11,8,96243.11714666667,51228.68550666666,37376.14262,51730.020403333336,6991.151358,0.0,0.0,0.0
2059,6,12,1,91055.17529666667,48082.7995,32632.581883333332,47970.90752,6264.752338666666,0.0,0.0,0.0
2059,6,12,2,85346.94118666666,45303.504076666664,30614.767486666668,46439.501820000005,6183.339212,0.0,0.0,0.0
2059,6,12,3,87772.96519666666,46937.40478666667,32403.62278666667,46879.38874,7057.665528,0.0,0.0,0.0
2059,6,12,4,101678.45795333333,50263.467383333336,34511.43015,51080.567546666665,7735.390992666667,0.0,0.0,0.0
2059,6,12,5,103173.69213333334,49372.226533333334,34880.11803333333,50978.56281,7800.434333333334,0.0,0.0,0.0
2059,6,12,6,103262.13256666665,49739.98833666666,34574.866473333335,50687.12070333333,7646.678194666667,0.0,0.0,0.0
2059,6,12,7,96434.73351666667,52056.29937,39149.581450000005,53634.17238,8145.016957666667,0.0,0.0,0.0
2059,6,12,8,96767.98531,51501.63329333334,37581.05093333333,52011.08499,7030.3734736666665,0.0,0.0,0.0
2059,6,13,1,91074.92253666667,48093.122540000004,32640.26288,47979.89592,6248.491503333334,0.0,0.0,0.0
2059,6,13,2,85129.1495,45187.090663333336,30535.179276666666,46320.88216333333,6167.214564999999,0.0,0.0,0.0
2059,6,13,3,87549.15400333334,46817.85904666667,32321.50148333333,46760.55118,7039.715963333333,0.0,0.0,0.0
2059,6,13,4,101426.53756000001,50142.72319333333,34426.14928666666,50956.11904333333,7716.351924333333,0.0,0.0,0.0
2059,6,13,5,102918.12193333334,49251.26443666667,34794.70098,50854.03259333334,7781.803829,0.0,0.0,0.0
2059,6,13,6,103007.325,49618.86281666667,34489.47665999999,50562.64496666667,7627.829789333333,0.0,0.0,0.0
2059,6,13,7,96194.28016666666,51931.08821666666,39050.46389666666,53500.13624666666,8125.215236666667,0.0,0.0,0.0
2059,6,13,8,96527.91328333334,51376.66728,37487.10852333333,51882.74151,7012.505620666667,0.0,0.0,0.0
2059,6,14,1,88438.40651333334,46858.11619,32184.278553333337,47678.86619,6255.791174666666,0.0,0.0,0.0
2059,6,14,2,80303.57641,44141.16759,29848.438176666667,45338.395416666666,6144.171572333333,0.0,0.0,0.0
2059,6,14,3,81447.50029,45044.52916666667,31149.985933333333,45164.892029999995,6892.442368666667,0.0,0.0,0.0
2059,6,14,4,90367.26297666667,47222.44605666667,32862.16744666667,48578.00593666666,7678.246550333333,0.0,0.0,0.0
2059,6,14,5,90985.03852333334,46030.80193666666,32888.860276666666,48249.221106666664,7649.293002666666,0.0,0.0,0.0
2059,6,14,6,88737.69304,45395.26748333334,31748.695176666664,46341.69167333333,7553.879759666666,0.0,0.0,0.0
2059,6,14,7,88243.95743,48305.33052333333,36471.500876666665,50658.46677,7943.704004333333,0.0,0.0,0.0
2059,6,14,8,87572.00633333332,47509.99319333333,35026.710686666665,48733.478043333336,7060.498236666666,0.0,0.0,0.0
2059,6,15,1,84692.42214333334,44600.85622666666,31392.890669999997,45999.34253,6337.776290333332,0.0,0.0,0.0
2059,6,15,2,79058.41044,41779.533220000005,29481.248359999998,43798.518833333335,6074.143754,0.0,0.0,0.0
2059,6,15,3,76869.05376666666,41712.746673333335,29737.690173333336,42294.16005666667,6832.465217333333,0.0,0.0,0.0
2059,6,15,4,80445.2663,40897.28076666666,29521.968543333332,41834.607606666665,7480.0931556666665,0.0,0.0,0.0
2059,6,15,5,82078.37712,40554.46858666666,29690.324023333334,42451.293653333334,7535.358205333333,0.0,0.0,0.0
2059,6,15,6,81956.65237333333,40193.43446333333,29483.154993333334,41910.51874333333,7558.346723,0.0,0.0,0.0
2059,6,15,7,85037.38609,45085.194873333334,35732.87218333333,48805.87553,8094.109920333333,0.0,0.0,0.0
2059,6,15,8,85911.95754666666,44807.31708,34373.14495666666,47423.86796333333,6996.517161333333,0.0,0.0,0.0
2059,6,16,1,87737.66529666667,45813.255386666664,31632.49966,46667.12628,6378.441996999999,0.0,0.0,0.0
2059,6,16,2,86864.18334333332,46114.17616666667,31170.196216666667,47264.77325666667,6296.021080333333,0.0,0.0,0.0
2059,6,16,3,89332.26217333334,47770.22102999999,32977.76373333333,47708.31000666667,7182.549832333333,0.0,0.0,0.0
2059,6,16,4,103438.11456333334,51112.73513000001,35105.01872666667,51948.27513,7866.104139,0.0,0.0,0.0
2059,6,16,5,104964.15446666667,50214.68487999999,35477.51987333333,51846.433816666664,7931.991844666666,0.0,0.0,0.0
2059,6,16,6,105046.303,50584.24436333333,35168.99980333333,51552.513093333335,7778.671507333333,0.0,0.0,0.0
2059,6,16,7,98117.85253666667,52930.18989,39847.19034666667,54572.47977333333,8284.827455,0.0,0.0,0.0
2059,6,16,8,98443.36885333333,52376.0958,38236.49605666666,52911.96794333333,7155.0126390000005,0.0,0.0,0.0
2059,6,17,1,92757.22442333335,48975.53841666667,33252.481966666666,48871.89942666667,6372.940006333333,0.0,0.0,0.0
2059,6,17,2,86790.50569,46075.00852666667,31143.14929666667,47224.679540000005,6290.519089,0.0,0.0,0.0
2059,6,17,3,89256.5417,47729.63703333333,32949.92692666667,47668.052866666665,7176.475852333333,0.0,0.0,0.0
2059,6,17,4,103352.61579999999,51071.27953,35076.55546,51906.08411999999,7859.7577826666675,0.0,0.0,0.0
2059,6,17,5,104876.9397,50173.55613333333,35448.78422666666,51803.80700666667,7925.482063333334,0.0,0.0,0.0
2059,6,17,6,104959.00653333333,50543.279043333336,35140.29139666667,51510.59446,7772.216201,0.0,0.0,0.0
2059,6,17,7,98036.22150666667,52887.56307333333,39813.061663333334,54526.6934,8277.827397333333,0.0,0.0,0.0
2059,6,17,8,98362.17362666666,52332.78804666666,38204.41018666667,52867.97925333333,7148.911421333333,0.0,0.0,0.0
2059,6,18,1,92717.53927,48955.08299333334,33238.127759999996,48851.008200000004,6371.4691766666665,0.0,0.0,0.0
2059,6,18,2,86770.97634333333,46064.63101333333,31135.931343333334,47214.029643333335,6289.04826,0.0,0.0,0.0
2059,6,18,3,89236.54931999999,47718.93266666667,32942.518306666665,47657.29402333333,7174.896072333333,0.0,0.0,0.0
2059,6,18,4,103329.76346333332,51060.30278333334,35068.95617,51894.86223333334,7858.041815333333,0.0,0.0,0.0
2059,6,18,5,104853.97843333334,50162.688336666666,35441.10323,51792.39446,7923.7933330000005,0.0,0.0,0.0
2059,6,18,6,104935.82733333333,50532.193349999994,35132.58316,51499.590476666664,7770.445758333332,0.0,0.0,0.0
2059,6,18,7,98014.54039666666,52876.34119333333,39804.04602,54514.46372666667,8276.029717,0.0,0.0,0.0
2059,6,18,8,98340.95555333333,52321.51169000001,38196.12996333333,52856.403283333326,7147.3044039999995,0.0,0.0,0.0
2059,6,19,1,93043.84547666665,49127.17002333333,33356.55676,49024.89291,6407.885821,0.0,0.0,0.0
2059,6,19,2,87255.77803,46322.543653333334,31313.738263333333,47476.92677,6325.001865333333,0.0,0.0,0.0
2059,6,19,3,89734.99703333333,47985.04382333333,33125.36418,47922.42462666667,7214.635701666666,0.0,0.0,0.0
2059,6,19,4,103894.15337999999,51332.92372666667,35257.68536333333,52172.059089999995,7900.205589,0.0,0.0,0.0
2059,6,19,5,105427.43843333334,50433.348170000005,35631.521153333335,52070.62634333334,7966.120532333334,0.0,0.0,0.0
2059,6,19,6,105509.85933333333,50801.627490000006,35321.88434,51775.39821000001,7812.718482333334,0.0,0.0,0.0
2059,6,19,7,98553.70830333333,53157.541966666664,40028.78329,54816.174399999996,8321.380288,0.0,0.0,0.0
2059,6,19,8,98875.54753333335,52601.977049999994,38407.24844333334,53144.958203333335,7187.343646666667,0.0,0.0,0.0
2059,6,20,1,93064.24643,49136.212900000006,33364.455656666665,49034.371589999995,6391.270897666666,0.0,0.0,0.0
2059,6,20,2,87035.09916,46205.12244666667,31232.81541333333,47357.21760333333,6308.659317333334,0.0,0.0,0.0
2059,6,20,3,89507.72666333332,47863.80935333334,33042.017186666664,47801.65319333333,7196.440998333333,0.0,0.0,0.0
2059,6,20,4,103636.56754333334,51208.91102,35171.669083333334,52046.03080666667,7881.030332666666,0.0,0.0,0.0
2059,6,20,5,105165.63083333334,50309.389943333335,35544.57879333333,51944.21673000001,7946.863563333333,0.0,0.0,0.0
2059,6,20,6,105247.31633333334,50678.94943,35235.62292666667,51649.50611333334,7793.434275333333,0.0,0.0,0.0
2059,6,20,7,98307.80742000001,53029.08953999999,39926.17933333333,54678.95147333333,8300.761439666667,0.0,0.0,0.0
2059,6,20,8,98631.47158000001,52474.50517333334,38310.473326666666,53012.88318333333,7169.012755333333,0.0,0.0,0.0
2059,6,21,1,90402.23602666667,47891.34654666667,32902.588013333334,48729.74649333333,6398.733994666666,0.0,0.0,0.0
2059,6,21,2,82142.27648333333,45144.40937333333,30533.8174,46362.22881,6285.207761000001,0.0,0.0,0.0
2059,6,21,3,83308.18109000001,46065.802226666674,31853.151299999998,46184.42188666667,7046.688783666667,0.0,0.0,0.0
2059,6,21,4,92381.97228666667,48265.64537333333,33587.88552333334,49639.372716666665,7842.189543666667,0.0,0.0,0.0
2059,6,21,5,93016.25381333333,47061.85328666667,33615.31377,49309.008109999995,7813.235996333334,0.0,0.0,0.0
2059,6,21,6,90733.17262333333,46415.42380333333,32463.10966,47382.60303,7718.013416666666,0.0,0.0,0.0
2059,6,21,7,90221.48744666668,49369.121446666664,37268.30904,51775.61611333333,8111.868822666666,0.0,0.0,0.0
2059,6,21,8,89537.74247666665,48567.16538333333,35786.74811666667,49800.891566666665,7218.149349333333,0.0,0.0,0.0
2059,6,22,1,84727.72204666666,44621.09374666666,31408.633990000002,46014.35043666667,6267.830185,0.0,0.0,0.0
2059,6,22,2,78181.44208333333,41315.21419666667,29154.588063333333,43314.670463333336,6006.5128429999995,0.0,0.0,0.0
2059,6,22,3,76014.42021666667,41249.816763333336,29408.41507,41826.92661,6758.079386333334,0.0,0.0,0.0
2059,6,22,4,79556.50407000001,40442.35871,29194.518356666667,41368.54537666667,7400.8862733333335,0.0,0.0,0.0
2059,6,22,5,81174.28013,40102.76056,29362.002233333333,41978.63992666666,7455.9878973333325,0.0,0.0,0.0
2059,6,22,6,81054.62543999999,39746.00273666667,29156.68535666667,41443.47595666667,7478.1865253333335,0.0,0.0,0.0
2059,6,22,7,84109.04765333333,44589.607103333336,35356.20369,48287.87124,8011.552816,0.0,0.0,0.0
2059,6,22,8,84975.25717333333,44313.52699333333,34010.39486666667,46915.23339666667,6921.150777666667,0.0,0.0,0.0
2059,6,23,1,86797.66917,45322.89723,31287.699136666666,46163.06762333333,6308.169041,0.0,0.0,0.0
2059,6,23,2,85927.51020333334,45613.93077666667,30827.166136666667,46755.43051333333,6226.374588666667,0.0,0.0,0.0
2059,6,23,3,88370.04019000001,47255.948280000004,32623.78414666667,47196.59759666667,7105.331293333333,0.0,0.0,0.0
2059,6,23,4,102351.08997333334,50586.750223333336,34738.782230000004,51413.32906,7785.644327666666,0.0,0.0,0.0
2059,6,23,5,103857.54606666666,49694.17472666667,35108.723040000004,51310.47996,7850.524243,0.0,0.0,0.0
2059,6,23,6,103941.7919,50062.72642333333,34802.708829999996,51018.57481333333,7697.149430333334,0.0,0.0,0.0
2059,6,23,7,97077.84002333332,52389.714589999996,39414.84824,53991.42047666667,8198.075763333332,0.0,0.0,0.0
2059,6,23,8,97408.25910666666,51835.32088666666,37830.220316666666,52354.49639666666,7077.875812666666,0.0,0.0,0.0
2059,6,24,1,91779.39530666667,48462.954399999995,32897.14049666667,48354.30369333333,6302.667049666667,0.0,0.0,0.0
2059,6,24,2,85854.24111666666,45574.817613333325,30800.39159666667,46715.69088333333,6220.927072333333,0.0,0.0,0.0
2059,6,24,3,88295.05513,47215.82732333333,32596.029053333332,47156.66730333333,7099.366263333333,0.0,0.0,0.0
2059,6,24,4,102266.51726666668,50546.24794,34710.07382,51371.519373333336,7779.297971333333,0.0,0.0,0.0
2059,6,24,5,103771.20289999999,49653.89034666666,35080.178056666664,51268.77922333334,7844.177887000001,0.0,0.0,0.0
2059,6,24,6,103856.56546666667,50022.22414,34774.02765333333,50977.173689999996,7690.775836666668,0.0,0.0,0.0
2059,6,24,7,96996.99888333333,52347.98661666666,39381.26430666667,53946.23333333334,8191.402556,0.0,0.0,0.0
2059,6,24,8,97327.79929333333,51793.34777666667,37798.89709666666,52311.10693333333,7071.883545,0.0,0.0,0.0
2059,6,25,1,91740.25490333333,48442.47174,32882.65010666667,48333.49418333333,6301.223458,0.0,0.0,0.0
2059,6,25,2,85834.87519333333,45564.35838,30793.282583333334,46705.149939999996,6219.537956,0.0,0.0,0.0
2059,6,25,3,88275.08998666667,47205.20467,32588.729380000004,47146.04464666667,7097.786483666667,0.0,0.0,0.0
2059,6,25,4,102244.01907333334,50535.40738333333,34702.52901,51360.27025333333,7777.636479333333,0.0,0.0,0.0
2059,6,25,5,103748.48676666665,49643.04979,35072.55153333334,51257.63905333334,7842.516394666666,0.0,0.0,0.0
2059,6,25,6,103834.01276666667,50011.57424666666,34766.34665666667,50966.03352333334,7689.087106999999,0.0,0.0,0.0
2059,6,25,7,96975.53567333333,52337.03711,39372.493806666665,53934.35774666667,8189.604876,0.0,0.0,0.0
2059,6,25,8,97306.28160666667,51782.09865666667,37790.61687333333,52299.503723333335,7070.331002999999,0.0,0.0,0.0
2059,6,26,1,92063.23812666668,48613.768879999996,33000.07131,48506.23491666667,6337.313251333333,0.0,0.0,0.0
2059,6,26,2,86315.59124666666,45821.50837333334,30969.182879999997,46966.68518333333,6255.191948333333,0.0,0.0,0.0
2059,6,26,3,88768.38979333332,47468.70102,32770.64918,47408.53320666667,7137.362687333333,0.0,0.0,0.0
2059,6,26,4,102800.42832666666,50803.23450666666,34890.3866,51634.007933333334,7818.846937333333,0.0,0.0,0.0
2059,6,26,5,104314.2658,49909.406083333335,35261.58034000001,51532.16662,7884.080941666667,0.0,0.0,0.0
2059,6,26,6,104396.52326666667,50277.685399999995,34954.47662666666,51239.82567333333,7730.896792,0.0,0.0,0.0
2059,6,26,7,97508.24826000001,52612.10942666667,39592.92754,54231.54698333333,8233.784230333333,0.0,0.0,0.0
2059,6,26,8,97836.05253333335,52057.797439999995,37997.97657,52585.11698666667,7109.743781,0.0,0.0,0.0
2059,6,27,1,92084.21106333334,48622.675566666665,33007.91573666667,48515.35950333334,6320.861753,0.0,0.0,0.0
2059,6,27,2,86096.76452666667,45704.35954,30889.158866666665,46847.629723333324,6238.931112666666,0.0,0.0,0.0
2059,6,27,3,88543.65252333332,47348.69224333333,32687.737983333336,47288.96023,7119.276934333334,0.0,0.0,0.0
2059,6,27,4,102546.30172666667,50681.01948333334,34804.99678666666,51509.55943,7800.080245,0.0,0.0,0.0
2059,6,27,5,104056.2442,49787.872,35175.482346666664,51407.391266666666,7865.232536333333,0.0,0.0,0.0
2059,6,27,6,104139.42776666667,50156.26027,34869.05957333333,51114.886900000005,7711.884961,0.0,0.0,0.0
2059,6,27,7,97265.99722333334,52486.48971,39492.17573333333,54095.74041,8213.492233666666,0.0,0.0,0.0
2059,6,27,8,97594.53691333334,51932.53180999999,37903.08084,52454.921356666666,7091.766978666667,0.0,0.0,0.0
2059,6,28,1,89435.57431333333,47382.92988,32549.098703333333,48212.42313666667,6328.243137333334,0.0,0.0,0.0
2059,6,28,2,81236.7359,44650.64652333333,30196.18036,45858.79662,6215.724694666666,0.0,0.0,0.0
2059,6,28,3,82391.60928666667,45562.96926333333,31506.907176666664,45682.21538666667,6970.586985333332,0.0,0.0,0.0
2059,6,28,4,91391.06913,47751.48157333333,33230.80085333333,49118.0182,7762.083821,0.0,0.0,0.0
2059,6,28,5,92015.81750333332,46554.55336333333,33258.446996666666,48788.22557666667,7732.748947,0.0,0.0,0.0
2059,6,28,6,89750.03217333334,45912.94493,32111.853829999996,46870.97232666667,7637.172279666666,0.0,0.0,0.0
2059,6,28,7,89247.52606333334,48844.062620000004,36873.52755666667,51223.53760333333,8028.766966333334,0.0,0.0,0.0
2059,6,28,8,88571.57104333333,48047.499593333334,35412.667193333335,49274.68876,7140.549484333334,0.0,0.0,0.0
2059,6,29,1,85606.46085,45085.49448666667,31731.72616333333,46493.05090666667,6404.780737,0.0,0.0,0.0
2059,6,29,2,79898.74425666667,42225.112786666665,29794.208153333337,44262.29310666667,6138.969194333334,0.0,0.0,0.0
2059,6,29,3,77688.5236,42156.71922666667,30053.128589999997,42741.673493333336,6903.691489,0.0,0.0,0.0
2059,6,29,4,81296.87647333334,41333.6268,29835.772696666667,42281.658006666665,7555.650202666667,0.0,0.0,0.0
2059,6,29,5,82944.25978666666,40987.90019666666,30005.027023333332,42904.58146,7611.650666999999,0.0,0.0,0.0
2059,6,29,6,82820.81907333333,40622.617013333336,29796.14202,42358.84930666667,7634.611946666667,0.0,0.0,0.0
2059,6,29,7,85926.36622666667,45560.29998,36093.524979999995,49302.58004,8173.943267333333,0.0,0.0,0.0
2059,6,29,8,86808.89105333334,45279.78014333333,34720.396863333335,47910.54903999999,7069.023599333334,0.0,0.0,0.0
2059,6,30,1,88638.35758666667,46283.103639999994,31962.292279999998,47148.52326666666,6445.882245000001,0.0,0.0,0.0
2059,6,30,2,87761.25303666666,46591.16066666666,31498.654193333332,47750.58273333334,6362.535250666667,0.0,0.0,0.0
2059,6,30,3,90254.93519666667,48261.50526,33315.50972666666,48197.17009333333,7256.064060666667,0.0,0.0,0.0
2059,6,30,4,104482.02203333333,51618.01947333334,35455.15782,52461.24047,7943.840191666667,0.0,0.0,0.0
2059,6,30,5,106025.82083333335,50715.28436,35829.53835333334,52359.86220333333,8010.463312666667,0.0,0.0,0.0
2059,6,30,6,106110.01223333333,51084.62594666667,35518.97547,52062.836390000004,7856.5437483333335,0.0,0.0,0.0
2059,6,30,7,99114.55728999998,53452.334293333326,40263.89808333333,55131.14977333334,8368.501300999998,0.0,0.0,0.0
2059,6,30,8,99436.06969666667,52893.74600666666,38628.17246,53447.51324333334,7228.908193666667,0.0,0.0,0.0
2059,7,1,1,93693.18938666668,49465.70590666666,33592.379726666666,49366.53387666666,6440.298541666667,0.0,0.0,0.0
2059,7,1,2,87687.03063333333,46551.693413333334,31471.471090000003,47710.516253333335,6357.033259333333,0.0,0.0,0.0
2059,7,1,3,90178.77892,48220.75784,33287.67292333333,48156.885716666664,7249.962843,0.0,0.0,0.0
2059,7,1,4,104396.00575333333,51576.345976666664,35426.36769666667,52418.749846666666,7937.412123333333,0.0,0.0,0.0
2059,7,1,5,105938.44266666665,50674.101140000006,35800.47586,52317.20815333333,8003.953531,0.0,0.0,0.0
2059,7,1,6,106022.19823333334,51043.03416333333,35490.04916,52020.83604666666,7849.952254,0.0,0.0,0.0
2059,7,1,7,99032.13639333332,53409.10825333333,40229.55149666667,55085.03655333333,8361.474005333333,0.0,0.0,0.0
2059,7,1,8,99354.05733333335,52850.79234000001,38595.97763666667,53403.19770333333,7222.834212999999,0.0,0.0,0.0
2059,7,2,1,93653.12290666667,49444.86916,33577.971046666666,49345.53370333333,6438.827711999999,0.0,0.0,0.0
2059,7,2,2,87667.28338666668,46541.23418333333,31464.307606666665,47699.83912333334,6355.589667666667,0.0,0.0,0.0
2059,7,2,3,90158.45968666667,48210.08070666667,33280.20982333333,48146.20858333333,7248.383063333334,0.0,0.0,0.0
2059,7,2,4,104373.50752333335,51565.396466666665,35418.68670333333,52407.446253333335,7935.696155666667,0.0,0.0,0.0
2059,7,2,5,105914.90943333333,50663.17887,35792.849336666666,52305.98626666667,8002.210326,0.0,0.0,0.0
2059,7,2,6,105998.91006666666,51032.05741666667,35482.20473666667,52009.58692333333,7848.290761333334,0.0,0.0,0.0
2059,7,2,7,99010.48249333333,53397.69571,40220.345193333334,55072.861353333334,8359.676325333334,0.0,0.0,0.0
2059,7,2,8,99332.29450333334,52839.298083333335,38587.23437333333,53391.485543333336,7221.254433666666,0.0,0.0,0.0
2059,7,3,1,93981.77154666667,49618.64491666667,33696.672419999995,49519.44565,6475.407781999999,0.0,0.0,0.0
2059,7,3,2,88154.75435666666,46800.50871,31642.98613,47963.66232,6391.842886666666,0.0,0.0,0.0
2059,7,3,3,90660.09419666667,48477.41755333333,33463.98177333333,48411.31194666666,7288.313355333335,0.0,0.0,0.0
2059,7,3,4,104943.34493333334,51838.94348666666,35608.42368,52687.82990333333,7977.941642333334,0.0,0.0,0.0
2059,7,3,5,106492.97256666666,50934.928206666664,35984.955989999995,52587.32323,8044.809900666667,0.0,0.0,0.0
2059,7,3,6,106576.23786666668,51305.63167,35673.22188333334,52287.110623333334,7890.726911000001,0.0,0.0,0.0
2059,7,3,7,99551.80215666666,53683.22726000001,40447.64279666667,55377.840533333336,8405.571647333334,0.0,0.0,0.0
2059,7,3,8,99873.20560333332,53121.915213333334,38801.67584333333,53682.57356,7261.375389000001,0.0,0.0,0.0
2059,7,4,1,94002.58105666668,49627.52436666667,33704.707506666666,49530.04107,6458.711145333334,0.0,0.0,0.0
2059,7,4,2,87933.39454333333,46682.73341000001,31561.62748,47843.92592,6375.309675666667,0.0,0.0,0.0
2059,7,4,3,90431.84327666667,48355.72004666666,33380.416880000004,48290.45880666666,7270.200364666666,0.0,0.0,0.0
2059,7,4,4,104683.87976666668,51714.82183,35522.27121666667,52560.52145,7958.548485333333,0.0,0.0,0.0
2059,7,4,5,106229.77583333333,50810.72484,35897.03307666667,52459.551746666664,8025.389506666666,0.0,0.0,0.0
2059,7,4,6,106313.58586666668,51181.26488,35586.19781666667,52160.40140333333,7871.415466666666,0.0,0.0,0.0
2059,7,4,7,99305.38379666668,53553.058866666666,40344.22171,55239.06506666667,8384.680423666667,0.0,0.0,0.0
2059,7,4,8,99627.19578666666,52993.92582333333,38703.729503333336,53549.926543333335,7243.153448,0.0,0.0,0.0
2059,7,5,1,91325.37208666668,48377.646296666666,33241.04218333333,49223.999619999995,6466.174242,0.0,0.0,0.0
2059,7,5,2,83008.86732666667,45616.273206666665,30857.209183333336,46843.95265,6351.721931,0.0,0.0,0.0
2059,7,5,3,84185.66696666666,46547.11749999999,32184.79607,46663.77605666666,7119.467597333333,0.0,0.0,0.0
2059,7,5,4,93328.06962666666,48758.37319333333,33929.008976666664,50137.19396333333,7919.925597,0.0,0.0,0.0
2059,7,5,5,93973.02828000001,47546.19193333333,33957.00921,49804.86825,7890.073208999999,0.0,0.0,0.0
2059,7,5,6,91672.92360666666,46896.19432666667,32799.08521,47870.97283666666,7795.667757333334,0.0,0.0,0.0
2059,7,5,7,91154.21113333333,49870.647006666666,37648.24604333333,52305.19638,8191.811119999999,0.0,0.0,0.0
2059,7,5,8,90461.39605333334,49063.297900000005,36146.74721,50304.81403333333,7292.616892999999,0.0,0.0,0.0
2059,7,6,1,84943.06235333333,44735.736723333335,31488.84866666667,46127.76772333333,6257.616092333334,0.0,0.0,0.0
2059,7,6,2,78053.15308,41247.22919333333,29106.86782,43243.879993333336,5996.652839333333,0.0,0.0,0.0
2059,7,6,3,75889.48144333334,41182.07690666666,29360.23179,41758.69647,6747.238829666666,0.0,0.0,0.0
2059,7,6,4,79426.44462333333,40375.79006,29146.55297666667,41300.42419,7389.283064333334,0.0,0.0,0.0
2059,7,6,5,81042.06891666667,40036.709429999995,29313.927906666668,41909.53819,7444.330213333334,0.0,0.0,0.0
2059,7,6,6,80922.74108,39680.55083666667,29108.91064,41375.10963,7466.4743659999995,0.0,0.0,0.0
2059,7,6,7,83973.07765666668,44516.91000333333,35300.85693,48212.42313666667,7999.459330333334,0.0,0.0,0.0
2059,7,6,8,84838.17043333333,44241.238456666666,33957.49948666667,46840.84756333334,6910.037845,0.0,0.0,0.0
2059,7,7,1,86659.92873,45251.09897666667,31237.200663333333,46089.09035666666,6297.873235666666,0.0,0.0,0.0
2059,7,7,2,85790.12384999999,45540.44378666667,30776.912800000002,46680.99020666667,6216.187733666667,0.0,0.0,0.0
2059,7,7,3,88229.14018666667,47180.85427333333,32571.760366666666,47121.55806333333,7094.082172666666,0.0,0.0,0.0
2059,7,7,4,102192.15869333333,50510.59395,34685.09695666667,51334.74864333333,7773.877692999999,0.0,0.0,0.0
2059,7,7,5,103696.19063333333,49618.399776666665,35054.92881666667,51232.226389999996,7838.703133666667,0.0,0.0,0.0
2059,7,7,6,103781.74386666667,49987.03318666667,34748.72394333334,50940.51191,7685.246608,0.0,0.0,0.0
2059,7,7,7,96926.01774666666,52311.32483333334,39352.20180666667,53906.629890000004,8185.519239000001,0.0,0.0,0.0
2059,7,7,8,97257.17225,51756.46809333334,37771.44162,52272.97432,7066.65393,0.0,0.0,0.0
2059,7,8,1,91636.56143666666,48387.96934333333,32844.65368333333,48278.392556666666,6292.425719999999,0.0,0.0,0.0
2059,7,8,2,85716.90923666667,45501.35785666667,30750.192733333333,46641.19610333333,6210.794692333334,0.0,0.0,0.0
2059,7,8,3,88153.82828,47140.76055666667,32544.1687,47081.600529999996,7088.062667666666,0.0,0.0,0.0
2059,7,8,4,102107.42258999999,50469.79205333334,34656.55197666666,51292.99343333333,7767.504099666668,0.0,0.0,0.0
2059,7,8,5,103609.71130000001,49577.78854666667,35026.00251,51190.00814,7832.356777333333,0.0,0.0,0.0
2059,7,8,6,103695.91823333333,49946.39471666666,34720.015536666666,50898.920126666664,7678.818539333333,0.0,0.0,0.0
2059,7,8,7,96844.71357666666,52269.651333333335,39318.80853333334,53861.74236,8178.818794333333,0.0,0.0,0.0
2059,7,8,8,97176.57625,51714.41327,37739.900499999996,52229.77552,7060.716137333333,0.0,0.0,0.0
2059,7,9,1,91597.28484666666,48367.45944666667,32830.326713333336,48257.66475999999,6290.954890333333,0.0,0.0,0.0
2059,7,9,2,85697.48883999999,45491.06205,30743.083726666664,46630.600679999996,6209.323863333334,0.0,0.0,0.0
2059,7,9,3,88133.97208000002,47130.21961333333,32536.814553333334,47070.92340333333,7086.455650666667,0.0,0.0,0.0
2059,7,9,4,102085.55082333332,50459.08768333334,34648.952686666664,51281.962213333325,7765.869844666667,0.0,0.0,0.0
2059,7,9,5,103587.24033333334,49567.274843333325,35018.43046,51179.0314,7830.7225223333335,0.0,0.0,0.0
2059,7,9,6,103673.6107,49935.69034666667,34712.38901333333,50887.834429999995,7677.157047000001,0.0,0.0,0.0
2059,7,9,7,96823.57721,52258.565643333335,39310.25593666666,53850.111913333334,8177.021114,0.0,0.0,0.0
2059,7,9,8,97155.57607333333,51703.32757666666,37731.64751333334,52218.662586666665,7059.163595333334,0.0,0.0,0.0
2059,7,10,1,91919.96845333332,48538.53868333334,32947.93858666666,48430.29654,6326.962971000001,0.0,0.0,0.0
2059,7,10,2,86178.06870333334,45747.91243,30918.902303333332,46891.836310000006,6244.950618333333,0.0,0.0,0.0
2059,7,10,3,88626.97227999999,47393.28016333334,32718.407496666667,47333.4392,7125.950141333334,0.0,0.0,0.0
2059,7,10,4,102640.21689,50726.31558333334,34836.510663333334,51555.699889999996,7807.107540666667,0.0,0.0,0.0
2059,7,10,5,104151.82086666668,49832.84124666667,35207.37755333333,51453.53173000001,7872.314307333334,0.0,0.0,0.0
2059,7,10,6,104234.7048,50201.556366666664,34900.68240333333,51161.49039666667,7718.939494333333,0.0,0.0,0.0
2059,7,10,7,97356.01742666667,52532.87531,39529.355026666664,54145.77584333334,8220.982568333333,0.0,0.0,0.0
2059,7,10,8,97684.31197333334,51978.72674666666,37938.19008333333,52503.131870000005,7098.440185666666,0.0,0.0,0.0
2059,7,11,1,91940.85968,48547.58156,32955.75577333333,48439.50284333333,6310.538710333333,0.0,0.0,0.0
2059,7,11,2,85959.56883666666,45631.14492333333,30838.93277,46772.998753333326,6228.744257666666,0.0,0.0,0.0
2059,7,11,3,88402.80699666667,47273.489283333336,32635.932106666663,47214.056886666665,7107.918863333333,0.0,0.0,0.0
2059,7,11,4,102388.35099666666,50604.80874,34751.25704,51431.496523333335,7788.368085666666,0.0,0.0,0.0
2059,7,11,5,103895.27010000001,49711.93363000001,35121.470226666665,51329.055986666666,7853.302476333333,0.0,0.0,0.0
2059,7,11,6,103979.3525,50080.62151,34815.265353333336,51036.76952,7699.9549013333335,0.0,0.0,0.0
2059,7,11,7,97113.24887666666,52407.936526666665,39429.50206,54011.031533333335,8200.962946666667,0.0,0.0,0.0
2059,7,11,8,97443.47729333333,51853.97863,37844.08424333334,52373.53547,7080.4906206666665,0.0,0.0,0.0
2059,7,12,1,89294.1568,47308.27167333334,32497.42901333333,48136.51200333334,6317.920094666667,0.0,0.0,0.0
2059,7,12,2,81104.06164666667,44578.19456333333,30146.553486666668,45784.87383,6205.592314999999,0.0,0.0,0.0
2059,7,12,3,82257.30078,45489.26437333333,31456.326993333332,45608.70116333334,6959.555765666667,0.0,0.0,0.0
2059,7,12,4,91245.78387666667,47676.550989999996,33178.5047,49041.2627,7750.180998666667,0.0,0.0,0.0
2059,7,12,5,91869.96026,46480.058580000004,33206.041893333335,48711.769693333335,7720.873362666666,0.0,0.0,0.0
2059,7,12,6,89605.99985000001,45839.40346333333,32060.32033,46795.687653333334,7625.351169666667,0.0,0.0,0.0
2059,7,12,7,89104.77390333335,48767.98805666666,36815.6477,51142.94160666667,8016.673480666667,0.0,0.0,0.0
2059,7,12,8,88429.41811000001,47971.152656666665,35357.728996666665,49197.551929999994,7129.164175666668,0.0,0.0,0.0
2059,7,13,1,86322.42787666667,45464.47817333334,31996.39373,46881.050233333335,6492.158893666667,0.0,0.0,0.0
2059,7,13,2,80995.87397999999,42807.64291333334,30202.90804,44867.13080666666,6223.623593,0.0,0.0,0.0
2059,7,13,3,78759.45076333334,42737.26100666667,30465.205936666665,43325.61997,6996.217548333334,0.0,0.0,0.0
2059,7,13,4,82409.50437666666,41904.036199999995,30245.562090000003,42865.98581,7654.549855333334,0.0,0.0,0.0
2059,7,13,5,84073.55709,41554.27843333333,30415.6063,43496.78092333333,7710.686507666666,0.0,0.0,0.0
2059,7,13,6,83947.25643000001,41183.820113333335,30204.351633333335,42944.89308,7734.274252,0.0,0.0,0.0
2059,7,13,7,87086.90503333333,46179.21950666667,36567.10478666666,49952.55041,8279.516127333334,0.0,0.0,0.0
2059,7,13,8,87975.80345333333,45897.22884333334,35173.22163,48542.81498333334,7163.538001666667,0.0,0.0,0.0
2059,7,14,1,89813.63192333333,46895.84023666667,32391.0935,47774.96037000001,6533.5600153333335,0.0,0.0,0.0
2059,7,14,2,88927.89306333334,47210.7339,31926.229723333334,48382.00431333333,6449.504843333333,0.0,0.0,0.0
2059,7,14,3,91453.38871333333,48899.981373333336,33755.47835333333,48832.5956,7351.341115333334,0.0,0.0,0.0
2059,7,14,4,105847.93223333334,52271.55796666667,35910.46120666667,53133.954226666676,8045.163989333334,0.0,0.0,0.0
2059,7,14,5,107411.85956666667,51363.29362666667,36290.42544333333,53032.467000000004,8112.168436,0.0,0.0,0.0
2059,7,14,6,107493.89913333334,51737.37455,35975.72244666667,52729.639586666664,7959.0659989999995,0.0,0.0,0.0
2059,7,14,7,100411.33848666667,54138.911969999994,40809.11272333333,55863.486586666666,8478.486648666667,0.0,0.0,0.0
2059,7,14,8,100733.99484333333,53575.63881666667,39144.29736333334,54145.77584333334,7325.438177,0.0,0.0,0.0
2059,7,15,1,94915.01275,50106.03417,34033.98261,50009.69485333333,6527.921836,0.0,0.0,0.0
2059,7,15,2,88853.50722999999,47171.02151,31898.74700666667,48341.42031666666,6443.948376666667,0.0,0.0,0.0
2059,7,15,3,91376.74216333334,48859.315663333335,33727.478123333334,48791.95712666667,7345.267135333333,0.0,0.0,0.0
2059,7,15,4,105760.33613333333,52229.93894666666,35881.480423333334,53091.02779666666,8038.708683,0.0,0.0,0.0
2059,7,15,5,107322.5748,51322.05593333333,36260.62753333333,52989.34991,8105.6314170000005,0.0,0.0,0.0
2059,7,15,6,107405.43153333334,51695.891716666665,35946.63271333333,52686.33183333333,7952.392792333333,0.0,0.0,0.0
2059,7,15,7,100328.31835,54094.56919333333,40774.112433333336,55816.14767,8471.404877666666,0.0,0.0,0.0
2059,7,15,8,100650.59339,53531.97698,39111.176459999995,54100.86107666666,7319.228008666666,0.0,0.0,0.0
2059,7,16,1,94874.67389333334,50084.95228666667,34019.383266666664,49988.72191666666,6526.451006666666,0.0,0.0,0.0
2059,7,16,2,88833.59655999999,47160.643990000004,31891.501813333336,48330.74319,6442.45031,0.0,0.0,0.0
2059,7,16,3,91356.69530333334,48848.63853,33720.06950333333,48781.30723666667,7343.687355333333,0.0,0.0,0.0
2059,7,16,4,105737.45656666667,52218.907726666665,35873.881133333336,53079.69696333333,8036.992715333334,0.0,0.0,0.0
2059,7,16,5,107299.3956,51311.324323333334,36252.89206,52978.12803,8103.888211666667,0.0,0.0,0.0
2059,7,16,6,107382.17063333334,51685.07839333333,35939.06066333334,52675.218903333334,7950.676825,0.0,0.0,0.0
2059,7,16,7,100306.63722666667,54082.93875,40764.987843333336,55803.86352333333,8469.525485,0.0,0.0,0.0
2059,7,16,8,100628.85781333334,53520.29206,39102.62386666667,54089.094436666666,7317.620991666667,0.0,0.0,0.0
2059,7,17,1,95206.04628666666,50258.31948,34138.49320333334,50163.53270666667,6563.494115333334,0.0,0.0,0.0
2059,7,17,2,89323.4372,47420.19089,32071.56945,48595.98274,6479.057617333333,0.0,0.0,0.0
2059,7,17,3,91858.98351666667,49115.10377666666,33904.35896666667,49048.34446666667,7383.699360333333,0.0,0.0,0.0
2059,7,17,4,106311.95163333333,52491.61037333333,36065.960549999996,53361.98724333334,8079.428865000001,0.0,0.0,0.0
2059,7,17,5,107882.79733333334,51582.22929333333,36447.01429666667,53260.60897333333,8146.732925333334,0.0,0.0,0.0
2059,7,17,6,107963.1482,51955.87441333333,36130.840463333334,52956.801003333334,7993.957339333333,0.0,0.0,0.0
2059,7,17,7,100851.41607333334,54372.5287,40995.00920666667,56113.445856666665,8515.556994999999,0.0,0.0,0.0
2059,7,17,8,101175.3798,53806.913113333336,39320.47003,54383.45096333334,7358.177748333333,0.0,0.0,0.0
2059,7,18,1,95228.43558333332,50269.21451333334,34146.88238,50173.47442333333,6546.552340666666,0.0,0.0,0.0
2059,7,18,2,89100.25246666667,47301.95255666666,31989.584333333332,48475.29302666667,6462.388218666667,0.0,0.0,0.0
2059,7,18,3,91630.05165666666,48993.787593333334,33820.385506666666,48926.78315,7365.368469000001,0.0,0.0,0.0
2059,7,18,4,106050.03503333333,52367.27082333333,35978.09211666667,53233.15349,8060.008470333334,0.0,0.0,0.0
2059,7,18,5,107616.90406666667,51458.51620333333,36358.54663,53132.40168333333,8127.312530666666,0.0,0.0,0.0
2059,7,18,6,107698.04479999999,51832.73331666666,36043.24441,52828.56647333333,7974.237331333333,0.0,0.0,0.0
2059,7,18,7,100603.06382,54240.453669999995,40889.95385666667,55972.08281666667,8494.665771333333,0.0,0.0,0.0
2059,7,18,8,100925.74740666668,53676.06377333333,39221.05285666667,54249.414833333336,7339.710669,0.0,0.0,0.0
2059,7,19,1,92529.19140999998,49012.09124666667,33680.54777333333,49865.96214333334,6554.206100666666,0.0,0.0,0.0
2059,7,19,2,84138.76385666667,46232.06041666667,31279.309963333333,47469.79052,6438.528098333333,0.0,0.0,0.0
2059,7,19,3,85327.84764333333,47174.01764333333,32616.729613333333,47286.999123333335,7214.227137999999,0.0,0.0,0.0
2059,7,19,4,94558.93586333333,49396.05941333333,34372.87258333334,50784.16819999999,8020.922543333334,0.0,0.0,0.0
2059,7,19,5,95221.59895000001,48174.37224333334,34401.008996666664,50449.41834333333,7990.825017333334,0.0,0.0,0.0
2059,7,19,6,92897.22558666667,47523.77540666666,33235.75809333333,48505.417786666665,7897.454593666666,0.0,0.0,0.0
2059,7,19,7,92370.28736666667,50520.39948,38147.047843333334,52998.992013333336,8297.057129,0.0,0.0,0.0
2059,7,19,8,91665.43327,49708.910253333335,36620.10911333333,50964.39926666667,7389.773340666667,0.0,0.0,0.0
2059,7,20,1,87103.60167,45879.49718,32286.719093333333,47296.06923666666,6459.419322333332,0.0,0.0,0.0
2059,7,20,2,80583.44254666667,42588.65277,30049.31533,44639.887676666665,6191.891812333332,0.0,0.0,0.0
2059,7,20,3,78356.87933333333,42518.870090000004,30310.36029333333,43106.33021666666,6961.380683333334,0.0,0.0,0.0
2059,7,20,4,81991.462,41689.594730000004,30091.533573333334,42646.314730000006,7617.506746999999,0.0,0.0,0.0
2059,7,20,5,83649.35902,41341.25332333333,30261.387123333334,43274.168183333335,7673.534449,0.0,0.0,0.0
2059,7,20,6,83524.22957333333,40972.86505,30051.14024333333,42724.513816666666,7696.768104333333,0.0,0.0,0.0
2059,7,20,7,86650.91309,45947.01914,36388.53521,49707.98418,8239.722023,0.0,0.0,0.0
2059,7,20,8,87537.49631999999,45665.13742666666,35003.04123,48305.357760000006,7128.1291476666665,0.0,0.0,0.0
2059,7,21,1,81353.20379,42420.89651333333,29337.188796666665,43271.25376,5639.3502653333335,0.0,0.0,0.0
2059,7,21,2,76896.42753,40804.42785666667,27557.349140000002,41841.498713333334,5565.100622333334,0.0,0.0,0.0
2059,7,21,3,79089.10719666666,42302.821606666665,29204.214933333333,42258.424349999994,6365.640334666667,0.0,0.0,0.0
2059,7,21,4,91907.54812333333,45451.186233333334,31181.96285333333,46188.34409666667,6992.513237,0.0,0.0,0.0
2059,7,21,5,93240.71870666667,44604.860153333335,31530.821776666668,46087.75571666667,7054.614919333333,0.0,0.0,0.0
2059,7,21,6,93350.59510666667,44942.497193333336,31241.095636666665,45808.13472,6912.325801666666,0.0,0.0,0.0
2059,7,21,7,87102.37598,47123.43745666667,35418.22366333333,48521.89652,7382.473669333333,0.0,0.0,0.0
2059,7,21,8,87466.62413666667,46623.57338666666,34020.99028333333,47050.30455,6340.25491,0.0,0.0,0.0
2059,7,22,1,91801.56669666666,48481.20357666666,32886.327176666666,48371.08204333333,6657.218628,0.0,0.0,0.0
2059,7,22,2,90558.47078333334,48073.13015666666,32523.522613333334,49261.69643333333,6571.610914,0.0,0.0,0.0
2059,7,22,3,93121.33639666667,49785.39338,34368.97760666667,49722.61076,7485.486196666668,0.0,0.0,0.0
2059,7,22,4,107767.28276666667,53182.736730000004,36549.72720666666,54079.28891333333,8186.853880333333,0.0,0.0,0.0
2059,7,22,5,109359.91853333334,52267.390616666664,36941.294656666665,53978.564340000004,8255.356394,0.0,0.0,0.0
2059,7,22,6,109440.73243333334,52643.5416,36615.91452666667,53665.71349333334,8103.016609333333,0.0,0.0,0.0
2059,7,22,7,102228.8477,55110.06788333333,41581.10745,56897.779206666666,8634.748645,0.0,0.0,0.0
2059,7,22,8,102563.05283333334,54540.884179999994,39874.26450333333,55133.05640333333,7459.937346666667,0.0,0.0,0.0
2059,7,23,1,96677.96510999999,51021.92503333333,34666.057890000004,50927.24720666666,6655.720561333333,0.0,0.0,0.0
2059,7,23,2,90538.50563999999,48062.53473666666,32516.222940000003,49250.91035333333,6570.112847333334,0.0,0.0,0.0
2059,7,23,3,93100.90821000001,49774.58006333333,34361.54174666666,49711.77020333334,7483.824704333333,0.0,0.0,0.0
2059,7,23,4,107743.88566666667,53171.78722333334,36541.882783333334,54067.71294,8185.165150333334,0.0,0.0,0.0
2059,7,23,5,109336.30353333334,52256.68624666667,36933.31404666667,53966.98837,8253.531476,0.0,0.0,0.0
2059,7,23,6,109416.92676666666,52632.37419,36608.09734,53654.32819,8101.382354666667,0.0,0.0,0.0
2059,7,23,7,102206.64913333334,55098.137826666665,41571.65601,56885.14097,8632.896489333332,0.0,0.0,0.0
2059,7,23,8,102540.66353333334,54529.17202,39865.43952666666,55121.07187000001,7458.275854333333,0.0,0.0,0.0
2059,7,24,1,97017.83563333332,51198.77864333333,34786.58418333333,51105.380983333336,6693.362896333333,0.0,0.0,0.0
2059,7,24,2,91035.40081,48325.26843333334,32697.652459999998,49518.029299999995,6607.264906666666,0.0,0.0,0.0
2059,7,24,3,93610.49609333334,50044.12315666667,34547.90126666667,49982.64793666667,7524.898975,0.0,0.0,0.0
2059,7,24,4,108333.90613333334,53453.451036666665,36736.49529333333,54359.01885666666,8228.718040666667,0.0,0.0,0.0
2059,7,24,5,109933.16063333333,52534.26442666666,37132.42075333333,54258.21257,8297.574643,0.0,0.0,0.0
2059,7,24,6,110016.56206666667,52908.10021333333,36804.01725333333,53940.458966666665,8145.098670333333,0.0,0.0,0.0
2059,7,24,7,102763.05836666666,55397.75120666667,41809.54903333334,57203.08524000001,8681.787945333333,0.0,0.0,0.0
2059,7,24,8,103102.32966666667,54828.45854666667,40088.733206666664,55424.307850000005,7498.941561333333,0.0,0.0,0.0
2059,7,25,1,97040.98758999999,51210.13671333333,34795.43639333333,51115.295459999994,6676.203221333333,0.0,0.0,0.0
2059,7,25,2,90808.94757,48205.36860666666,32615.06812,49396.46797666667,6590.323132,0.0,0.0,0.0
2059,7,25,3,93378.1323,49921.82642,34463.30134666667,49858.689710000006,7506.186757333334,0.0,0.0,0.0
2059,7,25,4,108064.63539999998,53325.025846666664,36647.564593333336,54225.85432666666,8208.780132,0.0,0.0,0.0
2059,7,25,5,109660.29453333333,52406.65636,37041.47447666666,54125.48385,8277.691209333332,0.0,0.0,0.0
2059,7,25,6,109742.41586666666,52782.37154,36714.405613333336,53809.85477,8125.160761666667,0.0,0.0,0.0
2059,7,25,7,102509.2586,55260.74617666667,41700.89832666667,57058.317506666666,8659.371417666667,0.0,0.0,0.0
2059,7,25,8,102845.8334,54692.29788333334,39986.75570666667,55285.50513666667,7480.501719666667,0.0,0.0,0.0
2059,7,26,1,94299.93371666667,49940.892726666665,34324.607586666665,50804.324010000004,6683.693555666668,0.0,0.0,0.0
2059,7,26,2,85792.33009666666,47130.90055333333,31897.412366666667,48384.210556666665,6566.108923333333,0.0,0.0,0.0
2059,7,26,3,86998.73698666667,48090.58944333333,33248.17843,48199.67595333333,7352.403381,0.0,0.0,0.0
2059,7,26,4,96363.94305,50329.05548,35022.87019,51730.61963,8169.013265333334,0.0,0.0,0.0
2059,7,26,5,97047.60630666667,49095.57443,35050.95213333333,51391.72965666667,8138.588888666666,0.0,0.0,0.0
2059,7,26,6,94688.12370666668,48438.604003333334,33873.98906666667,49430.297053333335,8047.424709,0.0,0.0,0.0
2059,7,26,7,94150.59006999999,51467.31394,38886.24852666666,54025.14060333333,8454.95338,0.0,0.0,0.0
2059,7,26,8,93427.40508333333,50647.46279,37318.67132666666,51938.11551333333,7530.891242333334,0.0,0.0,0.0
2059,7,27,1,89018.04945333333,46891.291560000005,32994.514846666665,48327.09335333333,6612.467283999999,0.0,0.0,0.0
2059,7,27,2,82502.90204,43608.346046666666,30764.737600000004,45695.343903333334,6339.846346333333,0.0,0.0,0.0
2059,7,27,3,80229.98047,43535.70342666667,31030.412956666667,44126.70443333333,7123.743897333334,0.0,0.0,0.0
2059,7,27,4,83935.68046,42687.715846666666,30808.099830000003,43669.22204,7788.6676990000005,0.0,0.0,0.0
2059,7,27,5,85626.50770999999,42333.27322,30979.560393333333,44310.83047666666,7844.804351333333,0.0,0.0,0.0
2059,7,27,6,85495.386,41955.67865,30764.81931333333,43750.66240666667,7871.878506,0.0,0.0,0.0
2059,7,27,7,88676.98047666666,47029.03200666667,37221.48764,50851.11817333333,8426.435633666668,0.0,0.0,0.0
2059,7,27,8,89578.29923333332,46743.391503333325,35797.15287333333,49412.347486666666,7292.807556,0.0,0.0,0.0
2059,7,28,1,91431.02665999999,47732.769356666664,32978.41744,48632.12701,6654.658295333334,0.0,0.0,0.0
2059,7,28,2,90524.31486,48055.017166666665,32510.96609,49243.28383,6569.050582,0.0,0.0,0.0
2059,7,28,3,93086.44505333334,49766.953539999995,34356.20318333333,49704.089206666664,7482.680726,0.0,0.0,0.0
2059,7,28,4,107727.54313333333,53163.75213666667,36536.38079333334,54059.45995333333,8183.939459333334,0.0,0.0,0.0
2059,7,28,5,109319.66136666667,52248.97801333333,36927.675866666665,53958.817093333324,8252.305784999999,0.0,0.0,0.0
2059,7,28,6,109400.09393333334,52624.52976666667,36602.48639666667,53646.21138666666,8100.156663333332,0.0,0.0,0.0
2059,7,28,7,102190.96026666666,55089.63970333334,41564.955566666664,56876.26152,8631.507373333334,0.0,0.0,0.0
2059,7,28,8,102525.02913333334,54520.78284333334,39859.147646666665,55112.49203,7457.1318759999995,0.0,0.0,0.0
2059,7,29,1,96602.51701666666,50983.00253333334,34639.201636666665,50888.18851666667,6648.911166000001,0.0,0.0,0.0
2059,7,29,2,90448.37648666666,48014.92345,32483.319946666667,49202.64535666667,6563.33069,0.0,0.0,0.0
2059,7,29,3,93009.36270333333,49725.87927333333,34327.68543666667,49662.742560000006,7476.361607333333,0.0,0.0,0.0
2059,7,29,4,107637.93146666668,53121.31598666666,36506.93696666667,54015.035456666665,8177.375202666667,0.0,0.0,0.0
2059,7,29,5,109228.6606,52207.0049,36897.278726666664,53914.528790000004,8245.550865,0.0,0.0,0.0
2059,7,29,6,109308.92973333334,52582.2298,36572.60677666666,53602.98535,8093.537931666667,0.0,0.0,0.0
2059,7,29,7,102106.8506,55044.28913333333,41528.78406,56828.26890333334,8624.071513666668,0.0,0.0,0.0
2059,7,29,8,102439.6666,54475.35056333333,39824.937243333334,55066.18814666666,7450.8672326666665,0.0,0.0,0.0
2059,7,30,1,96560.59837666666,50961.75722333333,34624.24820333333,50866.752543333336,6647.385861333333,0.0,0.0,0.0
2059,7,30,2,90428.35686666665,48004.35526666667,32475.99304,49191.91375,6561.832622666666,0.0,0.0,0.0
2059,7,30,3,92988.79833333334,49715.06594666667,34320.14062333333,49651.73857666666,7474.727352333332,0.0,0.0,0.0
2059,7,30,4,107614.26203333335,53109.84896666667,36499.03807,54003.21435,8175.659235,0.0,0.0,0.0
2059,7,30,5,109204.58260000001,52195.94644666667,36889.24364,53902.73491666667,8243.753185,0.0,0.0,0.0
2059,7,30,6,109284.6066,52570.87173333333,36564.78959,53591.46385333333,8091.767488666667,0.0,0.0,0.0
2059,7,30,7,102084.67920000001,55032.359073333326,41519.14195666667,56815.49447666667,8622.164883,0.0,0.0,0.0
2059,7,30,8,102417.19556666666,54463.52945,39815.86713,55053.95846999999,7449.232977666667,0.0,0.0,0.0
2059,7,31,1,96900.60509000001,51138.175026666664,34745.01963333334,51044.69565333333,6685.000959666667,0.0,0.0,0.0
2059,7,31,2,90925.06137000001,48267.06172666667,32657.39532,49458.62413666667,6599.0119196666665,0.0,0.0,0.0
2059,7,31,3,93497.21499666666,49984.50009000001,34506.55462,49922.26222,7515.7471479999995,0.0,0.0,0.0
2059,7,31,4,108202.64823333333,53391.18593,36693.18754,54294.08446666666,8218.939749666666,0.0,0.0,0.0
2059,7,31,5,109800.62253333333,52472.35341,37088.35035,54193.74122333334,8287.850827,0.0,0.0,0.0
2059,7,31,6,109882.79836666667,52846.679466666676,36760.30093666667,53876.968166666666,8135.374854333332,0.0,0.0,0.0
2059,7,31,7,102639.34526666667,55330.99189666667,41756.626416666666,57132.70333333333,8670.892913666667,0.0,0.0,0.0
2059,7,31,8,102977.66326666666,54762.08056333333,40039.02462666667,55357.00378666667,7489.980397666666,0.0,0.0,0.0
2059,8,1,1,96923.67531666666,51149.15177333334,34753.599473333335,51054.06538000001,6667.841283999999,0.0,0.0,0.0
2059,8,1,2,90698.66261,48147.025709999994,32574.7565,49337.09005333334,6582.097382333333,0.0,0.0,0.0
2059,8,1,3,93265.01462999999,49861.713083333336,34421.87299,49799.03941,7497.034930666666,0.0,0.0,0.0
2059,8,1,4,107932.83276666666,53261.99808666667,36604.42026666667,54161.028889999994,8199.001841,0.0,0.0,0.0
2059,8,1,5,109527.48413333333,52344.71810666667,36997.45854666667,54060.68564333334,8267.885681,0.0,0.0,0.0
2059,8,1,6,109609.27856666666,52721.19593666666,36670.907199999994,53746.146069999995,8115.409708333334,0.0,0.0,0.0
2059,8,1,7,102385.08246666666,55193.986866666666,41647.893996666666,56987.14570666667,8648.449147666666,0.0,0.0,0.0
2059,8,1,8,102721.1125,54625.26620333333,39936.96541333333,55218.33726666667,7471.37713,0.0,0.0,0.0
2059,8,2,1,94185.15455666666,49880.806626666665,34283.20646666666,50743.63868,6675.304380999999,0.0,0.0,0.0
2059,8,2,2,85685.58602333332,47073.075170000004,31857.563786666666,48325.29567,6557.910411666667,0.0,0.0,0.0
2059,8,2,3,86890.93064666666,48031.59284666667,33207.676146666665,48140.788303333335,7343.605643,0.0,0.0,0.0
2059,8,2,4,96247.88372333332,50269.07832666667,34980.86984,51670.17944,8159.534587666666,0.0,0.0,0.0
2059,8,2,5,96929.66758666666,49035.84242,35009.16968666667,51331.289469999996,8129.055735666666,0.0,0.0,0.0
2059,8,2,6,94572.69084333333,48379.743593333325,33833.214406666666,49371.16426333333,8037.864318,0.0,0.0,0.0
2059,8,2,7,94035.67471666668,51405.53910999999,38838.28315,53958.871569999996,8444.766525000001,0.0,0.0,0.0
2059,8,2,8,93314.26017333334,50587.07707,37273.293516666665,51875.360129999994,7521.848366000001,0.0,0.0,0.0
2059,8,3,1,87371.56498000001,46019.58005333333,32385.37361,47437.023713333336,6427.742016666667,0.0,0.0,0.0
2059,8,3,2,80186.10073,42377.58876333333,29901.306320000003,44420.78858666667,6161.140584333333,0.0,0.0,0.0
2059,8,3,3,77969.07067,42308.786636666664,30161.016643333336,42894.93936,6927.987410333334,0.0,0.0,0.0
2059,8,3,4,81588.69990666666,41483.05216,29943.224953333334,42434.67873,7581.607616,0.0,0.0,0.0
2059,8,3,5,83240.19609333335,41136.29053,30112.724413333333,43059.69947666667,7637.717030666667,0.0,0.0,0.0
2059,8,3,6,83116.01996333334,40769.56375666666,29903.29466,42512.25135666667,7660.841736666666,0.0,0.0,0.0
2059,8,3,7,86230.58275666666,45722.826616666665,36216.85674333333,49472.70596666667,8201.453223333332,0.0,0.0,0.0
2059,8,3,8,87114.90526333333,45441.59860666667,34839.15271,48076.26247666666,7093.782559333333,0.0,0.0,0.0
2059,8,4,1,88946.16948,46444.077736666666,32074.783486666667,47312.76587333333,6468.789049666666,0.0,0.0,0.0
2059,8,4,2,88067.15830000001,46753.986919999996,31610.927496666667,47916.32340666666,6385.305867666667,0.0,0.0,0.0
2059,8,4,3,90569.58372,48429.098086666665,33430.94259333333,48363.67342,7281.149871999999,0.0,0.0,0.0
2059,8,4,4,104840.95886666665,51789.97031333333,35574.158806666666,52637.22247666667,7970.260644666666,0.0,0.0,0.0
2059,8,4,5,106388.57089999999,50886.09122333333,35950.22807333333,52536.87923333333,8037.319566333333,0.0,0.0,0.0
2059,8,4,6,106472.1903,51256.41336333333,35638.76634666667,52237.07519,7883.073151333333,0.0,0.0,0.0
2059,8,4,7,99454.45504999999,53631.55757333333,40406.650239999995,55322.95681,8397.318660333332,0.0,0.0,0.0
2059,8,4,8,99775.80404,53071.14436333333,38762.753339999996,53630.168456666666,7254.239143,0.0,0.0,0.0
2059,8,5,1,94012.95857333334,49633.135310000005,33708.11220333333,49535.10726,6463.232583333333,0.0,0.0,0.0
2059,8,5,2,87993.09932,46714.492430000006,31583.580966666665,47876.175213333336,6379.749401,0.0,0.0,0.0
2059,8,5,3,90493.29125666666,48388.67752,33402.86064333334,48323.1439,7275.1031293333335,0.0,0.0,0.0
2059,8,5,4,104753.58073333332,51748.35129333333,35545.368683333334,52594.54119333334,7963.778100666667,0.0,0.0,0.0
2059,8,5,5,106300.48456666667,50844.17259,35920.648063333334,52494.33413333333,8030.728072000001,0.0,0.0,0.0
2059,8,5,6,106384.2129,51214.79434,35609.649373333334,52194.55732666666,7876.617844666666,0.0,0.0,0.0
2059,8,5,7,99371.54387666668,53587.922966666665,40371.97680333333,55276.46226333334,8390.209652333333,0.0,0.0,0.0
2059,8,5,8,99693.54655000001,53028.21793666666,38729.932056666665,53585.74396,7248.083450000001,0.0,0.0,0.0
2059,8,6,1,93972.75591,49612.434746666666,33693.594573333336,49514.05261333333,6461.734516666666,0.0,0.0,0.0
2059,8,6,2,87973.48826,46704.169389999995,31576.36301,47865.552560000004,6378.305809333334,0.0,0.0,0.0
2059,8,6,3,90472.99926,48377.80972666667,33395.479263333335,48312.357820000005,7273.468874000001,0.0,0.0,0.0
2059,8,6,4,104730.97353333332,51737.238359999996,35537.85111333333,52583.21035666667,7962.116608,0.0,0.0,0.0
2059,8,6,5,106277.19646666666,50833.05965666667,35912.939823333334,52482.976063333335,8029.012104333334,0.0,0.0,0.0
2059,8,6,6,106360.73413333333,51203.81759333333,35601.859423333335,52183.36268333333,7874.929115,0.0,0.0,0.0
2059,8,6,7,99349.86275333333,53576.401470000004,40362.90669,55264.17811,8388.357496999999,0.0,0.0,0.0
2059,8,6,8,99671.67475666666,53016.805389999994,38721.46117,53573.95009,7246.476432666666,0.0,0.0,0.0
2059,8,7,1,94303.0388,49786.15603666666,33812.56832333333,49688.999586666665,6498.559725,0.0,0.0,0.0
2059,8,7,2,88462.37558333333,46963.68905000001,31755.613523333333,48130.35631,6414.722453666666,0.0,0.0,0.0
2059,8,7,3,90976.13183666667,48645.66409,33579.932153333335,48578.76859,7313.426404333334,0.0,0.0,0.0
2059,8,7,4,105304.16113333334,52011.439080000004,35729.031683333335,52865.500636666664,8004.743420999999,0.0,0.0,0.0
2059,8,7,5,106857.81996666668,51106.225346666666,36106.68073,52764.04065,8071.421016333334,0.0,0.0,0.0
2059,8,7,6,106942.17473333333,51478.18173666667,35793.80265,52463.310529999995,7918.018966333333,0.0,0.0,0.0
2059,8,7,7,99894.04235,53864.60230666667,40591.72959666667,55571.17287666667,8434.688620333332,0.0,0.0,0.0
2059,8,7,8,100216.42635666666,53302.39141666667,38937.91822,53866.97197333333,7286.897001,0.0,0.0,0.0
2059,8,8,1,94323.90278666666,49796.152226666665,33820.903020000005,49699.295393333334,6481.7813756666665,0.0,0.0,0.0
2059,8,8,2,88239.29980333334,46845.31453,31674.036973333335,48009.74830666667,6398.134767666666,0.0,0.0,0.0
2059,8,8,3,90747.17274,48523.694203333325,33495.76803,48457.42517333333,7295.204462999999,0.0,0.0,0.0
2059,8,8,4,105042.29903333333,51886.17344666666,35641.65353,52736.72135666667,7985.214076,0.0,0.0,0.0
2059,8,8,5,106593.3703,50982.04922000001,36018.512683333334,52636.432590000004,8052.13681,0.0,0.0,0.0
2059,8,8,6,106676.60833333334,51353.433619999996,35706.34278333333,52335.43009,7898.353433666667,0.0,0.0,0.0
2059,8,8,7,99645.74458333333,53732.74518,40487.30071666667,55431.19895333333,8413.606733666666,0.0,0.0,0.0
2059,8,8,8,99967.55658333334,53171.923409999996,38839.100276666664,53733.37164666667,7268.320971666667,0.0,0.0,0.0
2059,8,9,1,91640.21127333333,48544.09515,33356.3661,49393.14499333333,6489.217235,0.0,0.0,0.0
2059,8,9,2,83305.15772,45777.57415666667,30967.766523333335,47008.30420333333,6374.4653106666665,0.0,0.0,0.0
2059,8,9,3,84485.17139333334,46711.49629666667,32298.34954,46827.58286333334,7144.362745333333,0.0,0.0,0.0
2059,8,9,4,93651.05285,48926.211160000006,34045.96714666666,50306.66618666667,7946.237099333334,0.0,0.0,0.0
2059,8,9,5,94300.88703333335,47711.38785666667,34073.586050000005,49974.531136666665,7916.520899666667,0.0,0.0,0.0
2059,8,9,6,91993.83677333333,47060.60035666666,32913.56475666667,48037.88472666666,7822.19716,0.0,0.0,0.0
2059,8,9,7,91473.65347,50041.64453333333,37778.90471333333,52486.135619999994,8218.966987333333,0.0,0.0,0.0
2059,8,9,8,90776.86170000001,49232.57946,36270.73267333333,50477.663713333335,7318.138505333333,0.0,0.0,0.0
2059,8,10,1,87185.69573666668,45922.53255333333,32316.408056666667,47341.77389666667,6502.209560666667,0.0,0.0,0.0
2059,8,10,2,81122.88281333334,42874.97421000001,30250.11076666667,44936.94072666666,6233.401884,0.0,0.0,0.0
2059,8,10,3,78883.24556666666,42804.3744,30512.789986666667,43393.22364333333,7006.949154666666,0.0,0.0,0.0
2059,8,10,4,82538.03851666667,41969.84219,30292.873766666668,42933.58948333334,7666.016876666666,0.0,0.0,0.0
2059,8,10,5,84204.29747333332,41619.83929,30463.05416666667,43565.283436666665,7721.9901033333335,0.0,0.0,0.0
2059,8,10,6,84077.20692333333,41248.70002333333,30251.418166666666,43012.76913,7745.714035666667,0.0,0.0,0.0
2059,8,10,7,87220.72326333333,46250.60920666667,36622.04298,50028.02574666667,8291.555137666666,0.0,0.0,0.0
2059,8,10,8,88110.575,45968.53683,35225.62673333333,48615.97512333334,7174.487508666666,0.0,0.0,0.0
2059,8,11,1,89949.24783333333,46966.16766666667,32440.475233333334,47846.73139333333,6543.665157333333,0.0,0.0,0.0
2059,8,11,2,89062.09262,47281.742269999995,31975.556983333332,48454.646936666664,6459.5555103333345,0.0,0.0,0.0
2059,8,11,3,91590.93849000002,48973.087036666664,33805.94959333333,48905.94639999999,7362.263385000001,0.0,0.0,0.0
2059,8,11,4,106005.39266666667,52346.18893333333,35963.2204,53211.227236666666,8056.739960999999,0.0,0.0,0.0
2059,8,11,5,107571.66243333333,51437.57050333333,36343.538726666666,53110.36647666667,8123.907833,0.0,0.0,0.0
2059,8,11,6,107652.93936666666,51811.62419333333,36028.20926333333,52806.83088666666,7970.8598716666675,0.0,0.0,0.0
2059,8,11,7,100560.92728,54218.00990333333,40872.16771666667,55948.14098333334,8491.097648333334,0.0,0.0,0.0
2059,8,11,8,100883.42023666667,53654.00133666667,39204.02937333333,54226.56250333334,7336.551109333333,0.0,0.0,0.0
2059,8,12,1,95056.0217,50179.739063333334,34084.94412666667,50083.72659333333,6538.026977999999,0.0,0.0,0.0
2059,8,12,2,88987.59783666667,47242.35673,31948.101503333335,48414.199133333335,6453.999044,0.0,0.0,0.0
2059,8,12,3,91514.26470333333,48932.394089999994,33777.97659666667,48865.19898000001,7356.1621669999995,0.0,0.0,0.0
2059,8,12,4,105917.5242,52304.651626666666,35933.72209666667,53168.43700333333,8050.202941666666,0.0,0.0,0.0
2059,8,12,5,107482.5683,51396.14214666667,36314.04042666667,53066.868063333335,8117.343576666666,0.0,0.0,0.0
2059,8,12,6,107564.28106666666,51770.386496666666,35999.01057666666,52763.55037333333,7964.268377,0.0,0.0,0.0
2059,8,12,7,100477.55304333333,54173.885023333336,40837.031240000004,55901.074446666666,8484.043115,0.0,0.0,0.0
2059,8,12,8,100800.10046,53610.63911,39170.499910000006,54181.34812333334,7330.395416666666,0.0,0.0,0.0
2059,8,13,1,95015.43770666666,50158.79336666667,34070.18135333333,50062.508519999996,6536.528911333334,0.0,0.0,0.0
2059,8,13,2,88967.76888,47231.815786666666,31940.80183,48403.46752666667,6452.500977333333,0.0,0.0,0.0
2059,8,13,3,91493.94546666667,48921.68972333334,33770.45902333334,48854.27671,7354.609625,0.0,0.0,0.0
2059,8,13,4,105894.18160000001,52293.593166666666,35926.01386333333,53157.078929999996,8048.4869739999995,0.0,0.0,0.0
2059,8,13,5,107458.95333333332,51385.21988,36306.11429333334,53055.40104,8115.600371,0.0,0.0,0.0
2059,8,13,6,107540.82949999999,51759.40975,35991.247866666665,52752.11059,7962.525171666667,0.0,0.0,0.0
2059,8,13,7,100455.4089,54162.254576666666,40827.77046333333,55888.463443333334,8482.163722,0.0,0.0,0.0
2059,8,13,8,100777.90183,53598.981426666665,39161.83836,54169.58148666666,7328.733924333334,0.0,0.0,0.0
2059,8,14,1,95347.51828,50331.615809999996,34189.53643,50237.45549666666,6573.708208,0.0,0.0,0.0
2059,8,14,2,89458.18150666666,47491.49887333333,32121.060133333332,48668.707076666666,6489.162759666667,0.0,0.0,0.0
2059,8,14,3,91997.18699666667,49188.18220666667,33955.29324,49121.80422,7394.730580333333,0.0,0.0,0.0
2059,8,14,4,106470.47433333333,52566.56819666666,36118.96488,53440.10462,8091.113786666666,0.0,0.0,0.0
2059,8,14,5,108043.19943333334,51656.99645,36500.89022333333,53338.88977666667,8158.417846666666,0.0,0.0,0.0
2059,8,14,6,108124.20400000001,52031.050136666665,36183.92651,53034.07401666666,8005.805686333333,0.0,0.0,0.0
2059,8,14,7,101001.44063333333,54452.634419999995,41058.55448,56198.23644333333,8528.385895666666,0.0,0.0,0.0
2059,8,14,8,101326.52116666666,53885.929330000006,39380.66508333333,54465.13647,7369.181730333334,0.0,0.0,0.0
2059,8,15,1,95370.01652333334,50343.27349666667,34197.76218,50247.61511333333,6556.766433333333,0.0,0.0,0.0
2059,8,15,2,89234.50649666665,47373.20606333334,32038.82988,48548.07183666667,6472.438885333333,0.0,0.0,0.0
2059,8,15,3,91767.68314666666,49066.893260000004,33871.04741,49000.106713333334,7376.399689000001,0.0,0.0,0.0
2059,8,15,4,106206.92349999999,52441.92902666666,36031.096450000005,53310.56269333333,8071.802342666667,0.0,0.0,0.0
2059,8,15,5,107776.70696666666,51532.95651333334,36411.74162666666,53209.102706666665,8138.915739666667,0.0,0.0,0.0
2059,8,15,6,107857.46636666666,51906.90124666667,36095.840176666665,52905.64883,7986.058440666667,0.0,0.0,0.0
2059,8,15,7,100752.24403333334,54319.52436666667,40953.06333,56057.064066666666,8507.167820666667,0.0,0.0,0.0
2059,8,15,8,101075.41790333332,53754.48077,39280.81211333333,54329.738456666666,7350.741888333333,0.0,0.0,0.0
2059,8,16,1,92667.88516666666,49085.142439999996,33731.37309666667,49940.10283333333,6564.420193000001,0.0,0.0,0.0
2059,8,16,2,84268.93225,46302.79641,31328.065229999997,47541.99734666666,6448.551528,0.0,0.0,0.0
2059,8,16,3,85459.75924333332,47246.57855333333,32666.737813333337,47358.82462,7225.149407666667,0.0,0.0,0.0
2059,8,16,4,94701.27945666667,49469.90049333333,34423.88856666667,50858.79917333333,8032.607465,0.0,0.0,0.0
2059,8,16,5,95365.57679666668,48246.93315333334,34452.05222666667,50523.477320000005,8002.700602333333,0.0,0.0,0.0
2059,8,16,6,93038.39796333334,47595.791566666674,33286.12038,48578.60516333333,7909.357416,0.0,0.0,0.0
2059,8,16,7,92510.72432666668,50594.649119999995,38204.60085333333,53079.34287666666,8309.259564666667,0.0,0.0,0.0
2059,8,16,8,91804.37216666667,49783.023713333336,36675.129023333335,51040.55554,7400.859036000001,0.0,0.0,0.0
2059,8,17,1,87446.44108666666,46060.9267,32413.40108,47481.06688,6493.384584666666,0.0,0.0,0.0
2059,8,17,2,81011.04531,42815.84142666667,30208.600696666665,44875.43827333333,6224.7948086666665,0.0,0.0,0.0
2059,8,17,3,78774.18629333332,42745.35057,30470.925826666662,43333.62782,6997.4977143333335,0.0,0.0,0.0
2059,8,17,4,82424.86637666666,41911.853383333335,30251.20027,42874.129843333336,7655.884496666667,0.0,0.0,0.0
2059,8,17,5,84089.30041,41562.09562,30421.298953333335,43504.979433333334,7712.021149,0.0,0.0,0.0
2059,8,17,6,83962.72737666666,41191.58281666667,30210.01705,42952.9554,7735.636131,0.0,0.0,0.0
2059,8,17,7,87102.86625666666,46187.690396666665,36573.69627666666,49961.4571,8280.932481666667,0.0,0.0,0.0
2059,8,17,8,87991.84639333334,45905.726969999996,35179.377323333334,48551.53101,7164.8454053333335,0.0,0.0,0.0
2059,8,18,1,89829.83828333333,46904.256649999996,32396.976816666665,47783.431253333336,6534.758468666667,0.0,0.0,0.0
2059,8,18,2,88943.96323333333,47219.06859666667,31932.140280000003,48390.55691000001,6450.703296666667,0.0,0.0,0.0
2059,8,18,3,91469.56783333333,48908.615686666664,33761.55234,48841.284386666666,7352.6757566666665,0.0,0.0,0.0
2059,8,18,4,105866.39926666666,52280.38294333333,35916.67137,53142.96986333333,8046.4986309999995,0.0,0.0,0.0
2059,8,18,5,107430.54453333333,51372.009653333334,36296.69008666667,53041.64606333334,8113.530315333333,0.0,0.0,0.0
2059,8,18,6,107512.74756666667,51746.14505,35981.878136666666,52738.600750000005,7960.4278779999995,0.0,0.0,0.0
2059,8,18,7,100428.85224666668,54148.308939999995,40816.439633333335,55873.401060000004,8479.957477999998,0.0,0.0,0.0
2059,8,18,8,100751.45414333332,53584.95407,39151.270183333334,54155.254519999995,7326.772818333334,0.0,0.0,0.0
2059,8,19,1,84349.99128666667,44512.74265666667,30235.320760000002,44394.69498333333,5398.433870666667,0.0,0.0,0.0
2059,8,19,2,73614.54428666667,39062.47567,26379.323803333333,40055.939163333336,5327.398262,0.0,0.0,0.0
2059,8,19,3,75717.44888666667,40502.22691,27958.531453333333,40456.98528666667,6096.778182999999,0.0,0.0,0.0
2059,8,19,4,88079.06112000001,43534.831823333334,29861.62116,44246.4136,6700.689805666666,0.0,0.0,0.0
2059,8,19,5,89356.74876,42718.957350000004,30201.573399999997,44149.82914000001,6760.013254666667,0.0,0.0,0.0
2059,8,19,6,89468.12322333333,43043.11179,29919.5555,43879.005880000004,6623.716404666666,0.0,0.0,0.0
2059,8,19,7,83442.46236333334,45149.36661333334,33993.15348,46532.19130666667,7078.229901333333,0.0,0.0,0.0
2059,8,19,8,83800.36416,44670.96575666667,32632.28227,45093.85642333334,6071.692371666667,0.0,0.0,0.0
2059,8,20,1,89420.86602,47235.16601000001,32022.214956666667,47119.92381,6527.6494600000005,0.0,0.0,0.0
2059,8,20,2,88849.83015666665,47169.087640000005,31897.38512666667,48339.45921333334,6443.676001333333,0.0,0.0,0.0
2059,8,20,3,91373.11956,48857.40903,33726.14348333333,48789.96878333334,7344.994759333334,0.0,0.0,0.0
2059,8,20,4,105756.14156666666,52227.923363333335,35880.11854,53089.01221666666,8038.381832,0.0,0.0,0.0
2059,8,20,5,107318.35296666667,51320.122063333336,36259.156703333334,52987.30709333334,8105.331803666667,0.0,0.0,0.0
2059,8,20,6,107401.1552,51693.79442,35945.161883333334,52684.34349,7952.0931789999995,0.0,0.0,0.0
2059,8,20,7,100324.36889666667,54092.41742333333,40772.50541333333,55813.886953333335,8471.078027000001,0.0,0.0,0.0
2059,8,20,8,100646.72565,53529.87968333333,39109.62392333333,54098.81825333333,7318.982870333333,0.0,0.0,0.0
2059,8,21,1,95222.7974,50266.95379666667,34144.59442,50172.357679999994,6564.692568666666,0.0,0.0,0.0
2059,8,21,2,89339.31670666666,47428.55282666666,32077.452766666665,48604.61705333333,6480.283308666666,0.0,0.0,0.0
2059,8,21,3,91875.24435333333,49123.65637666667,33910.351233333335,49057.00602,7385.034001666667,0.0,0.0,0.0
2059,8,21,4,106330.50036666666,52500.43535000001,36072.11624,53371.03012,8080.817981666667,0.0,0.0,0.0
2059,8,21,5,107901.78193333333,51590.890843333334,36453.30617333334,53269.67908333333,8148.094804,0.0,0.0,0.0
2059,8,21,6,107981.91486666666,51964.64491666667,36137.07787,52965.70769,7995.319218333333,0.0,0.0,0.0
2059,8,21,7,100868.87536666666,54382.03461333333,41002.472303333336,56123.19691,8517.027824666666,0.0,0.0,0.0
2059,8,21,8,101193.08426666667,53816.14665333333,39327.55179666667,54393.12031,7359.4579146666665,0.0,0.0,0.0
2059,8,22,1,95245.32287999999,50278.093963333326,34152.87464666667,50182.21768333333,6547.750794,0.0,0.0,0.0
2059,8,22,2,89116.26816333334,47310.47791666666,31995.467650000002,48483.92733666667,6463.613909666667,0.0,0.0,0.0
2059,8,22,3,91646.50315333332,49002.58533333333,33826.48672666666,48935.553649999994,7366.7303483333335,0.0,0.0,0.0
2059,8,22,4,106068.82896666667,52376.34093666667,35984.329523333334,53242.30531333334,8061.4793,0.0,0.0,0.0
2059,8,22,5,107636.02486666666,51467.36841999999,36364.81127666667,53141.63522333334,8128.728884666666,0.0,0.0,0.0
2059,8,22,6,107716.866,51841.77619333333,36049.645240000005,52837.85449,7975.653685333334,0.0,0.0,0.0
2059,8,22,7,100620.87720333332,54249.98682666667,40897.36248333333,55982.24243666666,8496.136600666667,0.0,0.0,0.0
2059,8,22,8,100943.77872333334,53685.379030000004,39228.134633333335,54259.16588666666,7340.990835333333,0.0,0.0,0.0
2059,8,23,1,92545.77909333333,49020.780040000005,33686.56727666667,49874.732646666664,6555.431792,0.0,0.0,0.0
2059,8,23,2,84154.34375,46240.58577666667,31285.111563333336,47478.31588333333,6439.726551666667,0.0,0.0,0.0
2059,8,23,3,85343.50925333334,47182.70643,32622.721883333335,47295.52448666666,7215.534541666667,0.0,0.0,0.0
2059,8,23,4,94575.85040333333,49404.91163000001,34378.919323333335,50793.02041333334,8022.311659666667,0.0,0.0,0.0
2059,8,23,5,95238.51348666666,48183.11549999999,34407.08298,50458.188846666664,7992.268609,0.0,0.0,0.0
2059,8,23,6,92914.00394000001,47532.38248,33241.83207333333,48514.21552666667,7898.870947666667,0.0,0.0,0.0
2059,8,23,7,92386.98400333333,50529.14274,38153.80276666667,53008.44345333333,8298.473483,0.0,0.0,0.0
2059,8,23,8,91681.99372333333,49717.762473333336,36626.591656666664,50973.49662,7391.053506666666,0.0,0.0,0.0
2059,8,24,1,88506.20085000001,46622.07532,32805.62223,48054.03661333333,6619.875906,0.0,0.0,0.0
2059,8,24,2,82595.61876333333,43657.45540666667,30799.274853333336,45746.33265,6346.982592666667,0.0,0.0,0.0
2059,8,24,3,80320.38199666666,43584.84002,31065.086396666666,44175.92274,7131.561082666667,0.0,0.0,0.0
2059,8,24,4,84029.81353666667,42735.84465333333,30842.664316666665,43718.68548666666,7796.8662110000005,0.0,0.0,0.0
2059,8,24,5,85721.83923666667,42381.238600000004,31014.28831,44360.97486333334,7853.139051000001,0.0,0.0,0.0
2059,8,24,6,85590.58133999999,42003.235466666665,30799.383806666665,43800.34375333334,7880.458343333333,0.0,0.0,0.0
2059,8,24,7,88774.6272,47081.43710666667,37261.90821,50906.68283333333,8435.424034666667,0.0,0.0,0.0
2059,8,24,8,89676.49070666666,46795.27909,35835.55786,49465.89656666666,7300.651979333333,0.0,0.0,0.0
2059,8,25,1,91530.25316333333,47783.86705666667,33014.42551666666,48684.722773333335,6662.012442,0.0,0.0,0.0
2059,8,25,2,90621.52577999998,48106.49619,32546.701793333337,49295.607220000005,6576.350253,0.0,0.0,0.0
2059,8,25,3,93186.05288333334,49819.821683333335,34392.86496666667,49756.95734666666,7490.7158119999995,0.0,0.0,0.0
2059,8,25,4,107841.832,53218.20005666666,36574.43169333334,54115.95069333334,8192.328634,0.0,0.0,0.0
2059,8,25,5,109435.5028,52302.30919666667,36966.46218,54015.33507333333,8260.940098000001,0.0,0.0,0.0
2059,8,25,6,109516.50736666667,52678.6236,36640.83691333333,53701.96671333333,8108.6820259999995,0.0,0.0,0.0
2059,8,25,7,102299.03896666667,55147.71022,41611.04154666667,56937.79121333334,8640.958813333333,0.0,0.0,0.0
2059,8,25,8,102634.33356666665,54578.77165333333,39902.37368333333,55171.73377,7465.112486666666,0.0,0.0,0.0
2059,8,26,1,96706.37390666666,51036.76951666666,34676.27198333333,50941.90102666667,6656.319788,0.0,0.0,0.0
2059,8,26,2,90546.48625,48066.7838,32519.13736333333,49255.186649999996,6570.712073666667,0.0,0.0,0.0
2059,8,26,3,93109.13396,49778.82912333333,34364.510643333335,49716.18269000001,7484.478406333333,0.0,0.0,0.0
2059,8,26,4,107753.36436666666,53176.17247,36544.93339333333,54072.288850000004,8185.818852333333,0.0,0.0,0.0
2059,8,26,5,109345.86393333333,52260.88083666667,36936.47360333333,53971.61875666666,8254.239652999999,0.0,0.0,0.0
2059,8,26,6,109426.37823333334,52636.868389999996,36611.202423333336,53658.822389999994,8102.036056,0.0,0.0,0.0
2059,8,26,7,102215.61026666667,55103.013353333336,41575.44203333333,56890.09821333334,8633.631904333333,0.0,0.0,0.0
2059,8,26,8,102549.73363333334,54533.856883333334,39868.8987,55125.838443333334,7458.9295563333335,0.0,0.0,0.0
2059,8,27,1,96665.32687333332,51015.388020000006,34661.50921333334,50920.68295333334,6654.821721,0.0,0.0,0.0
2059,8,27,2,90526.63005333334,48056.29733,32511.89216666667,49244.50952,6569.241244666667,0.0,0.0,0.0
2059,8,27,3,93088.78748666665,49768.17923,34356.96583,49705.28766,7482.871389,0.0,0.0,0.0
2059,8,27,4,107730.07623333333,53165.0323,36537.25239666667,54060.68564333333,8184.102884666667,0.0,0.0,0.0
2059,8,27,5,109322.14,52250.20370333333,36928.52023,53960.042786666665,8252.496448,0.0,0.0,0.0
2059,8,27,6,109402.62703333334,52625.755456666666,36603.385239999996,53647.51879666667,8100.3473263333335,0.0,0.0,0.0
2059,8,27,7,102193.49333333333,55091.001580000004,41565.99059333333,56877.623400000004,8631.752511333332,0.0,0.0,0.0
2059,8,27,8,102527.3716,54522.063010000005,39860.1282,55113.908383333335,7457.295301333333,0.0,0.0,0.0
2059,8,28,1,97005.11568,51192.078199999996,34782.14445666667,51098.816726666664,6692.436819,0.0,0.0,0.0
2059,8,28,2,91023.52522666666,48318.976553333334,32693.239973333333,49511.628463333334,6606.366066,0.0,0.0,0.0
2059,8,28,3,93598.23918333334,50037.55889666666,34543.46154333333,49976.138156666675,7523.918422,0.0,0.0,0.0
2059,8,28,4,108319.96046666667,53446.77783,36731.75595333333,54351.88261,8227.6013,0.0,0.0,0.0
2059,8,28,5,109918.91536666667,52527.61845666667,37127.681416666666,54251.13080333333,8296.539614666666,0.0,0.0,0.0
2059,8,28,6,110002.07170000001,52901.508713333336,36799.332389999996,53933.62233333333,8144.0636423333335,0.0,0.0,0.0
2059,8,28,7,102749.52130000001,55390.6422,41803.82914333333,57195.295293333336,8680.616729666666,0.0,0.0,0.0
2059,8,28,8,103088.84706666665,54821.24059,40083.42188,55417.03541333333,7497.961008333335,0.0,0.0,0.0
2059,8,29,1,97028.24039,51203.436266666664,34790.860479999996,51108.758440000005,6675.304381000001,0.0,0.0,0.0
2059,8,29,2,90796.90856000001,48199.103963333335,32610.628396666667,49390.03991,6589.424291666666,0.0,0.0,0.0
2059,8,29,3,93365.82091333333,49915.31664,34458.77990666666,49852.31611666666,7505.178967,0.0,0.0,0.0
2059,8,29,4,108050.66256666667,53318.27092666667,36642.82525666666,54218.88151,8207.663391666667,0.0,0.0,0.0
2059,8,29,5,109646.29443333333,52400.09210333333,37036.81685,54118.53826,8276.656181333334,0.0,0.0,0.0
2059,8,29,6,109728.19783333334,52775.94347333334,36709.775226666665,53803.04537666667,8124.152971,0.0,0.0,0.0
2059,8,29,7,102496.04836666666,55253.63716666666,41695.1512,57050.79993333333,8658.227439,0.0,0.0,0.0
2059,8,29,8,102832.24183333333,54685.107163333334,39981.33543,55278.287176666665,7479.493929,0.0,0.0,0.0
2059,8,30,1,94287.75851666667,49934.43742,34320.05891,50797.923180000005,6682.767478333334,0.0,0.0,0.0
2059,8,30,2,85780.64517333334,47124.554200000006,31893.13606,48377.75524666667,6565.237320333334,0.0,0.0,0.0
2059,8,30,3,86986.97035333334,48084.13414,33243.765940000005,48193.302356666674,7351.450065666667,0.0,0.0,0.0
2059,8,30,4,96351.57719,50322.57293333334,35018.32151,51724.38222333333,8167.978237333334,0.0,0.0,0.0
2059,8,30,5,97034.80464333332,49089.1736,35046.40345666667,51385.35606666666,8137.526623333334,0.0,0.0,0.0
2059,8,30,6,94675.59442,48432.3666,33869.57658,49423.896219999995,8046.416918,0.0,0.0,0.0
2059,8,30,7,94138.11525333334,51460.64073666666,38881.1551,54017.895403333336,8453.891114333333,0.0,0.0,0.0
2059,8,30,8,93415.20264999999,50641.00748,37313.768560000004,51931.442306666664,7529.883452000001,0.0,0.0,0.0
2059,8,31,1,87760.89895,46225.46891999999,32529.378696666667,47647.62468333333,6468.5166739999995,0.0,0.0,0.0
2059,8,31,2,80697.97657,42649.392569999996,30091.914903333334,44702.888199999994,6200.689550666667,0.0,0.0,0.0
2059,8,31,3,78468.52617333333,42579.50094,30353.395666666667,43167.28791666666,6971.131737,0.0,0.0,0.0
2059,8,31,4,82107.43962,41749.08160666667,30134.242100000003,42707.21795666667,7627.802552,0.0,0.0,0.0
2059,8,31,5,83767.16155333334,41400.35886666667,30304.177363333332,43335.99749,7683.857491333333,0.0,0.0,0.0
2059,8,31,6,83641.65078333333,41031.45308666667,30093.630866666663,42785.68942333334,7707.036671999999,0.0,0.0,0.0
2059,8,31,7,86771.98413333333,46011.626679999994,36438.053133333335,49775.751280000004,8250.671530333333,0.0,0.0,0.0
2059,8,31,8,87659.22106333333,45729.581536666665,35050.21672,48371.381656666665,7137.989151666668,0.0,0.0,0.0
2059,9,1,1,89494.78881333333,46729.50033666667,32274.979696666665,47605.21577,6509.808845333333,0.0,0.0,0.0
2059,9,1,2,88612.20950666668,47042.95040666667,31810.415533333333,48211.006786666665,6425.889861333333,0.0,0.0,0.0
2059,9,1,3,91129.72455,48727.594730000004,33636.504603333335,48660.508566666664,7325.6560776666665,0.0,0.0,0.0
2059,9,1,4,105479.02640000002,52095.167396666664,35787.565246666665,52952.00719,8017.762984,0.0,0.0,0.0
2059,9,1,5,107036.1716,51189.43615666666,36165.86799,52850.27482666667,8084.495054999999,0.0,0.0,0.0
2059,9,1,6,107120.52640000002,51561.96453666667,35851.95488333333,52549.163380000005,7931.283667666667,0.0,0.0,0.0
2059,9,1,7,100060.40951000001,53952.443503333336,40661.92084,55664.67948666667,8448.852161666668,0.0,0.0,0.0
2059,9,1,8,100382.65733999999,53390.06918666667,39004.54133666667,53956.99217666666,7299.317337666667,0.0,0.0,0.0
2059,9,2,1,94583.47692666667,49932.47631333334,33914.43687,49836.164229999995,6504.197903666667,0.0,0.0,0.0
2059,9,2,2,88537.49682666665,47003.319729999996,31783.041766666665,48170.85859333334,6420.306157666666,0.0,0.0,0.0
2059,9,2,3,91053.24142666666,48686.62941,33608.31371333333,48619.78838666666,7319.55486,0.0,0.0,0.0
2059,9,2,4,105391.8934,52053.30323666667,35758.42103666667,52908.80839,8011.144252000001,0.0,0.0,0.0
2059,9,2,5,106947.21370000001,51148.035033333326,36136.533116666666,52807.076023333335,8077.985272999999,0.0,0.0,0.0
2059,9,2,6,107031.32333333332,51520.31827333333,35823.00133666667,52506.26419666666,7924.692173666666,0.0,0.0,0.0
2059,9,2,7,99977.41658,53908.78166,40626.866076666665,55618.075990000005,8441.715915666668,0.0,0.0,0.0
2059,9,2,8,100299.80062,53346.16220666666,38971.28425333334,53911.805029999996,7293.1344070000005,0.0,0.0,0.0
2059,9,3,1,94542.89293000002,49911.28548,33899.72857666667,49815.164053333334,6502.727074666666,0.0,0.0,0.0
2059,9,3,2,88517.85853333333,46992.94221,31775.823806666667,48160.208699999996,6418.835328333334,0.0,0.0,0.0
2059,9,3,3,91032.97666666667,48675.788850000004,33600.850613333336,48608.920593333336,7317.97508,0.0,0.0,0.0
2059,9,3,4,105368.74143333333,52042.38097,35750.71279666667,52897.61374,8009.401046999999,0.0,0.0,0.0
2059,9,3,5,106923.87109999999,51137.16723333333,36128.797646666666,52795.82690666666,8076.269305666666,0.0,0.0,0.0
2059,9,3,6,107007.65386666667,51509.17810333333,35815.265863333334,52495.260213333335,7922.976205999999,0.0,0.0,0.0
2059,9,3,7,99955.35415666667,53897.04226333334,40617.768723333334,55605.846313333335,8439.918235333333,0.0,0.0,0.0
2059,9,3,8,100277.92881,53334.72242333333,38962.54099,53899.98392,7291.472914666668,0.0,0.0,0.0
2059,9,4,1,94873.42096333334,50085.14295,34019.02917666667,49989.457330000005,6539.497807333333,0.0,0.0,0.0
2059,9,4,2,89006.96375333333,47252.65253666666,31955.21051,48424.685600000004,6455.388161,0.0,0.0,0.0
2059,9,4,3,91534.28432333334,48942.96227333334,33785.19455666666,48875.848873333336,7357.741946666666,0.0,0.0,0.0
2059,9,4,4,105940.24036666668,52315.41046666666,35941.37586,53179.577170000004,8051.837196666667,0.0,0.0,0.0
2059,9,4,5,107505.80196666667,51406.92823,36321.69419,53078.280609999994,8118.977831333334,0.0,0.0,0.0
2059,9,4,6,107587.24233333334,51781.145339999995,36006.52815,52774.71778333333,7966.011582,0.0,0.0,0.0
2059,9,4,7,100499.34311666666,54185.29757333334,40846.101356666666,55913.27688333333,8485.868033,0.0,0.0,0.0
2059,9,4,8,100821.86328,53621.752043333334,39179.07974666666,54193.00580333333,7332.029671333334,0.0,0.0,0.0
2059,9,5,1,94895.86472666667,50095.95627,34027.25493,49999.23562,6522.719458333333,0.0,0.0,0.0
2059,9,5,2,88784.56891666667,47134.68657666666,31873.60672,48304.15930666667,6438.773236666667,0.0,0.0,0.0
2059,9,5,3,91306.30577666666,48821.83675333334,33701.60242333334,48754.58716999999,7339.656193666667,0.0,0.0,0.0
2059,9,5,4,105679.68569999999,52191.28881666667,35854.67864333334,53051.642256666666,8032.716415666667,0.0,0.0,0.0
2059,9,5,5,107240.69863333333,51283.86884,36233.63509333334,52949.82818333333,8099.530199,0.0,0.0,0.0
2059,9,5,6,107324.15453333333,51657.97700666666,35919.613033333335,52646.81010666667,7946.427762333333,0.0,0.0,0.0
2059,9,5,7,100251.72627,54053.876246666674,40741.999326666664,55772.89439333333,8464.949571333333,0.0,0.0,0.0
2059,9,5,8,100574.13748333334,53491.25679666666,39080.86103333333,54059.73233,7313.508117,0.0,0.0,0.0
2059,9,6,1,92202.74900999998,48840.24935666667,33561.76469,49692.18638333333,6530.291505333334,0.0,0.0,0.0
2059,9,6,2,83832.25937,46064.95786,31164.77593666666,47300.454490000004,6414.940354333333,0.0,0.0,0.0
2059,9,6,3,85018.29255,47004.00067,32499.71696666667,47117.98994,7188.569337333333,0.0,0.0,0.0
2059,9,6,4,94225.03037333333,49223.972383333334,34252.428003333334,50608.97608666667,7993.467062666667,0.0,0.0,0.0
2059,9,6,5,94883.52610333334,48003.156813333335,34280.37375666667,50274.79822,7963.315062000001,0.0,0.0,0.0
2059,9,6,6,92564.98159,47353.785670000005,33117.46528333333,48333.71208333334,7869.590549333333,0.0,0.0,0.0
2059,9,6,7,92040.84883666667,50345.12565333333,38011.32298333334,52810.01768333333,8268.103581666666,0.0,0.0,0.0
2059,9,6,8,91338.52783666668,49533.77261666666,36491.11193333333,50785.23046666667,7363.489075666667,0.0,0.0,0.0
2059,9,7,1,88954.88549999999,46859.450833333336,32971.88041666667,48297.186486666666,6684.728583666666,0.0,0.0,0.0
2059,9,7,2,83406.07295333334,44088.21773333333,31101.44856666667,46190.79548333333,6409.601788666667,0.0,0.0,0.0
2059,9,7,3,81112.17844333332,44014.403893333336,31368.894366666664,44607.50219666667,7199.954646000001,0.0,0.0,0.0
2059,9,7,4,84851.6258,43157.94543,31145.21935666667,44151.24549333333,7868.419333000001,0.0,0.0,0.0
2059,9,7,5,86559.91233666666,42801.13313,31317.497046666667,44798.84619666667,7924.964548999999,0.0,0.0,0.0
2059,9,7,6,86424.54156333333,42419.18054666667,31100.794863333333,44234.429059999995,7954.844174000001,0.0,0.0,0.0
2059,9,7,7,89628.14400333333,47537.17629333333,37616.37807666667,51391.83861,8515.50252,0.0,0.0,0.0
2059,9,7,8,90537.68851,47249.24783666667,36173.87584,49932.203936666665,7369.426868666666,0.0,0.0,0.0
2059,9,8,1,92404.79738,48236.39221,33329.23747,49146.31804333333,6727.083020333333,0.0,0.0,0.0
2059,9,8,2,91480.84419333334,48559.10305666667,32859.68882333334,49756.930109999994,6640.467516333333,0.0,0.0,0.0
2059,9,8,3,94065.90843,50283.732143333335,34715.08553333333,50225.03516,7561.3973320000005,0.0,0.0,0.0
2059,9,8,4,108864.52143333333,53708.85782333333,36912.53177,54621.72531333333,8267.885680666666,0.0,0.0,0.0
2059,9,8,5,110470.4764,52785.77624,37312.35220666666,54519.25754,8337.532172666666,0.0,0.0,0.0
2059,9,8,6,110556.92843333333,53157.32406666666,36979.53622,54198.42608666667,8184.620398666666,0.0,0.0,0.0
2059,9,8,7,103261.34263333333,55668.765126666665,42023.772600000004,57488.262703333334,8725.85835,0.0,0.0,0.0
2059,9,8,8,103605.62569999999,55097.53859666667,40289.610356666664,55696.90154333333,7535.222017666667,0.0,0.0,0.0
2059,9,9,1,97620.46710333333,51509.58666666667,35001.025649999996,51415.753203333334,6721.281416000001,0.0,0.0,0.0
2059,9,9,2,91404.82411,48519.036576666665,32832.015446666665,49716.20992666666,6634.802099666666,0.0,0.0,0.0
2059,9,9,3,93988.30856333334,50242.73958666666,34686.377126666666,50183.77022666667,7555.159926333334,0.0,0.0,0.0
2059,9,9,4,108774.03816666668,53665.46836,36882.543196666666,54576.37474333333,8261.185236,0.0,0.0,0.0
2059,9,9,5,110378.7402,52743.04047666667,37281.65545333333,54474.47896,8330.69554,0.0,0.0,0.0
2059,9,9,6,110464.45686666667,53114.67001666666,36949.24802666667,54154.355683333335,8177.811003666667,0.0,0.0,0.0
2059,9,9,7,103175.87113333335,55622.48847666666,41987.27424333333,57439.58915000001,8718.313540333334,0.0,0.0,0.0
2059,9,9,8,103520.15413333334,55051.61604,40255.31824666666,55650.624899999995,7529.039087,0.0,0.0,0.0
2059,9,10,1,97578.87529333333,51488.01450333333,34986.15393,51394.09933,6719.810587,0.0,0.0,0.0
2059,9,10,2,91384.61382333333,48508.49563333334,32824.824726666666,49705.58727333334,6633.304033,0.0,0.0,0.0
2059,9,10,3,93967.96209333332,50232.00797666667,34678.85955,50172.929670000005,7553.525671333333,0.0,0.0,0.0
2059,9,10,4,108750.66833333333,53654.13752333333,36874.75325,54564.90772333334,8259.469268666666,0.0,0.0,0.0
2059,9,10,5,110355.09796666667,52731.736880000004,37273.72932,54463.03917333333,8328.870622,0.0,0.0,0.0
2059,9,10,6,110440.73296666668,53103.50261,36941.51255666666,54143.07932333334,8176.013323333333,0.0,0.0,0.0
2059,9,10,7,103153.97213333333,55610.47670333334,41977.90451666667,57427.19605,8716.379672000001,0.0,0.0,0.0
2059,9,10,8,103498.00996666665,55039.68598,40246.62945666667,55638.50417333333,7527.404832333334,0.0,0.0,0.0
2059,9,11,1,97922.99489333334,51668.463469999995,35107.36116,51573.458790000004,6757.725298,0.0,0.0,0.0
2059,9,11,2,91886.35728333333,48771.58342,33006.60833333333,49974.476663333335,6670.810180333334,0.0,0.0,0.0
2059,9,11,3,94480.73677333334,50502.58609999999,34866.82609333333,50444.651763333335,7594.599941666667,0.0,0.0,0.0
2059,9,11,4,109350.22193333333,53944.381173333335,37073.097303333336,54862.260383333334,8303.648623000001,0.0,0.0,0.0
2059,9,11,5,110962.65943333333,53014.62639,37476.18625,54760.146700000005,8374.493568333333,0.0,0.0,0.0
2059,9,11,6,111050.41893333332,53384.86681,37140.86440333333,54434.112863333336,8220.601242,0.0,0.0,0.0
2059,9,11,7,103717.05459999999,55918.01622333333,42219.22947333333,57749.41662333333,8766.006543000001,0.0,0.0,0.0
2059,9,11,8,104066.34936666668,55344.96477666666,40472.86479666667,55945.98921333333,7568.697003333334,0.0,0.0,0.0
2059,9,12,1,97945.95618,51679.058886666666,35116.40403666667,51583.83631333333,6740.456672333334,0.0,0.0,0.0
2059,9,12,2,91657.80675,48651.46569333334,32923.860563333335,49851.825840000005,6653.732217666667,0.0,0.0,0.0
2059,9,12,3,94246.92938666667,50379.11814666667,34781.654180000005,50320.55735333334,7575.751536333333,0.0,0.0,0.0
2059,9,12,4,109075.83053333334,53811.57073666667,36982.25997666666,54726.48104666666,8283.465576333334,0.0,0.0,0.0
2059,9,12,5,110684.72720000001,52884.948266666666,37383.959806666666,54624.58526,8353.684057666667,0.0,0.0,0.0
2059,9,12,6,110771.39716666668,53256.06029666667,37049.50956333333,54301.00281,8200.309244666667,0.0,0.0,0.0
2059,9,12,7,103459.55053333333,55776.734893333334,42108.94451,57601.89789,8743.317638666667,0.0,0.0,0.0
2059,9,12,8,103805.9853,55205.12704,40369.579893333335,55805.25264,7549.821360333332,0.0,0.0,0.0
2059,9,13,1,95179.46242333333,50400.30898666667,34643.36898666667,51271.884309999994,6748.001482,0.0,0.0,0.0
2059,9,13,2,86610.65594666667,47575.28167,32202.82734666667,48834.77460333333,6629.381821333333,0.0,0.0,0.0
2059,9,13,3,87825.72438666667,48543.278023333325,33560.48452,48651.52017,7421.096557333333,0.0,0.0,0.0
2059,9,13,4,97256.32788333333,50795.716936666664,35344.246393333335,52197.77136333333,8242.908819999999,0.0,0.0,0.0
2059,9,13,5,97951.07683666667,49551.72218333333,35373.11823,51858.63625666666,8211.640077999999,0.0,0.0,0.0
2059,9,13,6,95575.57853666665,48891.10191666667,34189.67261666667,49886.77165666667,8121.320263333332,0.0,0.0,0.0
2059,9,13,7,95033.03318333333,51939.36844,39256.652376666665,54537.01644,8534.214737333334,0.0,0.0,0.0
2059,9,13,8,94298.08156666667,51110.28374333333,37666.79483333333,52421.47361000001,7600.864585333334,0.0,0.0,0.0
2059,9,14,1,89923.15423333335,47369.25661333333,33329.264703333334,48814.04680666667,6683.666318,0.0,0.0,0.0
2059,9,14,2,83392.83549000001,44081.27215333333,31096.545800000004,46183.52304333333,6408.593998333334,0.0,0.0,0.0
2059,9,14,3,81099.26783000001,44007.43107333333,31364.018836666666,44600.529376666665,7198.8106676666675,0.0,0.0,0.0
2059,9,14,4,84838.33385666666,43151.13603666666,31140.289353333337,44144.13648666666,7867.248117,0.0,0.0,0.0
2059,9,14,5,86546.26630999999,42794.323736666665,31312.51257333333,44791.682713333335,7923.847808333333,0.0,0.0,0.0
2059,9,14,6,86411.03172666667,42412.37115,31095.892096666666,44227.34729333333,7953.672958666666,0.0,0.0,0.0
2059,9,14,7,89614.33455333333,47529.84938666667,37610.767133333335,51384.26656333334,8514.222353666666,0.0,0.0,0.0
2059,9,14,8,90523.96077,47241.97540333334,36168.37384666667,49924.84979,7368.364602999999,0.0,0.0,0.0
2059,9,15,1,92390.74278666667,48229.065299999995,33324.14404000001,49138.80047333334,6726.0207550000005,0.0,0.0,0.0
2059,9,15,2,91467.08921333333,48551.830623333335,32854.62263333333,49749.68491666667,6639.459726,0.0,0.0,0.0
2059,9,15,3,94051.69041333334,50276.37799666667,34709.80144333333,50217.51758666666,7560.253353666667,0.0,0.0,0.0
2059,9,15,4,108848.3423,53700.98616333333,36907.19320666667,54613.66299333333,8266.687227333334,0.0,0.0,0.0
2059,9,15,5,110454.07936666667,52778.176953333335,37306.76850333333,54511.19521666667,8336.360956666666,0.0,0.0,0.0
2059,9,15,6,110540.368,53149.72478,36973.92527666667,54190.44547666667,8183.421945333333,0.0,0.0,0.0
2059,9,15,7,103245.92616666667,55660.403190000005,42017.20834333333,57479.54667666667,8724.496471,0.0,0.0,0.0
2059,9,15,8,103590.26366666665,55089.28561333333,40283.50914333334,55688.59408333333,7534.159751666666,0.0,0.0,0.0
2059,9,16,1,97606.03119000001,51501.90567333333,34995.79603333334,51408.12668000001,6720.246387666666,0.0,0.0,0.0
2059,9,16,2,91390.85122999999,48511.764143333334,32827.058203333334,49708.85578333333,6633.767071666666,0.0,0.0,0.0
2059,9,16,3,93974.22673666668,50235.22201666667,34681.17475,50176.19818,7554.043185333333,0.0,0.0,0.0
2059,9,16,4,108757.91353333334,53657.5967,36877.17739333334,54568.33966,8259.959545,0.0,0.0,0.0
2059,9,16,5,110362.23423333334,52735.277766666666,37276.15346333333,54466.52558666666,8329.442611666665,0.0,0.0,0.0
2059,9,16,6,110448.03259999999,53106.880066666665,36943.82775333334,54146.45678333333,8176.585312666666,0.0,0.0,0.0
2059,9,16,7,103160.6181,55614.18101333334,41980.737226666664,57431.009309999994,8716.978899,0.0,0.0,0.0
2059,9,16,8,103504.79213333334,55043.335816666666,40249.2715,55642.20848333333,7527.922346333333,0.0,0.0,0.0
2059,9,17,1,97564.08530333334,51480.52417333333,34980.92431333333,51386.50004666666,6718.748321,0.0,0.0,0.0
2059,9,17,2,91371.02227333334,48501.304910000006,32819.78577333333,49698.205890000005,6632.2417669999995,0.0,0.0,0.0
2059,9,17,3,93953.93473666668,50224.73554666666,34673.65717666667,50165.46657333333,7552.408930333334,0.0,0.0,0.0
2059,9,17,4,108734.462,53646.2931,36869.36020666667,54556.763686666665,8258.270815,0.0,0.0,0.0
2059,9,17,5,110338.75543333334,52723.89246,37268.17285333333,54454.92237666666,8327.644931,0.0,0.0,0.0
2059,9,17,6,110424.28143333334,53095.84885,36936.20123,54135.15318666666,8174.842108,0.0,0.0,0.0
2059,9,17,7,103138.61013333335,55602.114766666666,41971.421969999996,57418.50726333333,8715.099505666667,0.0,0.0,0.0
2059,9,17,8,103482.70243333334,55031.62365666666,40240.44653,55630.006049999996,7526.342566666666,0.0,0.0,0.0
2059,9,18,1,97908.42278666666,51660.80971,35102.10431,51566.05017,6756.663032333333,0.0,0.0,0.0
2059,9,18,2,91872.57506666666,48764.36546,33001.54214333333,49967.23146333334,6669.775151999999,0.0,0.0,0.0
2059,9,18,3,94466.73665666666,50495.286426666666,34861.65095333334,50437.07972,7593.455963666667,0.0,0.0,0.0
2059,9,18,4,109333.98836666666,53936.40056666667,37067.649789999996,54854.08911,8302.477407333334,0.0,0.0,0.0
2059,9,18,5,110946.099,53006.754723333324,37470.68426,54752.02989666667,8373.240640333333,0.0,0.0,0.0
2059,9,18,6,111033.88573333334,53377.04962333333,37135.36241333333,54426.13225333334,8219.402788333333,0.0,0.0,0.0
2059,9,18,7,103701.42023333332,55909.49085666666,42212.66521666667,57740.56440333333,8764.644663666666,0.0,0.0,0.0
2059,9,18,8,104050.52426666667,55336.65731666667,40466.681866666666,55937.572803333336,7567.553025,0.0,0.0,0.0
2059,9,19,1,97931.22063333333,51671.377896666665,35111.17442,51576.23702666666,6739.421644333333,0.0,0.0,0.0
2059,9,19,2,91643.97006,48644.13878,32918.76713666667,49844.36274333333,6652.642714666667,0.0,0.0,0.0
2059,9,19,3,94232.82032,50371.65505,34776.45180333333,50313.148733333335,7574.634795666666,0.0,0.0,0.0
2059,9,19,4,109059.43353333331,53803.48117666666,36976.92141,54718.39148666667,8282.267123,0.0,0.0,0.0
2059,9,19,5,110668.08503333334,52877.34898,37378.48505333333,54616.33227666666,8352.431128999999,0.0,0.0,0.0
2059,9,19,6,110755.05459999999,53248.24311,37044.034810000005,54293.185626666665,8199.110791333334,0.0,0.0,0.0
2059,9,19,7,103444.27023333334,55768.42743,42102.40749333333,57593.12738666667,8741.928522333334,0.0,0.0,0.0
2059,9,19,8,103790.26923333334,55196.983003333335,40363.369726666664,55796.836226666666,7548.759095,0.0,0.0,0.0
2059,9,20,1,95165.18991,50392.927599999995,34638.16661,51264.25778666666,6746.966454,0.0,0.0,0.0
2059,9,20,2,86597.17334666666,47567.981999999996,32197.84287333333,48827.39321666667,6628.319555333333,0.0,0.0,0.0
2059,9,20,3,87812.16007333335,48535.92387666667,33555.363853333336,48644.19325666667,7419.952579,0.0,0.0,0.0
2059,9,20,4,97241.75578,50788.281073333324,35339.04401333333,52190.11760333334,8241.710366333335,0.0,0.0,0.0
2059,9,20,5,97936.53196333333,49544.47698666667,35367.970330000004,51851.091446666665,8210.4961,0.0,0.0,0.0
2059,9,20,6,95561.27880666667,48883.747773333336,34184.52471666667,49879.39027,8120.094572000001,0.0,0.0,0.0
2059,9,20,7,95018.62450333334,51931.85087,39250.71458333333,54528.872403333335,8532.934571,0.0,0.0,0.0
2059,9,20,8,94284.19039333332,51102.79341333333,37661.21113333333,52413.68366,7599.693369666667,0.0,0.0,0.0
2059,9,21,1,91316.60158666666,48103.33663,33844.436290000005,49566.40323999999,6845.239642666666,0.0,0.0,0.0
2059,9,21,2,85409.88723333333,45154.86860333333,31849.256323333335,47288.061389999995,6564.202292666666,0.0,0.0,0.0
2059,9,21,3,83070.07016666666,45079.720120000005,32119.453116666667,45673.52659666666,7368.528028666667,0.0,0.0,0.0
2059,9,21,4,86883.68545,44204.277063333335,31894.00766666667,45220.78354666667,8046.389680666667,0.0,0.0,0.0
2059,9,21,5,88632.22913333333,43840.79155666666,32068.491603333332,45880.66839666667,8104.160587666666,0.0,0.0,0.0
2059,9,21,6,88490.02172666667,43450.25913666667,31847.485880000004,45307.834853333334,8138.398225333333,0.0,0.0,0.0
2059,9,21,7,91745.40280666667,48659.74591666667,38499.88345666667,52602.22218666667,8718.504203666665,0.0,0.0,0.0
2059,9,21,8,92668.51162666666,48369.257126666664,37015.244686666665,51092.08904,7541.078097666667,0.0,0.0,0.0
2059,9,22,1,94582.55085,49363.61945666667,34106.70695,50288.280823333334,6888.7380576666665,0.0,0.0,0.0
2059,9,22,2,93617.33273000001,49677.31466333333,33630.784713333334,50899.955153333336,6800.188685,0.0,0.0,0.0
2059,9,22,3,96246.33118,51428.50039,35515.9521,51377.83849333334,7735.6088936666665,0.0,0.0,0.0
2059,9,22,4,111444.9008,54962.08611333333,37764.27813666667,55900.52969333334,8459.393105666668,0.0,0.0,0.0
2059,9,22,5,113095.98843333333,54003.13263666667,38180.25045666667,55795.09302333333,8533.39761,0.0,0.0,0.0
2059,9,22,6,113185.43663333333,54375.60654333333,37833.570536666666,55450.91896,8374.411856,0.0,0.0,0.0
2059,9,22,7,105665.4949,57003.02522,43057.193620000005,58871.38701333333,8938.665562,0.0,0.0,0.0
2059,9,22,8,106052.21403333334,56410.68956666667,41262.400526666665,57012.80350666667,7710.032805666667,0.0,0.0,0.0
2059,9,23,1,99906.92574666666,52696.43697333333,35809.19188333333,52592.30771,6882.827502666667,0.0,0.0,0.0
2059,9,23,2,93539.73285999999,49637.08476,33602.78448333333,50858.52679666667,6794.332605333333,0.0,0.0,0.0
2059,9,23,3,96167.28772333334,51387.262696666665,35486.83512333333,51335.756433333336,7729.398725,0.0,0.0,0.0
2059,9,23,4,111350.686,54916.218029999996,37733.526906666666,55853.544870000005,8452.365809666668,0.0,0.0,0.0
2059,9,23,5,112999.9487,53958.817093333324,38148.51867666667,55748.544,8526.261364,0.0,0.0,0.0
2059,9,23,6,113089.47863333333,54330.909673333335,37802.11113333333,55404.91468666666,8367.411797666668,0.0,0.0,0.0
2059,9,23,7,105578.14400000001,56954.297190000005,43019.60576,58820.80682666667,8930.930089333333,0.0,0.0,0.0
2059,9,23,8,105962.98373333334,56362.66971333334,41226.9372,56965.19221666667,7703.7954,0.0,0.0,0.0
2059,9,24,1,99863.61797666666,52673.82978666667,35794.02055,52570.35422,6881.302198,0.0,0.0,0.0
2059,9,24,2,93519.08677666665,49626.35315333334,33595.37586,50847.57728666667,6792.780063333333,0.0,0.0,0.0
2059,9,24,3,96146.20583666668,51376.20424,35479.01794,51324.80692333333,7727.682757333333,0.0,0.0,0.0
2059,9,24,4,111325.57293333333,54904.04283,37725.219443333335,55840.98834,8450.486416666667,0.0,0.0,0.0
2059,9,24,5,112974.5088,53947.24112333333,38140.15674,55736.096423333336,8524.327496,0.0,0.0,0.0
2059,9,24,6,113063.73913333332,54318.952376666675,37793.77643,55392.73949,8365.559642666667,0.0,0.0,0.0
2059,9,24,7,105554.9648,56941.38657333333,43009.66404,58807.48765333334,8928.941745999999,0.0,0.0,0.0
2059,9,24,8,105939.34153333334,56349.922523333335,41217.45852000001,56952.581216666666,7702.106670333334,0.0,0.0,0.0
2059,9,25,1,100217.78825333335,52857.43831333334,35916.53518666667,52753.20009333334,6920.142987333333,0.0,0.0,0.0
2059,9,25,2,94032.21554333332,49892.00127,33779.91046333333,51122.132093333326,6831.294001333333,0.0,0.0,0.0
2059,9,25,3,96669.54869333333,51649.58782666666,35671.01564,51602.27615333333,7769.492443,0.0,0.0,0.0
2059,9,25,4,111952.58203333332,55207.74185,37931.40792666667,56152.12322,8497.444004666666,0.0,0.0,0.0
2059,9,25,5,113611.45963333333,54242.19687666666,38350.73046666667,56046.08732,8571.693647333334,0.0,0.0,0.0
2059,9,25,6,113702.56933333333,54617.39453666667,38001.95326,55698.3179,8411.672865333334,0.0,0.0,0.0
2059,9,25,7,106134.44430000002,57265.8951,43258.80618666666,59142.64607333334,8980.230109333332,0.0,0.0,0.0
2059,9,25,8,106530.91453333333,56668.82011,41453.19977666667,57270.85234333333,7743.671217,0.0,0.0,0.0
2059,9,26,1,100242.57442333334,52871.79251666667,35927.59364333333,52764.258553333326,6902.411322666667,0.0,0.0,0.0
2059,9,26,2,93798.38092000001,49770.630613333335,33695.88253333333,50996.89369999999,6813.725762333333,0.0,0.0,0.0
2059,9,26,3,96431.13815999999,51525.08485000001,35583.719196666665,51475.43074333334,7750.453374333333,0.0,0.0,0.0
2059,9,26,4,111665.6069,55069.32046333334,37837.11142333333,56009.99752999999,8475.926316333333,0.0,0.0,0.0
2059,9,26,5,113320.39883333334,54106.77163,38254.28219666667,55904.83323333333,8550.175959,0.0,0.0,0.0
2059,9,26,6,113410.3918,54481.31559333333,37906.51277666666,55558.77977666666,8390.454790333331,0.0,0.0,0.0
2059,9,26,7,105870.0491,57117.66819,43145.22548,58989.62535000001,8956.69684,0.0,0.0,0.0
2059,9,26,8,106260.74496666667,56522.88116,41345.611333333334,57124.88615,7724.713861666666,0.0,0.0,0.0
2059,9,27,1,97399.21622,51560.92950666667,35446.65969666667,52447.92129666667,6910.174033,0.0,0.0,0.0
2059,9,27,2,88658.81300666666,48684.368686666676,32966.67804333333,49963.77228999999,6788.667189,0.0,0.0,0.0
2059,9,27,3,89890.82322666666,49675.380796666665,34340.81395,49781.389456666664,7593.401488333333,0.0,0.0,0.0
2059,9,27,4,99493.43203333333,51975.81232333334,36153.12080333333,53382.55161333334,8432.945415333334,0.0,0.0,0.0
2059,9,27,5,100222.01007666667,50686.821090000005,36183.572420000004,53031.97672333333,8400.178606666666,0.0,0.0,0.0
2059,9,27,6,97796.58528,50026.63662333333,34979.12663333333,51026.44647333334,8309.531940333332,0.0,0.0,0.0
2059,9,27,7,97251.45235666668,53121.779023333336,40195.586233333335,55830.06607333334,8738.224211333332,0.0,0.0,0.0
2059,9,27,8,96488.39155333333,52274.09106333333,38550.13679,53645.91177666667,7775.838798666667,0.0,0.0,0.0
2059,9,28,1,92652.41421666667,48801.16342999999,34336.4287,50281.553139999996,6915.757737,0.0,0.0,0.0
2059,9,28,2,86284.45868666667,45619.84133333332,32175.617006666667,47765.944729999996,6631.996629333334,0.0,0.0,0.0
2059,9,28,3,83924.37686333334,45544.801799999994,32446.739873333336,46138.39037666667,7442.287394999999,0.0,0.0,0.0
2059,9,28,4,87770.56829000001,44661.32365666667,32220.61348666667,45686.68235333334,8123.989545666666,0.0,0.0,0.0
2059,9,28,5,89538.23275000001,44295.33229,32396.323116666666,46352.06919333333,8181.923878333334,0.0,0.0,0.0
2059,9,28,6,89393.02921333333,43901.177273333335,32173.111146666666,45775.9399,8219.212125333333,0.0,0.0,0.0
2059,9,28,7,92672.24318,49150.86672,38889.16295,53135.31610333334,8809.287057,0.0,0.0,0.0
2059,9,28,8,93603.11471,48855.638589999995,37383.90533,51600.805323333334,7615.790779,0.0,0.0,0.0
2059,9,29,1,95539.13465333334,49856.61965333333,34445.65139333333,50788.035936666674,6959.419577333333,0.0,0.0,0.0
2059,9,29,2,94552.88912333333,50163.17861666667,33966.269986666666,51400.7453,6870.243740666666,0.0,0.0,0.0
2059,9,29,3,97199.86437666666,51927.52009333333,35866.14566,51882.95941333333,7812.010305,0.0,0.0,0.0
2059,9,29,4,112589.9142,55517.81445666667,38142.771543333336,56469.76787666666,8545.055294333333,0.0,0.0,0.0
2059,9,29,5,114261.70236666668,54541.72854333333,38565.008506666665,56360.681370000006,8619.332175000001,0.0,0.0,0.0
2059,9,29,6,114354.80043333334,54920.494333333336,38213.017263333335,56010.89636666666,8458.494265,0.0,0.0,0.0
2059,9,29,7,106723.64763333334,57596.72275000001,43512.224630000004,59483.14306333333,9032.880351333333,0.0,0.0,0.0
2059,9,29,8,107130.84946666665,56994.79946666667,41692.34572333333,57594.57098,7785.480902333334,0.0,0.0,0.0
2059,9,30,1,100915.88743,53219.80707666667,36162.844619999996,53107.83338333334,6953.454547333334,0.0,0.0,0.0
2059,9,30,2,94474.00909333333,50122.18606,33938.07909,51358.47257333333,6864.360423333333,0.0,0.0,0.0
2059,9,30,3,97119.75866666668,51885.41079666666,35836.53841333333,51840.27812666667,7805.500523333333,0.0,0.0,0.0
2059,9,30,4,112493.49316666667,55470.829633333335,38110.90357666667,56421.312223333334,8537.864573,0.0,0.0,0.0
2059,9,30,5,114162.96616666667,54496.81377,38532.568549999996,56313.07008,8612.250404,0.0,0.0,0.0
2059,9,30,6,114256.17316666666,54874.78967,38181.25824666667,55963.50297666667,8451.358019333333,0.0,0.0,0.0
2059,9,30,7,106634.52626666667,57546.687313333336,43473.81964333333,59431.636796666666,9024.872503,0.0,0.0,0.0
2059,9,30,8,107039.79423333333,56945.44497333333,41656.14698,57545.70676,7779.189021000001,0.0,0.0,0.0
2059,10,1,1,100871.40843333333,53196.87303333334,36147.23748666667,53085.82542,6951.956480333333,0.0,0.0,0.0
2059,10,1,2,94453.25405666667,50111.29102333333,33930.58875333334,51347.305166666665,6862.807881333334,0.0,0.0,0.0
2059,10,1,3,97098.67675666667,51874.37957333333,35828.77570333333,51829.19242666667,7803.784556,0.0,0.0,0.0
2059,10,1,4,112467.94433333333,55458.51824666667,38102.43269,56408.51056,8536.012417666667,0.0,0.0,0.0
2059,10,1,5,114137.1449,54484.883713333336,38524.01595333333,56300.62250666667,8610.289298000002,0.0,0.0,0.0
2059,10,1,6,114230.0523,54862.77789666667,38172.732886666665,55951.10988,8449.560338666668,0.0,0.0,0.0
2059,10,1,7,106611.10196666668,57533.47708666667,43463.68726,59418.01800666666,9022.775209,0.0,0.0,0.0
2059,10,1,8,107015.85236666666,56932.45265,41646.55935333334,57532.74167333334,7777.554766333334,0.0,0.0,0.0
2059,10,2,1,101229.82778333333,53382.960179999995,36270.48753666667,53271.013726666664,6990.933457666666,0.0,0.0,0.0
2059,10,2,2,94971.69415333333,50379.28157666667,34115.5864,51624.33859333334,6901.403532,0.0,0.0,0.0
2059,10,2,3,97626.48658666667,52149.42466,36022.40765666667,52108.37762666666,7846.6292693333335,0.0,0.0,0.0
2059,10,2,4,113102.41646666666,55767.47411666667,38312.05310333333,56725.14742999999,8583.051718333334,0.0,0.0,0.0
2059,10,2,5,114785.018,54782.53598666666,38737.04106333333,56614.80799333333,8658.145726,0.0,0.0,0.0
2059,10,2,6,114876.89033333333,55163.72592,38383.796890000005,56263.11636000001,8496.000413,0.0,0.0,0.0
2059,10,2,7,107198.45313333334,57862.561526666665,43715.988966666664,59757.83405333333,9075.044125,0.0,0.0,0.0
2059,10,2,8,107613.19976666667,57257.26079,41884.56132666667,57855.91555666667,7819.173788666667,0.0,0.0,0.0
2059,10,3,1,101256.41162666667,53397.69571,36282.11798333333,53282.480749999995,6973.147317666667,0.0,0.0,0.0
2059,10,3,2,94735.62604666666,50257.31169333333,34031.286093333336,51498.36478333333,6883.835293,0.0,0.0,0.0
2059,10,3,3,97386.16942,52024.81273,35934.56646333333,51981.041939999996,7826.936499,0.0,0.0,0.0
2059,10,3,4,112813.0444,55626.95544333333,38216.53091333333,56581.00615333333,8561.615742666667,0.0,0.0,0.0
2059,10,3,5,114489.87153333332,54645.96676333334,38640.04804,56471.647269999994,8636.382899999999,0.0,0.0,0.0
2059,10,3,6,114581.63496666665,55026.28509333334,38287.021766666665,56120.55486333333,8474.864050666667,0.0,0.0,0.0
2059,10,3,7,106930.81666666667,57712.37351333333,43601.046376666665,59603.09735999999,9051.320193,0.0,0.0,0.0
2059,10,3,8,107340.7967,57109.22454333334,41776.12852333334,57708.20616333333,7800.1891953333325,0.0,0.0,0.0
2059,10,4,1,98374.59397333332,52071.57965666667,35798.29685,52963.065650000004,6980.991740666667,0.0,0.0,0.0
2059,10,4,2,89550.5169,49167.15479,33298.567950000004,50457.725803333335,6858.667769333333,0.0,0.0,0.0
2059,10,4,3,90790.83458000001,50168.38099333333,34682.34596333333,50273.16396333333,7668.468258666667,0.0,0.0,0.0
2059,10,4,4,100476.05497333333,52494.22518333333,36508.43503666666,53904.39641000001,8518.280753,0.0,0.0,0.0
2059,10,4,5,101212.09610333333,51183.33493666667,36539.867203333335,53548.128866666666,8484.642341666666,0.0,0.0,0.0
2059,10,4,6,98765.58941333333,50517.78467,35324.33572333333,51523.368883333336,8392.606559333333,0.0,0.0,0.0
2059,10,4,7,98220.72888,53642.94288000001,40608.88927,56396.63497333333,8828.761927,0.0,0.0,0.0
2059,10,4,8,97450.06878666667,52783.07972,38941.40462666666,54184.78005666666,7851.858884666667,0.0,0.0,0.0
2059,10,5,1,93078.73681999999,49022.22363,34492.39108333333,50507.951903333334,6928.395974,0.0,0.0,0.0
2059,10,5,2,86442.30047,45703.56965333334,32234.66807666667,47852.28785666666,6644.2263023333335,0.0,0.0,0.0
2059,10,5,3,84078.59603999999,45628.91144333334,32505.627526666667,46222.11869666667,7455.497621333333,0.0,0.0,0.0
2059,10,5,4,87930.91592333333,44743.74457,32279.419420000002,45770.655813333324,8137.826236333333,0.0,0.0,0.0
2059,10,5,5,89701.73994333333,44377.344646666665,32455.455903333335,46437.02320333334,8196.169133,0.0,0.0,0.0
2059,10,5,6,89556.59088333334,43982.64487333334,32231.94432,45860.40363666666,8233.893181,0.0,0.0,0.0
2059,10,5,7,92840.24457,49239.33437999999,38959.57209333333,53231.437523333334,8825.684080333333,0.0,0.0,0.0
2059,10,5,8,93771.82428,48943.26188666667,37450.11988666667,51692.950053333334,7629.300618666667,0.0,0.0,0.0
2059,10,6,1,95711.92985,49946.31300333334,34506.52738666666,50878.57365333333,6972.139527666666,0.0,0.0,0.0
2059,10,6,2,94722.30686999999,50250.25716,34026.41056333333,51491.09235,6882.881977666667,0.0,0.0,0.0
2059,10,6,3,97372.38722666667,52017.59477333334,35929.55474666667,51973.905693333334,7825.901471,0.0,0.0,0.0
2059,10,6,4,112796.51120000001,55618.92035333333,38211.13787333333,56572.80763999999,8560.444527,0.0,0.0,0.0
2059,10,6,5,114473.14769999999,54638.39471666666,38634.627766666665,56463.55770666667,8635.157208999999,0.0,0.0,0.0
2059,10,6,6,114564.9656,55018.49514333333,38281.49254,56112.383590000005,8473.665597333333,0.0,0.0,0.0
2059,10,6,7,106915.64529999999,57703.95709666666,43594.56383333334,59594.32686,9049.958313666668,0.0,0.0,0.0
2059,10,6,8,107325.40750000002,57100.80813,41769.782166666664,57699.816986666665,7799.099692333333,0.0,0.0,0.0
2059,10,7,1,101098.35194666666,53314.86623000001,36226.716746666665,53201.36723333333,6966.147260000001,0.0,0.0,0.0
2059,10,7,2,94643.23617666667,50209.64593,33998.30138,51448.84686666667,6876.9714226666665,0.0,0.0,0.0
2059,10,7,3,97291.65501333332,51975.485473333334,35900.001976666674,51931.30612,7819.3916893333335,0.0,0.0,0.0
2059,10,7,4,112700.11743333335,55571.44525333333,38179.18818999999,56524.569886666664,8553.308281,0.0,0.0,0.0
2059,10,7,5,114374.22080000001,54593.07138,38601.969906666665,56415.34719333334,8627.803062,0.0,0.0,0.0
2059,10,7,6,114466.7741,54972.73600666667,38249.35219666667,56065.153626666666,8466.638301333334,0.0,0.0,0.0
2059,10,7,7,106825.81576666667,57653.59481666667,43556.15885,59542.38479333333,9041.950465,0.0,0.0,0.0
2059,10,7,8,107234.5429,57051.37192,41733.665133333336,57650.271830000005,7792.753336333334,0.0,0.0,0.0
2059,10,8,1,101054.22707333334,53291.550859999996,36211.00066,53178.97794333333,6964.594717666667,0.0,0.0,0.0
2059,10,8,2,94622.29048000001,50199.05051,33990.892759999995,51437.624983333335,6875.418880666667,0.0,0.0,0.0
2059,10,8,3,97270.60036,51964.372540000004,35892.103076666666,51920.11147,7817.648484333334,0.0,0.0,0.0
2059,10,8,4,112674.65026666666,55559.02491666667,38170.799016666664,56511.877173333334,8551.456125333332,0.0,0.0,0.0
2059,10,8,5,114348.23613333334,54581.19579666667,38593.41730666667,56402.654480000005,8625.841956333334,0.0,0.0,0.0
2059,10,8,6,114440.78943333332,54960.47909666667,38240.79959333334,56052.48815,8464.731671,0.0,0.0,0.0
2059,10,8,7,106802.39150000001,57640.30287666666,43545.97199333333,59528.793243333326,9039.880409333333,0.0,0.0,0.0
2059,10,8,8,107210.6283,57038.297883333325,41724.05027,57637.415693333336,7791.064606,0.0,0.0,0.0
2059,10,9,1,101413.00048666667,53477.96486,36334.46861333333,53364.19348666666,7003.816833,0.0,0.0,0.0
2059,10,9,2,95142.01074,50467.122773333336,34176.02659,51715.17592333333,6914.096244333334,0.0,0.0,0.0
2059,10,9,3,97800.31681666667,52239.63552333333,36085.653320000005,52200.35893333333,7860.656623,0.0,0.0,0.0
2059,10,9,4,113311.819,55869.83294,38381.10037,56828.595753333335,8598.549901333334,0.0,0.0,0.0
2059,10,9,5,114998.39716666668,54880.61851333334,38807.50468666666,56717.90223,8673.970760333334,0.0,0.0,0.0
2059,10,9,6,115090.1606,55263.08861,38453.19824333333,56365.80203666667,8511.389645666668,0.0,0.0,0.0
2059,10,9,7,107390.72323333332,57970.64024666667,43798.791209999996,59869.91669333333,9092.203800333333,0.0,0.0,0.0
2059,10,9,8,107809.71886666666,57364.46790333333,41962.89661,57961.73356,7832.956004333333,0.0,0.0,0.0
2059,10,10,1,101438.41316333333,53492.72762333333,36345.527070000004,53376.232496666664,6985.867267666667,0.0,0.0,0.0
2059,10,10,2,94904.88036999998,50344.60814,34091.59009333333,51588.684596666666,6896.446292666667,0.0,0.0,0.0
2059,10,10,3,97558.41987333335,52114.04304333334,35997.53975,52072.53297333333,7840.991090333333,0.0,0.0,0.0
2059,10,10,4,113020.0773,55727.54382333333,38284.92447666667,56684.154873333326,8576.977738,0.0,0.0,0.0
2059,10,10,5,114701.61653333333,54743.695199999995,38709.422159999995,56574.06057,8652.017271,0.0,0.0,0.0
2059,10,10,6,114793.18926666665,55124.88513,38356.28693333333,56222.88645333333,8490.035383,0.0,0.0,0.0
2059,10,10,7,107122.84163333334,57819.907479999994,43683.33110666667,59713.95431333333,9068.34368,0.0,0.0,0.0
2059,10,10,8,107536.00843333332,57215.28767666667,41853.701153333335,57813.99692333333,7813.835222999999,0.0,0.0,0.0
2059,10,11,1,98550.79385666667,52163.72438666667,35861.32461333333,53056.35436,6993.820640999999,0.0,0.0,0.0
2059,10,11,2,89711.62718666666,49253.52515666666,33358.46339,50547.01059,6871.224293666666,0.0,0.0,0.0
2059,10,11,3,90953.38846,50257.03931666666,34743.79394333333,50362.31256333333,7681.978098333333,0.0,0.0,0.0
2059,10,11,4,100654.43386666667,52588.00417,36572.579536666664,53999.10147666666,8533.615510666667,0.0,0.0,0.0
2059,10,11,5,101390.74738999999,51273.382373333334,36604.338553333335,53641.06348666667,8500.113287333334,0.0,0.0,0.0
2059,10,11,6,98939.33793666666,50605.95271333333,35387.063870000005,51613.116706666675,8407.587228333332,0.0,0.0,0.0
2059,10,11,7,98396.43852000001,53736.80358,40683.98328,56498.93932333333,8845.213425666667,0.0,0.0,0.0
2059,10,11,8,97623.46322333334,52875.660253333335,39012.440233333335,54282.12717,7865.695575000001,0.0,0.0,0.0
2059,10,12,1,92440.20623333333,48686.35703000001,34256.4864,50164.40430666667,6847.5820743333325,0.0,0.0,0.0
2059,10,12,2,85439.00420666666,45170.39402000001,31860.042403333337,47304.104320000006,6566.4357740000005,0.0,0.0,0.0
2059,10,12,3,83098.56068,45095.10935333333,32130.293673333334,45688.94307,7370.897697666667,0.0,0.0,0.0
2059,10,12,4,86913.0748,44219.42115666667,31904.87546,45236.20001666667,8048.922775666667,0.0,0.0,0.0
2059,10,12,5,88662.43560666667,43855.908416666665,32079.44111,45896.357240000005,8106.72092,0.0,0.0,0.0
2059,10,12,6,88519.84687666666,43465.26704,31858.35367333333,45323.441986666665,8141.121983666667,0.0,0.0,0.0
2059,10,12,7,91776.34469666665,48676.25188999999,38512.73959333333,52619.70871333333,8721.445862,0.0,0.0,0.0
2059,10,12,8,92699.48075999999,48385.54519999999,37027.47436,51108.949103333325,7543.529479666667,0.0,0.0,0.0
2059,10,13,1,94613.95577666665,49380.01648,34118.037780000006,50304.95022,6891.080489333333,0.0,0.0,0.0
2059,10,13,2,93648.24737666668,49693.16693666667,33641.97935666667,50916.7335,6802.503879333333,0.0,0.0,0.0
2059,10,13,3,96277.92677333334,51445.115313333336,35527.745969999996,51394.42618,7738.141988333333,0.0,0.0,0.0
2059,10,13,4,111482.5159,54980.44424333333,37776.616760000004,55919.350860000006,8462.225813666666,0.0,0.0,0.0
2059,10,13,5,113134.0393,54021.000490000006,38192.69803,55813.69629,8536.284793333334,0.0,0.0,0.0
2059,10,13,6,113224.03226666666,54393.746773333325,37846.18153666667,55469.46775333333,8377.135613666665,0.0,0.0,0.0
2059,10,13,7,105700.5224,57022.636276666664,43072.17429,58891.706249999996,8941.797883666666,0.0,0.0,0.0
2059,10,13,8,106088.05870000001,56429.75586999999,41276.53683,57032.08771666667,7712.565900666667,0.0,0.0,0.0
2059,10,14,1,99939.96492666668,52713.67836333334,35820.74061666667,52609.16777,6885.169934666667,0.0,0.0,0.0
2059,10,14,2,93570.48408666666,49653.045979999995,33613.92465333333,50874.86934333333,6796.675037333333,0.0,0.0,0.0
2059,10,14,3,96198.71989,51403.63248333333,35498.438336666666,51352.42583,7731.850107000001,0.0,0.0,0.0
2059,10,14,4,111388.13766666666,54934.49444333334,37745.70210333334,55872.17537333333,8455.089567666668,0.0,0.0,0.0
2059,10,14,5,113037.89066666667,53976.63047,38161.0752,55766.98383666666,8529.094072333333,0.0,0.0,0.0
2059,10,14,6,113127.33886666666,54348.69581333333,37814.66766,55423.272816666664,8370.217268666667,0.0,0.0,0.0
2059,10,14,7,105612.49056666666,56973.63586666667,43034.39576666666,58840.7175,8934.007935666667,0.0,0.0,0.0
2059,10,14,8,105998.14746666666,56381.59983,41240.85560333334,56984.176810000004,7706.301257333333,0.0,0.0,0.0
2059,10,15,1,99896.71163333334,52691.18012666667,35805.54205,52587.26875333333,6883.64463,0.0,0.0,0.0
2059,10,15,2,93549.83800333332,49642.314373333335,33606.461553333334,50863.91983666667,6795.122495333333,0.0,0.0,0.0
2059,10,15,3,96177.63800333334,51392.54678333333,35490.675623333336,51341.203949999996,7730.215852666667,0.0,0.0,0.0
2059,10,15,4,111363.02463333333,54922.15582000001,37737.58530333333,55859.482663333336,8453.237412333334,0.0,0.0,0.0
2059,10,15,5,113012.39630000001,53964.6187,38152.63155,55754.509029999994,8527.187441666667,0.0,0.0,0.0
2059,10,15,6,113101.73556666666,54336.71127666667,37806.19677,55410.87972,8368.337875666666,0.0,0.0,0.0
2059,10,15,7,105589.28413333332,56960.61630666666,43024.45405,58827.34384666666,8931.965117333333,0.0,0.0,0.0
2059,10,15,8,105974.50526666666,56368.879876666666,41231.54035,56971.45686,7704.58529,0.0,0.0,0.0
2059,10,16,1,100251.29045666667,52874.489036666666,35928.056683333336,52770.16910333334,6922.485419,0.0,0.0,0.0
2059,10,16,2,94063.15743666666,49908.15315333334,33791.132346666665,51138.82872666667,6833.636433333333,0.0,0.0,0.0
2059,10,16,3,96701.52560666668,51666.03932666666,35682.59161333333,51618.918313333335,7772.080012666666,0.0,0.0,0.0
2059,10,16,4,111990.9053,55226.208926666666,37944.04616,56171.21676333333,8500.358425333334,0.0,0.0,0.0
2059,10,16,5,113650.10973333335,54260.22815666667,38363.532133333334,56064.71782333333,8574.499118333333,0.0,0.0,0.0
2059,10,16,6,113741.35560000001,54635.56200333333,38014.61873,55716.97564,8414.478336,0.0,0.0,0.0
2059,10,16,7,106169.90763333334,57285.72406,43273.923043333336,59162.85635666666,8983.389668000002,0.0,0.0,0.0
2059,10,16,8,106566.70466666667,56688.104316666664,41467.417793333334,57290.191023333326,7746.204311666667,0.0,0.0,0.0
2059,10,17,1,100275.88599333334,52889.11561666667,35939.38751666667,52781.30927666667,6904.780992,0.0,0.0,0.0
2059,10,17,2,93829.21386,49786.619073333335,33707.10441333333,51013.42691,6816.040956666667,0.0,0.0,0.0
2059,10,17,3,96462.54309333333,51541.69977666667,35595.24069333333,51492.181853333335,7752.986469,0.0,0.0,0.0
2059,10,17,4,111703.54883333335,55087.760310000005,37849.61347333333,56028.84593333333,8478.759024333334,0.0,0.0,0.0
2059,10,17,5,113358.88553333333,54124.83014666667,38266.97491,55923.62716333333,8553.063142666668,0.0,0.0,0.0
2059,10,17,6,113448.87849999999,54499.37410666666,37919.28720333333,55577.19238,8393.233023333332,0.0,0.0,0.0
2059,10,17,7,105905.07663333334,57137.333726666664,43160.151673333334,59009.99905666666,8959.829162,0.0,0.0,0.0
2059,10,17,8,106296.34446666668,56541.89299,41359.80211333333,57144.143116666666,7727.246956666667,0.0,0.0,0.0
2059,10,18,1,97431.27486,51578.007470000004,35458.48080333333,52464.97202333333,6912.543702333333,0.0,0.0,0.0
2059,10,18,2,88688.36578666668,48700.30267333333,32977.65478666667,49980.114839999995,6790.955145333333,0.0,0.0,0.0
2059,10,18,3,89920.70285,49691.75058,34352.117543333334,49797.595819999995,7595.9073456666665,0.0,0.0,0.0
2059,10,18,4,99525.98095333333,51992.61791,36164.99639,53399.711286666665,8435.750886,0.0,0.0,0.0
2059,10,18,5,100254.91304333333,50703.19087666667,36195.36629333333,53048.891260000004,8402.875127000001,0.0,0.0,0.0
2059,10,18,6,97828.69838999999,50042.9247,34990.511946666666,51043.143110000005,8312.255698333332,0.0,0.0,0.0
2059,10,18,7,97283.56546333333,53139.02041333334,40209.205023333336,55848.77829333333,8741.165869666667,0.0,0.0,0.0
2059,10,18,8,96520.25952333333,52290.814933333335,38563.07464,53663.58896666666,7778.317418333333,0.0,0.0,0.0
2059,10,19,1,92887.50177333334,48924.930993333335,34422.635636666666,50408.28959666667,6941.796863333333,0.0,0.0,0.0
2059,10,19,2,86609.15788,45792.091786666664,32297.042133333332,47943.506513333334,6657.082440000001,0.0,0.0,0.0
2059,10,19,3,84241.34058333334,45717.54253,32567.81092,46310.64083,7469.57945,0.0,0.0,0.0
2059,10,19,4,88100.06129666667,44830.82311333334,32341.548339999998,45859.31412999999,8152.670717666665,0.0,0.0,0.0
2059,10,19,5,89874.64410333334,44464.12357333334,32517.96614666667,46526.79826666667,8211.122564333333,0.0,0.0,0.0
2059,10,19,6,89729.2499,44068.68839,32293.85534,45949.44328666667,8249.418601666666,0.0,0.0,0.0
2059,10,19,7,93017.07093666667,49332.67756333333,39034.33925,53333.22435666667,8842.898231000001,0.0,0.0,0.0
2059,10,19,8,93949.90357666666,49035.81518,37520.93759666666,51790.26993,7643.545873,0.0,0.0,0.0
2059,10,20,1,95894.12204333332,50040.80017,34570.508460000005,50973.60556999999,6985.567654333333,0.0,0.0,0.0
2059,10,20,2,94900.65854333334,50342.483603333334,34090.09202666667,51586.505593333335,6896.119441666667,0.0,0.0,0.0
2059,10,20,3,97554.11632999999,52111.94574999999,35995.98721,52070.32672666667,7840.637001666667,0.0,0.0,0.0
2059,10,20,4,113015.0111,55725.09244,38283.235746666665,56681.67625,8576.650887,0.0,0.0,0.0
2059,10,20,5,114696.52306666668,54741.40724333333,38707.70619333334,56571.55471333334,8651.635944666667,0.0,0.0,0.0
2059,10,20,6,114788.09580000001,55122.56993666667,38354.598203333335,56220.35335666667,8489.654056666666,0.0,0.0,0.0
2059,10,20,7,107118.1295,57817.34714666667,43681.34276333333,59711.33950666666,9067.935116666667,0.0,0.0,0.0
2059,10,20,8,107531.37810000002,57212.70010666666,41851.876233333336,57811.38211666667,7813.453896666666,0.0,0.0,0.0
2059,10,21,1,101290.40415,53415.04605,36293.503293333335,53300.43031333334,6979.602624333334,0.0,0.0,0.0
2059,10,21,2,94821.47889999999,50301.59999333334,34061.84665666667,51544.123916666664,6890.236124666667,0.0,0.0,0.0
2059,10,21,3,97473.27521333333,52070.272253333336,35966.35272,52027.4003,7834.045507,0.0,0.0,0.0
2059,10,21,4,112918.20873333333,55677.94419,38251.12263666667,56633.19336,8569.460165999999,0.0,0.0,0.0
2059,10,21,5,114597.10593333334,54695.37573,38675.29347,56523.64381,8644.254560333333,0.0,0.0,0.0
2059,10,21,6,114689.1417,55076.320523333336,38322.131010000005,56172.41521666667,8482.436098333334,0.0,0.0,0.0
2059,10,21,7,107027.70073333335,57767.14828666666,43642.74711,59659.39744,9059.927268333333,0.0,0.0,0.0
2059,10,21,8,107439.80533333332,57163.07324,41815.35064,57761.782479999994,7807.107540666667,0.0,0.0,0.0
2059,10,22,1,101246.38821,53391.92134333333,36278.03234333333,53278.013783333336,6977.995607,0.0,0.0,0.0
2059,10,22,2,94800.64214999999,50290.65048666667,34054.38355666667,51532.90203333334,6888.683582333334,0.0,0.0,0.0
2059,10,22,3,97451.97542333334,52059.32274333333,35958.59001,52016.04223,7832.356777333333,0.0,0.0,0.0
2059,10,22,4,112892.46923333332,55665.52385333334,38242.62451666666,56620.418933333334,8567.553535333333,0.0,0.0,0.0
2059,10,22,5,114570.8489,54683.41843666667,38666.686396666664,56510.978336666674,8642.266217333332,0.0,0.0,0.0
2059,10,22,6,114662.96639999999,55064.17256333333,38313.60564666666,56159.77698,8480.556704666667,0.0,0.0,0.0
2059,10,22,7,107004.35813333333,57753.85634666667,43632.56026,59645.66969666667,9057.775499333333,0.0,0.0,0.0
2059,10,22,8,107415.83626666667,57149.91748333333,41805.87196,57748.54501666666,7805.391573333333,0.0,0.0,0.0
2059,10,23,1,101607.04101333332,53579.17970666667,36401.66372333333,53463.91026666667,7017.435622666667,0.0,0.0,0.0
2059,10,23,2,95321.80600333335,50561.146896666665,34240.03490333333,51811.37905333333,6927.442659,0.0,0.0,0.0
2059,10,23,3,97983.89811000001,52335.32113999999,36152.93014333333,52296.83444333333,7875.528341666667,0.0,0.0,0.0
2059,10,23,4,113533.77803333332,55977.966133333335,38454.53288666667,56938.82624,8614.946924333333,0.0,0.0,0.0
2059,10,23,5,115224.95936666666,54984.44816666667,38882.353553333334,56826.85255333333,8690.830822,0.0,0.0,0.0
2059,10,23,6,115316.28696666665,55369.042793333334,38526.79418333334,56474.37103,8527.43258,0.0,0.0,0.0
2059,10,23,7,107595.57706666668,58086.23653333334,43886.36003,59988.01884,9110.452978666666,0.0,0.0,0.0
2059,10,23,8,108018.14086666667,57477.28596,42046.107416666666,58074.93294,7847.446396666666,0.0,0.0,0.0
2059,10,24,1,101632.26302666667,53593.39772,36413.10350666667,53475.54071333333,6999.45882,0.0,0.0,0.0
2059,10,24,2,95084.07640666666,50437.48828333333,34155.46221333334,51684.20679333334,6909.765469333334,0.0,0.0,0.0
2059,10,24,3,97741.23850333334,52209.21114333333,36064.081156666674,52168.954003333325,7855.835571333333,0.0,0.0,0.0
2059,10,24,4,113240.56549999998,55834.99607666667,38357.83947333333,56793.48651333334,8593.347523666665,0.0,0.0,0.0
2059,10,24,5,114925.91796666668,54847.08905333333,38783.59009,56682.79298666667,8668.713907333333,0.0,0.0,0.0
2059,10,24,6,115017.79036666667,55229.39572333333,38429.44707333334,56330.96516666666,8506.105555,0.0,0.0,0.0
2059,10,24,7,107325.43473333334,57934.06017333333,43770.70926333333,59832.083699999996,9086.374958333334,0.0,0.0,0.0
2059,10,24,8,107743.01406666667,57328.18744666667,41936.31273333333,57925.83442666667,7828.243903,0.0,0.0,0.0
2059,10,25,1,98736.71758666665,52260.93531,35928.056683333336,53155.44467333334,7007.384956000001,0.0,0.0,0.0
2059,10,25,2,89881.83482666667,49344.88000333333,33421.65457666667,50640.84405666666,6884.516232666666,0.0,0.0,0.0
2059,10,25,3,91125.28482666666,50350.38250333333,34809.02794666667,50455.737460000004,7696.223352333333,0.0,0.0,0.0
2059,10,25,4,100842.04633666667,52686.79487666666,36640.45558666667,54099.47195666667,8549.849108333334,0.0,0.0,0.0
2059,10,25,5,101579.50380333334,51368.85009,36672.405269999996,53739.282203333336,8516.483073000001,0.0,0.0,0.0
2059,10,25,6,99124.82586333335,50699.84065333334,35452.65196,51707.358739999996,8423.521212333333,0.0,0.0,0.0
2059,10,25,7,98581.54511333333,53836.32969666666,40763.16292333333,56607.12699333334,8862.699951333334,0.0,0.0,0.0
2059,10,25,8,97806.39081000001,52972.70775,39087.75214333333,54385.03074333334,7879.995304666667,0.0,0.0,0.0
2059,10,26,1,91711.70992333333,48301.980299999996,33986.80712333333,49771.311550000006,6756.227231333333,0.0,0.0,0.0
2059,10,26,2,84300.14651333333,44564.27615666667,31435.163396666667,46680.118603333336,6478.567340999999,0.0,0.0,0.0
2059,10,26,3,81986.25962666667,44489.509,31704.025546666668,45083.887469999994,7275.239317333333,0.0,0.0,0.0
2059,10,26,4,85758.80063333333,43624.6886,31479.42446,44628.58408,7947.680690666667,0.0,0.0,0.0
2059,10,26,5,87484.65541333333,43265.01635666667,31652.43757,45281.90467333334,8005.206459666667,0.0,0.0,0.0
2059,10,26,6,87345.11729000001,42879.03261,31433.74704,44713.456379999996,8037.1561409999995,0.0,0.0,0.0
2059,10,26,7,90572.17129000001,48039.110420000005,38009.879389999995,51929.75357333334,8605.195870666668,0.0,0.0,0.0
2059,10,26,8,91488.00767666668,47750.01074666667,36548.71941666667,50448.73740333333,7446.100656,0.0,0.0,0.0
2059,10,27,1,93373.99218333334,48738.35357,33675.80843333333,49656.886479999994,6798.962994,0.0,0.0,0.0
2059,10,27,2,92433.20617333334,49058.66751333334,33203.89012333333,50266.95379666667,6711.802737999999,0.0,0.0,0.0
2059,10,27,3,95039.62467333332,50796.452346666665,35072.17020666666,50739.253430000004,7639.07891,0.0,0.0,0.0
2059,10,27,4,110007.87329999999,54264.64064,37290.97070666667,55187.99460333333,8352.540079333332,0.0,0.0,0.0
2059,10,27,5,111632.0502,53325.05308333333,37697.92739,55084.954836666664,8424.120439333334,0.0,0.0,0.0
2059,10,27,6,111719.56456666667,53695.456933333335,37358.356479999995,54752.81979,8268.730045666667,0.0,0.0,0.0
2059,10,27,7,104332.26983333332,56258.81281666667,42482.9982,58102.49737,8820.617890666666,0.0,0.0,0.0
2059,10,27,8,104690.71636666666,55679.76910666667,40721.680093333336,56281.85581,7613.448347333334,0.0,0.0,0.0
2059,10,28,1,98636.12919666666,52037.01516666667,35360.09866333333,51941.16612,6793.188627,0.0,0.0,0.0
2059,10,28,2,92355.79696999998,49018.35589333333,33176.10779,50225.825053333334,6705.973895666667,0.0,0.0,0.0
2059,10,28,3,94960.71740666666,50755.07846333333,35043.02599333334,50697.57993666667,7632.841504333333,0.0,0.0,0.0
2059,10,28,4,109915.0204,54219.53521333333,37260.30119,55141.85414333333,8345.403832999998,0.0,0.0,0.0
2059,10,28,5,111537.56306666667,53280.982679999994,37666.7676,55038.868853333326,8417.120381333334,0.0,0.0,0.0
2059,10,28,6,111624.55986666668,53651.223106666665,37327.74144,54707.55093,8261.866175666668,0.0,0.0,0.0
2059,10,28,7,104245.76329999999,56210.92915333333,42445.84614,58052.652596666674,8812.827942666667,0.0,0.0,0.0
2059,10,28,8,104602.84796666667,55632.13058,40686.40742333333,56234.653086666665,7607.101991,0.0,0.0,0.0
2059,10,29,1,98593.31172333333,52015.30681333333,35344.709429999995,51919.21263666666,6791.608847333333,0.0,0.0,0.0
2059,10,29,2,92335.39602666667,49007.597050000004,33168.75364666667,50214.93002,6704.475829,0.0,0.0,0.0
2059,10,29,3,94939.85342,50744.29238333334,35035.45395333334,50686.52147666667,7631.234487000001,0.0,0.0,0.0
2059,10,29,4,109890.64276666666,54207.55067333334,37252.18439666667,55129.76065666667,8343.52444,0.0,0.0,0.0
2059,10,29,5,111512.64066666667,53269.35223333334,37658.46013666667,55026.77536666667,8415.295463333334,0.0,0.0,0.0
2059,10,29,6,111599.61026666667,53639.56541666667,37319.57016333333,54695.593629999996,8260.041257666666,0.0,0.0,0.0
2059,10,29,7,104222.52963333332,56198.26368333333,42436.01337,58039.44237333333,8810.812361666665,0.0,0.0,0.0
2059,10,29,8,104579.66876666667,55619.79196,40677.22836,56222.1238,7605.440498666667,0.0,0.0,0.0
2059,10,30,1,98942.17067,52196.21882,35467.90500333333,52099.66159999999,6829.986598,0.0,0.0,0.0
2059,10,30,2,92843.37689333333,49273.408593333326,33351.708470000005,50486.706589999994,6742.390540333334,0.0,0.0,0.0
2059,10,30,3,95457.69428666668,51016.01448333333,35226.36215,50960.74943333334,7672.444945666667,0.0,0.0,0.0
2059,10,30,4,110505.04083333333,54504.685436666674,37453.90591,55433.840996666666,8389.555950333333,0.0,0.0,0.0
2059,10,30,5,112137.41626666667,53559.51417333334,37863.94044,55330.80123666666,8461.817249666667,0.0,0.0,0.0
2059,10,30,6,112224.631,53929.56393333333,37522.871466666664,54993.57276,8305.255640333333,0.0,0.0,0.0
2059,10,30,7,104794.32813333334,56516.643749999996,42681.64187,58368.09101333333,8861.664923666665,0.0,0.0,0.0
2059,10,30,8,105160.97320000001,55932.67004,40908.28475,56534.59332000001,7647.005045999999,0.0,0.0,0.0
2059,10,31,1,98966.98410333334,52208.44849333334,35477.9012,52111.40099666666,6812.4455960000005,0.0,0.0,0.0
2059,10,31,2,92612.18431333332,49152.52821333334,33268.5249,50362.72112666666,6725.1763900000005,0.0,0.0,0.0
2059,10,31,3,95222.00751333334,50892.49205666667,35139.61045666667,50835.919603333336,7653.5148273333325,0.0,0.0,0.0
2059,10,31,4,110224.3576,54369.042283333336,37362.19698,55295.33790333333,8368.583014,0.0,0.0,0.0
2059,10,31,5,111852.2388,53426.75820666667,37770.2704,55192.08023666667,8440.5447,0.0,0.0,0.0
2059,10,31,6,111939.42633333332,53797.053106666666,37429.80065,54857.41209333334,8284.582317333334,0.0,0.0,0.0
2059,10,31,7,104533.6645,56371.222310000005,42569.695413333335,58217.90299666667,8838.512980666666,0.0,0.0,0.0
2059,10,31,8,104895.27063333332,55789.34589333334,40802.98426666667,56392.249723333334,7627.9932149999995,0.0,0.0,0.0
2059,11,1,1,96168.35000333334,50916.59731333333,35001.21631333334,51797.16104,6820.290019,0.0,0.0,0.0
2059,11,1,2,87526.16548666666,48070.351923333335,32544.33212333333,49338.424693333334,6700.362955,0.0,0.0,0.0
2059,11,1,3,88749.26901333332,49047.963143333334,33909.07107,49155.742243333334,7498.178908666666,0.0,0.0,0.0
2059,11,1,4,98253.14158,51320.28548666667,35705.66183999999,52724.87301,8326.664378333333,0.0,0.0,0.0
2059,11,1,5,98964.09691666666,50060.52017666667,35734.860526666664,52381.434363333334,8294.769172333334,0.0,0.0,0.0
2059,11,1,6,96567.65291,49399.246210000005,34542.399280000005,50396.76810000001,8205.021346,0.0,0.0,0.0
2059,11,1,7,96023.25540000001,52467.042076666665,39675.02161,55112.65545666667,8624.371127,0.0,0.0,0.0
2059,11,1,8,95273.48653666668,51628.424230000004,38058.96151,52966.17073333333,7679.308815666666,0.0,0.0,0.0
2059,11,2,1,90250.95850666666,47540.68994333333,33449.845473333335,48988.013230000004,6684.183832,0.0,0.0,0.0
2059,11,2,2,83399.01842,44084.51342666667,31098.833759999998,46187.009456666674,6409.084274666667,0.0,0.0,0.0
2059,11,2,3,81105.34181333333,44010.72682,31366.361266666663,44603.85236,7199.355419333333,0.0,0.0,0.0
2059,11,2,4,84844.54402666667,43154.295593333336,31142.631786666665,44147.51395,7867.820106333333,0.0,0.0,0.0
2059,11,2,5,86552.69437666667,42797.59224666667,31314.909480000002,44795.060170000004,7924.365322333334,0.0,0.0,0.0
2059,11,2,6,86417.48703,42415.557949999995,31098.180053333333,44230.697513333325,7954.217710000001,0.0,0.0,0.0
2059,11,2,7,89620.84433666668,47533.30856,37613.409179999995,51387.807446666666,8514.821580666667,0.0,0.0,0.0
2059,11,2,8,90530.41607666668,47245.40733666666,36170.961423333334,49928.3362,7368.882116666667,0.0,0.0,0.0
2059,11,3,1,92397.41599666666,48232.55171,33326.51371,49142.341356666664,6726.5110313333325,0.0,0.0,0.0
2059,11,3,2,91473.65347,48555.235323333334,32857.01954,49753.03513666667,6639.950002333334,0.0,0.0,0.0
2059,11,3,3,94058.33638,50279.80993333333,34712.361776666665,50220.97676333333,7560.798104999999,0.0,0.0,0.0
2059,11,3,4,108855.91433333333,53704.69047333333,36909.7263,54617.421773333335,8267.259216333334,0.0,0.0,0.0
2059,11,3,5,110461.81483333332,52781.6906,37309.49226,54514.954003333325,8336.905708333334,0.0,0.0,0.0
2059,11,3,6,110548.18516666668,53153.29290666667,36976.54008333333,54194.09531333333,8184.021172000001,0.0,0.0,0.0
2059,11,3,7,103253.22586666666,55664.21645,42020.258949999996,57483.71403,8725.150173,0.0,0.0,0.0
2059,11,3,8,103597.53613333333,55093.31677333333,40286.369086666666,55692.54353333334,7534.677266333333,0.0,0.0,0.0
2059,11,4,1,97612.84055666666,51505.555506666664,34998.30189333333,51411.66756666667,6720.736664666667,0.0,0.0,0.0
2059,11,4,2,91397.27929666667,48515.19607666667,32829.373400000004,49712.31495666667,6634.230110333334,0.0,0.0,0.0
2059,11,4,3,93980.95442000001,50238.84461333333,34683.68060666666,50179.766299999996,7554.560699333334,0.0,0.0,0.0
2059,11,4,4,108765.4856,53661.24653333333,36879.737726666666,54572.152923333335,8260.586009333332,0.0,0.0,0.0
2059,11,4,5,110370.10590000001,52738.98207666667,37278.686559999995,54470.31161,8330.014600666667,0.0,0.0,0.0
2059,11,4,6,110455.71356666666,53110.55714,36946.38808333333,54150.13386,8177.184539333332,0.0,0.0,0.0
2059,11,4,7,103167.83603333333,55618.075990000005,41983.815070000004,57435.06771,8717.605363333334,0.0,0.0,0.0
2059,11,4,8,103512.0646,55047.258030000005,40252.131446666666,55646.18517333333,7528.4398599999995,0.0,0.0,0.0
2059,11,5,1,97571.08535333333,51484.03782,34983.45741,51390.09540333333,6719.2385976666665,0.0,0.0,0.0
2059,11,5,2,91377.45034333334,48504.73685000001,32822.15544333333,49701.74677666667,6632.732043666667,0.0,0.0,0.0
2059,11,5,3,93960.52623333332,50228.08576666666,34676.13579666667,50168.98022,7552.926444666667,0.0,0.0,0.0
2059,11,5,4,108742.06123333333,53649.942936666666,36871.94777666667,54560.604186666664,8258.842804,0.0,0.0,0.0
2059,11,5,5,110346.46366666666,52727.56953,37270.705949999996,54458.70840333333,8328.244158,0.0,0.0,0.0
2059,11,5,6,110432.04413333333,53099.41697333334,36938.73432333334,54138.88473666667,8175.386859333333,0.0,0.0,0.0
2059,11,5,7,103145.90980000001,55606.11869,41974.49982,57422.565663333335,8715.698732333332,0.0,0.0,0.0
2059,11,5,8,103489.83870000001,55035.40967666666,40243.30647333333,55634.00997333333,7526.860080333333,0.0,0.0,0.0
2059,11,6,1,97915.31387666667,51664.432310000004,35104.58292666666,51569.61829333333,6757.153309,0.0,0.0,0.0
2059,11,6,2,91879.22103666665,48767.74292,33003.96628666667,49970.60892666667,6670.238191333334,0.0,0.0,0.0
2059,11,6,3,94473.40986333333,50498.77283666667,34864.07509666667,50440.59336666667,7593.973477666666,0.0,0.0,0.0
2059,11,6,4,109341.6421,53940.15935333333,37070.2646,54857.90237,8303.022158666667,0.0,0.0,0.0
2059,11,6,5,110953.88893333334,53010.350086666665,37473.326303333335,54755.952106666664,8373.785391666666,0.0,0.0,0.0
2059,11,6,6,111041.62116666666,53380.72669666667,37137.94998666667,54429.91827666666,8220.002015333333,0.0,0.0,0.0
2059,11,6,7,103708.7744,55913.49478,42215.743063333335,57744.813469999994,8765.298365666667,0.0,0.0,0.0
2059,11,6,8,104058.09633333333,55340.68847666666,40469.59628666667,55941.57673,7568.125014333334,0.0,0.0,0.0
2059,11,7,1,97938.27518666668,51675.08220333333,35113.65304,51579.777910000004,6739.911920666666,0.0,0.0,0.0
2059,11,7,2,91650.39812999999,48647.62519333333,32921.19128333333,49847.87639333333,6653.160228666667,0.0,0.0,0.0
2059,11,7,3,94239.38457666668,50375.30488666667,34778.87594666667,50316.58066666667,7575.15231,0.0,0.0,0.0
2059,11,7,4,109067.1418,53807.34891,36979.53622,54722.23198666666,8282.811874333334,0.0,0.0,0.0
2059,11,7,5,110675.9567,52881.02605666666,37381.07262333333,54620.22724666667,8353.003118,0.0,0.0,0.0
2059,11,7,6,110762.79006666667,53251.920183333335,37046.676856666665,54296.998889999995,8199.682780333334,0.0,0.0,0.0
2059,11,7,7,103451.51546666666,55772.322406666666,42105.458099999996,57597.26749666667,8742.582224333333,0.0,0.0,0.0
2059,11,7,8,103797.62336666667,55200.85074,40366.31138333333,55800.812913333335,7549.249371333334,0.0,0.0,0.0
2059,11,8,1,95171.91759000001,50396.35953666666,34640.61799,51267.85314666667,6747.456730333332,0.0,0.0,0.0
2059,11,8,2,86603.43798666667,47571.441170000006,32200.158063333336,48830.87963,6628.809832333332,0.0,0.0,0.0
2059,11,8,3,87818.58814666666,48539.383050000004,33557.89695,48647.57071333334,7420.470093666667,0.0,0.0,0.0
2059,11,8,4,97248.59241,50791.82196,35341.4954,52193.767439999996,8242.282355333335,0.0,0.0,0.0
2059,11,8,5,97943.31413333333,49547.908923333336,35370.448946666664,51854.71404333333,8211.013613666668,0.0,0.0,0.0
2059,11,8,6,95568.00649,48887.261419999995,34186.92162,49882.79496666667,8120.666561000001,0.0,0.0,0.0
2059,11,8,7,95025.43389333335,51935.39175333333,39253.52005666667,54532.74014,8533.561035333334,0.0,0.0,0.0
2059,11,8,8,94290.70017666667,51106.25258333333,37663.82594,52417.360733333335,7600.292596333333,0.0,0.0,0.0
2059,11,9,1,89394.33661666668,47089.41771666667,33133.42650333333,48528.24288,6622.8992769999995,0.0,0.0,0.0
2059,11,9,2,82633.86032666668,43677.82911666667,30813.492866666667,45767.36006333333,6349.951488333333,0.0,0.0,0.0
2059,11,9,3,80357.83367,43605.05030333333,31079.33164666667,44196.24197666667,7134.747879666666,0.0,0.0,0.0
2059,11,9,4,84068.38195,42755.809799999995,30856.991283333333,43739.16814666666,7800.189195666667,0.0,0.0,0.0
2059,11,9,5,85761.27925333333,42401.09479333333,31028.56080333333,44381.59370666667,7856.489273333333,0.0,0.0,0.0
2059,11,9,6,85629.74897999999,42022.73757,30813.520109999998,43820.799176666675,7883.917516,0.0,0.0,0.0
2059,11,9,7,88814.77539000001,47102.84584666666,37278.35970666667,50929.29002666666,8439.210058666666,0.0,0.0,0.0
2059,11,9,8,89716.96575333334,46816.68783,35851.35565333333,49487.71387,7303.893251333334,0.0,0.0,0.0
2059,11,10,1,91571.68152333335,47805.30303,33029.351709999995,48706.594553333336,6665.090288666666,0.0,0.0,0.0
2059,11,10,2,90662.38215333334,48127.850453333325,32561.491803333334,49317.506233333326,6579.373624666667,0.0,0.0,0.0
2059,11,10,3,93227.75361999999,49842.129259999994,34408.22696,49779.04702666667,7494.093272000001,0.0,0.0,0.0
2059,11,10,4,107890.04253333334,53241.079626666666,36590.42015,54139.67462333333,8195.815044333334,0.0,0.0,0.0
2059,11,10,5,109483.904,52324.58953333334,36982.8592,54039.14072,8264.562695666667,0.0,0.0,0.0
2059,11,10,6,109565.64396666667,52701.12184,36656.634706666664,53725.28208333333,8112.195673666666,0.0,0.0,0.0
2059,11,10,7,102344.33506666667,55172.00614333333,41630.43471,56963.93929,8644.9355,0.0,0.0,0.0
2059,11,10,8,102680.06550000001,54603.31271,39920.67734,55196.43825,7468.435471666667,0.0,0.0,0.0
2059,11,11,1,96749.13690666667,51059.02262,34691.85188,50964.23584,6659.370397,0.0,0.0,0.0
2059,11,11,2,90586.57997,48087.865686666664,32533.900133333333,49276.786049999995,6573.735445666666,0.0,0.0,0.0
2059,11,11,3,93150.31718333333,49800.89156333334,34379.68197333333,49737.94551666667,7487.801391,0.0,0.0,0.0
2059,11,11,4,107800.7305,53198.64347666667,36560.86737666667,54095.46803333333,8189.359737666666,0.0,0.0,0.0
2059,11,11,5,109393.3663,52283.02498666666,36952.59825333334,53995.09755,8257.835014,0.0,0.0,0.0
2059,11,11,6,109474.616,52659.25768333333,36627.02746,53682.00157,8105.5497043333335,0.0,0.0,0.0
2059,11,11,7,102260.27990000001,55126.92794666666,41594.590053333326,56915.72877666666,8637.526878333332,0.0,0.0,0.0
2059,11,11,8,102594.97526666666,54557.853189999994,39886.793789999996,55150.48845333333,7462.225303666666,0.0,0.0,0.0
2059,11,12,1,96707.79026,51037.47769333333,34676.762259999996,50942.82710333334,6657.845092333333,0.0,0.0,0.0
2059,11,12,2,90566.64206,48077.40646,32526.491510000003,49266.10892,6572.237378666668,0.0,0.0,0.0
2059,11,12,3,93129.80728000001,49789.86034666666,34372.08269,49727.15943666667,7486.139898666667,0.0,0.0,0.0
2059,11,12,4,107777.03376666666,53187.17645333334,36552.914006666666,54083.892060000006,8187.562057333333,0.0,0.0,0.0
2059,11,12,5,109369.50616666667,52271.85757666667,36944.50869333334,53983.330916666666,8256.037333333334,0.0,0.0,0.0
2059,11,12,6,109450.429,52648.06303333334,36619.07408666667,53670.398363333334,8103.724786,0.0,0.0,0.0
2059,11,12,7,102237.8906,55114.97065,41585.02966333333,56902.95435000001,8635.565772333333,0.0,0.0,0.0
2059,11,12,8,102572.20463333333,54545.759706666664,39877.80538666667,55138.17706666666,7460.618286,0.0,0.0,0.0
2059,11,13,1,97047.96039666666,51214.49473,34797.315786666666,51120.66126666666,6695.541903,0.0,0.0,0.0
2059,11,13,2,91063.86408000001,48340.194630000005,32708.11169333333,49533.52748,6609.416675,0.0,0.0,0.0
2059,11,13,3,93639.77649333334,50059.485153333335,34558.523923333334,49998.14611666667,7527.159693999999,0.0,0.0,0.0
2059,11,13,4,108368.17099999999,53469.60292,36747.798886666664,54375.49759333333,8231.251136,0.0,0.0,0.0
2059,11,13,5,109967.8068,52550.41631,37143.91501333334,54274.71855,8300.134975333334,0.0,0.0,0.0
2059,11,13,6,110051.29,52923.97972,36815.10295,53956.992176666674,8147.604527333333,0.0,0.0,0.0
2059,11,13,7,102795.3077,55415.12878,41823.2223,57221.443373333335,8684.675129333335,0.0,0.0,0.0
2059,11,13,8,103134.7424,54845.64546,40101.48039666667,55441.84885,7501.229518,0.0,0.0,0.0
2059,11,14,1,97071.30299333333,51225.580420000006,34806.19524,51131.09325666667,6678.382227666666,0.0,0.0,0.0
2059,11,14,2,90837.51978999999,48220.567176666664,32625.44564,49411.802736666665,6592.474900666667,0.0,0.0,0.0
2059,11,14,3,93407.27651,49937.188416666664,34474.00571333333,49874.26960666667,7508.501951666666,0.0,0.0,0.0
2059,11,14,4,108098.54616666667,53341.259443333336,36658.62305,54242.523726666666,8211.313227,0.0,0.0,0.0
2059,11,14,5,109694.42326666666,52422.64482000001,37052.96873,54142.098770000004,8280.169829,0.0,0.0,0.0
2059,11,14,6,109776.76243333332,52798.08762666667,36725.68197333333,53826.33350333333,8127.5849063333335,0.0,0.0,0.0
2059,11,14,7,102541.26273333334,55277.960326666675,41714.571593333334,57076.70287,8662.204125666667,0.0,0.0,0.0
2059,11,14,8,102878.30056666666,54709.21242333334,39999.53013,55302.85547666667,7482.762438666668,0.0,0.0,0.0
2059,11,15,1,94329.24135333333,49956.663283333335,34335.23024333333,50819.98562,6685.872562333333,0.0,0.0,0.0
2059,11,15,2,85819.75833666667,47145.690559999995,31907.735406666663,48399.30017333333,6568.233454333334,0.0,0.0,0.0
2059,11,15,3,87026.65550666668,48105.78801333334,33258.71937333333,48214.92899666666,7354.718575333332,0.0,0.0,0.0
2059,11,15,4,96393.90439,50344.49918333333,35033.46560333334,51746.19952333334,8171.3556973333325,0.0,0.0,0.0
2059,11,15,5,97078.13963333333,49110.9909,35061.68374,51407.30955666667,8141.013033666667,0.0,0.0,0.0
2059,11,15,6,94718.08504333334,48453.7481,33884.44829666667,49445.71352,8049.8488529999995,0.0,0.0,0.0
2059,11,15,7,94180.11560333334,51483.00278666667,38898.61439,54042.19133,8457.568187666666,0.0,0.0,0.0
2059,11,15,8,93456.57653,50663.26058,37330.32901,51954.45806,7533.179199333333,0.0,0.0,0.0
2059,11,16,1,88191.19824,46453.52917666667,32688.500636666668,47880.09742666667,6516.155201333334,0.0,0.0,0.0
2059,11,16,2,81298.18388000001,42968.09949666667,30315.562673333334,45033.49794666667,6246.938961,0.0,0.0,0.0
2059,11,16,3,79054.18861666667,42897.172836666665,30578.514266666665,43486.53959333333,7021.793635666666,0.0,0.0,0.0
2059,11,16,4,82715.60030333333,42060.951896666666,30358.407383333335,43027.04162,7681.596772333333,0.0,0.0,0.0
2059,11,16,5,84384.80091,41710.37700666667,30528.560546666664,43660.07021666667,7737.869612333333,0.0,0.0,0.0
2059,11,16,6,84257.24732666666,41338.42061,30316.570463333333,43106.330213333335,7761.865920333333,0.0,0.0,0.0
2059,11,16,7,87405.99328,46349.42714666666,36698.00859333333,50131.909876666665,8308.605862666665,0.0,0.0,0.0
2059,11,16,8,88296.85281,46066.78278,35298.40554666667,48716.999306666665,7189.549890666666,0.0,0.0,0.0
2059,11,17,1,90136.17934333334,47063.0245,32508.541946666664,47946.23027,6557.692511,0.0,0.0,0.0
2059,11,17,2,89247.14473666665,47379.90651,32043.514743333333,48554.85399666667,6473.419438333333,0.0,0.0,0.0
2059,11,17,3,91780.59376,49073.757130000005,33875.78674333333,49006.94334666667,7377.434717,0.0,0.0,0.0
2059,11,17,4,106221.87693333333,52448.87461,36035.999213333336,53317.80788666667,8072.837370666667,0.0,0.0,0.0
2059,11,17,5,107791.71486666666,51539.84761999999,36416.69886333333,53216.402376666665,8139.978005,0.0,0.0,0.0
2059,11,17,6,107872.39256666666,51913.76511666667,36100.85189,52912.78507666666,7987.120706333334,0.0,0.0,0.0
2059,11,17,7,100766.21690666668,54327.06917666667,40959.00112333333,56064.96296333333,8508.339036333333,0.0,0.0,0.0
2059,11,17,8,101089.30907666667,53761.97110333334,39286.45029,54337.25603333333,7351.7496790000005,0.0,0.0,0.0
2059,11,18,1,95250.57973333333,50280.76324666667,34154.75404,50185.29553,6552.054332,0.0,0.0,0.0
2059,11,18,2,89172.26863,47340.19411666666,32016.14097333333,48514.40618666667,6467.781259333334,0.0,0.0,0.0
2059,11,18,3,91704.05616,49033.06418666666,33847.514136666665,48966.223163333336,7371.3607366666665,0.0,0.0,0.0
2059,11,18,4,106134.25363333333,52407.22835333333,36006.41919666666,53274.33670666666,8066.300351666666,0.0,0.0,0.0
2059,11,18,5,107702.37559999998,51498.17412,36387.11885333333,53173.44871333334,8133.549936333333,0.0,0.0,0.0
2059,11,18,6,107783.05330000001,51872.41847,36071.489779999996,52869.91312333333,7980.583687333333,0.0,0.0,0.0
2059,11,18,7,100682.86993,54282.808106666664,40923.646746666665,56017.678523333336,8501.366215666667,0.0,0.0,0.0
2059,11,18,8,101005.9621,53718.22755,39253.002539999994,54292.422973333334,7345.593986,0.0,0.0,0.0
2059,11,19,1,95210.10469000001,50259.654123333334,34140.10022,50164.15917,6550.5290276666665,0.0,0.0,0.0
2059,11,19,2,89152.71204666667,47329.84383666667,32008.895776666668,48503.75629333333,6466.31043,0.0,0.0,0.0
2059,11,19,3,91683.92758999999,49022.414293333335,33840.132756666666,48955.43708333333,7369.699244333333,0.0,0.0,0.0
2059,11,19,4,106111.59196666667,52396.387793333335,35998.71096333334,53263.03311333334,8064.584384000001,0.0,0.0,0.0
2059,11,19,5,107679.4143,51487.57870333333,36379.437856666664,53162.63539666667,8131.888444,0.0,0.0,0.0
2059,11,19,6,107760.092,51861.65962666667,36063.97220333333,52858.99085333333,7978.867719666666,0.0,0.0,0.0
2059,11,19,7,100661.43393666665,54271.39556333333,40914.63110666667,56005.31266333334,8499.541297999998,0.0,0.0,0.0
2059,11,19,8,100984.49885333334,53706.73329333333,39244.31375666667,54281.01042666667,7343.986968666667,0.0,0.0,0.0
2059,11,20,1,95543.57438,50432.91237,34260.35413666667,50339.868793333335,6587.817274666667,0.0,0.0,0.0
2059,11,20,2,89644.43207666666,47590.04443666667,32189.317509999997,48769.132033333335,6503.162875999999,0.0,0.0,0.0
2059,11,20,3,92187.74110333335,49290.07799,34025.51172333333,49223.72724666667,7410.065337666667,0.0,0.0,0.0
2059,11,20,4,106689.43723333334,52670.07099666667,36191.41684333333,53547.82925,8107.3473846666675,0.0,0.0,0.0
2059,11,20,5,108265.37636666668,51760.063453333336,36574.43169333333,53447.131916666665,8174.842107666667,0.0,0.0,0.0
2059,11,20,6,108346.08133333334,52134.55294,36257.00493333334,53140.32782,8022.2571849999995,0.0,0.0,0.0
2059,11,20,7,101209.37233333332,54563.818219999994,41146.58634,56315.82107333333,8546.226510333334,0.0,0.0,0.0
2059,11,20,8,101535.1883,53995.56058666667,39463.52179666667,54577.573196666664,7384.570963000001,0.0,0.0,0.0
2059,11,21,1,95567.08041,50444.84243,34268.253033333334,50350.028413333326,6570.8482619999995,0.0,0.0,0.0
2059,11,21,2,89420.72983333333,47471.61544,32107.30515666667,48648.415080000006,6486.357289,0.0,0.0,0.0
2059,11,21,3,91958.75477,49167.78125333333,33941.184173333335,49101.294323333335,7391.734446333333,0.0,0.0,0.0
2059,11,21,4,106426.78523333334,52545.867633333335,36104.120396666665,53418.45074666666,8087.818039333334,0.0,0.0,0.0
2059,11,21,5,107998.99283333332,51636.26865333333,36485.99126666667,53317.07247333333,8155.203812333333,0.0,0.0,0.0
2059,11,21,6,108079.39816666667,52009.913773333334,36169.1365,53012.22948,8002.5916523333335,0.0,0.0,0.0
2059,11,21,7,100959.98506666666,54430.46303333333,41041.01347666667,56174.70317666667,8524.899485333333,0.0,0.0,0.0
2059,11,21,8,101284.49356666667,53864.24821666667,39364.159106666666,54442.36585,7366.185596666666,0.0,0.0,0.0
2059,11,22,1,92860.20971666666,49186.76585,33801.48263,50042.32547333333,6578.4203093333335,0.0,0.0,0.0
2059,11,22,2,84449.19055333333,46400.90617333333,31395.260339999997,47641.82307666666,6462.442693666667,0.0,0.0,0.0
2059,11,22,3,85641.76075333334,47346.56771,32735.59441,47458.1056,7240.266264666668,0.0,0.0,0.0
2059,11,22,4,94898.04373333334,49571.66009333333,34494.59732333333,50961.648270000005,8048.623162333333,0.0,0.0,0.0
2059,11,22,5,95565.55510666668,48347.22192333333,34523.169546666664,50626.65327333333,8018.8252496666655,0.0,0.0,0.0
2059,11,22,6,93233.33732333333,47695.699010000004,33356.14819666667,48679.54763666666,7925.509301000001,0.0,0.0,0.0
2059,11,22,7,92704.30180999999,50696.54490666667,38284.67933666667,53190.52667666667,8326.228577,0.0,0.0,0.0
2059,11,22,8,91996.83290666668,49885.382536666664,36750.876736666665,51146.155640000004,7416.221031000001,0.0,0.0,0.0
2059,11,23,1,85642.79578,45106.19504666666,31747.5512,46503.619086666666,6279.678532333334,0.0,0.0,0.0
2059,11,23,2,78330.56783,41394.094229999995,29210.04377666667,43396.87348,6018.0071020000005,0.0,0.0,0.0
2059,11,23,3,76159.48757,41328.39718333333,29464.27935,41906.324153333335,6770.6631486666665,0.0,0.0,0.0
2059,11,23,4,79707.40026000001,40519.57724666666,29250.05578,41447.72502333333,7414.450588,0.0,0.0,0.0
2059,11,23,5,81327.79112666666,40179.461586666665,29417.730323333333,42058.90907666666,7469.443262000001,0.0,0.0,0.0
2059,11,23,6,81207.91854,39821.8594,29212.141066666663,41522.71008,7491.887028,0.0,0.0,0.0
2059,11,23,7,84266.61705333334,44673.771230000006,35420.34819333333,48375.98481,8025.580169333333,0.0,0.0,0.0
2059,11,23,8,85134.51530000001,44397.364266666664,34072.08798333333,47001.71271,6933.979678000001,0.0,0.0,0.0
2059,11,24,1,86957.00901333334,45406.18975,31346.232700000004,46248.59362666667,6320.099101,0.0,0.0,0.0
2059,11,24,2,86086.46872333334,45698.912026666665,30885.400080000003,46842.10049333333,6238.168460333333,0.0,0.0,0.0
2059,11,24,3,88533.13881666667,47343.19025000001,32683.87024666667,47283.403763333336,7118.405331666666,0.0,0.0,0.0
2059,11,24,4,102534.37162333333,50675.190643333335,34800.99286333334,51503.78506333334,7799.23588,0.0,0.0,0.0
2059,11,24,5,104044.09620000001,49782.26106,35171.45118333333,51401.698613333334,7864.333695999999,0.0,0.0,0.0
2059,11,24,6,104127.38876666666,50150.785513333336,34865.11012333334,51109.112530000006,7710.986121000001,0.0,0.0,0.0
2059,11,24,7,97254.63915333334,52480.60639,39487.54534333333,54089.42129,8212.538918333334,0.0,0.0,0.0
2059,11,24,8,97583.23332,51926.702966666664,37898.722826666664,52448.90185,7090.949851333334,0.0,0.0,0.0
2059,11,25,1,91945.21769333334,48550.087419999996,32957.33554666667,48442.281076666666,6314.597109666666,0.0,0.0,0.0
2059,11,25,2,86013.30858333333,45659.79886,30858.625539999997,46802.27914666667,6232.7209446666675,0.0,0.0,0.0
2059,11,25,3,88458.09928333333,47303.123770000006,32656.278576666668,47243.473470000004,7112.3585889999995,0.0,0.0,0.0
2059,11,25,4,102450.09858333333,50634.57941333333,34772.31169,51462.27499333333,7792.998474333333,0.0,0.0,0.0
2059,11,25,5,103958.10716666667,49741.677063333336,35142.60658666667,51359.943406666665,7857.98734,0.0,0.0,0.0
2059,11,25,6,104042.08063333335,50110.33771,34836.37447666667,51067.41179333333,7704.639765,0.0,0.0,0.0
2059,11,25,7,97173.22603,52438.987369999995,39454.09759666667,54044.097956666665,8205.892949,0.0,0.0,0.0
2059,11,25,8,97502.82798,51884.67538,37867.07276,52405.43067333333,7084.957583666666,0.0,0.0,0.0
2059,11,26,1,91905.85939333333,48529.46857,32943.09029666667,48421.47156333333,6313.126280333334,0.0,0.0,0.0
2059,11,26,2,85993.88818666666,45649.28515333333,30851.516530000004,46791.71096999999,6231.304590333333,0.0,0.0,0.0
2059,11,26,3,88437.97071000001,47292.41940333333,32648.92443,47232.71463,7110.778809333334,0.0,0.0,0.0
2059,11,26,4,102427.76375666667,50623.87504333333,34764.73964666666,51451.08034666666,7791.336982000001,0.0,0.0,0.0
2059,11,26,5,103935.47273333334,49730.80927333334,35134.89835333333,51348.93942,7856.353085,0.0,0.0,0.0
2059,11,26,6,104019.47346666666,50099.55163,34828.747956666666,51056.326100000006,7702.978272666667,0.0,0.0,0.0
2059,11,26,7,97151.62662333333,52427.738249999995,39445.218146666666,54032.08618333333,8204.095268333333,0.0,0.0,0.0
2059,11,26,8,97481.31029666668,51873.45349666666,37858.90149,52393.88194,7083.3505663333335,0.0,0.0,0.0
2059,11,27,1,92229.49631666667,48700.73847333333,33060.702163333335,48594.811526666665,6349.325024333334,0.0,0.0,0.0
2059,11,27,2,86475.47583666666,45906.898186666665,31027.743676666665,47053.79096333333,6267.067532666667,0.0,0.0,0.0
2059,11,27,3,88932.68688,47556.460499999994,32830.816993333334,47495.69346333334,7150.572913666667,0.0,0.0,0.0
2059,11,27,4,102986.70615,50893.66327,34953.35988333333,51725.716863333335,7832.465727333333,0.0,0.0,0.0
2059,11,27,5,104503.43080000002,49998.41849666667,35324.717046666665,51623.16737666667,7898.190008333334,0.0,0.0,0.0
2059,11,27,6,104586.12406666666,50366.616096666665,35017.06858,51331.23499333334,7744.787957666667,0.0,0.0,0.0
2059,11,27,7,97686.21860666666,52704.77167666666,39667.258896666666,54331.018626666664,8248.383573333333,0.0,0.0,0.0
2059,11,27,8,98013.72326666668,52150.43245,38067.541346666665,52680.53023,7122.954007666667,0.0,0.0,0.0
2059,11,28,1,92250.82334,48710.271623333334,33068.492113333334,48603.25517333334,6332.819050666666,0.0,0.0,0.0
2059,11,28,2,86255.96818333333,45789.69487666667,30947.44729,46934.35417666667,6250.7522223333335,0.0,0.0,0.0
2059,11,28,3,88707.10523666667,47435.93421,32748.09646,47376.25667333333,7132.459922999999,0.0,0.0,0.0
2059,11,28,4,102731.05422,50770.0319,34867.07123,51600.178856666666,7813.862460333334,0.0,0.0,0.0
2059,11,28,5,104243.85663333333,49876.17623666666,35238.15602,51498.17412333333,7879.069227,0.0,0.0,0.0
2059,11,28,6,104326.41373333333,50244.945830000004,34931.10678,51205.94212666667,7725.748889333333,0.0,0.0,0.0
2059,11,28,7,97442.16988666666,52577.81731333333,39565.47206,54194.503873333335,8228.146051666667,0.0,0.0,0.0
2059,11,28,8,97770.46444000001,52023.34190333334,37972.10086666667,52549.65365666667,7104.868254333333,0.0,0.0,0.0
2059,11,29,1,89599.98034666666,47469.30024666667,32609.184803333334,48300.26433666667,6340.145959666667,0.0,0.0,0.0
2059,11,29,2,81390.70993666667,44734.40208333333,30253.515466666664,45944.349859999995,6227.491329333333,0.0,0.0,0.0
2059,11,29,3,82547.40824666667,45648.60421666667,31565.849303333336,45767.65967666666,6983.470360333333,0.0,0.0,0.0
2059,11,29,4,91559.61527333333,47838.66906666666,33291.70408,49206.73099333333,7775.784323666667,0.0,0.0,0.0
2059,11,29,5,92185.50762333332,46640.678589999996,33319.1868,48877.26522666667,7746.558400666666,0.0,0.0,0.0
2059,11,29,6,89917.37986666667,45998.11684,32171.449656666664,46957.832969999996,7651.00897,0.0,0.0,0.0
2059,11,29,7,89412.99436000001,48932.80265666667,36940.58647666667,51316.93526333334,8042.957745333333,0.0,0.0,0.0
2059,11,29,8,88736.03155,48135.96725333333,35475.776666666665,49363.97354666667,7153.677997333333,0.0,0.0,0.0
2059,11,30,1,87043.32490333333,45846.29457,32263.267536666666,47270.275250000006,6563.276215000001,0.0,0.0,0.0
2059,11,30,2,81888.53118666667,43282.01260666666,30535.533366666667,45358.251613333334,6292.507432666666,0.0,0.0,0.0
2059,11,30,3,79630.56304666666,43210.21434666667,30800.33712,43800.34375333334,7071.692882,0.0,0.0,0.0
2059,11,30,4,83313.62860666668,42368.13732,30578.75940333333,43341.69014333333,7734.437677333332,0.0,0.0,0.0
2059,11,30,5,84992.66198666666,42015.6558,30749.45732,43979.04951333333,7790.274716,0.0,0.0,0.0
2059,11,30,6,84864.12784666667,41641.03012666667,30536.404970000003,43422.14995333333,7815.360527333333,0.0,0.0,0.0
2059,11,30,7,88029.43425,46682.678933333336,36953.524326666666,50483.601506666666,8366.049918666666,0.0,0.0,0.0
2059,11,30,8,88925.49615333334,46398.42755,35543.43481333333,49057.82314666667,7240.075601333333,0.0,0.0,0.0
2059,12,1,1,90769.61650666666,47390.774306666666,32738.944633333333,48282.36924333333,6605.113137666667,0.0,0.0,0.0
2059,12,1,2,89872.51957333332,47710.89757666667,32272.82793,48892.4638,6520.213601,0.0,0.0,0.0
2059,12,1,3,92421.05821333332,49414.1724,34111.20115,49348.393646666664,7428.886505333333,0.0,0.0,0.0
2059,12,1,4,106958.54453333333,52797.05259666667,36280.15687666667,53680.394553333324,8127.312530666667,0.0,0.0,0.0
2059,12,1,5,108538.21523333334,51886.854386666666,36665.51416,53579.833406666665,8194.807254000001,0.0,0.0,0.0
2059,12,1,6,108617.93963333334,52261.15321,36346.643813333336,53271.12267666667,8042.576419333333,0.0,0.0,0.0
2059,12,1,7,101463.77133333334,54700.14230666667,41254.55610666666,56460.725,8568.207237333334,0.0,0.0,0.0
2059,12,1,8,101791.73903333333,54131.88467666667,39565.717196666665,54715.558776666665,7403.446606,0.0,0.0,0.0
2059,12,2,1,95911.44513666666,50624.77387999999,34391.88441333334,50529.660253333335,6599.474958333333,0.0,0.0,0.0
2059,12,2,2,89797.42556333332,47671.10347666667,32245.34521,48851.74361666667,6514.602659333334,0.0,0.0,0.0
2059,12,2,3,92344.32995333332,49373.28879666667,34083.037489999995,49307.128716666666,7422.703575,0.0,0.0,0.0
2059,12,2,4,106869.5321,52755.16119666666,36251.067143333334,53636.923376666666,8120.693798666667,0.0,0.0,0.0
2059,12,2,5,108448.6308,51845.01746333333,36635.743486666666,53536.117093333334,8188.270234333333,0.0,0.0,0.0
2059,12,2,6,108528.02836666668,52219.56142666666,36317.25446333334,53228.30520333333,8035.794261999999,0.0,0.0,0.0
2059,12,2,7,101379.63443333334,54655.390966666666,41218.874873333334,56413.00476333333,8560.907565666666,0.0,0.0,0.0
2059,12,2,8,101707.00293333334,54087.323996666666,39532.26945,54670.235446666666,7397.290912666666,0.0,0.0,0.0
2059,12,3,1,95870.23467666667,50603.256193333335,34377.257829999995,50508.46941666667,6597.922416333334,0.0,0.0,0.0
2059,12,3,2,89777.56936666666,47660.42634333333,32238.072780000002,48841.14819666667,6513.104592333333,0.0,0.0,0.0
2059,12,3,3,92323.92900333332,49362.42100333333,34075.46544666667,49296.31539333333,7421.042082333333,0.0,0.0,0.0
2059,12,3,4,106846.0261,52744.15721333333,36243.38614333333,53625.374643333336,8118.950593666667,0.0,0.0,0.0
2059,12,3,5,108424.77066666666,51833.90453333333,36627.81734666667,53524.56835666666,8186.499792,0.0,0.0,0.0
2059,12,3,6,108504.08650000002,52208.475730000006,36309.46451333333,53216.892653333336,8034.1055320000005,0.0,0.0,0.0
2059,12,3,7,101357.68096666667,54643.406426666676,41209.47790666667,56400.39376,8558.973697333333,0.0,0.0,0.0
2059,12,3,8,101684.47746666666,54075.28498333334,39523.335523333335,54658.06024666666,7395.629420333334,0.0,0.0,0.0
2059,12,4,1,96207.10906666667,50778.666209999996,34497.865836666664,50684.88722333333,6635.591989666667,0.0,0.0,0.0
2059,12,4,2,90272.58514666666,47921.988823333326,32419.202683333337,49108.185430000005,6550.1749389999995,0.0,0.0,0.0
2059,12,4,3,92829.62191666667,49630.57497666666,34261.28021333334,49566.81180333334,7461.843977,0.0,0.0,0.0
2059,12,4,4,107430.2449,53021.43578,36437.37219,53912.62215666667,8162.176633,0.0,0.0,0.0
2059,12,4,5,109017.70556666667,52109.330943333334,36826.51549333333,53812.30615333333,8229.889256666667,0.0,0.0,0.0
2059,12,4,6,109096.69456666667,52484.01109000001,36503.69569666667,53501.334703333334,8077.9580356666675,0.0,0.0,0.0
2059,12,4,7,101910.38593333332,54938.961409999996,41444.75612666667,56715.80493666666,8607.048025999999,0.0,0.0,0.0
2059,12,4,8,102241.51316666667,54370.322453333334,39745.621413333334,54958.572466666665,7436.404077666666,0.0,0.0,0.0
2059,12,5,1,96230.833,50790.56903333333,34506.30948333334,50695.07407666667,6618.405076666667,0.0,0.0,0.0
2059,12,5,2,90047.1397,47803.341929999995,32336.700053333334,48986.542396666664,6533.287639333333,0.0,0.0,0.0
2059,12,5,3,92599.54607666667,49508.659569999996,34176.32620333333,49443.834129999996,7443.186235,0.0,0.0,0.0
2059,12,5,4,107163.88863333334,52894.99893333333,36348.76834333334,53781.473210000004,8142.5111,0.0,0.0,0.0
2059,12,5,5,108747.83563333335,51984.337686666666,36735.75987666667,53681.67472,8210.060298333334,0.0,0.0,0.0
2059,12,5,6,108826.41606666667,52358.28242,36415.41870333334,53371.79277,8058.074602333334,0.0,0.0,0.0
2059,12,5,7,101658.73793333334,54804.734613333334,41337.52177,56571.881563333336,8585.176249666667,0.0,0.0,0.0
2059,12,5,8,101988.0403,54235.60538,39644.134190000004,54821.83981333333,7417.936998333334,0.0,0.0,0.0
2059,12,6,1,93509.98942333333,49527.426263333335,34036.86979333334,50386.118206666666,6625.8136983333325,0.0,0.0,0.0
2059,12,6,2,85055.33565666666,46731.189066666666,31621.985956666667,47977.199400000005,6509.127906000001,0.0,0.0,0.0
2059,12,6,3,86254.87867666666,47682.81563333334,32967.11384,47793.15507,7291.173301333333,0.0,0.0,0.0
2059,12,6,4,95559.20875333333,49913.08315666666,34733.44366333333,51308.81846666667,8102.825946,0.0,0.0,0.0
2059,12,6,5,96234.40112,48685.02239,34761.47113,50972.488829999995,8072.755657999999,0.0,0.0,0.0
2059,12,6,6,93890.22604333334,48031.64732333333,33590.282433333334,49019.66329999999,7980.692637666667,0.0,0.0,0.0
2059,12,6,7,93356.64184666665,51041.781233333335,38555.475360000004,53566.45975666667,8383.863296000001,0.0,0.0,0.0
2059,12,6,8,92643.26239,50228.84842333334,37006.03838,51503.5944,7468.217571,0.0,0.0,0.0
2059,12,7,1,88121.03423333332,46416.976343333336,32662.89731,47843.871446666664,6538.953056000001,0.0,0.0,0.0
2059,12,7,2,81584.23294333334,43120.22138,30422.170556666668,45191.06734666667,6269.055876333333,0.0,0.0,0.0
2059,12,7,3,79333.59171333333,43048.88616,30685.99376,43638.74319,7045.926131333334,0.0,0.0,0.0
2059,12,7,4,83005.16301333334,42209.69631666667,30465.096983333333,43179.57206333333,7707.281810333334,0.0,0.0,0.0
2059,12,7,5,84679.34810666666,41858.22258666666,30635.522523333333,43814.534530000004,7763.200561666667,0.0,0.0,0.0
2059,12,7,6,84551.46766666666,41485.09498,30422.90597333333,43259.378176666665,7787.823334333334,0.0,0.0,0.0
2059,12,7,7,87708.27594333334,46511.027709999995,36821.61273,50302.74397666667,8336.388194333333,0.0,0.0,0.0
2059,12,7,8,88601.69580333335,46227.4845,35417.46101,48882.35865666667,7214.090950000001,0.0,0.0,0.0
2059,12,8,1,90443.14687333333,47221.383793333334,32620.29773666667,48109.19271333333,6580.708265666667,0.0,0.0,0.0
2059,12,8,2,89550.68032666667,47540.36309,32154.889210000005,48718.41566,6496.081105,0.0,0.0,0.0
2059,12,8,3,92091.86482333334,49238.735153333335,33990.07563,49172.329933333334,7402.275389666666,0.0,0.0,0.0
2059,12,8,4,106578.77093333333,52617.99274666666,36155.05467333333,53493.163426666666,8099.230585666667,0.0,0.0,0.0
2059,12,8,5,108153.72953333333,51708.28481333333,36537.25239333333,53392.30266666666,8166.561883333333,0.0,0.0,0.0
2059,12,8,6,108234.5707,52082.311259999995,36220.17972666667,53087.1873,8014.004198,0.0,0.0,0.0
2059,12,8,7,101104.50766666666,54507.84499333333,41102.161843333335,56256.55210333333,8537.265346666667,0.0,0.0,0.0
2059,12,8,8,101430.24183333333,53940.077639999996,39421.712113333335,54521.02798333333,7376.835490333334,0.0,0.0,0.0
2059,12,9,1,95570.40339666668,50446.96696333333,34269.86005333333,50352.806650000006,6574.988374333334,0.0,0.0,0.0
2059,12,9,2,89475.20499333333,47500.65070333334,32127.352013333333,48677.99509333333,6490.442926,0.0,0.0,0.0
2059,12,9,3,92014.75523333333,49197.606406666666,33961.803023333334,49131.33737666666,7396.092459333333,0.0,0.0,0.0
2059,12,9,4,106490.57566666667,52576.074109999994,36125.69256333334,53450.0191,8092.611853666666,0.0,0.0,0.0
2059,12,9,5,108063.65483333333,51666.61131666667,36507.83580666667,53348.69530333334,8159.915913666667,0.0,0.0,0.0
2059,12,9,6,108144.90456666668,52040.58328666666,36190.70866333333,53043.90678333333,8007.385466,0.0,0.0,0.0
2059,12,9,7,101020.72483333334,54462.95746333333,41066.644043333334,56209.18595000001,8530.047387666667,0.0,0.0,0.0
2059,12,9,8,101345.6692,53896.06171,39388.40055333333,54475.377799999995,7370.598084333334,0.0,0.0,0.0
2059,12,10,1,95529.3836,50425.91231000001,34255.17899666666,50331.588573333334,6573.4903073333335,0.0,0.0,0.0
2059,12,10,2,89455.7846,47490.13699666667,32120.10682,48667.37244,6488.999334,0.0,0.0,0.0
2059,12,10,3,91994.59942666667,49186.82032333334,33954.33992666667,49120.49681666667,7394.539916999999,0.0,0.0,0.0
2059,12,10,4,106467.53263333334,52565.23355333333,36118.03880333334,53438.71550666667,8090.895886333333,0.0,0.0,0.0
2059,12,10,5,108040.36673333333,51655.66181,36499.991383333334,53337.527893333325,8158.199946333334,0.0,0.0,0.0
2059,12,10,6,108121.453,52029.60654333333,36182.97319,53032.63042333333,8005.642260666667,0.0,0.0,0.0
2059,12,10,7,100998.7986,54451.29977666666,41057.49221333334,56196.82008666667,8528.195232,0.0,0.0,0.0
2059,12,10,8,101323.77016666667,53884.62192666667,39379.63005,54463.583926666666,7369.0183050000005,0.0,0.0,0.0
2059,12,11,1,95864.40583333334,50600.85929,34375.65081666667,50507.46162666666,6610.887504666666,0.0,0.0,0.0
2059,12,11,2,89948.43070666667,47751.20919666666,32300.583023333336,48933.59254666666,6525.879017333334,0.0,0.0,0.0
2059,12,11,3,92498.52189333334,49455.32839,34139.74613666666,49389.93095666667,7435.069436000001,0.0,0.0,0.0
2059,12,11,4,107047.74763333333,52839.652169999994,36310.00926666667,53724.46495666667,8133.8495496666665,0.0,0.0,0.0
2059,12,11,5,108629.40663333335,51929.15435,36696.23815,53624.42132666666,8201.480460666668,0.0,0.0,0.0
2059,12,11,6,108708.39563333332,52303.371459999995,36376.686863333336,53314.811753333335,8049.3041016666675,0.0,0.0,0.0
2059,12,11,7,101549.05219999999,54745.792493333334,41290.59142333333,56509.34408,8575.534146,0.0,0.0,0.0
2059,12,11,8,101877.07436666667,54177.07182333333,39599.79140666666,54761.69923666667,7409.765724333333,0.0,0.0,0.0
2059,12,12,1,95887.93910666666,50612.21736,34383.522476666665,50517.37610666667,6593.864017,0.0,0.0,0.0
2059,12,12,2,89724.15647333332,47632.37163666667,32218.488956666668,48812.085699999996,6509.127905666667,0.0,0.0,0.0
2059,12,12,3,92269.07252,49333.24955666667,34055.445823333335,49267.035,7416.629594666666,0.0,0.0,0.0
2059,12,12,4,106782.78043333332,52714.16864333333,36222.49492333334,53594.242086666665,8114.347442333333,0.0,0.0,0.0
2059,12,12,5,108360.84409999999,51804.13386,36606.32690000001,53493.326850000005,8181.896640666667,0.0,0.0,0.0
2059,12,12,6,108440.62293333333,52178.650583333336,36288.2192,53186.19590333333,8029.366192999999,0.0,0.0,0.0
2059,12,12,7,101297.94893333333,54611.23884666667,41184.22867333333,56366.37402333333,8553.744082,0.0,0.0,0.0
2059,12,12,8,101624.33686666666,54043.30806333333,39499.33921666667,54625.51133666667,7391.162457333333,0.0,0.0,0.0
2059,12,13,1,93174.85824000002,49351.634920000004,33915.63532666667,50208.719849999994,6601.381589,0.0,0.0,0.0
2059,12,13,2,84743.02956666666,46561.035906666664,31505.3274,47804.51314333334,6485.049885,0.0,0.0,0.0
2059,12,13,3,85938.70485333334,47509.55739,32847.70429,47620.57776666666,7264.997986666666,0.0,0.0,0.0
2059,12,13,4,95218.24872666667,49737.75485333334,34610.16638,51130.357840000004,8074.852951333333,0.0,0.0,0.0
2059,12,13,5,95890.22706,48509.93922666667,34638.52069666667,50794.000969999994,8045.136751999999,0.0,0.0,0.0
2059,12,13,6,93552.20767333334,47858.49802666667,33469.538243333336,48844.28051666667,7952.120416666668,0.0,0.0,0.0
2059,12,13,7,93020.2305,50863.51127333334,38416.10066,53372.77332,8354.119859,0.0,0.0,0.0
2059,12,13,8,92310.14678999998,50051.69520333334,36874.29021,51318.84189666666,7441.497504999999,0.0,0.0,0.0
2059,12,14,1,88085.48919,46398.56373666666,32649.932226666668,47825.404370000004,6547.505656,0.0,0.0,0.0
2059,12,14,2,81691.46729333333,43177.147926666665,30462.182563333336,45250.00947,6277.336100333334,0.0,0.0,0.0
2059,12,14,3,79438.15678333334,43105.70375,30726.332613333332,43695.58802,7054.969008,0.0,0.0,0.0
2059,12,14,4,83113.70477,42265.560600000004,30505.10899333333,43236.662033333334,7716.787725666666,0.0,0.0,0.0
2059,12,14,5,84789.60582666667,41913.62382666667,30675.670716666664,43872.52333999999,7772.706477,0.0,0.0,0.0
2059,12,14,6,84661.58920333334,41540.00594333333,30462.91798,43316.740516666665,7797.492675,0.0,0.0,0.0
2059,12,14,7,87821.25742666668,46571.38618666667,36868.29794333333,50366.31649,8346.792950000001,0.0,0.0,0.0
2059,12,14,8,88715.68507666666,46287.67955333333,35461.88550333333,48944.21520333333,7223.215539333333,0.0,0.0,0.0
2059,12,15,1,90558.08946,47280.95238333333,32662.08018666667,48170.12317666667,6589.315341333334,0.0,0.0,0.0
2059,12,15,2,89664.0159,47600.394720000004,32196.453753333335,48779.61850333333,6504.57923,0.0,0.0,0.0
2059,12,15,3,92207.67901333333,49300.56446,34032.78415666667,49234.29542666667,7411.6451173333335,0.0,0.0,0.0
2059,12,15,4,106712.15336666668,52680.82984,36198.98889,53559.323509999995,8109.117827333333,0.0,0.0,0.0
2059,12,15,5,108288.66453333333,51770.658873333334,36582.27611666667,53458.29932666667,8176.585312666667,0.0,0.0,0.0
2059,12,15,6,108369.12433333334,52145.25730666667,36264.63145666666,53151.57693666666,8023.945914666667,0.0,0.0,0.0
2059,12,15,7,101230.9445,54575.33971666667,41155.7654,56328.10522333334,8548.051428,0.0,0.0,0.0
2059,12,15,8,101557.06003333333,54007.272750000004,39472.2923,54589.20364333334,7386.205217666667,0.0,0.0,0.0
2059,12,16,1,95690.24874666666,50509.095883333335,34312.73200333333,50414.74490333333,6583.622687,0.0,0.0,0.0
2059,12,16,2,89588.81293999999,47560.79127666666,32169.025513333338,48739.00727666666,6498.941050666667,0.0,0.0,0.0
2059,12,16,3,92130.95075,49259.680850000004,34004.53878333333,49193.19392,7405.407711666667,0.0,0.0,0.0
2059,12,16,4,106623.87636666668,52639.10186999999,36169.953629999996,53515.38929333334,8102.526332999999,0.0,0.0,0.0
2059,12,16,5,108199.05286666668,51729.25775,36552.260303333336,53414.39234666666,8169.966580666667,0.0,0.0,0.0
2059,12,16,6,108279.7578,52103.47486333334,36235.242113333334,53108.73222333333,8017.354420333333,0.0,0.0,0.0
2059,12,16,7,101147.24343333334,54530.50665999999,41120.05693666667,56280.548409999996,8540.887944666667,0.0,0.0,0.0
2059,12,16,8,101473.05936666667,53962.43969333333,39438.735596666666,54544.15268666667,7379.967812,0.0,0.0,0.0
2059,12,17,1,95649.17447666667,50487.65990666667,34298.1599,50393.79920333333,6582.097382333333,0.0,0.0,0.0
2059,12,17,2,89568.87503333333,47550.25033666667,32161.67136333333,48728.275663333334,6497.442984,0.0,0.0,0.0
2059,12,17,3,92110.63151666666,49248.840293333335,33997.02121666667,49182.32612333333,7403.746219333333,0.0,0.0,0.0
2059,12,17,4,106600.3431,52627.98894,36162.21816,53503.92227333334,8100.783127666667,0.0,0.0,0.0
2059,12,17,5,108175.27446666667,51718.30824333333,36544.38864,53402.789136666666,8168.168900666667,0.0,0.0,0.0
2059,12,17,6,108256.33346666668,52092.47088,36227.31597333334,53097.592053333334,8015.583977333333,0.0,0.0,0.0
2059,12,17,7,101124.99033333334,54518.794499999996,41110.65997,56267.937410000006,8538.981313999999,0.0,0.0,0.0
2059,12,17,8,101450.72456666666,53950.72753666667,39429.82891333333,54532.086436666665,7378.333557333334,0.0,0.0,0.0
2059,12,18,1,95984.74146333332,50663.34229333333,34418.631713333336,50569.80844666667,6619.603530333334,0.0,0.0,0.0
2059,12,18,2,90062.69235333333,47811.54043666667,32342.447183333337,48994.84986333334,6534.431617666666,0.0,0.0,0.0
2059,12,18,3,92615.31663333334,49517.212170000006,34182.15504333333,49452.332253333334,7444.493639,0.0,0.0,0.0
2059,12,18,4,107182.16503333334,52903.578773333335,36354.95127333333,53790.543326666666,8143.900216666666,0.0,0.0,0.0
2059,12,18,5,108766.3027,51993.05371,36741.942813333335,53690.71759666666,8211.367702333333,0.0,0.0,0.0
2059,12,18,6,108844.91036666666,52366.86225666667,36421.574393333336,53380.86288333333,8059.436481333333,0.0,0.0,0.0
2059,12,18,7,101675.92486666667,54813.99539,41345.01211,56581.63262,8586.674316333332,0.0,0.0,0.0
2059,12,18,8,102005.41786666667,54244.81168333333,39651.16148666667,54831.12782666667,7419.244402333334,0.0,0.0,0.0
2059,12,19,1,96008.79224666666,50674.86379333333,34426.6668,50579.913590000004,6602.498329666666,0.0,0.0,0.0
2059,12,19,2,89837.79165999999,47692.566686666665,32260.053503333333,48873.588156666665,6517.598793333334,0.0,0.0,0.0
2059,12,19,3,92385.54041,49395.13333666666,34098.0454,49329.08220333333,7426.026559666668,0.0,0.0,0.0
2059,12,19,4,106917.11613333334,52777.604966666666,36266.64704,53660.23874,8124.2346843333335,0.0,0.0,0.0
2059,12,19,5,108496.54173333333,51867.35227666667,36651.43233,53559.59588666667,8191.865594999999,0.0,0.0,0.0
2059,12,19,6,108576.18439999998,52241.86900333333,36333.079496666665,53251.18477,8039.471335333333,0.0,0.0,0.0
2059,12,19,7,101424.93056666666,54679.387273333334,41237.91394333333,56438.49913666667,8564.829777666668,0.0,0.0,0.0
2059,12,19,8,101752.51693333332,54110.99345333333,39550.16453666667,54694.722030000004,7400.613897666666,0.0,0.0,0.0
2059,12,20,1,93292.96038666666,49413.818316666664,33958.34385333333,50271.12114333333,6609.988664333333,0.0,0.0,0.0
2059,12,20,2,84853.1511,46621.06753333333,31546.34719666667,47865.33466,6493.4935350000005,0.0,0.0,0.0
2059,12,20,3,86050.16102666667,47570.65128,32889.70464333334,47681.317566666665,7274.204289,0.0,0.0,0.0
2059,12,20,4,95338.31197666666,49799.44797666667,34653.52860333333,51193.222180000004,8084.658480333334,0.0,0.0,0.0
2059,12,20,5,96011.43429,48571.49615333333,34681.665023333335,50856.810826666675,8054.860567666667,0.0,0.0,0.0
2059,12,20,6,93671.07247,47919.455729999994,33512.16505333333,48906.137063333335,7962.143846,0.0,0.0,0.0
2059,12,20,7,93138.95911,50926.34837,38465.12830333333,53441.13965,8364.551852,0.0,0.0,0.0
2059,12,20,8,92427.40457,50114.09650000001,36920.59409666667,51383.830760000004,7450.9217076666655,0.0,0.0,0.0
2059,12,21,1,83068.1363,43746.74019666666,30800.173693333334,45104.26118,5970.259623999999,0.0,0.0,0.0
2059,12,21,2,74454.79639333334,39344.057773333334,27765.580436666667,41253.63002333333,5719.701126333333,0.0,0.0,0.0
2059,12,21,3,72386.32009666666,39285.279076666666,28008.07661,39838.17471,6440.979480666666,0.0,0.0,0.0
2059,12,21,4,75775.32874333333,38510.8602,27802.48735666667,39391.968676666664,7058.400943000001,0.0,0.0,0.0
2059,12,21,5,77329.20544333333,38186.596809999995,27964.278583333333,39973.245870000006,7112.3858266666675,0.0,0.0,0.0
2059,12,21,6,77214.48075333334,37847.89750666667,27767.759443333332,39463.03152,7136.191471333333,0.0,0.0,0.0
2059,12,21,7,80148.26772666666,42480.356153333334,33757.003659999995,46080.919083333334,7657.055712666667,0.0,0.0,0.0
2059,12,21,8,80980.67541000001,42212.883116666664,32456.68159333333,44734.293130000005,6597.7317533333335,0.0,0.0,0.0
2059,12,22,1,82769.93927333334,43221.000426666666,29811.258876666663,44002.47383333333,6008.936987666667,0.0,0.0,0.0
2059,12,22,2,81907.43407,43468.48107666667,29363.582013333333,44568.28008,5930.084193666667,0.0,0.0,0.0
2059,12,22,3,84235.81135333334,45049.05060333334,31103.05558,45000.731139999996,6775.811051,0.0,0.0,0.0
2059,12,22,4,97706.61957,48329.32683333333,33167.228343333336,49107.09593,7435.777612999999,0.0,0.0,0.0
2059,12,22,5,99135.09441333334,47449.49852666666,33525.59318,49004.35577666666,7499.785926,0.0,0.0,0.0
2059,12,22,6,99231.07968000001,47809.22524333333,33228.29499666667,48717.87091,7348.535645,0.0,0.0,0.0
2059,12,22,7,92642.30907999999,50067.92879666667,37608.86050333334,51541.372923333336,7836.415177,0.0,0.0,0.0
2059,12,22,8,92990.02402333333,49533.66367,36120.13609666666,49995.20446,6748.7641343333335,0.0,0.0,0.0
2059,12,23,1,87586.27882333333,46255.15788333333,31370.882706666667,46124.826063333334,6003.652897333333,0.0,0.0,0.0
2059,12,23,2,81836.12608333334,43430.648080000006,29337.76079,44529.52100666667,5924.881816,0.0,0.0,0.0
2059,12,23,3,84162.67845,45010.12810333333,31076.117616666666,44961.91758666667,6769.954971333334,0.0,0.0,0.0
2059,12,23,4,97624.82512000001,48289.36930333333,33139.28258666667,49066.07613333333,7429.649158,0.0,0.0,0.0
2059,12,23,5,99052.34666333334,47409.64994666667,33497.45676,48963.39046,7493.521282666666,0.0,0.0,0.0
2059,12,23,6,99147.89611000002,47769.131526666664,33200.485426666666,48676.932830000005,7342.379951666667,0.0,0.0,0.0
2059,12,23,7,92563.86485,50026.93624,37577.237676666664,51498.419259999995,7830.123296000001,0.0,0.0,0.0
2059,12,23,8,92911.93388000001,49492.752823333336,36090.25647,49953.53096333333,6742.880816666667,0.0,0.0,0.0
2059,12,24,1,87547.87383666665,46234.97483666666,31356.90982666667,46104.39787666666,6002.263780666667,0.0,0.0,0.0
2059,12,24,2,81817.30491666666,43420.542936666665,29330.86968,44519.170723333336,5923.492698999999,0.0,0.0,0.0
2059,12,24,3,84143.14910666666,44999.75058666667,31068.899656666665,44951.59454333334,6768.429666999999,0.0,0.0,0.0
2059,12,24,4,97603.17123666666,48278.61045666667,33131.81948666667,49055.181103333336,7427.987665333334,0.0,0.0,0.0
2059,12,24,5,99030.55660666667,47399.00005333333,33489.96642333333,48952.468186666665,7491.859790666666,0.0,0.0,0.0
2059,12,24,6,99125.83367,47758.50887,33192.995090000004,48665.98332,7340.800172333334,0.0,0.0,0.0
2059,12,24,7,92543.00085999999,50016.204633333335,37568.87573666667,51487.061186666666,7828.434566,0.0,0.0,0.0
2059,12,24,8,92891.09713333333,49481.72160333333,36082.384809999996,49942.52698333334,6741.328274666666,0.0,0.0,0.0
2059,12,25,1,87864.10214000002,46403.221366666665,31471.225950000004,46273.40706,6036.882745,0.0,0.0,0.0
2059,12,25,2,82284.91968666668,43669.84850666666,29500.287429999997,44773.70590666667,5957.757574666667,0.0,0.0,0.0
2059,12,25,3,84623.48382666666,45255.70212333333,31245.943929999998,45206.91961666666,6806.780179666667,0.0,0.0,0.0
2059,12,25,4,98141.38580666667,48542.16128333333,33315.07392333334,49323.90706333334,7468.571659666667,0.0,0.0,0.0
2059,12,25,5,99576.50663666667,47660.34463000001,33674.36484333334,49221.98404,7533.043011000001,0.0,0.0,0.0
2059,12,25,6,99671.10278333334,48022.08693,33376.38572,48934.70928666667,7381.166265666667,0.0,0.0,0.0
2059,12,25,7,93058.49930000001,50284.930596666665,37775.69068,51768.86119333334,7870.462151666667,0.0,0.0,0.0
2059,12,25,8,93403.35429666667,49750.22966666667,36279.0129,50215.58372,6779.515361666668,0.0,0.0,0.0
2059,12,26,1,87883.68595999999,46412.01910333333,31478.825236666667,46282.72231333333,6021.139423333334,0.0,0.0,0.0
2059,12,26,2,82072.33037666666,43556.512936666666,29423.23231333333,44657.89172000001,5942.177679333334,0.0,0.0,0.0
2059,12,26,3,84405.06567333333,45139.20699666667,31165.484113333336,45090.69686333332,6789.348128666667,0.0,0.0,0.0
2059,12,26,4,97896.46548666667,48421.96184333333,33231.78140666667,49202.04613333333,7450.131818000001,0.0,0.0,0.0
2059,12,26,5,99327.77309333334,47541.42535666667,33590.690996666664,49099.33321666667,7514.167368666666,0.0,0.0,0.0
2059,12,26,6,99422.94119333332,47902.32329,33292.95701,48812.73940333333,7362.8081366666665,0.0,0.0,0.0
2059,12,26,7,92824.06544666667,50162.82452666666,37681.74826666667,51640.35428666667,7851.368608,0.0,0.0,0.0
2059,12,26,8,93170.09166666667,49628.232546666666,36189.29231,50091.46206666667,6762.192261333334,0.0,0.0,0.0
2059,12,27,1,82288.65123666667,43592.35759333334,29940.582909999997,44349.09927333333,5697.829349333333,0.0,0.0,0.0
2059,12,27,2,73137.80492666666,40212.555243333336,27182.77794,41313.66165,5595.307098333334,0.0,0.0,0.0
2059,12,27,3,74188.68523666666,41052.67116,28387.659523333336,41160.858830000005,6286.5424023333335,0.0,0.0,0.0
2059,12,27,4,82429.22439,43097.559713333336,29980.077396666664,44339.72954666667,7018.851976999999,0.0,0.0,0.0
2059,12,27,5,82997.69992,41974.30915666666,30005.272159999997,44026.68804333333,6991.124120666667,0.0,0.0,0.0
2059,12,27,6,80908.79543666667,41383.09024333333,28942.025986666664,42236.85219,6904.481378666666,0.0,0.0,0.0
2059,12,27,7,80473.89299666666,44079.33828333334,33389.45975333333,46327.419180000004,7274.149813666667,0.0,0.0,0.0
2059,12,27,8,79846.58429666667,43331.39433666667,32032.074959999998,44517.40028,6442.586498,0.0,0.0,0.0
2059,12,28,1,78915.65828666667,41548.39512,29250.900146666667,42869.71736,5970.259623999999,0.0,0.0,0.0
2059,12,28,2,74454.82363,39344.08501,27765.607673333332,41253.60278666666,5719.701126333333,0.0,0.0,0.0
2059,12,28,3,72386.29286,39285.306313333334,28008.07661,39838.229186666664,6440.979480666666,0.0,0.0,0.0
2059,12,28,4,75775.24703,38510.887436666664,27802.541830000002,39391.968676666664,7058.400943000001,0.0,0.0,0.0
2059,12,28,5,77329.25991666666,38186.624050000006,27964.305819999998,39973.245870000006,7112.3858266666675,0.0,0.0,0.0
2059,12,28,6,77214.50799333333,37847.89750666667,27767.759443333332,39463.004283333335,7136.191471333333,0.0,0.0,0.0
2059,12,28,7,80148.29496333333,42480.35615,33756.97642333333,46080.946319999995,7657.055712666667,0.0,0.0,0.0
2059,12,28,8,80980.67541000001,42212.883116666664,32456.70883,44734.26589,6597.7317533333335,0.0,0.0,0.0
2059,12,29,1,82769.85756333334,43221.000426666666,29811.258876666663,44002.47383333333,6008.936987666667,0.0,0.0,0.0
2059,12,29,2,81907.48854333333,43468.59003,29363.582013333333,44568.33455666667,5930.084193666667,0.0,0.0,0.0
2059,12,29,3,84235.78411333333,45049.10507666667,31103.05558,45000.73113666667,6775.811051,0.0,0.0,0.0
2059,12,29,4,97706.59233333333,48329.32683333333,33167.20110666667,49107.068693333335,7435.777612999999,0.0,0.0,0.0
2059,12,29,5,99135.12165333332,47449.498523333335,33525.565943333335,49004.38301333333,7499.785926,0.0,0.0,0.0
2059,12,29,6,99231.05244666668,47809.198006666666,33228.24052,48717.95262333334,7348.535645,0.0,0.0,0.0
2059,12,29,7,92642.28184333333,50067.87432333333,37608.83326666666,51541.40016,7836.415177,0.0,0.0,0.0
2059,12,29,8,92990.05126,49533.69090666666,36120.13609666666,49995.20446,6748.7641343333335,0.0,0.0,0.0
2059,12,30,1,87586.27882333333,46255.15788333333,31370.93718333333,46124.77158666666,6003.652897333333,0.0,0.0,0.0
2059,12,30,2,81836.12608333334,43430.648080000006,29337.788026666665,44529.52100666667,5924.881816,0.0,0.0,0.0
2059,12,30,3,84162.62397333334,45010.10086666667,31076.14485333333,44961.91758666667,6769.982209000001,0.0,0.0,0.0
2059,12,30,4,97624.79785666667,48289.36930333333,33139.30982333334,49066.10337,7429.649158,0.0,0.0,0.0
2059,12,30,5,99052.37390333333,47409.62271,33497.45676,48963.39046,7493.521282666666,0.0,0.0,0.0
2059,12,30,6,99147.97781333333,47769.131526666664,33200.512663333335,48676.932830000005,7342.379951666667,0.0,0.0,0.0
2059,12,30,7,92563.83761,50026.93624,37577.21043666667,51498.419259999995,7830.123296000001,0.0,0.0,0.0
2059,12,30,8,92911.82493333332,49492.72558666667,36090.283709999996,49953.50372666667,6742.880816666667,0.0,0.0,0.0
2059,12,31,1,87547.81936333333,46234.97483666666,31356.90982666667,46104.42511333333,6002.263780666667,0.0,0.0,0.0
2059,12,31,2,81817.27768,43420.57017333333,29330.815206666666,44519.19796,5923.492698999999,0.0,0.0,0.0
2059,12,31,3,84143.09463,44999.72335000001,31068.899656666665,44951.54006666667,6768.429666999999,0.0,0.0,0.0
2059,12,31,4,97603.14400000001,48278.63769333333,33131.81948666667,49055.208340000005,7427.987665333334,0.0,0.0,0.0
2059,12,31,5,99030.61107666667,47398.972813333334,33489.993663333335,48952.468186666665,7491.859790666666,0.0,0.0,0.0
2059,12,31,6,99125.86091,47758.481629999995,33192.995090000004,48665.95608333333,7340.800172333334,0.0,0.0,0.0
2059,12,31,7,92543.00085999999,50016.204633333335,37568.87573666667,51487.08842666666,7828.434566,0.0,0.0,0.0
2059,12,31,8,92891.09713000001,49481.667129999994,36082.41205,49942.52698333334,6741.328274666666,0.0,0.0,0.0
