Year,Month,Day,Interval,pv_apb1,pv_apb2,pv_apb3,pv_apb4,pv_apb5,pv_floating_apb1,pv_rooftop_apb1,pv_floating_apb2,pv_rooftop_apb2,pv_floating_apb3,pv_rooftop_apb3,pv_floating_apb4,pv_rooftop_apb4,pv_floating_apb5,pv_rooftop_apb5
2059,1,1,1,0.0,0.0,0.0,0.0,0.0,0.0,0.0,0.0,0.0,0.0,0.0,0.0,0.0,0.0,0.0
2059,1,1,2,0.0,0.0,0.0,0.0,0.0,0.0,0.0,0.0,0.0,0.0,0.0,0.0,0.0,0.0,0.0
2059,1,1,3,0.149558,0.08325533333333333,0.08351633333333335,0.08896766666666667,0.11961899999999999,0.149558,0.149558,0.08325533333333333,0.08325533333333333,0.08351633333333335,0.08351633333333335,0.08896766666666667,0.08896766666666667,0.11961899999999999,0.11961899999999999
2059,1,1,4,0.41462766666666667,0.39604533333333336,0.3712793333333333,0.349785,0.40733400000000003,0.41462766666666667,0.41462766666666667,0.39604533333333336,0.39604533333333336,0.3712793333333333,0.3712793333333333,0.349785,0.349785,0.40733400000000003,0.40733400000000003
2059,1,1,5,0.423802,0.44744999999999996,0.41554833333333335,0.385785,0.4388993333333333,0.423802,0.423802,0.44744999999999996,0.44744999999999996,0.41554833333333335,0.41554833333333335,0.385785,0.385785,0.4388993333333333,0.4388993333333333
2059,1,1,6,0.13901133333333335,0.20223933333333333,0.18058066666666664,0.16272066666666665,0.18604933333333332,0.13901133333333335,0.13901133333333335,0.20223933333333333,0.20223933333333333,0.18058066666666664,0.18058066666666664,0.16272066666666665,0.16272066666666665,0.18604933333333332,0.18604933333333332
2059,1,1,7,0.0,0.004419666666666666,0.002301,0.00057,0.0006309999999999999,0.0,0.0,0.004419666666666666,0.004419666666666666,0.002301,0.002301,0.00057,0.00057,0.0006309999999999999,0.0006309999999999999
2059,1,1,8,0.0,0.0,0.0,0.0,0.0,0.0,0.0,0.0,0.0,0.0,0.0,0.0,0.0,0.0,0.0
2059,1,2,1,0.0,0.0,0.0,0.0,0.0,0.0,0.0,0.0,0.0,0.0,0.0,0.0,0.0,0.0,0.0
2059,1,2,2,0.0,0.0,0.0,0.0,0.0,0.0,0.0,0.0,0.0,0.0,0.0,0.0,0.0,0.0,0.0
2059,1,2,3,0.149558,0.08325533333333333,0.08351633333333335,0.08896766666666667,0.11961899999999999,0.149558,0.149558,0.08325533333333333,0.08325533333333333,0.08351633333333335,0.08351633333333335,0.08896766666666667,0.08896766666666667,0.11961899999999999,0.11961899999999999
2059,1,2,4,0.41462766666666667,0.39604533333333336,0.3712793333333333,0.349785,0.40733400000000003,0.41462766666666667,0.41462766666666667,0.39604533333333336,0.39604533333333336,0.3712793333333333,0.3712793333333333,0.349785,0.349785,0.40733400000000003,0.40733400000000003
2059,1,2,5,0.423802,0.44744999999999996,0.41554833333333335,0.385785,0.4388993333333333,0.423802,0.423802,0.44744999999999996,0.44744999999999996,0.41554833333333335,0.41554833333333335,0.385785,0.385785,0.4388993333333333,0.4388993333333333
2059,1,2,6,0.13901133333333335,0.20223933333333333,0.18058066666666664,0.16272066666666665,0.18604933333333332,0.13901133333333335,0.13901133333333335,0.20223933333333333,0.20223933333333333,0.18058066666666664,0.18058066666666664,0.16272066666666665,0.16272066666666665,0.18604933333333332,0.18604933333333332
2059,1,2,7,0.0,0.004419666666666666,0.002301,0.00057,0.0006309999999999999,0.0,0.0,0.004419666666666666,0.004419666666666666,0.002301,0.002301,0.00057,0.00057,0.0006309999999999999,0.0006309999999999999
2059,1,2,8,0.0,0.0,0.0,0.0,0.0,0.0,0.0,0.0,0.0,0.0,0.0,0.0,0.0,0.0,0.0
2059,1,3,1,0.0,0.0,0.0,0.0,0.0,0.0,0.0,0.0,0.0,0.0,0.0,0.0,0.0,0.0,0.0
2059,1,3,2,0.0,0.0,0.0,0.0,0.0,0.0,0.0,0.0,0.0,0.0,0.0,0.0,0.0,0.0,0.0
2059,1,3,3,0.149558,0.08325533333333333,0.08351633333333335,0.08896766666666667,0.11961899999999999,0.149558,0.149558,0.08325533333333333,0.08325533333333333,0.08351633333333335,0.08351633333333335,0.08896766666666667,0.08896766666666667,0.11961899999999999,0.11961899999999999
2059,1,3,4,0.41462766666666667,0.39604533333333336,0.3712793333333333,0.349785,0.40733400000000003,0.41462766666666667,0.41462766666666667,0.39604533333333336,0.39604533333333336,0.3712793333333333,0.3712793333333333,0.349785,0.349785,0.40733400000000003,0.40733400000000003
2059,1,3,5,0.423802,0.44744999999999996,0.41554833333333335,0.385785,0.4388993333333333,0.423802,0.423802,0.44744999999999996,0.44744999999999996,0.41554833333333335,0.41554833333333335,0.385785,0.385785,0.4388993333333333,0.4388993333333333
2059,1,3,6,0.13901133333333335,0.20223933333333333,0.18058066666666664,0.16272066666666665,0.18604933333333332,0.13901133333333335,0.13901133333333335,0.20223933333333333,0.20223933333333333,0.18058066666666664,0.18058066666666664,0.16272066666666665,0.16272066666666665,0.18604933333333332,0.18604933333333332
2059,1,3,7,0.0,0.004419666666666666,0.002301,0.00057,0.0006309999999999999,0.0,0.0,0.004419666666666666,0.004419666666666666,0.002301,0.002301,0.00057,0.00057,0.0006309999999999999,0.0006309999999999999
2059,1,3,8,0.0,0.0,0.0,0.0,0.0,0.0,0.0,0.0,0.0,0.0,0.0,0.0,0.0,0.0,0.0
2059,1,4,1,0.0,0.0,0.0,0.0,0.0,0.0,0.0,0.0,0.0,0.0,0.0,0.0,0.0,0.0,0.0
2059,1,4,2,0.0,0.0,0.0,0.0,0.0,0.0,0.0,0.0,0.0,0.0,0.0,0.0,0.0,0.0,0.0
2059,1,4,3,0.149558,0.08325533333333333,0.08351633333333335,0.08896766666666667,0.11961899999999999,0.149558,0.149558,0.08325533333333333,0.08325533333333333,0.08351633333333335,0.08351633333333335,0.08896766666666667,0.08896766666666667,0.11961899999999999,0.11961899999999999
2059,1,4,4,0.41462766666666667,0.39604533333333336,0.3712793333333333,0.349785,0.40733400000000003,0.41462766666666667,0.41462766666666667,0.39604533333333336,0.39604533333333336,0.3712793333333333,0.3712793333333333,0.349785,0.349785,0.40733400000000003,0.40733400000000003
2059,1,4,5,0.423802,0.44744999999999996,0.41554833333333335,0.385785,0.4388993333333333,0.423802,0.423802,0.44744999999999996,0.44744999999999996,0.41554833333333335,0.41554833333333335,0.385785,0.385785,0.4388993333333333,0.4388993333333333
2059,1,4,6,0.13901133333333335,0.20223933333333333,0.18058066666666664,0.16272066666666665,0.18604933333333332,0.13901133333333335,0.13901133333333335,0.20223933333333333,0.20223933333333333,0.18058066666666664,0.18058066666666664,0.16272066666666665,0.16272066666666665,0.18604933333333332,0.18604933333333332
2059,1,4,7,0.0,0.004419666666666666,0.002301,0.00057,0.0006309999999999999,0.0,0.0,0.004419666666666666,0.004419666666666666,0.002301,0.002301,0.00057,0.00057,0.0006309999999999999,0.0006309999999999999
2059,1,4,8,0.0,0.0,0.0,0.0,0.0,0.0,0.0,0.0,0.0,0.0,0.0,0.0,0.0,0.0,0.0
2059,1,5,1,0.0,0.0,0.0,0.0,0.0,0.0,0.0,0.0,0.0,0.0,0.0,0.0,0.0,0.0,0.0
2059,1,5,2,0.0,0.0,0.0,0.0,0.0,0.0,0.0,0.0,0.0,0.0,0.0,0.0,0.0,0.0,0.0
2059,1,5,3,0.149558,0.08325533333333333,0.08351633333333335,0.08896766666666667,0.11961899999999999,0.149558,0.149558,0.08325533333333333,0.08325533333333333,0.08351633333333335,0.08351633333333335,0.08896766666666667,0.08896766666666667,0.11961899999999999,0.11961899999999999
2059,1,5,4,0.41462766666666667,0.39604533333333336,0.3712793333333333,0.349785,0.40733400000000003,0.41462766666666667,0.41462766666666667,0.39604533333333336,0.39604533333333336,0.3712793333333333,0.3712793333333333,0.349785,0.349785,0.40733400000000003,0.40733400000000003
2059,1,5,5,0.423802,0.44744999999999996,0.41554833333333335,0.385785,0.4388993333333333,0.423802,0.423802,0.44744999999999996,0.44744999999999996,0.41554833333333335,0.41554833333333335,0.385785,0.385785,0.4388993333333333,0.4388993333333333
2059,1,5,6,0.13901133333333335,0.20223933333333333,0.18058066666666664,0.16272066666666665,0.18604933333333332,0.13901133333333335,0.13901133333333335,0.20223933333333333,0.20223933333333333,0.18058066666666664,0.18058066666666664,0.16272066666666665,0.16272066666666665,0.18604933333333332,0.18604933333333332
2059,1,5,7,0.0,0.004419666666666666,0.002301,0.00057,0.0006309999999999999,0.0,0.0,0.004419666666666666,0.004419666666666666,0.002301,0.002301,0.00057,0.00057,0.0006309999999999999,0.0006309999999999999
2059,1,5,8,0.0,0.0,0.0,0.0,0.0,0.0,0.0,0.0,0.0,0.0,0.0,0.0,0.0,0.0,0.0
2059,1,6,1,0.0,0.0,0.0,0.0,0.0,0.0,0.0,0.0,0.0,0.0,0.0,0.0,0.0,0.0,0.0
2059,1,6,2,0.0,0.0,0.0,0.0,0.0,0.0,0.0,0.0,0.0,0.0,0.0,0.0,0.0,0.0,0.0
2059,1,6,3,0.149558,0.08325533333333333,0.08351633333333335,0.08896766666666667,0.11961899999999999,0.149558,0.149558,0.08325533333333333,0.08325533333333333,0.08351633333333335,0.08351633333333335,0.08896766666666667,0.08896766666666667,0.11961899999999999,0.11961899999999999
2059,1,6,4,0.41462766666666667,0.39604533333333336,0.3712793333333333,0.349785,0.40733400000000003,0.41462766666666667,0.41462766666666667,0.39604533333333336,0.39604533333333336,0.3712793333333333,0.3712793333333333,0.349785,0.349785,0.40733400000000003,0.40733400000000003
2059,1,6,5,0.423802,0.44744999999999996,0.41554833333333335,0.385785,0.4388993333333333,0.423802,0.423802,0.44744999999999996,0.44744999999999996,0.41554833333333335,0.41554833333333335,0.385785,0.385785,0.4388993333333333,0.4388993333333333
2059,1,6,6,0.13901133333333335,0.20223933333333333,0.18058066666666664,0.16272066666666665,0.18604933333333332,0.13901133333333335,0.13901133333333335,0.20223933333333333,0.20223933333333333,0.18058066666666664,0.18058066666666664,0.16272066666666665,0.16272066666666665,0.18604933333333332,0.18604933333333332
2059,1,6,7,0.0,0.004419666666666666,0.002301,0.00057,0.0006309999999999999,0.0,0.0,0.004419666666666666,0.004419666666666666,0.002301,0.002301,0.00057,0.00057,0.0006309999999999999,0.0006309999999999999
2059,1,6,8,0.0,0.0,0.0,0.0,0.0,0.0,0.0,0.0,0.0,0.0,0.0,0.0,0.0,0.0,0.0
2059,1,7,1,0.0,0.0,0.0,0.0,0.0,0.0,0.0,0.0,0.0,0.0,0.0,0.0,0.0,0.0,0.0
2059,1,7,2,0.0,0.0,0.0,0.0,0.0,0.0,0.0,0.0,0.0,0.0,0.0,0.0,0.0,0.0,0.0
2059,1,7,3,0.149558,0.08325533333333333,0.08351633333333335,0.08896766666666667,0.11961899999999999,0.149558,0.149558,0.08325533333333333,0.08325533333333333,0.08351633333333335,0.08351633333333335,0.08896766666666667,0.08896766666666667,0.11961899999999999,0.11961899999999999
2059,1,7,4,0.41462766666666667,0.39604533333333336,0.3712793333333333,0.349785,0.40733400000000003,0.41462766666666667,0.41462766666666667,0.39604533333333336,0.39604533333333336,0.3712793333333333,0.3712793333333333,0.349785,0.349785,0.40733400000000003,0.40733400000000003
2059,1,7,5,0.423802,0.44744999999999996,0.41554833333333335,0.385785,0.4388993333333333,0.423802,0.423802,0.44744999999999996,0.44744999999999996,0.41554833333333335,0.41554833333333335,0.385785,0.385785,0.4388993333333333,0.4388993333333333
2059,1,7,6,0.13901133333333335,0.20223933333333333,0.18058066666666664,0.16272066666666665,0.18604933333333332,0.13901133333333335,0.13901133333333335,0.20223933333333333,0.20223933333333333,0.18058066666666664,0.18058066666666664,0.16272066666666665,0.16272066666666665,0.18604933333333332,0.18604933333333332
2059,1,7,7,0.0,0.004419666666666666,0.002301,0.00057,0.0006309999999999999,0.0,0.0,0.004419666666666666,0.004419666666666666,0.002301,0.002301,0.00057,0.00057,0.0006309999999999999,0.0006309999999999999
2059,1,7,8,0.0,0.0,0.0,0.0,0.0,0.0,0.0,0.0,0.0,0.0,0.0,0.0,0.0,0.0,0.0
2059,1,8,1,0.0,0.0,0.0,0.0,0.0,0.0,0.0,0.0,0.0,0.0,0.0,0.0,0.0,0.0,0.0
2059,1,8,2,0.0,0.0,0.0,0.0,0.0,0.0,0.0,0.0,0.0,0.0,0.0,0.0,0.0,0.0,0.0
2059,1,8,3,0.149558,0.08325533333333333,0.08351633333333335,0.08896766666666667,0.11961899999999999,0.149558,0.149558,0.08325533333333333,0.08325533333333333,0.08351633333333335,0.08351633333333335,0.08896766666666667,0.08896766666666667,0.11961899999999999,0.11961899999999999
2059,1,8,4,0.41462766666666667,0.39604533333333336,0.3712793333333333,0.349785,0.40733400000000003,0.41462766666666667,0.41462766666666667,0.39604533333333336,0.39604533333333336,0.3712793333333333,0.3712793333333333,0.349785,0.349785,0.40733400000000003,0.40733400000000003
2059,1,8,5,0.423802,0.44744999999999996,0.41554833333333335,0.385785,0.4388993333333333,0.423802,0.423802,0.44744999999999996,0.44744999999999996,0.41554833333333335,0.41554833333333335,0.385785,0.385785,0.4388993333333333,0.4388993333333333
2059,1,8,6,0.13901133333333335,0.20223933333333333,0.18058066666666664,0.16272066666666665,0.18604933333333332,0.13901133333333335,0.13901133333333335,0.20223933333333333,0.20223933333333333,0.18058066666666664,0.18058066666666664,0.16272066666666665,0.16272066666666665,0.18604933333333332,0.18604933333333332
2059,1,8,7,0.0,0.004419666666666666,0.002301,0.00057,0.0006309999999999999,0.0,0.0,0.004419666666666666,0.004419666666666666,0.002301,0.002301,0.00057,0.00057,0.0006309999999999999,0.0006309999999999999
2059,1,8,8,0.0,0.0,0.0,0.0,0.0,0.0,0.0,0.0,0.0,0.0,0.0,0.0,0.0,0.0,0.0
2059,1,9,1,0.0,0.0,0.0,0.0,0.0,0.0,0.0,0.0,0.0,0.0,0.0,0.0,0.0,0.0,0.0
2059,1,9,2,0.0,0.0,0.0,0.0,0.0,0.0,0.0,0.0,0.0,0.0,0.0,0.0,0.0,0.0,0.0
2059,1,9,3,0.149558,0.08325533333333333,0.08351633333333335,0.08896766666666667,0.11961899999999999,0.149558,0.149558,0.08325533333333333,0.08325533333333333,0.08351633333333335,0.08351633333333335,0.08896766666666667,0.08896766666666667,0.11961899999999999,0.11961899999999999
2059,1,9,4,0.41462766666666667,0.39604533333333336,0.3712793333333333,0.349785,0.40733400000000003,0.41462766666666667,0.41462766666666667,0.39604533333333336,0.39604533333333336,0.3712793333333333,0.3712793333333333,0.349785,0.349785,0.40733400000000003,0.40733400000000003
2059,1,9,5,0.423802,0.44744999999999996,0.41554833333333335,0.385785,0.4388993333333333,0.423802,0.423802,0.44744999999999996,0.44744999999999996,0.41554833333333335,0.41554833333333335,0.385785,0.385785,0.4388993333333333,0.4388993333333333
2059,1,9,6,0.13901133333333335,0.20223933333333333,0.18058066666666664,0.16272066666666665,0.18604933333333332,0.13901133333333335,0.13901133333333335,0.20223933333333333,0.20223933333333333,0.18058066666666664,0.18058066666666664,0.16272066666666665,0.16272066666666665,0.18604933333333332,0.18604933333333332
2059,1,9,7,0.0,0.004419666666666666,0.002301,0.00057,0.0006309999999999999,0.0,0.0,0.004419666666666666,0.004419666666666666,0.002301,0.002301,0.00057,0.00057,0.0006309999999999999,0.0006309999999999999
2059,1,9,8,0.0,0.0,0.0,0.0,0.0,0.0,0.0,0.0,0.0,0.0,0.0,0.0,0.0,0.0,0.0
2059,1,10,1,0.0,0.0,0.0,0.0,0.0,0.0,0.0,0.0,0.0,0.0,0.0,0.0,0.0,0.0,0.0
2059,1,10,2,0.0,0.0,0.0,0.0,0.0,0.0,0.0,0.0,0.0,0.0,0.0,0.0,0.0,0.0,0.0
2059,1,10,3,0.149558,0.08325533333333333,0.08351633333333335,0.08896766666666667,0.11961899999999999,0.149558,0.149558,0.08325533333333333,0.08325533333333333,0.08351633333333335,0.08351633333333335,0.08896766666666667,0.08896766666666667,0.11961899999999999,0.11961899999999999
2059,1,10,4,0.41462766666666667,0.39604533333333336,0.3712793333333333,0.349785,0.40733400000000003,0.41462766666666667,0.41462766666666667,0.39604533333333336,0.39604533333333336,0.3712793333333333,0.3712793333333333,0.349785,0.349785,0.40733400000000003,0.40733400000000003
2059,1,10,5,0.423802,0.44744999999999996,0.41554833333333335,0.385785,0.4388993333333333,0.423802,0.423802,0.44744999999999996,0.44744999999999996,0.41554833333333335,0.41554833333333335,0.385785,0.385785,0.4388993333333333,0.4388993333333333
2059,1,10,6,0.13901133333333335,0.20223933333333333,0.18058066666666664,0.16272066666666665,0.18604933333333332,0.13901133333333335,0.13901133333333335,0.20223933333333333,0.20223933333333333,0.18058066666666664,0.18058066666666664,0.16272066666666665,0.16272066666666665,0.18604933333333332,0.18604933333333332
2059,1,10,7,0.0,0.004419666666666666,0.002301,0.00057,0.0006309999999999999,0.0,0.0,0.004419666666666666,0.004419666666666666,0.002301,0.002301,0.00057,0.00057,0.0006309999999999999,0.0006309999999999999
2059,1,10,8,0.0,0.0,0.0,0.0,0.0,0.0,0.0,0.0,0.0,0.0,0.0,0.0,0.0,0.0,0.0
2059,1,11,1,0.0,0.0,0.0,0.0,0.0,0.0,0.0,0.0,0.0,0.0,0.0,0.0,0.0,0.0,0.0
2059,1,11,2,0.0,0.0,0.0,0.0,0.0,0.0,0.0,0.0,0.0,0.0,0.0,0.0,0.0,0.0,0.0
2059,1,11,3,0.149558,0.08325533333333333,0.08351633333333335,0.08896766666666667,0.11961899999999999,0.149558,0.149558,0.08325533333333333,0.08325533333333333,0.08351633333333335,0.08351633333333335,0.08896766666666667,0.08896766666666667,0.11961899999999999,0.11961899999999999
2059,1,11,4,0.41462766666666667,0.39604533333333336,0.3712793333333333,0.349785,0.40733400000000003,0.41462766666666667,0.41462766666666667,0.39604533333333336,0.39604533333333336,0.3712793333333333,0.3712793333333333,0.349785,0.349785,0.40733400000000003,0.40733400000000003
2059,1,11,5,0.423802,0.44744999999999996,0.41554833333333335,0.385785,0.4388993333333333,0.423802,0.423802,0.44744999999999996,0.44744999999999996,0.41554833333333335,0.41554833333333335,0.385785,0.385785,0.4388993333333333,0.4388993333333333
2059,1,11,6,0.13901133333333335,0.20223933333333333,0.18058066666666664,0.16272066666666665,0.18604933333333332,0.13901133333333335,0.13901133333333335,0.20223933333333333,0.20223933333333333,0.18058066666666664,0.18058066666666664,0.16272066666666665,0.16272066666666665,0.18604933333333332,0.18604933333333332
2059,1,11,7,0.0,0.004419666666666666,0.002301,0.00057,0.0006309999999999999,0.0,0.0,0.004419666666666666,0.004419666666666666,0.002301,0.002301,0.00057,0.00057,0.0006309999999999999,0.0006309999999999999
2059,1,11,8,0.0,0.0,0.0,0.0,0.0,0.0,0.0,0.0,0.0,0.0,0.0,0.0,0.0,0.0,0.0
2059,1,12,1,0.0,0.0,0.0,0.0,0.0,0.0,0.0,0.0,0.0,0.0,0.0,0.0,0.0,0.0,0.0
2059,1,12,2,0.0,0.0,0.0,0.0,0.0,0.0,0.0,0.0,0.0,0.0,0.0,0.0,0.0,0.0,0.0
2059,1,12,3,0.149558,0.08325533333333333,0.08351633333333335,0.08896766666666667,0.11961899999999999,0.149558,0.149558,0.08325533333333333,0.08325533333333333,0.08351633333333335,0.08351633333333335,0.08896766666666667,0.08896766666666667,0.11961899999999999,0.11961899999999999
2059,1,12,4,0.41462766666666667,0.39604533333333336,0.3712793333333333,0.349785,0.40733400000000003,0.41462766666666667,0.41462766666666667,0.39604533333333336,0.39604533333333336,0.3712793333333333,0.3712793333333333,0.349785,0.349785,0.40733400000000003,0.40733400000000003
2059,1,12,5,0.423802,0.44744999999999996,0.41554833333333335,0.385785,0.4388993333333333,0.423802,0.423802,0.44744999999999996,0.44744999999999996,0.41554833333333335,0.41554833333333335,0.385785,0.385785,0.4388993333333333,0.4388993333333333
2059,1,12,6,0.13901133333333335,0.20223933333333333,0.18058066666666664,0.16272066666666665,0.18604933333333332,0.13901133333333335,0.13901133333333335,0.20223933333333333,0.20223933333333333,0.18058066666666664,0.18058066666666664,0.16272066666666665,0.16272066666666665,0.18604933333333332,0.18604933333333332
2059,1,12,7,0.0,0.004419666666666666,0.002301,0.00057,0.0006309999999999999,0.0,0.0,0.004419666666666666,0.004419666666666666,0.002301,0.002301,0.00057,0.00057,0.0006309999999999999,0.0006309999999999999
2059,1,12,8,0.0,0.0,0.0,0.0,0.0,0.0,0.0,0.0,0.0,0.0,0.0,0.0,0.0,0.0,0.0
2059,1,13,1,0.0,0.0,0.0,0.0,0.0,0.0,0.0,0.0,0.0,0.0,0.0,0.0,0.0,0.0,0.0
2059,1,13,2,0.0,0.0,0.0,0.0,0.0,0.0,0.0,0.0,0.0,0.0,0.0,0.0,0.0,0.0,0.0
2059,1,13,3,0.149558,0.08325533333333333,0.08351633333333335,0.08896766666666667,0.11961899999999999,0.149558,0.149558,0.08325533333333333,0.08325533333333333,0.08351633333333335,0.08351633333333335,0.08896766666666667,0.08896766666666667,0.11961899999999999,0.11961899999999999
2059,1,13,4,0.41462766666666667,0.39604533333333336,0.3712793333333333,0.349785,0.40733400000000003,0.41462766666666667,0.41462766666666667,0.39604533333333336,0.39604533333333336,0.3712793333333333,0.3712793333333333,0.349785,0.349785,0.40733400000000003,0.40733400000000003
2059,1,13,5,0.423802,0.44744999999999996,0.41554833333333335,0.385785,0.4388993333333333,0.423802,0.423802,0.44744999999999996,0.44744999999999996,0.41554833333333335,0.41554833333333335,0.385785,0.385785,0.4388993333333333,0.4388993333333333
2059,1,13,6,0.13901133333333335,0.20223933333333333,0.18058066666666664,0.16272066666666665,0.18604933333333332,0.13901133333333335,0.13901133333333335,0.20223933333333333,0.20223933333333333,0.18058066666666664,0.18058066666666664,0.16272066666666665,0.16272066666666665,0.18604933333333332,0.18604933333333332
2059,1,13,7,0.0,0.004419666666666666,0.002301,0.00057,0.0006309999999999999,0.0,0.0,0.004419666666666666,0.004419666666666666,0.002301,0.002301,0.00057,0.00057,0.0006309999999999999,0.0006309999999999999
2059,1,13,8,0.0,0.0,0.0,0.0,0.0,0.0,0.0,0.0,0.0,0.0,0.0,0.0,0.0,0.0,0.0
2059,1,14,1,0.0,0.0,0.0,0.0,0.0,0.0,0.0,0.0,0.0,0.0,0.0,0.0,0.0,0.0,0.0
2059,1,14,2,0.0,0.0,0.0,0.0,0.0,0.0,0.0,0.0,0.0,0.0,0.0,0.0,0.0,0.0,0.0
2059,1,14,3,0.149558,0.08325533333333333,0.08351633333333335,0.08896766666666667,0.11961899999999999,0.149558,0.149558,0.08325533333333333,0.08325533333333333,0.08351633333333335,0.08351633333333335,0.08896766666666667,0.08896766666666667,0.11961899999999999,0.11961899999999999
2059,1,14,4,0.41462766666666667,0.39604533333333336,0.3712793333333333,0.349785,0.40733400000000003,0.41462766666666667,0.41462766666666667,0.39604533333333336,0.39604533333333336,0.3712793333333333,0.3712793333333333,0.349785,0.349785,0.40733400000000003,0.40733400000000003
2059,1,14,5,0.423802,0.44744999999999996,0.41554833333333335,0.385785,0.4388993333333333,0.423802,0.423802,0.44744999999999996,0.44744999999999996,0.41554833333333335,0.41554833333333335,0.385785,0.385785,0.4388993333333333,0.4388993333333333
2059,1,14,6,0.13901133333333335,0.20223933333333333,0.18058066666666664,0.16272066666666665,0.18604933333333332,0.13901133333333335,0.13901133333333335,0.20223933333333333,0.20223933333333333,0.18058066666666664,0.18058066666666664,0.16272066666666665,0.16272066666666665,0.18604933333333332,0.18604933333333332
2059,1,14,7,0.0,0.004419666666666666,0.002301,0.00057,0.0006309999999999999,0.0,0.0,0.004419666666666666,0.004419666666666666,0.002301,0.002301,0.00057,0.00057,0.0006309999999999999,0.0006309999999999999
2059,1,14,8,0.0,0.0,0.0,0.0,0.0,0.0,0.0,0.0,0.0,0.0,0.0,0.0,0.0,0.0,0.0
2059,1,15,1,0.0,0.0,0.0,0.0,0.0,0.0,0.0,0.0,0.0,0.0,0.0,0.0,0.0,0.0,0.0
2059,1,15,2,0.0,0.0,0.0,0.0,0.0,0.0,0.0,0.0,0.0,0.0,0.0,0.0,0.0,0.0,0.0
2059,1,15,3,0.149558,0.08325533333333333,0.08351633333333335,0.08896766666666667,0.11961899999999999,0.149558,0.149558,0.08325533333333333,0.08325533333333333,0.08351633333333335,0.08351633333333335,0.08896766666666667,0.08896766666666667,0.11961899999999999,0.11961899999999999
2059,1,15,4,0.41462766666666667,0.39604533333333336,0.3712793333333333,0.349785,0.40733400000000003,0.41462766666666667,0.41462766666666667,0.39604533333333336,0.39604533333333336,0.3712793333333333,0.3712793333333333,0.349785,0.349785,0.40733400000000003,0.40733400000000003
2059,1,15,5,0.423802,0.44744999999999996,0.41554833333333335,0.385785,0.4388993333333333,0.423802,0.423802,0.44744999999999996,0.44744999999999996,0.41554833333333335,0.41554833333333335,0.385785,0.385785,0.4388993333333333,0.4388993333333333
2059,1,15,6,0.13901133333333335,0.20223933333333333,0.18058066666666664,0.16272066666666665,0.18604933333333332,0.13901133333333335,0.13901133333333335,0.20223933333333333,0.20223933333333333,0.18058066666666664,0.18058066666666664,0.16272066666666665,0.16272066666666665,0.18604933333333332,0.18604933333333332
2059,1,15,7,0.0,0.004419666666666666,0.002301,0.00057,0.0006309999999999999,0.0,0.0,0.004419666666666666,0.004419666666666666,0.002301,0.002301,0.00057,0.00057,0.0006309999999999999,0.0006309999999999999
2059,1,15,8,0.0,0.0,0.0,0.0,0.0,0.0,0.0,0.0,0.0,0.0,0.0,0.0,0.0,0.0,0.0
2059,1,16,1,0.0,0.0,0.0,0.0,0.0,0.0,0.0,0.0,0.0,0.0,0.0,0.0,0.0,0.0,0.0
2059,1,16,2,0.0,0.0,0.0,0.0,0.0,0.0,0.0,0.0,0.0,0.0,0.0,0.0,0.0,0.0,0.0
2059,1,16,3,0.149558,0.08325533333333333,0.08351633333333335,0.08896766666666667,0.11961899999999999,0.149558,0.149558,0.08325533333333333,0.08325533333333333,0.08351633333333335,0.08351633333333335,0.08896766666666667,0.08896766666666667,0.11961899999999999,0.11961899999999999
2059,1,16,4,0.41462766666666667,0.39604533333333336,0.3712793333333333,0.349785,0.40733400000000003,0.41462766666666667,0.41462766666666667,0.39604533333333336,0.39604533333333336,0.3712793333333333,0.3712793333333333,0.349785,0.349785,0.40733400000000003,0.40733400000000003
2059,1,16,5,0.423802,0.44744999999999996,0.41554833333333335,0.385785,0.4388993333333333,0.423802,0.423802,0.44744999999999996,0.44744999999999996,0.41554833333333335,0.41554833333333335,0.385785,0.385785,0.4388993333333333,0.4388993333333333
2059,1,16,6,0.13901133333333335,0.20223933333333333,0.18058066666666664,0.16272066666666665,0.18604933333333332,0.13901133333333335,0.13901133333333335,0.20223933333333333,0.20223933333333333,0.18058066666666664,0.18058066666666664,0.16272066666666665,0.16272066666666665,0.18604933333333332,0.18604933333333332
2059,1,16,7,0.0,0.004419666666666666,0.002301,0.00057,0.0006309999999999999,0.0,0.0,0.004419666666666666,0.004419666666666666,0.002301,0.002301,0.00057,0.00057,0.0006309999999999999,0.0006309999999999999
2059,1,16,8,0.0,0.0,0.0,0.0,0.0,0.0,0.0,0.0,0.0,0.0,0.0,0.0,0.0,0.0,0.0
2059,1,17,1,0.0,0.0,0.0,0.0,0.0,0.0,0.0,0.0,0.0,0.0,0.0,0.0,0.0,0.0,0.0
2059,1,17,2,0.0,0.0,0.0,0.0,0.0,0.0,0.0,0.0,0.0,0.0,0.0,0.0,0.0,0.0,0.0
2059,1,17,3,0.149558,0.08325533333333333,0.08351633333333335,0.08896766666666667,0.11961899999999999,0.149558,0.149558,0.08325533333333333,0.08325533333333333,0.08351633333333335,0.08351633333333335,0.08896766666666667,0.08896766666666667,0.11961899999999999,0.11961899999999999
2059,1,17,4,0.41462766666666667,0.39604533333333336,0.3712793333333333,0.349785,0.40733400000000003,0.41462766666666667,0.41462766666666667,0.39604533333333336,0.39604533333333336,0.3712793333333333,0.3712793333333333,0.349785,0.349785,0.40733400000000003,0.40733400000000003
2059,1,17,5,0.423802,0.44744999999999996,0.41554833333333335,0.385785,0.4388993333333333,0.423802,0.423802,0.44744999999999996,0.44744999999999996,0.41554833333333335,0.41554833333333335,0.385785,0.385785,0.4388993333333333,0.4388993333333333
2059,1,17,6,0.13901133333333335,0.20223933333333333,0.18058066666666664,0.16272066666666665,0.18604933333333332,0.13901133333333335,0.13901133333333335,0.20223933333333333,0.20223933333333333,0.18058066666666664,0.18058066666666664,0.16272066666666665,0.16272066666666665,0.18604933333333332,0.18604933333333332
2059,1,17,7,0.0,0.004419666666666666,0.002301,0.00057,0.0006309999999999999,0.0,0.0,0.004419666666666666,0.004419666666666666,0.002301,0.002301,0.00057,0.00057,0.0006309999999999999,0.0006309999999999999
2059,1,17,8,0.0,0.0,0.0,0.0,0.0,0.0,0.0,0.0,0.0,0.0,0.0,0.0,0.0,0.0,0.0
2059,1,18,1,0.0,0.0,0.0,0.0,0.0,0.0,0.0,0.0,0.0,0.0,0.0,0.0,0.0,0.0,0.0
2059,1,18,2,0.0,0.0,0.0,0.0,0.0,0.0,0.0,0.0,0.0,0.0,0.0,0.0,0.0,0.0,0.0
2059,1,18,3,0.149558,0.08325533333333333,0.08351633333333335,0.08896766666666667,0.11961899999999999,0.149558,0.149558,0.08325533333333333,0.08325533333333333,0.08351633333333335,0.08351633333333335,0.08896766666666667,0.08896766666666667,0.11961899999999999,0.11961899999999999
2059,1,18,4,0.41462766666666667,0.39604533333333336,0.3712793333333333,0.349785,0.40733400000000003,0.41462766666666667,0.41462766666666667,0.39604533333333336,0.39604533333333336,0.3712793333333333,0.3712793333333333,0.349785,0.349785,0.40733400000000003,0.40733400000000003
2059,1,18,5,0.423802,0.44744999999999996,0.41554833333333335,0.385785,0.4388993333333333,0.423802,0.423802,0.44744999999999996,0.44744999999999996,0.41554833333333335,0.41554833333333335,0.385785,0.385785,0.4388993333333333,0.4388993333333333
2059,1,18,6,0.13901133333333335,0.20223933333333333,0.18058066666666664,0.16272066666666665,0.18604933333333332,0.13901133333333335,0.13901133333333335,0.20223933333333333,0.20223933333333333,0.18058066666666664,0.18058066666666664,0.16272066666666665,0.16272066666666665,0.18604933333333332,0.18604933333333332
2059,1,18,7,0.0,0.004419666666666666,0.002301,0.00057,0.0006309999999999999,0.0,0.0,0.004419666666666666,0.004419666666666666,0.002301,0.002301,0.00057,0.00057,0.0006309999999999999,0.0006309999999999999
2059,1,18,8,0.0,0.0,0.0,0.0,0.0,0.0,0.0,0.0,0.0,0.0,0.0,0.0,0.0,0.0,0.0
2059,1,19,1,0.0,0.0,0.0,0.0,0.0,0.0,0.0,0.0,0.0,0.0,0.0,0.0,0.0,0.0,0.0
2059,1,19,2,0.0,0.0,0.0,0.0,0.0,0.0,0.0,0.0,0.0,0.0,0.0,0.0,0.0,0.0,0.0
2059,1,19,3,0.149558,0.08325533333333333,0.08351633333333335,0.08896766666666667,0.11961899999999999,0.149558,0.149558,0.08325533333333333,0.08325533333333333,0.08351633333333335,0.08351633333333335,0.08896766666666667,0.08896766666666667,0.11961899999999999,0.11961899999999999
2059,1,19,4,0.41462766666666667,0.39604533333333336,0.3712793333333333,0.349785,0.40733400000000003,0.41462766666666667,0.41462766666666667,0.39604533333333336,0.39604533333333336,0.3712793333333333,0.3712793333333333,0.349785,0.349785,0.40733400000000003,0.40733400000000003
2059,1,19,5,0.423802,0.44744999999999996,0.41554833333333335,0.385785,0.4388993333333333,0.423802,0.423802,0.44744999999999996,0.44744999999999996,0.41554833333333335,0.41554833333333335,0.385785,0.385785,0.4388993333333333,0.4388993333333333
2059,1,19,6,0.13901133333333335,0.20223933333333333,0.18058066666666664,0.16272066666666665,0.18604933333333332,0.13901133333333335,0.13901133333333335,0.20223933333333333,0.20223933333333333,0.18058066666666664,0.18058066666666664,0.16272066666666665,0.16272066666666665,0.18604933333333332,0.18604933333333332
2059,1,19,7,0.0,0.004419666666666666,0.002301,0.00057,0.0006309999999999999,0.0,0.0,0.004419666666666666,0.004419666666666666,0.002301,0.002301,0.00057,0.00057,0.0006309999999999999,0.0006309999999999999
2059,1,19,8,0.0,0.0,0.0,0.0,0.0,0.0,0.0,0.0,0.0,0.0,0.0,0.0,0.0,0.0,0.0
2059,1,20,1,0.0,0.0,0.0,0.0,0.0,0.0,0.0,0.0,0.0,0.0,0.0,0.0,0.0,0.0,0.0
2059,1,20,2,0.0,0.0,0.0,0.0,0.0,0.0,0.0,0.0,0.0,0.0,0.0,0.0,0.0,0.0,0.0
2059,1,20,3,0.149558,0.08325533333333333,0.08351633333333335,0.08896766666666667,0.11961899999999999,0.149558,0.149558,0.08325533333333333,0.08325533333333333,0.08351633333333335,0.08351633333333335,0.08896766666666667,0.08896766666666667,0.11961899999999999,0.11961899999999999
2059,1,20,4,0.41462766666666667,0.39604533333333336,0.3712793333333333,0.349785,0.40733400000000003,0.41462766666666667,0.41462766666666667,0.39604533333333336,0.39604533333333336,0.3712793333333333,0.3712793333333333,0.349785,0.349785,0.40733400000000003,0.40733400000000003
2059,1,20,5,0.423802,0.44744999999999996,0.41554833333333335,0.385785,0.4388993333333333,0.423802,0.423802,0.44744999999999996,0.44744999999999996,0.41554833333333335,0.41554833333333335,0.385785,0.385785,0.4388993333333333,0.4388993333333333
2059,1,20,6,0.13901133333333335,0.20223933333333333,0.18058066666666664,0.16272066666666665,0.18604933333333332,0.13901133333333335,0.13901133333333335,0.20223933333333333,0.20223933333333333,0.18058066666666664,0.18058066666666664,0.16272066666666665,0.16272066666666665,0.18604933333333332,0.18604933333333332
2059,1,20,7,0.0,0.004419666666666666,0.002301,0.00057,0.0006309999999999999,0.0,0.0,0.004419666666666666,0.004419666666666666,0.002301,0.002301,0.00057,0.00057,0.0006309999999999999,0.0006309999999999999
2059,1,20,8,0.0,0.0,0.0,0.0,0.0,0.0,0.0,0.0,0.0,0.0,0.0,0.0,0.0,0.0,0.0
2059,1,21,1,0.0,0.0,0.0,0.0,0.0,0.0,0.0,0.0,0.0,0.0,0.0,0.0,0.0,0.0,0.0
2059,1,21,2,0.0,0.0,0.0,0.0,0.0,0.0,0.0,0.0,0.0,0.0,0.0,0.0,0.0,0.0,0.0
2059,1,21,3,0.149558,0.08325533333333333,0.08351633333333335,0.08896766666666667,0.11961899999999999,0.149558,0.149558,0.08325533333333333,0.08325533333333333,0.08351633333333335,0.08351633333333335,0.08896766666666667,0.08896766666666667,0.11961899999999999,0.11961899999999999
2059,1,21,4,0.41462766666666667,0.39604533333333336,0.3712793333333333,0.349785,0.40733400000000003,0.41462766666666667,0.41462766666666667,0.39604533333333336,0.39604533333333336,0.3712793333333333,0.3712793333333333,0.349785,0.349785,0.40733400000000003,0.40733400000000003
2059,1,21,5,0.423802,0.44744999999999996,0.41554833333333335,0.385785,0.4388993333333333,0.423802,0.423802,0.44744999999999996,0.44744999999999996,0.41554833333333335,0.41554833333333335,0.385785,0.385785,0.4388993333333333,0.4388993333333333
2059,1,21,6,0.13901133333333335,0.20223933333333333,0.18058066666666664,0.16272066666666665,0.18604933333333332,0.13901133333333335,0.13901133333333335,0.20223933333333333,0.20223933333333333,0.18058066666666664,0.18058066666666664,0.16272066666666665,0.16272066666666665,0.18604933333333332,0.18604933333333332
2059,1,21,7,0.0,0.004419666666666666,0.002301,0.00057,0.0006309999999999999,0.0,0.0,0.004419666666666666,0.004419666666666666,0.002301,0.002301,0.00057,0.00057,0.0006309999999999999,0.0006309999999999999
2059,1,21,8,0.0,0.0,0.0,0.0,0.0,0.0,0.0,0.0,0.0,0.0,0.0,0.0,0.0,0.0,0.0
2059,1,22,1,0.0,0.0,0.0,0.0,0.0,0.0,0.0,0.0,0.0,0.0,0.0,0.0,0.0,0.0,0.0
2059,1,22,2,0.0,0.0,0.0,0.0,0.0,0.0,0.0,0.0,0.0,0.0,0.0,0.0,0.0,0.0,0.0
2059,1,22,3,0.149558,0.08325533333333333,0.08351633333333335,0.08896766666666667,0.11961899999999999,0.149558,0.149558,0.08325533333333333,0.08325533333333333,0.08351633333333335,0.08351633333333335,0.08896766666666667,0.08896766666666667,0.11961899999999999,0.11961899999999999
2059,1,22,4,0.41462766666666667,0.39604533333333336,0.3712793333333333,0.349785,0.40733400000000003,0.41462766666666667,0.41462766666666667,0.39604533333333336,0.39604533333333336,0.3712793333333333,0.3712793333333333,0.349785,0.349785,0.40733400000000003,0.40733400000000003
2059,1,22,5,0.423802,0.44744999999999996,0.41554833333333335,0.385785,0.4388993333333333,0.423802,0.423802,0.44744999999999996,0.44744999999999996,0.41554833333333335,0.41554833333333335,0.385785,0.385785,0.4388993333333333,0.4388993333333333
2059,1,22,6,0.13901133333333335,0.20223933333333333,0.18058066666666664,0.16272066666666665,0.18604933333333332,0.13901133333333335,0.13901133333333335,0.20223933333333333,0.20223933333333333,0.18058066666666664,0.18058066666666664,0.16272066666666665,0.16272066666666665,0.18604933333333332,0.18604933333333332
2059,1,22,7,0.0,0.004419666666666666,0.002301,0.00057,0.0006309999999999999,0.0,0.0,0.004419666666666666,0.004419666666666666,0.002301,0.002301,0.00057,0.00057,0.0006309999999999999,0.0006309999999999999
2059,1,22,8,0.0,0.0,0.0,0.0,0.0,0.0,0.0,0.0,0.0,0.0,0.0,0.0,0.0,0.0,0.0
2059,1,23,1,0.0,0.0,0.0,0.0,0.0,0.0,0.0,0.0,0.0,0.0,0.0,0.0,0.0,0.0,0.0
2059,1,23,2,0.0,0.0,0.0,0.0,0.0,0.0,0.0,0.0,0.0,0.0,0.0,0.0,0.0,0.0,0.0
2059,1,23,3,0.149558,0.08325533333333333,0.08351633333333335,0.08896766666666667,0.11961899999999999,0.149558,0.149558,0.08325533333333333,0.08325533333333333,0.08351633333333335,0.08351633333333335,0.08896766666666667,0.08896766666666667,0.11961899999999999,0.11961899999999999
2059,1,23,4,0.41462766666666667,0.39604533333333336,0.3712793333333333,0.349785,0.40733400000000003,0.41462766666666667,0.41462766666666667,0.39604533333333336,0.39604533333333336,0.3712793333333333,0.3712793333333333,0.349785,0.349785,0.40733400000000003,0.40733400000000003
2059,1,23,5,0.423802,0.44744999999999996,0.41554833333333335,0.385785,0.4388993333333333,0.423802,0.423802,0.44744999999999996,0.44744999999999996,0.41554833333333335,0.41554833333333335,0.385785,0.385785,0.4388993333333333,0.4388993333333333
2059,1,23,6,0.13901133333333335,0.20223933333333333,0.18058066666666664,0.16272066666666665,0.18604933333333332,0.13901133333333335,0.13901133333333335,0.20223933333333333,0.20223933333333333,0.18058066666666664,0.18058066666666664,0.16272066666666665,0.16272066666666665,0.18604933333333332,0.18604933333333332
2059,1,23,7,0.0,0.004419666666666666,0.002301,0.00057,0.0006309999999999999,0.0,0.0,0.004419666666666666,0.004419666666666666,0.002301,0.002301,0.00057,0.00057,0.0006309999999999999,0.0006309999999999999
2059,1,23,8,0.0,0.0,0.0,0.0,0.0,0.0,0.0,0.0,0.0,0.0,0.0,0.0,0.0,0.0,0.0
2059,1,24,1,0.0,0.0,0.0,0.0,0.0,0.0,0.0,0.0,0.0,0.0,0.0,0.0,0.0,0.0,0.0
2059,1,24,2,0.0,0.0,0.0,0.0,0.0,0.0,0.0,0.0,0.0,0.0,0.0,0.0,0.0,0.0,0.0
2059,1,24,3,0.149558,0.08325533333333333,0.08351633333333335,0.08896766666666667,0.11961899999999999,0.149558,0.149558,0.08325533333333333,0.08325533333333333,0.08351633333333335,0.08351633333333335,0.08896766666666667,0.08896766666666667,0.11961899999999999,0.11961899999999999
2059,1,24,4,0.41462766666666667,0.39604533333333336,0.3712793333333333,0.349785,0.40733400000000003,0.41462766666666667,0.41462766666666667,0.39604533333333336,0.39604533333333336,0.3712793333333333,0.3712793333333333,0.349785,0.349785,0.40733400000000003,0.40733400000000003
2059,1,24,5,0.423802,0.44744999999999996,0.41554833333333335,0.385785,0.4388993333333333,0.423802,0.423802,0.44744999999999996,0.44744999999999996,0.41554833333333335,0.41554833333333335,0.385785,0.385785,0.4388993333333333,0.4388993333333333
2059,1,24,6,0.13901133333333335,0.20223933333333333,0.18058066666666664,0.16272066666666665,0.18604933333333332,0.13901133333333335,0.13901133333333335,0.20223933333333333,0.20223933333333333,0.18058066666666664,0.18058066666666664,0.16272066666666665,0.16272066666666665,0.18604933333333332,0.18604933333333332
2059,1,24,7,0.0,0.004419666666666666,0.002301,0.00057,0.0006309999999999999,0.0,0.0,0.004419666666666666,0.004419666666666666,0.002301,0.002301,0.00057,0.00057,0.0006309999999999999,0.0006309999999999999
2059,1,24,8,0.0,0.0,0.0,0.0,0.0,0.0,0.0,0.0,0.0,0.0,0.0,0.0,0.0,0.0,0.0
2059,1,25,1,0.0,0.0,0.0,0.0,0.0,0.0,0.0,0.0,0.0,0.0,0.0,0.0,0.0,0.0,0.0
2059,1,25,2,0.0,0.0,0.0,0.0,0.0,0.0,0.0,0.0,0.0,0.0,0.0,0.0,0.0,0.0,0.0
2059,1,25,3,0.149558,0.08325533333333333,0.08351633333333335,0.08896766666666667,0.11961899999999999,0.149558,0.149558,0.08325533333333333,0.08325533333333333,0.08351633333333335,0.08351633333333335,0.08896766666666667,0.08896766666666667,0.11961899999999999,0.11961899999999999
2059,1,25,4,0.41462766666666667,0.39604533333333336,0.3712793333333333,0.349785,0.40733400000000003,0.41462766666666667,0.41462766666666667,0.39604533333333336,0.39604533333333336,0.3712793333333333,0.3712793333333333,0.349785,0.349785,0.40733400000000003,0.40733400000000003
2059,1,25,5,0.423802,0.44744999999999996,0.41554833333333335,0.385785,0.4388993333333333,0.423802,0.423802,0.44744999999999996,0.44744999999999996,0.41554833333333335,0.41554833333333335,0.385785,0.385785,0.4388993333333333,0.4388993333333333
2059,1,25,6,0.13901133333333335,0.20223933333333333,0.18058066666666664,0.16272066666666665,0.18604933333333332,0.13901133333333335,0.13901133333333335,0.20223933333333333,0.20223933333333333,0.18058066666666664,0.18058066666666664,0.16272066666666665,0.16272066666666665,0.18604933333333332,0.18604933333333332
2059,1,25,7,0.0,0.004419666666666666,0.002301,0.00057,0.0006309999999999999,0.0,0.0,0.004419666666666666,0.004419666666666666,0.002301,0.002301,0.00057,0.00057,0.0006309999999999999,0.0006309999999999999
2059,1,25,8,0.0,0.0,0.0,0.0,0.0,0.0,0.0,0.0,0.0,0.0,0.0,0.0,0.0,0.0,0.0
2059,1,26,1,0.0,0.0,0.0,0.0,0.0,0.0,0.0,0.0,0.0,0.0,0.0,0.0,0.0,0.0,0.0
2059,1,26,2,0.0,0.0,0.0,0.0,0.0,0.0,0.0,0.0,0.0,0.0,0.0,0.0,0.0,0.0,0.0
2059,1,26,3,0.149558,0.08325533333333333,0.08351633333333335,0.08896766666666667,0.11961899999999999,0.149558,0.149558,0.08325533333333333,0.08325533333333333,0.08351633333333335,0.08351633333333335,0.08896766666666667,0.08896766666666667,0.11961899999999999,0.11961899999999999
2059,1,26,4,0.41462766666666667,0.39604533333333336,0.3712793333333333,0.349785,0.40733400000000003,0.41462766666666667,0.41462766666666667,0.39604533333333336,0.39604533333333336,0.3712793333333333,0.3712793333333333,0.349785,0.349785,0.40733400000000003,0.40733400000000003
2059,1,26,5,0.423802,0.44744999999999996,0.41554833333333335,0.385785,0.4388993333333333,0.423802,0.423802,0.44744999999999996,0.44744999999999996,0.41554833333333335,0.41554833333333335,0.385785,0.385785,0.4388993333333333,0.4388993333333333
2059,1,26,6,0.13901133333333335,0.20223933333333333,0.18058066666666664,0.16272066666666665,0.18604933333333332,0.13901133333333335,0.13901133333333335,0.20223933333333333,0.20223933333333333,0.18058066666666664,0.18058066666666664,0.16272066666666665,0.16272066666666665,0.18604933333333332,0.18604933333333332
2059,1,26,7,0.0,0.004419666666666666,0.002301,0.00057,0.0006309999999999999,0.0,0.0,0.004419666666666666,0.004419666666666666,0.002301,0.002301,0.00057,0.00057,0.0006309999999999999,0.0006309999999999999
2059,1,26,8,0.0,0.0,0.0,0.0,0.0,0.0,0.0,0.0,0.0,0.0,0.0,0.0,0.0,0.0,0.0
2059,1,27,1,0.0,0.0,0.0,0.0,0.0,0.0,0.0,0.0,0.0,0.0,0.0,0.0,0.0,0.0,0.0
2059,1,27,2,0.0,0.0,0.0,0.0,0.0,0.0,0.0,0.0,0.0,0.0,0.0,0.0,0.0,0.0,0.0
2059,1,27,3,0.149558,0.08325533333333333,0.08351633333333335,0.08896766666666667,0.11961899999999999,0.149558,0.149558,0.08325533333333333,0.08325533333333333,0.08351633333333335,0.08351633333333335,0.08896766666666667,0.08896766666666667,0.11961899999999999,0.11961899999999999
2059,1,27,4,0.41462766666666667,0.39604533333333336,0.3712793333333333,0.349785,0.40733400000000003,0.41462766666666667,0.41462766666666667,0.39604533333333336,0.39604533333333336,0.3712793333333333,0.3712793333333333,0.349785,0.349785,0.40733400000000003,0.40733400000000003
2059,1,27,5,0.423802,0.44744999999999996,0.41554833333333335,0.385785,0.4388993333333333,0.423802,0.423802,0.44744999999999996,0.44744999999999996,0.41554833333333335,0.41554833333333335,0.385785,0.385785,0.4388993333333333,0.4388993333333333
2059,1,27,6,0.13901133333333335,0.20223933333333333,0.18058066666666664,0.16272066666666665,0.18604933333333332,0.13901133333333335,0.13901133333333335,0.20223933333333333,0.20223933333333333,0.18058066666666664,0.18058066666666664,0.16272066666666665,0.16272066666666665,0.18604933333333332,0.18604933333333332
2059,1,27,7,0.0,0.004419666666666666,0.002301,0.00057,0.0006309999999999999,0.0,0.0,0.004419666666666666,0.004419666666666666,0.002301,0.002301,0.00057,0.00057,0.0006309999999999999,0.0006309999999999999
2059,1,27,8,0.0,0.0,0.0,0.0,0.0,0.0,0.0,0.0,0.0,0.0,0.0,0.0,0.0,0.0,0.0
2059,1,28,1,0.0,0.0,0.0,0.0,0.0,0.0,0.0,0.0,0.0,0.0,0.0,0.0,0.0,0.0,0.0
2059,1,28,2,0.0,0.0,0.0,0.0,0.0,0.0,0.0,0.0,0.0,0.0,0.0,0.0,0.0,0.0,0.0
2059,1,28,3,0.149558,0.08325533333333333,0.08351633333333335,0.08896766666666667,0.11961899999999999,0.149558,0.149558,0.08325533333333333,0.08325533333333333,0.08351633333333335,0.08351633333333335,0.08896766666666667,0.08896766666666667,0.11961899999999999,0.11961899999999999
2059,1,28,4,0.41462766666666667,0.39604533333333336,0.3712793333333333,0.349785,0.40733400000000003,0.41462766666666667,0.41462766666666667,0.39604533333333336,0.39604533333333336,0.3712793333333333,0.3712793333333333,0.349785,0.349785,0.40733400000000003,0.40733400000000003
2059,1,28,5,0.423802,0.44744999999999996,0.41554833333333335,0.385785,0.4388993333333333,0.423802,0.423802,0.44744999999999996,0.44744999999999996,0.41554833333333335,0.41554833333333335,0.385785,0.385785,0.4388993333333333,0.4388993333333333
2059,1,28,6,0.13901133333333335,0.20223933333333333,0.18058066666666664,0.16272066666666665,0.18604933333333332,0.13901133333333335,0.13901133333333335,0.20223933333333333,0.20223933333333333,0.18058066666666664,0.18058066666666664,0.16272066666666665,0.16272066666666665,0.18604933333333332,0.18604933333333332
2059,1,28,7,0.0,0.004419666666666666,0.002301,0.00057,0.0006309999999999999,0.0,0.0,0.004419666666666666,0.004419666666666666,0.002301,0.002301,0.00057,0.00057,0.0006309999999999999,0.0006309999999999999
2059,1,28,8,0.0,0.0,0.0,0.0,0.0,0.0,0.0,0.0,0.0,0.0,0.0,0.0,0.0,0.0,0.0
2059,1,29,1,0.0,0.0,0.0,0.0,0.0,0.0,0.0,0.0,0.0,0.0,0.0,0.0,0.0,0.0,0.0
2059,1,29,2,0.0,0.0,0.0,0.0,0.0,0.0,0.0,0.0,0.0,0.0,0.0,0.0,0.0,0.0,0.0
2059,1,29,3,0.149558,0.08325533333333333,0.08351633333333335,0.08896766666666667,0.11961899999999999,0.149558,0.149558,0.08325533333333333,0.08325533333333333,0.08351633333333335,0.08351633333333335,0.08896766666666667,0.08896766666666667,0.11961899999999999,0.11961899999999999
2059,1,29,4,0.41462766666666667,0.39604533333333336,0.3712793333333333,0.349785,0.40733400000000003,0.41462766666666667,0.41462766666666667,0.39604533333333336,0.39604533333333336,0.3712793333333333,0.3712793333333333,0.349785,0.349785,0.40733400000000003,0.40733400000000003
2059,1,29,5,0.423802,0.44744999999999996,0.41554833333333335,0.385785,0.4388993333333333,0.423802,0.423802,0.44744999999999996,0.44744999999999996,0.41554833333333335,0.41554833333333335,0.385785,0.385785,0.4388993333333333,0.4388993333333333
2059,1,29,6,0.13901133333333335,0.20223933333333333,0.18058066666666664,0.16272066666666665,0.18604933333333332,0.13901133333333335,0.13901133333333335,0.20223933333333333,0.20223933333333333,0.18058066666666664,0.18058066666666664,0.16272066666666665,0.16272066666666665,0.18604933333333332,0.18604933333333332
2059,1,29,7,0.0,0.004419666666666666,0.002301,0.00057,0.0006309999999999999,0.0,0.0,0.004419666666666666,0.004419666666666666,0.002301,0.002301,0.00057,0.00057,0.0006309999999999999,0.0006309999999999999
2059,1,29,8,0.0,0.0,0.0,0.0,0.0,0.0,0.0,0.0,0.0,0.0,0.0,0.0,0.0,0.0,0.0
2059,1,30,1,0.0,0.0,0.0,0.0,0.0,0.0,0.0,0.0,0.0,0.0,0.0,0.0,0.0,0.0,0.0
2059,1,30,2,0.0,0.0,0.0,0.0,0.0,0.0,0.0,0.0,0.0,0.0,0.0,0.0,0.0,0.0,0.0
2059,1,30,3,0.149558,0.08325533333333333,0.08351633333333335,0.08896766666666667,0.11961899999999999,0.149558,0.149558,0.08325533333333333,0.08325533333333333,0.08351633333333335,0.08351633333333335,0.08896766666666667,0.08896766666666667,0.11961899999999999,0.11961899999999999
2059,1,30,4,0.41462766666666667,0.39604533333333336,0.3712793333333333,0.349785,0.40733400000000003,0.41462766666666667,0.41462766666666667,0.39604533333333336,0.39604533333333336,0.3712793333333333,0.3712793333333333,0.349785,0.349785,0.40733400000000003,0.40733400000000003
2059,1,30,5,0.423802,0.44744999999999996,0.41554833333333335,0.385785,0.4388993333333333,0.423802,0.423802,0.44744999999999996,0.44744999999999996,0.41554833333333335,0.41554833333333335,0.385785,0.385785,0.4388993333333333,0.4388993333333333
2059,1,30,6,0.13901133333333335,0.20223933333333333,0.18058066666666664,0.16272066666666665,0.18604933333333332,0.13901133333333335,0.13901133333333335,0.20223933333333333,0.20223933333333333,0.18058066666666664,0.18058066666666664,0.16272066666666665,0.16272066666666665,0.18604933333333332,0.18604933333333332
2059,1,30,7,0.0,0.004419666666666666,0.002301,0.00057,0.0006309999999999999,0.0,0.0,0.004419666666666666,0.004419666666666666,0.002301,0.002301,0.00057,0.00057,0.0006309999999999999,0.0006309999999999999
2059,1,30,8,0.0,0.0,0.0,0.0,0.0,0.0,0.0,0.0,0.0,0.0,0.0,0.0,0.0,0.0,0.0
2059,1,31,1,0.0,0.0,0.0,0.0,0.0,0.0,0.0,0.0,0.0,0.0,0.0,0.0,0.0,0.0,0.0
2059,1,31,2,0.0,0.0,0.0,0.0,0.0,0.0,0.0,0.0,0.0,0.0,0.0,0.0,0.0,0.0,0.0
2059,1,31,3,0.149558,0.08325533333333333,0.08351633333333335,0.08896766666666667,0.11961899999999999,0.149558,0.149558,0.08325533333333333,0.08325533333333333,0.08351633333333335,0.08351633333333335,0.08896766666666667,0.08896766666666667,0.11961899999999999,0.11961899999999999
2059,1,31,4,0.41462766666666667,0.39604533333333336,0.3712793333333333,0.349785,0.40733400000000003,0.41462766666666667,0.41462766666666667,0.39604533333333336,0.39604533333333336,0.3712793333333333,0.3712793333333333,0.349785,0.349785,0.40733400000000003,0.40733400000000003
2059,1,31,5,0.423802,0.44744999999999996,0.41554833333333335,0.385785,0.4388993333333333,0.423802,0.423802,0.44744999999999996,0.44744999999999996,0.41554833333333335,0.41554833333333335,0.385785,0.385785,0.4388993333333333,0.4388993333333333
2059,1,31,6,0.13901133333333335,0.20223933333333333,0.18058066666666664,0.16272066666666665,0.18604933333333332,0.13901133333333335,0.13901133333333335,0.20223933333333333,0.20223933333333333,0.18058066666666664,0.18058066666666664,0.16272066666666665,0.16272066666666665,0.18604933333333332,0.18604933333333332
2059,1,31,7,0.0,0.004419666666666666,0.002301,0.00057,0.0006309999999999999,0.0,0.0,0.004419666666666666,0.004419666666666666,0.002301,0.002301,0.00057,0.00057,0.0006309999999999999,0.0006309999999999999
2059,1,31,8,0.0,0.0,0.0,0.0,0.0,0.0,0.0,0.0,0.0,0.0,0.0,0.0,0.0,0.0,0.0
2059,2,1,1,0.0,0.0,0.0,0.0,0.0,0.0,0.0,0.0,0.0,0.0,0.0,0.0,0.0,0.0,0.0
2059,2,1,2,0.0,0.0,0.0,0.0,0.0,0.0,0.0,0.0,0.0,0.0,0.0,0.0,0.0,0.0,0.0
2059,2,1,3,0.17733233333333334,0.07652033333333334,0.09010733333333333,0.101381,0.136293,0.17733233333333334,0.17733233333333334,0.07652033333333334,0.07652033333333334,0.09010733333333333,0.09010733333333333,0.101381,0.101381,0.136293,0.136293
2059,2,1,4,0.5009359999999999,0.38503166666666666,0.40151200000000004,0.3943573333333334,0.4766303333333333,0.5009359999999999,0.5009359999999999,0.38503166666666666,0.38503166666666666,0.40151200000000004,0.40151200000000004,0.3943573333333334,0.3943573333333334,0.4766303333333333,0.4766303333333333
2059,2,1,5,0.4793503333333333,0.45417033333333334,0.446583,0.43420233333333336,0.5099136666666667,0.4793503333333333,0.4793503333333333,0.45417033333333334,0.45417033333333334,0.446583,0.446583,0.43420233333333336,0.43420233333333336,0.5099136666666667,0.5099136666666667
2059,2,1,6,0.15275833333333333,0.21133033333333331,0.185631,0.17746399999999998,0.21356266666666668,0.15275833333333333,0.15275833333333333,0.21133033333333331,0.21133033333333331,0.185631,0.185631,0.17746399999999998,0.17746399999999998,0.21356266666666668,0.21356266666666668
2059,2,1,7,0.0,0.0035670000000000003,0.0014403333333333334,0.0003096666666666667,0.00029933333333333336,0.0,0.0,0.0035670000000000003,0.0035670000000000003,0.0014403333333333334,0.0014403333333333334,0.0003096666666666667,0.0003096666666666667,0.00029933333333333336,0.00029933333333333336
2059,2,1,8,0.0,0.0,0.0,0.0,0.0,0.0,0.0,0.0,0.0,0.0,0.0,0.0,0.0,0.0,0.0
2059,2,2,1,0.0,0.0,0.0,0.0,0.0,0.0,0.0,0.0,0.0,0.0,0.0,0.0,0.0,0.0,0.0
2059,2,2,2,0.0,0.0,0.0,0.0,0.0,0.0,0.0,0.0,0.0,0.0,0.0,0.0,0.0,0.0,0.0
2059,2,2,3,0.17733233333333334,0.07652033333333334,0.09010733333333333,0.101381,0.136293,0.17733233333333334,0.17733233333333334,0.07652033333333334,0.07652033333333334,0.09010733333333333,0.09010733333333333,0.101381,0.101381,0.136293,0.136293
2059,2,2,4,0.5009359999999999,0.38503166666666666,0.40151200000000004,0.3943573333333334,0.4766303333333333,0.5009359999999999,0.5009359999999999,0.38503166666666666,0.38503166666666666,0.40151200000000004,0.40151200000000004,0.3943573333333334,0.3943573333333334,0.4766303333333333,0.4766303333333333
2059,2,2,5,0.4793503333333333,0.45417033333333334,0.446583,0.43420233333333336,0.5099136666666667,0.4793503333333333,0.4793503333333333,0.45417033333333334,0.45417033333333334,0.446583,0.446583,0.43420233333333336,0.43420233333333336,0.5099136666666667,0.5099136666666667
2059,2,2,6,0.15275833333333333,0.21133033333333331,0.185631,0.17746399999999998,0.21356266666666668,0.15275833333333333,0.15275833333333333,0.21133033333333331,0.21133033333333331,0.185631,0.185631,0.17746399999999998,0.17746399999999998,0.21356266666666668,0.21356266666666668
2059,2,2,7,0.0,0.0035670000000000003,0.0014403333333333334,0.0003096666666666667,0.00029933333333333336,0.0,0.0,0.0035670000000000003,0.0035670000000000003,0.0014403333333333334,0.0014403333333333334,0.0003096666666666667,0.0003096666666666667,0.00029933333333333336,0.00029933333333333336
2059,2,2,8,0.0,0.0,0.0,0.0,0.0,0.0,0.0,0.0,0.0,0.0,0.0,0.0,0.0,0.0,0.0
2059,2,3,1,0.0,0.0,0.0,0.0,0.0,0.0,0.0,0.0,0.0,0.0,0.0,0.0,0.0,0.0,0.0
2059,2,3,2,0.0,0.0,0.0,0.0,0.0,0.0,0.0,0.0,0.0,0.0,0.0,0.0,0.0,0.0,0.0
2059,2,3,3,0.17733233333333334,0.07652033333333334,0.09010733333333333,0.101381,0.136293,0.17733233333333334,0.17733233333333334,0.07652033333333334,0.07652033333333334,0.09010733333333333,0.09010733333333333,0.101381,0.101381,0.136293,0.136293
2059,2,3,4,0.5009359999999999,0.38503166666666666,0.40151200000000004,0.3943573333333334,0.4766303333333333,0.5009359999999999,0.5009359999999999,0.38503166666666666,0.38503166666666666,0.40151200000000004,0.40151200000000004,0.3943573333333334,0.3943573333333334,0.4766303333333333,0.4766303333333333
2059,2,3,5,0.4793503333333333,0.45417033333333334,0.446583,0.43420233333333336,0.5099136666666667,0.4793503333333333,0.4793503333333333,0.45417033333333334,0.45417033333333334,0.446583,0.446583,0.43420233333333336,0.43420233333333336,0.5099136666666667,0.5099136666666667
2059,2,3,6,0.15275833333333333,0.21133033333333331,0.185631,0.17746399999999998,0.21356266666666668,0.15275833333333333,0.15275833333333333,0.21133033333333331,0.21133033333333331,0.185631,0.185631,0.17746399999999998,0.17746399999999998,0.21356266666666668,0.21356266666666668
2059,2,3,7,0.0,0.0035670000000000003,0.0014403333333333334,0.0003096666666666667,0.00029933333333333336,0.0,0.0,0.0035670000000000003,0.0035670000000000003,0.0014403333333333334,0.0014403333333333334,0.0003096666666666667,0.0003096666666666667,0.00029933333333333336,0.00029933333333333336
2059,2,3,8,0.0,0.0,0.0,0.0,0.0,0.0,0.0,0.0,0.0,0.0,0.0,0.0,0.0,0.0,0.0
2059,2,4,1,0.0,0.0,0.0,0.0,0.0,0.0,0.0,0.0,0.0,0.0,0.0,0.0,0.0,0.0,0.0
2059,2,4,2,0.0,0.0,0.0,0.0,0.0,0.0,0.0,0.0,0.0,0.0,0.0,0.0,0.0,0.0,0.0
2059,2,4,3,0.17733233333333334,0.07652033333333334,0.09010733333333333,0.101381,0.136293,0.17733233333333334,0.17733233333333334,0.07652033333333334,0.07652033333333334,0.09010733333333333,0.09010733333333333,0.101381,0.101381,0.136293,0.136293
2059,2,4,4,0.5009359999999999,0.38503166666666666,0.40151200000000004,0.3943573333333334,0.4766303333333333,0.5009359999999999,0.5009359999999999,0.38503166666666666,0.38503166666666666,0.40151200000000004,0.40151200000000004,0.3943573333333334,0.3943573333333334,0.4766303333333333,0.4766303333333333
2059,2,4,5,0.4793503333333333,0.45417033333333334,0.446583,0.43420233333333336,0.5099136666666667,0.4793503333333333,0.4793503333333333,0.45417033333333334,0.45417033333333334,0.446583,0.446583,0.43420233333333336,0.43420233333333336,0.5099136666666667,0.5099136666666667
2059,2,4,6,0.15275833333333333,0.21133033333333331,0.185631,0.17746399999999998,0.21356266666666668,0.15275833333333333,0.15275833333333333,0.21133033333333331,0.21133033333333331,0.185631,0.185631,0.17746399999999998,0.17746399999999998,0.21356266666666668,0.21356266666666668
2059,2,4,7,0.0,0.0035670000000000003,0.0014403333333333334,0.0003096666666666667,0.00029933333333333336,0.0,0.0,0.0035670000000000003,0.0035670000000000003,0.0014403333333333334,0.0014403333333333334,0.0003096666666666667,0.0003096666666666667,0.00029933333333333336,0.00029933333333333336
2059,2,4,8,0.0,0.0,0.0,0.0,0.0,0.0,0.0,0.0,0.0,0.0,0.0,0.0,0.0,0.0,0.0
2059,2,5,1,0.0,0.0,0.0,0.0,0.0,0.0,0.0,0.0,0.0,0.0,0.0,0.0,0.0,0.0,0.0
2059,2,5,2,0.0,0.0,0.0,0.0,0.0,0.0,0.0,0.0,0.0,0.0,0.0,0.0,0.0,0.0,0.0
2059,2,5,3,0.17733233333333334,0.07652033333333334,0.09010733333333333,0.101381,0.136293,0.17733233333333334,0.17733233333333334,0.07652033333333334,0.07652033333333334,0.09010733333333333,0.09010733333333333,0.101381,0.101381,0.136293,0.136293
2059,2,5,4,0.5009359999999999,0.38503166666666666,0.40151200000000004,0.3943573333333334,0.4766303333333333,0.5009359999999999,0.5009359999999999,0.38503166666666666,0.38503166666666666,0.40151200000000004,0.40151200000000004,0.3943573333333334,0.3943573333333334,0.4766303333333333,0.4766303333333333
2059,2,5,5,0.4793503333333333,0.45417033333333334,0.446583,0.43420233333333336,0.5099136666666667,0.4793503333333333,0.4793503333333333,0.45417033333333334,0.45417033333333334,0.446583,0.446583,0.43420233333333336,0.43420233333333336,0.5099136666666667,0.5099136666666667
2059,2,5,6,0.15275833333333333,0.21133033333333331,0.185631,0.17746399999999998,0.21356266666666668,0.15275833333333333,0.15275833333333333,0.21133033333333331,0.21133033333333331,0.185631,0.185631,0.17746399999999998,0.17746399999999998,0.21356266666666668,0.21356266666666668
2059,2,5,7,0.0,0.0035670000000000003,0.0014403333333333334,0.0003096666666666667,0.00029933333333333336,0.0,0.0,0.0035670000000000003,0.0035670000000000003,0.0014403333333333334,0.0014403333333333334,0.0003096666666666667,0.0003096666666666667,0.00029933333333333336,0.00029933333333333336
2059,2,5,8,0.0,0.0,0.0,0.0,0.0,0.0,0.0,0.0,0.0,0.0,0.0,0.0,0.0,0.0,0.0
2059,2,6,1,0.0,0.0,0.0,0.0,0.0,0.0,0.0,0.0,0.0,0.0,0.0,0.0,0.0,0.0,0.0
2059,2,6,2,0.0,0.0,0.0,0.0,0.0,0.0,0.0,0.0,0.0,0.0,0.0,0.0,0.0,0.0,0.0
2059,2,6,3,0.17733233333333334,0.07652033333333334,0.09010733333333333,0.101381,0.136293,0.17733233333333334,0.17733233333333334,0.07652033333333334,0.07652033333333334,0.09010733333333333,0.09010733333333333,0.101381,0.101381,0.136293,0.136293
2059,2,6,4,0.5009359999999999,0.38503166666666666,0.40151200000000004,0.3943573333333334,0.4766303333333333,0.5009359999999999,0.5009359999999999,0.38503166666666666,0.38503166666666666,0.40151200000000004,0.40151200000000004,0.3943573333333334,0.3943573333333334,0.4766303333333333,0.4766303333333333
2059,2,6,5,0.4793503333333333,0.45417033333333334,0.446583,0.43420233333333336,0.5099136666666667,0.4793503333333333,0.4793503333333333,0.45417033333333334,0.45417033333333334,0.446583,0.446583,0.43420233333333336,0.43420233333333336,0.5099136666666667,0.5099136666666667
2059,2,6,6,0.15275833333333333,0.21133033333333331,0.185631,0.17746399999999998,0.21356266666666668,0.15275833333333333,0.15275833333333333,0.21133033333333331,0.21133033333333331,0.185631,0.185631,0.17746399999999998,0.17746399999999998,0.21356266666666668,0.21356266666666668
2059,2,6,7,0.0,0.0035670000000000003,0.0014403333333333334,0.0003096666666666667,0.00029933333333333336,0.0,0.0,0.0035670000000000003,0.0035670000000000003,0.0014403333333333334,0.0014403333333333334,0.0003096666666666667,0.0003096666666666667,0.00029933333333333336,0.00029933333333333336
2059,2,6,8,0.0,0.0,0.0,0.0,0.0,0.0,0.0,0.0,0.0,0.0,0.0,0.0,0.0,0.0,0.0
2059,2,7,1,0.0,0.0,0.0,0.0,0.0,0.0,0.0,0.0,0.0,0.0,0.0,0.0,0.0,0.0,0.0
2059,2,7,2,0.0,0.0,0.0,0.0,0.0,0.0,0.0,0.0,0.0,0.0,0.0,0.0,0.0,0.0,0.0
2059,2,7,3,0.17733233333333334,0.07652033333333334,0.09010733333333333,0.101381,0.136293,0.17733233333333334,0.17733233333333334,0.07652033333333334,0.07652033333333334,0.09010733333333333,0.09010733333333333,0.101381,0.101381,0.136293,0.136293
2059,2,7,4,0.5009359999999999,0.38503166666666666,0.40151200000000004,0.3943573333333334,0.4766303333333333,0.5009359999999999,0.5009359999999999,0.38503166666666666,0.38503166666666666,0.40151200000000004,0.40151200000000004,0.3943573333333334,0.3943573333333334,0.4766303333333333,0.4766303333333333
2059,2,7,5,0.4793503333333333,0.45417033333333334,0.446583,0.43420233333333336,0.5099136666666667,0.4793503333333333,0.4793503333333333,0.45417033333333334,0.45417033333333334,0.446583,0.446583,0.43420233333333336,0.43420233333333336,0.5099136666666667,0.5099136666666667
2059,2,7,6,0.15275833333333333,0.21133033333333331,0.185631,0.17746399999999998,0.21356266666666668,0.15275833333333333,0.15275833333333333,0.21133033333333331,0.21133033333333331,0.185631,0.185631,0.17746399999999998,0.17746399999999998,0.21356266666666668,0.21356266666666668
2059,2,7,7,0.0,0.0035670000000000003,0.0014403333333333334,0.0003096666666666667,0.00029933333333333336,0.0,0.0,0.0035670000000000003,0.0035670000000000003,0.0014403333333333334,0.0014403333333333334,0.0003096666666666667,0.0003096666666666667,0.00029933333333333336,0.00029933333333333336
2059,2,7,8,0.0,0.0,0.0,0.0,0.0,0.0,0.0,0.0,0.0,0.0,0.0,0.0,0.0,0.0,0.0
2059,2,8,1,0.0,0.0,0.0,0.0,0.0,0.0,0.0,0.0,0.0,0.0,0.0,0.0,0.0,0.0,0.0
2059,2,8,2,0.0,0.0,0.0,0.0,0.0,0.0,0.0,0.0,0.0,0.0,0.0,0.0,0.0,0.0,0.0
2059,2,8,3,0.17733233333333334,0.07652033333333334,0.09010733333333333,0.101381,0.136293,0.17733233333333334,0.17733233333333334,0.07652033333333334,0.07652033333333334,0.09010733333333333,0.09010733333333333,0.101381,0.101381,0.136293,0.136293
2059,2,8,4,0.5009359999999999,0.38503166666666666,0.40151200000000004,0.3943573333333334,0.4766303333333333,0.5009359999999999,0.5009359999999999,0.38503166666666666,0.38503166666666666,0.40151200000000004,0.40151200000000004,0.3943573333333334,0.3943573333333334,0.4766303333333333,0.4766303333333333
2059,2,8,5,0.4793503333333333,0.45417033333333334,0.446583,0.43420233333333336,0.5099136666666667,0.4793503333333333,0.4793503333333333,0.45417033333333334,0.45417033333333334,0.446583,0.446583,0.43420233333333336,0.43420233333333336,0.5099136666666667,0.5099136666666667
2059,2,8,6,0.15275833333333333,0.21133033333333331,0.185631,0.17746399999999998,0.21356266666666668,0.15275833333333333,0.15275833333333333,0.21133033333333331,0.21133033333333331,0.185631,0.185631,0.17746399999999998,0.17746399999999998,0.21356266666666668,0.21356266666666668
2059,2,8,7,0.0,0.0035670000000000003,0.0014403333333333334,0.0003096666666666667,0.00029933333333333336,0.0,0.0,0.0035670000000000003,0.0035670000000000003,0.0014403333333333334,0.0014403333333333334,0.0003096666666666667,0.0003096666666666667,0.00029933333333333336,0.00029933333333333336
2059,2,8,8,0.0,0.0,0.0,0.0,0.0,0.0,0.0,0.0,0.0,0.0,0.0,0.0,0.0,0.0,0.0
2059,2,9,1,0.0,0.0,0.0,0.0,0.0,0.0,0.0,0.0,0.0,0.0,0.0,0.0,0.0,0.0,0.0
2059,2,9,2,0.0,0.0,0.0,0.0,0.0,0.0,0.0,0.0,0.0,0.0,0.0,0.0,0.0,0.0,0.0
2059,2,9,3,0.17733233333333334,0.07652033333333334,0.09010733333333333,0.101381,0.136293,0.17733233333333334,0.17733233333333334,0.07652033333333334,0.07652033333333334,0.09010733333333333,0.09010733333333333,0.101381,0.101381,0.136293,0.136293
2059,2,9,4,0.5009359999999999,0.38503166666666666,0.40151200000000004,0.3943573333333334,0.4766303333333333,0.5009359999999999,0.5009359999999999,0.38503166666666666,0.38503166666666666,0.40151200000000004,0.40151200000000004,0.3943573333333334,0.3943573333333334,0.4766303333333333,0.4766303333333333
2059,2,9,5,0.4793503333333333,0.45417033333333334,0.446583,0.43420233333333336,0.5099136666666667,0.4793503333333333,0.4793503333333333,0.45417033333333334,0.45417033333333334,0.446583,0.446583,0.43420233333333336,0.43420233333333336,0.5099136666666667,0.5099136666666667
2059,2,9,6,0.15275833333333333,0.21133033333333331,0.185631,0.17746399999999998,0.21356266666666668,0.15275833333333333,0.15275833333333333,0.21133033333333331,0.21133033333333331,0.185631,0.185631,0.17746399999999998,0.17746399999999998,0.21356266666666668,0.21356266666666668
2059,2,9,7,0.0,0.0035670000000000003,0.0014403333333333334,0.0003096666666666667,0.00029933333333333336,0.0,0.0,0.0035670000000000003,0.0035670000000000003,0.0014403333333333334,0.0014403333333333334,0.0003096666666666667,0.0003096666666666667,0.00029933333333333336,0.00029933333333333336
2059,2,9,8,0.0,0.0,0.0,0.0,0.0,0.0,0.0,0.0,0.0,0.0,0.0,0.0,0.0,0.0,0.0
2059,2,10,1,0.0,0.0,0.0,0.0,0.0,0.0,0.0,0.0,0.0,0.0,0.0,0.0,0.0,0.0,0.0
2059,2,10,2,0.0,0.0,0.0,0.0,0.0,0.0,0.0,0.0,0.0,0.0,0.0,0.0,0.0,0.0,0.0
2059,2,10,3,0.17733233333333334,0.07652033333333334,0.09010733333333333,0.101381,0.136293,0.17733233333333334,0.17733233333333334,0.07652033333333334,0.07652033333333334,0.09010733333333333,0.09010733333333333,0.101381,0.101381,0.136293,0.136293
2059,2,10,4,0.5009359999999999,0.38503166666666666,0.40151200000000004,0.3943573333333334,0.4766303333333333,0.5009359999999999,0.5009359999999999,0.38503166666666666,0.38503166666666666,0.40151200000000004,0.40151200000000004,0.3943573333333334,0.3943573333333334,0.4766303333333333,0.4766303333333333
2059,2,10,5,0.4793503333333333,0.45417033333333334,0.446583,0.43420233333333336,0.5099136666666667,0.4793503333333333,0.4793503333333333,0.45417033333333334,0.45417033333333334,0.446583,0.446583,0.43420233333333336,0.43420233333333336,0.5099136666666667,0.5099136666666667
2059,2,10,6,0.15275833333333333,0.21133033333333331,0.185631,0.17746399999999998,0.21356266666666668,0.15275833333333333,0.15275833333333333,0.21133033333333331,0.21133033333333331,0.185631,0.185631,0.17746399999999998,0.17746399999999998,0.21356266666666668,0.21356266666666668
2059,2,10,7,0.0,0.0035670000000000003,0.0014403333333333334,0.0003096666666666667,0.00029933333333333336,0.0,0.0,0.0035670000000000003,0.0035670000000000003,0.0014403333333333334,0.0014403333333333334,0.0003096666666666667,0.0003096666666666667,0.00029933333333333336,0.00029933333333333336
2059,2,10,8,0.0,0.0,0.0,0.0,0.0,0.0,0.0,0.0,0.0,0.0,0.0,0.0,0.0,0.0,0.0
2059,2,11,1,0.0,0.0,0.0,0.0,0.0,0.0,0.0,0.0,0.0,0.0,0.0,0.0,0.0,0.0,0.0
2059,2,11,2,0.0,0.0,0.0,0.0,0.0,0.0,0.0,0.0,0.0,0.0,0.0,0.0,0.0,0.0,0.0
2059,2,11,3,0.17733233333333334,0.07652033333333334,0.09010733333333333,0.101381,0.136293,0.17733233333333334,0.17733233333333334,0.07652033333333334,0.07652033333333334,0.09010733333333333,0.09010733333333333,0.101381,0.101381,0.136293,0.136293
2059,2,11,4,0.5009359999999999,0.38503166666666666,0.40151200000000004,0.3943573333333334,0.4766303333333333,0.5009359999999999,0.5009359999999999,0.38503166666666666,0.38503166666666666,0.40151200000000004,0.40151200000000004,0.3943573333333334,0.3943573333333334,0.4766303333333333,0.4766303333333333
2059,2,11,5,0.4793503333333333,0.45417033333333334,0.446583,0.43420233333333336,0.5099136666666667,0.4793503333333333,0.4793503333333333,0.45417033333333334,0.45417033333333334,0.446583,0.446583,0.43420233333333336,0.43420233333333336,0.5099136666666667,0.5099136666666667
2059,2,11,6,0.15275833333333333,0.21133033333333331,0.185631,0.17746399999999998,0.21356266666666668,0.15275833333333333,0.15275833333333333,0.21133033333333331,0.21133033333333331,0.185631,0.185631,0.17746399999999998,0.17746399999999998,0.21356266666666668,0.21356266666666668
2059,2,11,7,0.0,0.0035670000000000003,0.0014403333333333334,0.0003096666666666667,0.00029933333333333336,0.0,0.0,0.0035670000000000003,0.0035670000000000003,0.0014403333333333334,0.0014403333333333334,0.0003096666666666667,0.0003096666666666667,0.00029933333333333336,0.00029933333333333336
2059,2,11,8,0.0,0.0,0.0,0.0,0.0,0.0,0.0,0.0,0.0,0.0,0.0,0.0,0.0,0.0,0.0
2059,2,12,1,0.0,0.0,0.0,0.0,0.0,0.0,0.0,0.0,0.0,0.0,0.0,0.0,0.0,0.0,0.0
2059,2,12,2,0.0,0.0,0.0,0.0,0.0,0.0,0.0,0.0,0.0,0.0,0.0,0.0,0.0,0.0,0.0
2059,2,12,3,0.17733233333333334,0.07652033333333334,0.09010733333333333,0.101381,0.136293,0.17733233333333334,0.17733233333333334,0.07652033333333334,0.07652033333333334,0.09010733333333333,0.09010733333333333,0.101381,0.101381,0.136293,0.136293
2059,2,12,4,0.5009359999999999,0.38503166666666666,0.40151200000000004,0.3943573333333334,0.4766303333333333,0.5009359999999999,0.5009359999999999,0.38503166666666666,0.38503166666666666,0.40151200000000004,0.40151200000000004,0.3943573333333334,0.3943573333333334,0.4766303333333333,0.4766303333333333
2059,2,12,5,0.4793503333333333,0.45417033333333334,0.446583,0.43420233333333336,0.5099136666666667,0.4793503333333333,0.4793503333333333,0.45417033333333334,0.45417033333333334,0.446583,0.446583,0.43420233333333336,0.43420233333333336,0.5099136666666667,0.5099136666666667
2059,2,12,6,0.15275833333333333,0.21133033333333331,0.185631,0.17746399999999998,0.21356266666666668,0.15275833333333333,0.15275833333333333,0.21133033333333331,0.21133033333333331,0.185631,0.185631,0.17746399999999998,0.17746399999999998,0.21356266666666668,0.21356266666666668
2059,2,12,7,0.0,0.0035670000000000003,0.0014403333333333334,0.0003096666666666667,0.00029933333333333336,0.0,0.0,0.0035670000000000003,0.0035670000000000003,0.0014403333333333334,0.0014403333333333334,0.0003096666666666667,0.0003096666666666667,0.00029933333333333336,0.00029933333333333336
2059,2,12,8,0.0,0.0,0.0,0.0,0.0,0.0,0.0,0.0,0.0,0.0,0.0,0.0,0.0,0.0,0.0
2059,2,13,1,0.0,0.0,0.0,0.0,0.0,0.0,0.0,0.0,0.0,0.0,0.0,0.0,0.0,0.0,0.0
2059,2,13,2,0.0,0.0,0.0,0.0,0.0,0.0,0.0,0.0,0.0,0.0,0.0,0.0,0.0,0.0,0.0
2059,2,13,3,0.17733233333333334,0.07652033333333334,0.09010733333333333,0.101381,0.136293,0.17733233333333334,0.17733233333333334,0.07652033333333334,0.07652033333333334,0.09010733333333333,0.09010733333333333,0.101381,0.101381,0.136293,0.136293
2059,2,13,4,0.5009359999999999,0.38503166666666666,0.40151200000000004,0.3943573333333334,0.4766303333333333,0.5009359999999999,0.5009359999999999,0.38503166666666666,0.38503166666666666,0.40151200000000004,0.40151200000000004,0.3943573333333334,0.3943573333333334,0.4766303333333333,0.4766303333333333
2059,2,13,5,0.4793503333333333,0.45417033333333334,0.446583,0.43420233333333336,0.5099136666666667,0.4793503333333333,0.4793503333333333,0.45417033333333334,0.45417033333333334,0.446583,0.446583,0.43420233333333336,0.43420233333333336,0.5099136666666667,0.5099136666666667
2059,2,13,6,0.15275833333333333,0.21133033333333331,0.185631,0.17746399999999998,0.21356266666666668,0.15275833333333333,0.15275833333333333,0.21133033333333331,0.21133033333333331,0.185631,0.185631,0.17746399999999998,0.17746399999999998,0.21356266666666668,0.21356266666666668
2059,2,13,7,0.0,0.0035670000000000003,0.0014403333333333334,0.0003096666666666667,0.00029933333333333336,0.0,0.0,0.0035670000000000003,0.0035670000000000003,0.0014403333333333334,0.0014403333333333334,0.0003096666666666667,0.0003096666666666667,0.00029933333333333336,0.00029933333333333336
2059,2,13,8,0.0,0.0,0.0,0.0,0.0,0.0,0.0,0.0,0.0,0.0,0.0,0.0,0.0,0.0,0.0
2059,2,14,1,0.0,0.0,0.0,0.0,0.0,0.0,0.0,0.0,0.0,0.0,0.0,0.0,0.0,0.0,0.0
2059,2,14,2,0.0,0.0,0.0,0.0,0.0,0.0,0.0,0.0,0.0,0.0,0.0,0.0,0.0,0.0,0.0
2059,2,14,3,0.17733233333333334,0.07652033333333334,0.09010733333333333,0.101381,0.136293,0.17733233333333334,0.17733233333333334,0.07652033333333334,0.07652033333333334,0.09010733333333333,0.09010733333333333,0.101381,0.101381,0.136293,0.136293
2059,2,14,4,0.5009359999999999,0.38503166666666666,0.40151200000000004,0.3943573333333334,0.4766303333333333,0.5009359999999999,0.5009359999999999,0.38503166666666666,0.38503166666666666,0.40151200000000004,0.40151200000000004,0.3943573333333334,0.3943573333333334,0.4766303333333333,0.4766303333333333
2059,2,14,5,0.4793503333333333,0.45417033333333334,0.446583,0.43420233333333336,0.5099136666666667,0.4793503333333333,0.4793503333333333,0.45417033333333334,0.45417033333333334,0.446583,0.446583,0.43420233333333336,0.43420233333333336,0.5099136666666667,0.5099136666666667
2059,2,14,6,0.15275833333333333,0.21133033333333331,0.185631,0.17746399999999998,0.21356266666666668,0.15275833333333333,0.15275833333333333,0.21133033333333331,0.21133033333333331,0.185631,0.185631,0.17746399999999998,0.17746399999999998,0.21356266666666668,0.21356266666666668
2059,2,14,7,0.0,0.0035670000000000003,0.0014403333333333334,0.0003096666666666667,0.00029933333333333336,0.0,0.0,0.0035670000000000003,0.0035670000000000003,0.0014403333333333334,0.0014403333333333334,0.0003096666666666667,0.0003096666666666667,0.00029933333333333336,0.00029933333333333336
2059,2,14,8,0.0,0.0,0.0,0.0,0.0,0.0,0.0,0.0,0.0,0.0,0.0,0.0,0.0,0.0,0.0
2059,2,15,1,0.0,0.0,0.0,0.0,0.0,0.0,0.0,0.0,0.0,0.0,0.0,0.0,0.0,0.0,0.0
2059,2,15,2,0.0,0.0,0.0,0.0,0.0,0.0,0.0,0.0,0.0,0.0,0.0,0.0,0.0,0.0,0.0
2059,2,15,3,0.17733233333333334,0.07652033333333334,0.09010733333333333,0.101381,0.136293,0.17733233333333334,0.17733233333333334,0.07652033333333334,0.07652033333333334,0.09010733333333333,0.09010733333333333,0.101381,0.101381,0.136293,0.136293
2059,2,15,4,0.5009359999999999,0.38503166666666666,0.40151200000000004,0.3943573333333334,0.4766303333333333,0.5009359999999999,0.5009359999999999,0.38503166666666666,0.38503166666666666,0.40151200000000004,0.40151200000000004,0.3943573333333334,0.3943573333333334,0.4766303333333333,0.4766303333333333
2059,2,15,5,0.4793503333333333,0.45417033333333334,0.446583,0.43420233333333336,0.5099136666666667,0.4793503333333333,0.4793503333333333,0.45417033333333334,0.45417033333333334,0.446583,0.446583,0.43420233333333336,0.43420233333333336,0.5099136666666667,0.5099136666666667
2059,2,15,6,0.15275833333333333,0.21133033333333331,0.185631,0.17746399999999998,0.21356266666666668,0.15275833333333333,0.15275833333333333,0.21133033333333331,0.21133033333333331,0.185631,0.185631,0.17746399999999998,0.17746399999999998,0.21356266666666668,0.21356266666666668
2059,2,15,7,0.0,0.0035670000000000003,0.0014403333333333334,0.0003096666666666667,0.00029933333333333336,0.0,0.0,0.0035670000000000003,0.0035670000000000003,0.0014403333333333334,0.0014403333333333334,0.0003096666666666667,0.0003096666666666667,0.00029933333333333336,0.00029933333333333336
2059,2,15,8,0.0,0.0,0.0,0.0,0.0,0.0,0.0,0.0,0.0,0.0,0.0,0.0,0.0,0.0,0.0
2059,2,16,1,0.0,0.0,0.0,0.0,0.0,0.0,0.0,0.0,0.0,0.0,0.0,0.0,0.0,0.0,0.0
2059,2,16,2,0.0,0.0,0.0,0.0,0.0,0.0,0.0,0.0,0.0,0.0,0.0,0.0,0.0,0.0,0.0
2059,2,16,3,0.17733233333333334,0.07652033333333334,0.09010733333333333,0.101381,0.136293,0.17733233333333334,0.17733233333333334,0.07652033333333334,0.07652033333333334,0.09010733333333333,0.09010733333333333,0.101381,0.101381,0.136293,0.136293
2059,2,16,4,0.5009359999999999,0.38503166666666666,0.40151200000000004,0.3943573333333334,0.4766303333333333,0.5009359999999999,0.5009359999999999,0.38503166666666666,0.38503166666666666,0.40151200000000004,0.40151200000000004,0.3943573333333334,0.3943573333333334,0.4766303333333333,0.4766303333333333
2059,2,16,5,0.4793503333333333,0.45417033333333334,0.446583,0.43420233333333336,0.5099136666666667,0.4793503333333333,0.4793503333333333,0.45417033333333334,0.45417033333333334,0.446583,0.446583,0.43420233333333336,0.43420233333333336,0.5099136666666667,0.5099136666666667
2059,2,16,6,0.15275833333333333,0.21133033333333331,0.185631,0.17746399999999998,0.21356266666666668,0.15275833333333333,0.15275833333333333,0.21133033333333331,0.21133033333333331,0.185631,0.185631,0.17746399999999998,0.17746399999999998,0.21356266666666668,0.21356266666666668
2059,2,16,7,0.0,0.0035670000000000003,0.0014403333333333334,0.0003096666666666667,0.00029933333333333336,0.0,0.0,0.0035670000000000003,0.0035670000000000003,0.0014403333333333334,0.0014403333333333334,0.0003096666666666667,0.0003096666666666667,0.00029933333333333336,0.00029933333333333336
2059,2,16,8,0.0,0.0,0.0,0.0,0.0,0.0,0.0,0.0,0.0,0.0,0.0,0.0,0.0,0.0,0.0
2059,2,17,1,0.0,0.0,0.0,0.0,0.0,0.0,0.0,0.0,0.0,0.0,0.0,0.0,0.0,0.0,0.0
2059,2,17,2,0.0,0.0,0.0,0.0,0.0,0.0,0.0,0.0,0.0,0.0,0.0,0.0,0.0,0.0,0.0
2059,2,17,3,0.17733233333333334,0.07652033333333334,0.09010733333333333,0.101381,0.136293,0.17733233333333334,0.17733233333333334,0.07652033333333334,0.07652033333333334,0.09010733333333333,0.09010733333333333,0.101381,0.101381,0.136293,0.136293
2059,2,17,4,0.5009359999999999,0.38503166666666666,0.40151200000000004,0.3943573333333334,0.4766303333333333,0.5009359999999999,0.5009359999999999,0.38503166666666666,0.38503166666666666,0.40151200000000004,0.40151200000000004,0.3943573333333334,0.3943573333333334,0.4766303333333333,0.4766303333333333
2059,2,17,5,0.4793503333333333,0.45417033333333334,0.446583,0.43420233333333336,0.5099136666666667,0.4793503333333333,0.4793503333333333,0.45417033333333334,0.45417033333333334,0.446583,0.446583,0.43420233333333336,0.43420233333333336,0.5099136666666667,0.5099136666666667
2059,2,17,6,0.15275833333333333,0.21133033333333331,0.185631,0.17746399999999998,0.21356266666666668,0.15275833333333333,0.15275833333333333,0.21133033333333331,0.21133033333333331,0.185631,0.185631,0.17746399999999998,0.17746399999999998,0.21356266666666668,0.21356266666666668
2059,2,17,7,0.0,0.0035670000000000003,0.0014403333333333334,0.0003096666666666667,0.00029933333333333336,0.0,0.0,0.0035670000000000003,0.0035670000000000003,0.0014403333333333334,0.0014403333333333334,0.0003096666666666667,0.0003096666666666667,0.00029933333333333336,0.00029933333333333336
2059,2,17,8,0.0,0.0,0.0,0.0,0.0,0.0,0.0,0.0,0.0,0.0,0.0,0.0,0.0,0.0,0.0
2059,2,18,1,0.0,0.0,0.0,0.0,0.0,0.0,0.0,0.0,0.0,0.0,0.0,0.0,0.0,0.0,0.0
2059,2,18,2,0.0,0.0,0.0,0.0,0.0,0.0,0.0,0.0,0.0,0.0,0.0,0.0,0.0,0.0,0.0
2059,2,18,3,0.17733233333333334,0.07652033333333334,0.09010733333333333,0.101381,0.136293,0.17733233333333334,0.17733233333333334,0.07652033333333334,0.07652033333333334,0.09010733333333333,0.09010733333333333,0.101381,0.101381,0.136293,0.136293
2059,2,18,4,0.5009359999999999,0.38503166666666666,0.40151200000000004,0.3943573333333334,0.4766303333333333,0.5009359999999999,0.5009359999999999,0.38503166666666666,0.38503166666666666,0.40151200000000004,0.40151200000000004,0.3943573333333334,0.3943573333333334,0.4766303333333333,0.4766303333333333
2059,2,18,5,0.4793503333333333,0.45417033333333334,0.446583,0.43420233333333336,0.5099136666666667,0.4793503333333333,0.4793503333333333,0.45417033333333334,0.45417033333333334,0.446583,0.446583,0.43420233333333336,0.43420233333333336,0.5099136666666667,0.5099136666666667
2059,2,18,6,0.15275833333333333,0.21133033333333331,0.185631,0.17746399999999998,0.21356266666666668,0.15275833333333333,0.15275833333333333,0.21133033333333331,0.21133033333333331,0.185631,0.185631,0.17746399999999998,0.17746399999999998,0.21356266666666668,0.21356266666666668
2059,2,18,7,0.0,0.0035670000000000003,0.0014403333333333334,0.0003096666666666667,0.00029933333333333336,0.0,0.0,0.0035670000000000003,0.0035670000000000003,0.0014403333333333334,0.0014403333333333334,0.0003096666666666667,0.0003096666666666667,0.00029933333333333336,0.00029933333333333336
2059,2,18,8,0.0,0.0,0.0,0.0,0.0,0.0,0.0,0.0,0.0,0.0,0.0,0.0,0.0,0.0,0.0
2059,2,19,1,0.0,0.0,0.0,0.0,0.0,0.0,0.0,0.0,0.0,0.0,0.0,0.0,0.0,0.0,0.0
2059,2,19,2,0.0,0.0,0.0,0.0,0.0,0.0,0.0,0.0,0.0,0.0,0.0,0.0,0.0,0.0,0.0
2059,2,19,3,0.17733233333333334,0.07652033333333334,0.09010733333333333,0.101381,0.136293,0.17733233333333334,0.17733233333333334,0.07652033333333334,0.07652033333333334,0.09010733333333333,0.09010733333333333,0.101381,0.101381,0.136293,0.136293
2059,2,19,4,0.5009359999999999,0.38503166666666666,0.40151200000000004,0.3943573333333334,0.4766303333333333,0.5009359999999999,0.5009359999999999,0.38503166666666666,0.38503166666666666,0.40151200000000004,0.40151200000000004,0.3943573333333334,0.3943573333333334,0.4766303333333333,0.4766303333333333
2059,2,19,5,0.4793503333333333,0.45417033333333334,0.446583,0.43420233333333336,0.5099136666666667,0.4793503333333333,0.4793503333333333,0.45417033333333334,0.45417033333333334,0.446583,0.446583,0.43420233333333336,0.43420233333333336,0.5099136666666667,0.5099136666666667
2059,2,19,6,0.15275833333333333,0.21133033333333331,0.185631,0.17746399999999998,0.21356266666666668,0.15275833333333333,0.15275833333333333,0.21133033333333331,0.21133033333333331,0.185631,0.185631,0.17746399999999998,0.17746399999999998,0.21356266666666668,0.21356266666666668
2059,2,19,7,0.0,0.0035670000000000003,0.0014403333333333334,0.0003096666666666667,0.00029933333333333336,0.0,0.0,0.0035670000000000003,0.0035670000000000003,0.0014403333333333334,0.0014403333333333334,0.0003096666666666667,0.0003096666666666667,0.00029933333333333336,0.00029933333333333336
2059,2,19,8,0.0,0.0,0.0,0.0,0.0,0.0,0.0,0.0,0.0,0.0,0.0,0.0,0.0,0.0,0.0
2059,2,20,1,0.0,0.0,0.0,0.0,0.0,0.0,0.0,0.0,0.0,0.0,0.0,0.0,0.0,0.0,0.0
2059,2,20,2,0.0,0.0,0.0,0.0,0.0,0.0,0.0,0.0,0.0,0.0,0.0,0.0,0.0,0.0,0.0
2059,2,20,3,0.17733233333333334,0.07652033333333334,0.09010733333333333,0.101381,0.136293,0.17733233333333334,0.17733233333333334,0.07652033333333334,0.07652033333333334,0.09010733333333333,0.09010733333333333,0.101381,0.101381,0.136293,0.136293
2059,2,20,4,0.5009359999999999,0.38503166666666666,0.40151200000000004,0.3943573333333334,0.4766303333333333,0.5009359999999999,0.5009359999999999,0.38503166666666666,0.38503166666666666,0.40151200000000004,0.40151200000000004,0.3943573333333334,0.3943573333333334,0.4766303333333333,0.4766303333333333
2059,2,20,5,0.4793503333333333,0.45417033333333334,0.446583,0.43420233333333336,0.5099136666666667,0.4793503333333333,0.4793503333333333,0.45417033333333334,0.45417033333333334,0.446583,0.446583,0.43420233333333336,0.43420233333333336,0.5099136666666667,0.5099136666666667
2059,2,20,6,0.15275833333333333,0.21133033333333331,0.185631,0.17746399999999998,0.21356266666666668,0.15275833333333333,0.15275833333333333,0.21133033333333331,0.21133033333333331,0.185631,0.185631,0.17746399999999998,0.17746399999999998,0.21356266666666668,0.21356266666666668
2059,2,20,7,0.0,0.0035670000000000003,0.0014403333333333334,0.0003096666666666667,0.00029933333333333336,0.0,0.0,0.0035670000000000003,0.0035670000000000003,0.0014403333333333334,0.0014403333333333334,0.0003096666666666667,0.0003096666666666667,0.00029933333333333336,0.00029933333333333336
2059,2,20,8,0.0,0.0,0.0,0.0,0.0,0.0,0.0,0.0,0.0,0.0,0.0,0.0,0.0,0.0,0.0
2059,2,21,1,0.0,0.0,0.0,0.0,0.0,0.0,0.0,0.0,0.0,0.0,0.0,0.0,0.0,0.0,0.0
2059,2,21,2,0.0,0.0,0.0,0.0,0.0,0.0,0.0,0.0,0.0,0.0,0.0,0.0,0.0,0.0,0.0
2059,2,21,3,0.17733233333333334,0.07652033333333334,0.09010733333333333,0.101381,0.136293,0.17733233333333334,0.17733233333333334,0.07652033333333334,0.07652033333333334,0.09010733333333333,0.09010733333333333,0.101381,0.101381,0.136293,0.136293
2059,2,21,4,0.5009359999999999,0.38503166666666666,0.40151200000000004,0.3943573333333334,0.4766303333333333,0.5009359999999999,0.5009359999999999,0.38503166666666666,0.38503166666666666,0.40151200000000004,0.40151200000000004,0.3943573333333334,0.3943573333333334,0.4766303333333333,0.4766303333333333
2059,2,21,5,0.4793503333333333,0.45417033333333334,0.446583,0.43420233333333336,0.5099136666666667,0.4793503333333333,0.4793503333333333,0.45417033333333334,0.45417033333333334,0.446583,0.446583,0.43420233333333336,0.43420233333333336,0.5099136666666667,0.5099136666666667
2059,2,21,6,0.15275833333333333,0.21133033333333331,0.185631,0.17746399999999998,0.21356266666666668,0.15275833333333333,0.15275833333333333,0.21133033333333331,0.21133033333333331,0.185631,0.185631,0.17746399999999998,0.17746399999999998,0.21356266666666668,0.21356266666666668
2059,2,21,7,0.0,0.0035670000000000003,0.0014403333333333334,0.0003096666666666667,0.00029933333333333336,0.0,0.0,0.0035670000000000003,0.0035670000000000003,0.0014403333333333334,0.0014403333333333334,0.0003096666666666667,0.0003096666666666667,0.00029933333333333336,0.00029933333333333336
2059,2,21,8,0.0,0.0,0.0,0.0,0.0,0.0,0.0,0.0,0.0,0.0,0.0,0.0,0.0,0.0,0.0
2059,2,22,1,0.0,0.0,0.0,0.0,0.0,0.0,0.0,0.0,0.0,0.0,0.0,0.0,0.0,0.0,0.0
2059,2,22,2,0.0,0.0,0.0,0.0,0.0,0.0,0.0,0.0,0.0,0.0,0.0,0.0,0.0,0.0,0.0
2059,2,22,3,0.17733233333333334,0.07652033333333334,0.09010733333333333,0.101381,0.136293,0.17733233333333334,0.17733233333333334,0.07652033333333334,0.07652033333333334,0.09010733333333333,0.09010733333333333,0.101381,0.101381,0.136293,0.136293
2059,2,22,4,0.5009359999999999,0.38503166666666666,0.40151200000000004,0.3943573333333334,0.4766303333333333,0.5009359999999999,0.5009359999999999,0.38503166666666666,0.38503166666666666,0.40151200000000004,0.40151200000000004,0.3943573333333334,0.3943573333333334,0.4766303333333333,0.4766303333333333
2059,2,22,5,0.4793503333333333,0.45417033333333334,0.446583,0.43420233333333336,0.5099136666666667,0.4793503333333333,0.4793503333333333,0.45417033333333334,0.45417033333333334,0.446583,0.446583,0.43420233333333336,0.43420233333333336,0.5099136666666667,0.5099136666666667
2059,2,22,6,0.15275833333333333,0.21133033333333331,0.185631,0.17746399999999998,0.21356266666666668,0.15275833333333333,0.15275833333333333,0.21133033333333331,0.21133033333333331,0.185631,0.185631,0.17746399999999998,0.17746399999999998,0.21356266666666668,0.21356266666666668
2059,2,22,7,0.0,0.0035670000000000003,0.0014403333333333334,0.0003096666666666667,0.00029933333333333336,0.0,0.0,0.0035670000000000003,0.0035670000000000003,0.0014403333333333334,0.0014403333333333334,0.0003096666666666667,0.0003096666666666667,0.00029933333333333336,0.00029933333333333336
2059,2,22,8,0.0,0.0,0.0,0.0,0.0,0.0,0.0,0.0,0.0,0.0,0.0,0.0,0.0,0.0,0.0
2059,2,23,1,0.0,0.0,0.0,0.0,0.0,0.0,0.0,0.0,0.0,0.0,0.0,0.0,0.0,0.0,0.0
2059,2,23,2,0.0,0.0,0.0,0.0,0.0,0.0,0.0,0.0,0.0,0.0,0.0,0.0,0.0,0.0,0.0
2059,2,23,3,0.17733233333333334,0.07652033333333334,0.09010733333333333,0.101381,0.136293,0.17733233333333334,0.17733233333333334,0.07652033333333334,0.07652033333333334,0.09010733333333333,0.09010733333333333,0.101381,0.101381,0.136293,0.136293
2059,2,23,4,0.5009359999999999,0.38503166666666666,0.40151200000000004,0.3943573333333334,0.4766303333333333,0.5009359999999999,0.5009359999999999,0.38503166666666666,0.38503166666666666,0.40151200000000004,0.40151200000000004,0.3943573333333334,0.3943573333333334,0.4766303333333333,0.4766303333333333
2059,2,23,5,0.4793503333333333,0.45417033333333334,0.446583,0.43420233333333336,0.5099136666666667,0.4793503333333333,0.4793503333333333,0.45417033333333334,0.45417033333333334,0.446583,0.446583,0.43420233333333336,0.43420233333333336,0.5099136666666667,0.5099136666666667
2059,2,23,6,0.15275833333333333,0.21133033333333331,0.185631,0.17746399999999998,0.21356266666666668,0.15275833333333333,0.15275833333333333,0.21133033333333331,0.21133033333333331,0.185631,0.185631,0.17746399999999998,0.17746399999999998,0.21356266666666668,0.21356266666666668
2059,2,23,7,0.0,0.0035670000000000003,0.0014403333333333334,0.0003096666666666667,0.00029933333333333336,0.0,0.0,0.0035670000000000003,0.0035670000000000003,0.0014403333333333334,0.0014403333333333334,0.0003096666666666667,0.0003096666666666667,0.00029933333333333336,0.00029933333333333336
2059,2,23,8,0.0,0.0,0.0,0.0,0.0,0.0,0.0,0.0,0.0,0.0,0.0,0.0,0.0,0.0,0.0
2059,2,24,1,0.0,0.0,0.0,0.0,0.0,0.0,0.0,0.0,0.0,0.0,0.0,0.0,0.0,0.0,0.0
2059,2,24,2,0.0,0.0,0.0,0.0,0.0,0.0,0.0,0.0,0.0,0.0,0.0,0.0,0.0,0.0,0.0
2059,2,24,3,0.17733233333333334,0.07652033333333334,0.09010733333333333,0.101381,0.136293,0.17733233333333334,0.17733233333333334,0.07652033333333334,0.07652033333333334,0.09010733333333333,0.09010733333333333,0.101381,0.101381,0.136293,0.136293
2059,2,24,4,0.5009359999999999,0.38503166666666666,0.40151200000000004,0.3943573333333334,0.4766303333333333,0.5009359999999999,0.5009359999999999,0.38503166666666666,0.38503166666666666,0.40151200000000004,0.40151200000000004,0.3943573333333334,0.3943573333333334,0.4766303333333333,0.4766303333333333
2059,2,24,5,0.4793503333333333,0.45417033333333334,0.446583,0.43420233333333336,0.5099136666666667,0.4793503333333333,0.4793503333333333,0.45417033333333334,0.45417033333333334,0.446583,0.446583,0.43420233333333336,0.43420233333333336,0.5099136666666667,0.5099136666666667
2059,2,24,6,0.15275833333333333,0.21133033333333331,0.185631,0.17746399999999998,0.21356266666666668,0.15275833333333333,0.15275833333333333,0.21133033333333331,0.21133033333333331,0.185631,0.185631,0.17746399999999998,0.17746399999999998,0.21356266666666668,0.21356266666666668
2059,2,24,7,0.0,0.0035670000000000003,0.0014403333333333334,0.0003096666666666667,0.00029933333333333336,0.0,0.0,0.0035670000000000003,0.0035670000000000003,0.0014403333333333334,0.0014403333333333334,0.0003096666666666667,0.0003096666666666667,0.00029933333333333336,0.00029933333333333336
2059,2,24,8,0.0,0.0,0.0,0.0,0.0,0.0,0.0,0.0,0.0,0.0,0.0,0.0,0.0,0.0,0.0
2059,2,25,1,0.0,0.0,0.0,0.0,0.0,0.0,0.0,0.0,0.0,0.0,0.0,0.0,0.0,0.0,0.0
2059,2,25,2,0.0,0.0,0.0,0.0,0.0,0.0,0.0,0.0,0.0,0.0,0.0,0.0,0.0,0.0,0.0
2059,2,25,3,0.17733233333333334,0.07652033333333334,0.09010733333333333,0.101381,0.136293,0.17733233333333334,0.17733233333333334,0.07652033333333334,0.07652033333333334,0.09010733333333333,0.09010733333333333,0.101381,0.101381,0.136293,0.136293
2059,2,25,4,0.5009359999999999,0.38503166666666666,0.40151200000000004,0.3943573333333334,0.4766303333333333,0.5009359999999999,0.5009359999999999,0.38503166666666666,0.38503166666666666,0.40151200000000004,0.40151200000000004,0.3943573333333334,0.3943573333333334,0.4766303333333333,0.4766303333333333
2059,2,25,5,0.4793503333333333,0.45417033333333334,0.446583,0.43420233333333336,0.5099136666666667,0.4793503333333333,0.4793503333333333,0.45417033333333334,0.45417033333333334,0.446583,0.446583,0.43420233333333336,0.43420233333333336,0.5099136666666667,0.5099136666666667
2059,2,25,6,0.15275833333333333,0.21133033333333331,0.185631,0.17746399999999998,0.21356266666666668,0.15275833333333333,0.15275833333333333,0.21133033333333331,0.21133033333333331,0.185631,0.185631,0.17746399999999998,0.17746399999999998,0.21356266666666668,0.21356266666666668
2059,2,25,7,0.0,0.0035670000000000003,0.0014403333333333334,0.0003096666666666667,0.00029933333333333336,0.0,0.0,0.0035670000000000003,0.0035670000000000003,0.0014403333333333334,0.0014403333333333334,0.0003096666666666667,0.0003096666666666667,0.00029933333333333336,0.00029933333333333336
2059,2,25,8,0.0,0.0,0.0,0.0,0.0,0.0,0.0,0.0,0.0,0.0,0.0,0.0,0.0,0.0,0.0
2059,2,26,1,0.0,0.0,0.0,0.0,0.0,0.0,0.0,0.0,0.0,0.0,0.0,0.0,0.0,0.0,0.0
2059,2,26,2,0.0,0.0,0.0,0.0,0.0,0.0,0.0,0.0,0.0,0.0,0.0,0.0,0.0,0.0,0.0
2059,2,26,3,0.17733233333333334,0.07652033333333334,0.09010733333333333,0.101381,0.136293,0.17733233333333334,0.17733233333333334,0.07652033333333334,0.07652033333333334,0.09010733333333333,0.09010733333333333,0.101381,0.101381,0.136293,0.136293
2059,2,26,4,0.5009359999999999,0.38503166666666666,0.40151200000000004,0.3943573333333334,0.4766303333333333,0.5009359999999999,0.5009359999999999,0.38503166666666666,0.38503166666666666,0.40151200000000004,0.40151200000000004,0.3943573333333334,0.3943573333333334,0.4766303333333333,0.4766303333333333
2059,2,26,5,0.4793503333333333,0.45417033333333334,0.446583,0.43420233333333336,0.5099136666666667,0.4793503333333333,0.4793503333333333,0.45417033333333334,0.45417033333333334,0.446583,0.446583,0.43420233333333336,0.43420233333333336,0.5099136666666667,0.5099136666666667
2059,2,26,6,0.15275833333333333,0.21133033333333331,0.185631,0.17746399999999998,0.21356266666666668,0.15275833333333333,0.15275833333333333,0.21133033333333331,0.21133033333333331,0.185631,0.185631,0.17746399999999998,0.17746399999999998,0.21356266666666668,0.21356266666666668
2059,2,26,7,0.0,0.0035670000000000003,0.0014403333333333334,0.0003096666666666667,0.00029933333333333336,0.0,0.0,0.0035670000000000003,0.0035670000000000003,0.0014403333333333334,0.0014403333333333334,0.0003096666666666667,0.0003096666666666667,0.00029933333333333336,0.00029933333333333336
2059,2,26,8,0.0,0.0,0.0,0.0,0.0,0.0,0.0,0.0,0.0,0.0,0.0,0.0,0.0,0.0,0.0
2059,2,27,1,0.0,0.0,0.0,0.0,0.0,0.0,0.0,0.0,0.0,0.0,0.0,0.0,0.0,0.0,0.0
2059,2,27,2,0.0,0.0,0.0,0.0,0.0,0.0,0.0,0.0,0.0,0.0,0.0,0.0,0.0,0.0,0.0
2059,2,27,3,0.17733233333333334,0.07652033333333334,0.09010733333333333,0.101381,0.136293,0.17733233333333334,0.17733233333333334,0.07652033333333334,0.07652033333333334,0.09010733333333333,0.09010733333333333,0.101381,0.101381,0.136293,0.136293
2059,2,27,4,0.5009359999999999,0.38503166666666666,0.40151200000000004,0.3943573333333334,0.4766303333333333,0.5009359999999999,0.5009359999999999,0.38503166666666666,0.38503166666666666,0.40151200000000004,0.40151200000000004,0.3943573333333334,0.3943573333333334,0.4766303333333333,0.4766303333333333
2059,2,27,5,0.4793503333333333,0.45417033333333334,0.446583,0.43420233333333336,0.5099136666666667,0.4793503333333333,0.4793503333333333,0.45417033333333334,0.45417033333333334,0.446583,0.446583,0.43420233333333336,0.43420233333333336,0.5099136666666667,0.5099136666666667
2059,2,27,6,0.15275833333333333,0.21133033333333331,0.185631,0.17746399999999998,0.21356266666666668,0.15275833333333333,0.15275833333333333,0.21133033333333331,0.21133033333333331,0.185631,0.185631,0.17746399999999998,0.17746399999999998,0.21356266666666668,0.21356266666666668
2059,2,27,7,0.0,0.0035670000000000003,0.0014403333333333334,0.0003096666666666667,0.00029933333333333336,0.0,0.0,0.0035670000000000003,0.0035670000000000003,0.0014403333333333334,0.0014403333333333334,0.0003096666666666667,0.0003096666666666667,0.00029933333333333336,0.00029933333333333336
2059,2,27,8,0.0,0.0,0.0,0.0,0.0,0.0,0.0,0.0,0.0,0.0,0.0,0.0,0.0,0.0,0.0
2059,2,28,1,0.0,0.0,0.0,0.0,0.0,0.0,0.0,0.0,0.0,0.0,0.0,0.0,0.0,0.0,0.0
2059,2,28,2,0.0,0.0,0.0,0.0,0.0,0.0,0.0,0.0,0.0,0.0,0.0,0.0,0.0,0.0,0.0
2059,2,28,3,0.17733233333333334,0.07652033333333334,0.09010733333333333,0.101381,0.136293,0.17733233333333334,0.17733233333333334,0.07652033333333334,0.07652033333333334,0.09010733333333333,0.09010733333333333,0.101381,0.101381,0.136293,0.136293
2059,2,28,4,0.5009359999999999,0.38503166666666666,0.40151200000000004,0.3943573333333334,0.4766303333333333,0.5009359999999999,0.5009359999999999,0.38503166666666666,0.38503166666666666,0.40151200000000004,0.40151200000000004,0.3943573333333334,0.3943573333333334,0.4766303333333333,0.4766303333333333
2059,2,28,5,0.4793503333333333,0.45417033333333334,0.446583,0.43420233333333336,0.5099136666666667,0.4793503333333333,0.4793503333333333,0.45417033333333334,0.45417033333333334,0.446583,0.446583,0.43420233333333336,0.43420233333333336,0.5099136666666667,0.5099136666666667
2059,2,28,6,0.15275833333333333,0.21133033333333331,0.185631,0.17746399999999998,0.21356266666666668,0.15275833333333333,0.15275833333333333,0.21133033333333331,0.21133033333333331,0.185631,0.185631,0.17746399999999998,0.17746399999999998,0.21356266666666668,0.21356266666666668
2059,2,28,7,0.0,0.0035670000000000003,0.0014403333333333334,0.0003096666666666667,0.00029933333333333336,0.0,0.0,0.0035670000000000003,0.0035670000000000003,0.0014403333333333334,0.0014403333333333334,0.0003096666666666667,0.0003096666666666667,0.00029933333333333336,0.00029933333333333336
2059,2,28,8,0.0,0.0,0.0,0.0,0.0,0.0,0.0,0.0,0.0,0.0,0.0,0.0,0.0,0.0,0.0
2059,3,1,1,0.0,0.0,0.0,0.0,0.0,0.0,0.0,0.0,0.0,0.0,0.0,0.0,0.0,0.0,0.0
2059,3,1,2,0.0,0.0,0.0,0.0,0.0,0.0,0.0,0.0,0.0,0.0,0.0,0.0,0.0,0.0,0.0
2059,3,1,3,0.1683593333333333,0.06999899999999999,0.08889233333333334,0.093011,0.11106766666666668,0.1683593333333333,0.1683593333333333,0.06999899999999999,0.06999899999999999,0.08889233333333334,0.08889233333333334,0.093011,0.093011,0.11106766666666668,0.11106766666666668
2059,3,1,4,0.467144,0.38511333333333336,0.4145483333333333,0.37844066666666665,0.4240193333333333,0.467144,0.467144,0.38511333333333336,0.38511333333333336,0.4145483333333333,0.4145483333333333,0.37844066666666665,0.37844066666666665,0.4240193333333333,0.4240193333333333
2059,3,1,5,0.45059,0.47665566666666664,0.4564086666666667,0.421086,0.46057433333333336,0.45059,0.45059,0.47665566666666664,0.47665566666666664,0.4564086666666667,0.4564086666666667,0.421086,0.421086,0.46057433333333336,0.46057433333333336
2059,3,1,6,0.134675,0.22188299999999997,0.187043,0.16052666666666668,0.180219,0.134675,0.134675,0.22188299999999997,0.22188299999999997,0.187043,0.187043,0.16052666666666668,0.16052666666666668,0.180219,0.180219
2059,3,1,7,0.0,0.0028563333333333336,0.0010646666666666667,6.466666666666666e-05,1.9566666666666664e-06,0.0,0.0,0.0028563333333333336,0.0028563333333333336,0.0010646666666666667,0.0010646666666666667,6.466666666666666e-05,6.466666666666666e-05,1.9566666666666664e-06,1.9566666666666664e-06
2059,3,1,8,0.0,0.0,0.0,0.0,0.0,0.0,0.0,0.0,0.0,0.0,0.0,0.0,0.0,0.0,0.0
2059,3,2,1,0.0,0.0,0.0,0.0,0.0,0.0,0.0,0.0,0.0,0.0,0.0,0.0,0.0,0.0,0.0
2059,3,2,2,0.0,0.0,0.0,0.0,0.0,0.0,0.0,0.0,0.0,0.0,0.0,0.0,0.0,0.0,0.0
2059,3,2,3,0.1683593333333333,0.06999899999999999,0.08889233333333334,0.093011,0.11106766666666668,0.1683593333333333,0.1683593333333333,0.06999899999999999,0.06999899999999999,0.08889233333333334,0.08889233333333334,0.093011,0.093011,0.11106766666666668,0.11106766666666668
2059,3,2,4,0.467144,0.38511333333333336,0.4145483333333333,0.37844066666666665,0.4240193333333333,0.467144,0.467144,0.38511333333333336,0.38511333333333336,0.4145483333333333,0.4145483333333333,0.37844066666666665,0.37844066666666665,0.4240193333333333,0.4240193333333333
2059,3,2,5,0.45059,0.47665566666666664,0.4564086666666667,0.421086,0.46057433333333336,0.45059,0.45059,0.47665566666666664,0.47665566666666664,0.4564086666666667,0.4564086666666667,0.421086,0.421086,0.46057433333333336,0.46057433333333336
2059,3,2,6,0.134675,0.22188299999999997,0.187043,0.16052666666666668,0.180219,0.134675,0.134675,0.22188299999999997,0.22188299999999997,0.187043,0.187043,0.16052666666666668,0.16052666666666668,0.180219,0.180219
2059,3,2,7,0.0,0.0028563333333333336,0.0010646666666666667,6.466666666666666e-05,1.9566666666666664e-06,0.0,0.0,0.0028563333333333336,0.0028563333333333336,0.0010646666666666667,0.0010646666666666667,6.466666666666666e-05,6.466666666666666e-05,1.9566666666666664e-06,1.9566666666666664e-06
2059,3,2,8,0.0,0.0,0.0,0.0,0.0,0.0,0.0,0.0,0.0,0.0,0.0,0.0,0.0,0.0,0.0
2059,3,3,1,0.0,0.0,0.0,0.0,0.0,0.0,0.0,0.0,0.0,0.0,0.0,0.0,0.0,0.0,0.0
2059,3,3,2,0.0,0.0,0.0,0.0,0.0,0.0,0.0,0.0,0.0,0.0,0.0,0.0,0.0,0.0,0.0
2059,3,3,3,0.1683593333333333,0.06999899999999999,0.08889233333333334,0.093011,0.11106766666666668,0.1683593333333333,0.1683593333333333,0.06999899999999999,0.06999899999999999,0.08889233333333334,0.08889233333333334,0.093011,0.093011,0.11106766666666668,0.11106766666666668
2059,3,3,4,0.467144,0.38511333333333336,0.4145483333333333,0.37844066666666665,0.4240193333333333,0.467144,0.467144,0.38511333333333336,0.38511333333333336,0.4145483333333333,0.4145483333333333,0.37844066666666665,0.37844066666666665,0.4240193333333333,0.4240193333333333
2059,3,3,5,0.45059,0.47665566666666664,0.4564086666666667,0.421086,0.46057433333333336,0.45059,0.45059,0.47665566666666664,0.47665566666666664,0.4564086666666667,0.4564086666666667,0.421086,0.421086,0.46057433333333336,0.46057433333333336
2059,3,3,6,0.134675,0.22188299999999997,0.187043,0.16052666666666668,0.180219,0.134675,0.134675,0.22188299999999997,0.22188299999999997,0.187043,0.187043,0.16052666666666668,0.16052666666666668,0.180219,0.180219
2059,3,3,7,0.0,0.0028563333333333336,0.0010646666666666667,6.466666666666666e-05,1.9566666666666664e-06,0.0,0.0,0.0028563333333333336,0.0028563333333333336,0.0010646666666666667,0.0010646666666666667,6.466666666666666e-05,6.466666666666666e-05,1.9566666666666664e-06,1.9566666666666664e-06
2059,3,3,8,0.0,0.0,0.0,0.0,0.0,0.0,0.0,0.0,0.0,0.0,0.0,0.0,0.0,0.0,0.0
2059,3,4,1,0.0,0.0,0.0,0.0,0.0,0.0,0.0,0.0,0.0,0.0,0.0,0.0,0.0,0.0,0.0
2059,3,4,2,0.0,0.0,0.0,0.0,0.0,0.0,0.0,0.0,0.0,0.0,0.0,0.0,0.0,0.0,0.0
2059,3,4,3,0.1683593333333333,0.06999899999999999,0.08889233333333334,0.093011,0.11106766666666668,0.1683593333333333,0.1683593333333333,0.06999899999999999,0.06999899999999999,0.08889233333333334,0.08889233333333334,0.093011,0.093011,0.11106766666666668,0.11106766666666668
2059,3,4,4,0.467144,0.38511333333333336,0.4145483333333333,0.37844066666666665,0.4240193333333333,0.467144,0.467144,0.38511333333333336,0.38511333333333336,0.4145483333333333,0.4145483333333333,0.37844066666666665,0.37844066666666665,0.4240193333333333,0.4240193333333333
2059,3,4,5,0.45059,0.47665566666666664,0.4564086666666667,0.421086,0.46057433333333336,0.45059,0.45059,0.47665566666666664,0.47665566666666664,0.4564086666666667,0.4564086666666667,0.421086,0.421086,0.46057433333333336,0.46057433333333336
2059,3,4,6,0.134675,0.22188299999999997,0.187043,0.16052666666666668,0.180219,0.134675,0.134675,0.22188299999999997,0.22188299999999997,0.187043,0.187043,0.16052666666666668,0.16052666666666668,0.180219,0.180219
2059,3,4,7,0.0,0.0028563333333333336,0.0010646666666666667,6.466666666666666e-05,1.9566666666666664e-06,0.0,0.0,0.0028563333333333336,0.0028563333333333336,0.0010646666666666667,0.0010646666666666667,6.466666666666666e-05,6.466666666666666e-05,1.9566666666666664e-06,1.9566666666666664e-06
2059,3,4,8,0.0,0.0,0.0,0.0,0.0,0.0,0.0,0.0,0.0,0.0,0.0,0.0,0.0,0.0,0.0
2059,3,5,1,0.0,0.0,0.0,0.0,0.0,0.0,0.0,0.0,0.0,0.0,0.0,0.0,0.0,0.0,0.0
2059,3,5,2,0.0,0.0,0.0,0.0,0.0,0.0,0.0,0.0,0.0,0.0,0.0,0.0,0.0,0.0,0.0
2059,3,5,3,0.1683593333333333,0.06999899999999999,0.08889233333333334,0.093011,0.11106766666666668,0.1683593333333333,0.1683593333333333,0.06999899999999999,0.06999899999999999,0.08889233333333334,0.08889233333333334,0.093011,0.093011,0.11106766666666668,0.11106766666666668
2059,3,5,4,0.467144,0.38511333333333336,0.4145483333333333,0.37844066666666665,0.4240193333333333,0.467144,0.467144,0.38511333333333336,0.38511333333333336,0.4145483333333333,0.4145483333333333,0.37844066666666665,0.37844066666666665,0.4240193333333333,0.4240193333333333
2059,3,5,5,0.45059,0.47665566666666664,0.4564086666666667,0.421086,0.46057433333333336,0.45059,0.45059,0.47665566666666664,0.47665566666666664,0.4564086666666667,0.4564086666666667,0.421086,0.421086,0.46057433333333336,0.46057433333333336
2059,3,5,6,0.134675,0.22188299999999997,0.187043,0.16052666666666668,0.180219,0.134675,0.134675,0.22188299999999997,0.22188299999999997,0.187043,0.187043,0.16052666666666668,0.16052666666666668,0.180219,0.180219
2059,3,5,7,0.0,0.0028563333333333336,0.0010646666666666667,6.466666666666666e-05,1.9566666666666664e-06,0.0,0.0,0.0028563333333333336,0.0028563333333333336,0.0010646666666666667,0.0010646666666666667,6.466666666666666e-05,6.466666666666666e-05,1.9566666666666664e-06,1.9566666666666664e-06
2059,3,5,8,0.0,0.0,0.0,0.0,0.0,0.0,0.0,0.0,0.0,0.0,0.0,0.0,0.0,0.0,0.0
2059,3,6,1,0.0,0.0,0.0,0.0,0.0,0.0,0.0,0.0,0.0,0.0,0.0,0.0,0.0,0.0,0.0
2059,3,6,2,0.0,0.0,0.0,0.0,0.0,0.0,0.0,0.0,0.0,0.0,0.0,0.0,0.0,0.0,0.0
2059,3,6,3,0.1683593333333333,0.06999899999999999,0.08889233333333334,0.093011,0.11106766666666668,0.1683593333333333,0.1683593333333333,0.06999899999999999,0.06999899999999999,0.08889233333333334,0.08889233333333334,0.093011,0.093011,0.11106766666666668,0.11106766666666668
2059,3,6,4,0.467144,0.38511333333333336,0.4145483333333333,0.37844066666666665,0.4240193333333333,0.467144,0.467144,0.38511333333333336,0.38511333333333336,0.4145483333333333,0.4145483333333333,0.37844066666666665,0.37844066666666665,0.4240193333333333,0.4240193333333333
2059,3,6,5,0.45059,0.47665566666666664,0.4564086666666667,0.421086,0.46057433333333336,0.45059,0.45059,0.47665566666666664,0.47665566666666664,0.4564086666666667,0.4564086666666667,0.421086,0.421086,0.46057433333333336,0.46057433333333336
2059,3,6,6,0.134675,0.22188299999999997,0.187043,0.16052666666666668,0.180219,0.134675,0.134675,0.22188299999999997,0.22188299999999997,0.187043,0.187043,0.16052666666666668,0.16052666666666668,0.180219,0.180219
2059,3,6,7,0.0,0.0028563333333333336,0.0010646666666666667,6.466666666666666e-05,1.9566666666666664e-06,0.0,0.0,0.0028563333333333336,0.0028563333333333336,0.0010646666666666667,0.0010646666666666667,6.466666666666666e-05,6.466666666666666e-05,1.9566666666666664e-06,1.9566666666666664e-06
2059,3,6,8,0.0,0.0,0.0,0.0,0.0,0.0,0.0,0.0,0.0,0.0,0.0,0.0,0.0,0.0,0.0
2059,3,7,1,0.0,0.0,0.0,0.0,0.0,0.0,0.0,0.0,0.0,0.0,0.0,0.0,0.0,0.0,0.0
2059,3,7,2,0.0,0.0,0.0,0.0,0.0,0.0,0.0,0.0,0.0,0.0,0.0,0.0,0.0,0.0,0.0
2059,3,7,3,0.1683593333333333,0.06999899999999999,0.08889233333333334,0.093011,0.11106766666666668,0.1683593333333333,0.1683593333333333,0.06999899999999999,0.06999899999999999,0.08889233333333334,0.08889233333333334,0.093011,0.093011,0.11106766666666668,0.11106766666666668
2059,3,7,4,0.467144,0.38511333333333336,0.4145483333333333,0.37844066666666665,0.4240193333333333,0.467144,0.467144,0.38511333333333336,0.38511333333333336,0.4145483333333333,0.4145483333333333,0.37844066666666665,0.37844066666666665,0.4240193333333333,0.4240193333333333
2059,3,7,5,0.45059,0.47665566666666664,0.4564086666666667,0.421086,0.46057433333333336,0.45059,0.45059,0.47665566666666664,0.47665566666666664,0.4564086666666667,0.4564086666666667,0.421086,0.421086,0.46057433333333336,0.46057433333333336
2059,3,7,6,0.134675,0.22188299999999997,0.187043,0.16052666666666668,0.180219,0.134675,0.134675,0.22188299999999997,0.22188299999999997,0.187043,0.187043,0.16052666666666668,0.16052666666666668,0.180219,0.180219
2059,3,7,7,0.0,0.0028563333333333336,0.0010646666666666667,6.466666666666666e-05,1.9566666666666664e-06,0.0,0.0,0.0028563333333333336,0.0028563333333333336,0.0010646666666666667,0.0010646666666666667,6.466666666666666e-05,6.466666666666666e-05,1.9566666666666664e-06,1.9566666666666664e-06
2059,3,7,8,0.0,0.0,0.0,0.0,0.0,0.0,0.0,0.0,0.0,0.0,0.0,0.0,0.0,0.0,0.0
2059,3,8,1,0.0,0.0,0.0,0.0,0.0,0.0,0.0,0.0,0.0,0.0,0.0,0.0,0.0,0.0,0.0
2059,3,8,2,0.0,0.0,0.0,0.0,0.0,0.0,0.0,0.0,0.0,0.0,0.0,0.0,0.0,0.0,0.0
2059,3,8,3,0.1683593333333333,0.06999899999999999,0.08889233333333334,0.093011,0.11106766666666668,0.1683593333333333,0.1683593333333333,0.06999899999999999,0.06999899999999999,0.08889233333333334,0.08889233333333334,0.093011,0.093011,0.11106766666666668,0.11106766666666668
2059,3,8,4,0.467144,0.38511333333333336,0.4145483333333333,0.37844066666666665,0.4240193333333333,0.467144,0.467144,0.38511333333333336,0.38511333333333336,0.4145483333333333,0.4145483333333333,0.37844066666666665,0.37844066666666665,0.4240193333333333,0.4240193333333333
2059,3,8,5,0.45059,0.47665566666666664,0.4564086666666667,0.421086,0.46057433333333336,0.45059,0.45059,0.47665566666666664,0.47665566666666664,0.4564086666666667,0.4564086666666667,0.421086,0.421086,0.46057433333333336,0.46057433333333336
2059,3,8,6,0.134675,0.22188299999999997,0.187043,0.16052666666666668,0.180219,0.134675,0.134675,0.22188299999999997,0.22188299999999997,0.187043,0.187043,0.16052666666666668,0.16052666666666668,0.180219,0.180219
2059,3,8,7,0.0,0.0028563333333333336,0.0010646666666666667,6.466666666666666e-05,1.9566666666666664e-06,0.0,0.0,0.0028563333333333336,0.0028563333333333336,0.0010646666666666667,0.0010646666666666667,6.466666666666666e-05,6.466666666666666e-05,1.9566666666666664e-06,1.9566666666666664e-06
2059,3,8,8,0.0,0.0,0.0,0.0,0.0,0.0,0.0,0.0,0.0,0.0,0.0,0.0,0.0,0.0,0.0
2059,3,9,1,0.0,0.0,0.0,0.0,0.0,0.0,0.0,0.0,0.0,0.0,0.0,0.0,0.0,0.0,0.0
2059,3,9,2,0.0,0.0,0.0,0.0,0.0,0.0,0.0,0.0,0.0,0.0,0.0,0.0,0.0,0.0,0.0
2059,3,9,3,0.1683593333333333,0.06999899999999999,0.08889233333333334,0.093011,0.11106766666666668,0.1683593333333333,0.1683593333333333,0.06999899999999999,0.06999899999999999,0.08889233333333334,0.08889233333333334,0.093011,0.093011,0.11106766666666668,0.11106766666666668
2059,3,9,4,0.467144,0.38511333333333336,0.4145483333333333,0.37844066666666665,0.4240193333333333,0.467144,0.467144,0.38511333333333336,0.38511333333333336,0.4145483333333333,0.4145483333333333,0.37844066666666665,0.37844066666666665,0.4240193333333333,0.4240193333333333
2059,3,9,5,0.45059,0.47665566666666664,0.4564086666666667,0.421086,0.46057433333333336,0.45059,0.45059,0.47665566666666664,0.47665566666666664,0.4564086666666667,0.4564086666666667,0.421086,0.421086,0.46057433333333336,0.46057433333333336
2059,3,9,6,0.134675,0.22188299999999997,0.187043,0.16052666666666668,0.180219,0.134675,0.134675,0.22188299999999997,0.22188299999999997,0.187043,0.187043,0.16052666666666668,0.16052666666666668,0.180219,0.180219
2059,3,9,7,0.0,0.0028563333333333336,0.0010646666666666667,6.466666666666666e-05,1.9566666666666664e-06,0.0,0.0,0.0028563333333333336,0.0028563333333333336,0.0010646666666666667,0.0010646666666666667,6.466666666666666e-05,6.466666666666666e-05,1.9566666666666664e-06,1.9566666666666664e-06
2059,3,9,8,0.0,0.0,0.0,0.0,0.0,0.0,0.0,0.0,0.0,0.0,0.0,0.0,0.0,0.0,0.0
2059,3,10,1,0.0,0.0,0.0,0.0,0.0,0.0,0.0,0.0,0.0,0.0,0.0,0.0,0.0,0.0,0.0
2059,3,10,2,0.0,0.0,0.0,0.0,0.0,0.0,0.0,0.0,0.0,0.0,0.0,0.0,0.0,0.0,0.0
2059,3,10,3,0.1683593333333333,0.06999899999999999,0.08889233333333334,0.093011,0.11106766666666668,0.1683593333333333,0.1683593333333333,0.06999899999999999,0.06999899999999999,0.08889233333333334,0.08889233333333334,0.093011,0.093011,0.11106766666666668,0.11106766666666668
2059,3,10,4,0.467144,0.38511333333333336,0.4145483333333333,0.37844066666666665,0.4240193333333333,0.467144,0.467144,0.38511333333333336,0.38511333333333336,0.4145483333333333,0.4145483333333333,0.37844066666666665,0.37844066666666665,0.4240193333333333,0.4240193333333333
2059,3,10,5,0.45059,0.47665566666666664,0.4564086666666667,0.421086,0.46057433333333336,0.45059,0.45059,0.47665566666666664,0.47665566666666664,0.4564086666666667,0.4564086666666667,0.421086,0.421086,0.46057433333333336,0.46057433333333336
2059,3,10,6,0.134675,0.22188299999999997,0.187043,0.16052666666666668,0.180219,0.134675,0.134675,0.22188299999999997,0.22188299999999997,0.187043,0.187043,0.16052666666666668,0.16052666666666668,0.180219,0.180219
2059,3,10,7,0.0,0.0028563333333333336,0.0010646666666666667,6.466666666666666e-05,1.9566666666666664e-06,0.0,0.0,0.0028563333333333336,0.0028563333333333336,0.0010646666666666667,0.0010646666666666667,6.466666666666666e-05,6.466666666666666e-05,1.9566666666666664e-06,1.9566666666666664e-06
2059,3,10,8,0.0,0.0,0.0,0.0,0.0,0.0,0.0,0.0,0.0,0.0,0.0,0.0,0.0,0.0,0.0
2059,3,11,1,0.0,0.0,0.0,0.0,0.0,0.0,0.0,0.0,0.0,0.0,0.0,0.0,0.0,0.0,0.0
2059,3,11,2,0.0,0.0,0.0,0.0,0.0,0.0,0.0,0.0,0.0,0.0,0.0,0.0,0.0,0.0,0.0
2059,3,11,3,0.1683593333333333,0.06999899999999999,0.08889233333333334,0.093011,0.11106766666666668,0.1683593333333333,0.1683593333333333,0.06999899999999999,0.06999899999999999,0.08889233333333334,0.08889233333333334,0.093011,0.093011,0.11106766666666668,0.11106766666666668
2059,3,11,4,0.467144,0.38511333333333336,0.4145483333333333,0.37844066666666665,0.4240193333333333,0.467144,0.467144,0.38511333333333336,0.38511333333333336,0.4145483333333333,0.4145483333333333,0.37844066666666665,0.37844066666666665,0.4240193333333333,0.4240193333333333
2059,3,11,5,0.45059,0.47665566666666664,0.4564086666666667,0.421086,0.46057433333333336,0.45059,0.45059,0.47665566666666664,0.47665566666666664,0.4564086666666667,0.4564086666666667,0.421086,0.421086,0.46057433333333336,0.46057433333333336
2059,3,11,6,0.134675,0.22188299999999997,0.187043,0.16052666666666668,0.180219,0.134675,0.134675,0.22188299999999997,0.22188299999999997,0.187043,0.187043,0.16052666666666668,0.16052666666666668,0.180219,0.180219
2059,3,11,7,0.0,0.0028563333333333336,0.0010646666666666667,6.466666666666666e-05,1.9566666666666664e-06,0.0,0.0,0.0028563333333333336,0.0028563333333333336,0.0010646666666666667,0.0010646666666666667,6.466666666666666e-05,6.466666666666666e-05,1.9566666666666664e-06,1.9566666666666664e-06
2059,3,11,8,0.0,0.0,0.0,0.0,0.0,0.0,0.0,0.0,0.0,0.0,0.0,0.0,0.0,0.0,0.0
2059,3,12,1,0.0,0.0,0.0,0.0,0.0,0.0,0.0,0.0,0.0,0.0,0.0,0.0,0.0,0.0,0.0
2059,3,12,2,0.0,0.0,0.0,0.0,0.0,0.0,0.0,0.0,0.0,0.0,0.0,0.0,0.0,0.0,0.0
2059,3,12,3,0.1683593333333333,0.06999899999999999,0.08889233333333334,0.093011,0.11106766666666668,0.1683593333333333,0.1683593333333333,0.06999899999999999,0.06999899999999999,0.08889233333333334,0.08889233333333334,0.093011,0.093011,0.11106766666666668,0.11106766666666668
2059,3,12,4,0.467144,0.38511333333333336,0.4145483333333333,0.37844066666666665,0.4240193333333333,0.467144,0.467144,0.38511333333333336,0.38511333333333336,0.4145483333333333,0.4145483333333333,0.37844066666666665,0.37844066666666665,0.4240193333333333,0.4240193333333333
2059,3,12,5,0.45059,0.47665566666666664,0.4564086666666667,0.421086,0.46057433333333336,0.45059,0.45059,0.47665566666666664,0.47665566666666664,0.4564086666666667,0.4564086666666667,0.421086,0.421086,0.46057433333333336,0.46057433333333336
2059,3,12,6,0.134675,0.22188299999999997,0.187043,0.16052666666666668,0.180219,0.134675,0.134675,0.22188299999999997,0.22188299999999997,0.187043,0.187043,0.16052666666666668,0.16052666666666668,0.180219,0.180219
2059,3,12,7,0.0,0.0028563333333333336,0.0010646666666666667,6.466666666666666e-05,1.9566666666666664e-06,0.0,0.0,0.0028563333333333336,0.0028563333333333336,0.0010646666666666667,0.0010646666666666667,6.466666666666666e-05,6.466666666666666e-05,1.9566666666666664e-06,1.9566666666666664e-06
2059,3,12,8,0.0,0.0,0.0,0.0,0.0,0.0,0.0,0.0,0.0,0.0,0.0,0.0,0.0,0.0,0.0
2059,3,13,1,0.0,0.0,0.0,0.0,0.0,0.0,0.0,0.0,0.0,0.0,0.0,0.0,0.0,0.0,0.0
2059,3,13,2,0.0,0.0,0.0,0.0,0.0,0.0,0.0,0.0,0.0,0.0,0.0,0.0,0.0,0.0,0.0
2059,3,13,3,0.1683593333333333,0.06999899999999999,0.08889233333333334,0.093011,0.11106766666666668,0.1683593333333333,0.1683593333333333,0.06999899999999999,0.06999899999999999,0.08889233333333334,0.08889233333333334,0.093011,0.093011,0.11106766666666668,0.11106766666666668
2059,3,13,4,0.467144,0.38511333333333336,0.4145483333333333,0.37844066666666665,0.4240193333333333,0.467144,0.467144,0.38511333333333336,0.38511333333333336,0.4145483333333333,0.4145483333333333,0.37844066666666665,0.37844066666666665,0.4240193333333333,0.4240193333333333
2059,3,13,5,0.45059,0.47665566666666664,0.4564086666666667,0.421086,0.46057433333333336,0.45059,0.45059,0.47665566666666664,0.47665566666666664,0.4564086666666667,0.4564086666666667,0.421086,0.421086,0.46057433333333336,0.46057433333333336
2059,3,13,6,0.134675,0.22188299999999997,0.187043,0.16052666666666668,0.180219,0.134675,0.134675,0.22188299999999997,0.22188299999999997,0.187043,0.187043,0.16052666666666668,0.16052666666666668,0.180219,0.180219
2059,3,13,7,0.0,0.0028563333333333336,0.0010646666666666667,6.466666666666666e-05,1.9566666666666664e-06,0.0,0.0,0.0028563333333333336,0.0028563333333333336,0.0010646666666666667,0.0010646666666666667,6.466666666666666e-05,6.466666666666666e-05,1.9566666666666664e-06,1.9566666666666664e-06
2059,3,13,8,0.0,0.0,0.0,0.0,0.0,0.0,0.0,0.0,0.0,0.0,0.0,0.0,0.0,0.0,0.0
2059,3,14,1,0.0,0.0,0.0,0.0,0.0,0.0,0.0,0.0,0.0,0.0,0.0,0.0,0.0,0.0,0.0
2059,3,14,2,0.0,0.0,0.0,0.0,0.0,0.0,0.0,0.0,0.0,0.0,0.0,0.0,0.0,0.0,0.0
2059,3,14,3,0.1683593333333333,0.06999899999999999,0.08889233333333334,0.093011,0.11106766666666668,0.1683593333333333,0.1683593333333333,0.06999899999999999,0.06999899999999999,0.08889233333333334,0.08889233333333334,0.093011,0.093011,0.11106766666666668,0.11106766666666668
2059,3,14,4,0.467144,0.38511333333333336,0.4145483333333333,0.37844066666666665,0.4240193333333333,0.467144,0.467144,0.38511333333333336,0.38511333333333336,0.4145483333333333,0.4145483333333333,0.37844066666666665,0.37844066666666665,0.4240193333333333,0.4240193333333333
2059,3,14,5,0.45059,0.47665566666666664,0.4564086666666667,0.421086,0.46057433333333336,0.45059,0.45059,0.47665566666666664,0.47665566666666664,0.4564086666666667,0.4564086666666667,0.421086,0.421086,0.46057433333333336,0.46057433333333336
2059,3,14,6,0.134675,0.22188299999999997,0.187043,0.16052666666666668,0.180219,0.134675,0.134675,0.22188299999999997,0.22188299999999997,0.187043,0.187043,0.16052666666666668,0.16052666666666668,0.180219,0.180219
2059,3,14,7,0.0,0.0028563333333333336,0.0010646666666666667,6.466666666666666e-05,1.9566666666666664e-06,0.0,0.0,0.0028563333333333336,0.0028563333333333336,0.0010646666666666667,0.0010646666666666667,6.466666666666666e-05,6.466666666666666e-05,1.9566666666666664e-06,1.9566666666666664e-06
2059,3,14,8,0.0,0.0,0.0,0.0,0.0,0.0,0.0,0.0,0.0,0.0,0.0,0.0,0.0,0.0,0.0
2059,3,15,1,0.0,0.0,0.0,0.0,0.0,0.0,0.0,0.0,0.0,0.0,0.0,0.0,0.0,0.0,0.0
2059,3,15,2,0.0,0.0,0.0,0.0,0.0,0.0,0.0,0.0,0.0,0.0,0.0,0.0,0.0,0.0,0.0
2059,3,15,3,0.1683593333333333,0.06999899999999999,0.08889233333333334,0.093011,0.11106766666666668,0.1683593333333333,0.1683593333333333,0.06999899999999999,0.06999899999999999,0.08889233333333334,0.08889233333333334,0.093011,0.093011,0.11106766666666668,0.11106766666666668
2059,3,15,4,0.467144,0.38511333333333336,0.4145483333333333,0.37844066666666665,0.4240193333333333,0.467144,0.467144,0.38511333333333336,0.38511333333333336,0.4145483333333333,0.4145483333333333,0.37844066666666665,0.37844066666666665,0.4240193333333333,0.4240193333333333
2059,3,15,5,0.45059,0.47665566666666664,0.4564086666666667,0.421086,0.46057433333333336,0.45059,0.45059,0.47665566666666664,0.47665566666666664,0.4564086666666667,0.4564086666666667,0.421086,0.421086,0.46057433333333336,0.46057433333333336
2059,3,15,6,0.134675,0.22188299999999997,0.187043,0.16052666666666668,0.180219,0.134675,0.134675,0.22188299999999997,0.22188299999999997,0.187043,0.187043,0.16052666666666668,0.16052666666666668,0.180219,0.180219
2059,3,15,7,0.0,0.0028563333333333336,0.0010646666666666667,6.466666666666666e-05,1.9566666666666664e-06,0.0,0.0,0.0028563333333333336,0.0028563333333333336,0.0010646666666666667,0.0010646666666666667,6.466666666666666e-05,6.466666666666666e-05,1.9566666666666664e-06,1.9566666666666664e-06
2059,3,15,8,0.0,0.0,0.0,0.0,0.0,0.0,0.0,0.0,0.0,0.0,0.0,0.0,0.0,0.0,0.0
2059,3,16,1,0.0,0.0,0.0,0.0,0.0,0.0,0.0,0.0,0.0,0.0,0.0,0.0,0.0,0.0,0.0
2059,3,16,2,0.0,0.0,0.0,0.0,0.0,0.0,0.0,0.0,0.0,0.0,0.0,0.0,0.0,0.0,0.0
2059,3,16,3,0.1683593333333333,0.06999899999999999,0.08889233333333334,0.093011,0.11106766666666668,0.1683593333333333,0.1683593333333333,0.06999899999999999,0.06999899999999999,0.08889233333333334,0.08889233333333334,0.093011,0.093011,0.11106766666666668,0.11106766666666668
2059,3,16,4,0.467144,0.38511333333333336,0.4145483333333333,0.37844066666666665,0.4240193333333333,0.467144,0.467144,0.38511333333333336,0.38511333333333336,0.4145483333333333,0.4145483333333333,0.37844066666666665,0.37844066666666665,0.4240193333333333,0.4240193333333333
2059,3,16,5,0.45059,0.47665566666666664,0.4564086666666667,0.421086,0.46057433333333336,0.45059,0.45059,0.47665566666666664,0.47665566666666664,0.4564086666666667,0.4564086666666667,0.421086,0.421086,0.46057433333333336,0.46057433333333336
2059,3,16,6,0.134675,0.22188299999999997,0.187043,0.16052666666666668,0.180219,0.134675,0.134675,0.22188299999999997,0.22188299999999997,0.187043,0.187043,0.16052666666666668,0.16052666666666668,0.180219,0.180219
2059,3,16,7,0.0,0.0028563333333333336,0.0010646666666666667,6.466666666666666e-05,1.9566666666666664e-06,0.0,0.0,0.0028563333333333336,0.0028563333333333336,0.0010646666666666667,0.0010646666666666667,6.466666666666666e-05,6.466666666666666e-05,1.9566666666666664e-06,1.9566666666666664e-06
2059,3,16,8,0.0,0.0,0.0,0.0,0.0,0.0,0.0,0.0,0.0,0.0,0.0,0.0,0.0,0.0,0.0
2059,3,17,1,0.0,0.0,0.0,0.0,0.0,0.0,0.0,0.0,0.0,0.0,0.0,0.0,0.0,0.0,0.0
2059,3,17,2,0.0,0.0,0.0,0.0,0.0,0.0,0.0,0.0,0.0,0.0,0.0,0.0,0.0,0.0,0.0
2059,3,17,3,0.1683593333333333,0.06999899999999999,0.08889233333333334,0.093011,0.11106766666666668,0.1683593333333333,0.1683593333333333,0.06999899999999999,0.06999899999999999,0.08889233333333334,0.08889233333333334,0.093011,0.093011,0.11106766666666668,0.11106766666666668
2059,3,17,4,0.467144,0.38511333333333336,0.4145483333333333,0.37844066666666665,0.4240193333333333,0.467144,0.467144,0.38511333333333336,0.38511333333333336,0.4145483333333333,0.4145483333333333,0.37844066666666665,0.37844066666666665,0.4240193333333333,0.4240193333333333
2059,3,17,5,0.45059,0.47665566666666664,0.4564086666666667,0.421086,0.46057433333333336,0.45059,0.45059,0.47665566666666664,0.47665566666666664,0.4564086666666667,0.4564086666666667,0.421086,0.421086,0.46057433333333336,0.46057433333333336
2059,3,17,6,0.134675,0.22188299999999997,0.187043,0.16052666666666668,0.180219,0.134675,0.134675,0.22188299999999997,0.22188299999999997,0.187043,0.187043,0.16052666666666668,0.16052666666666668,0.180219,0.180219
2059,3,17,7,0.0,0.0028563333333333336,0.0010646666666666667,6.466666666666666e-05,1.9566666666666664e-06,0.0,0.0,0.0028563333333333336,0.0028563333333333336,0.0010646666666666667,0.0010646666666666667,6.466666666666666e-05,6.466666666666666e-05,1.9566666666666664e-06,1.9566666666666664e-06
2059,3,17,8,0.0,0.0,0.0,0.0,0.0,0.0,0.0,0.0,0.0,0.0,0.0,0.0,0.0,0.0,0.0
2059,3,18,1,0.0,0.0,0.0,0.0,0.0,0.0,0.0,0.0,0.0,0.0,0.0,0.0,0.0,0.0,0.0
2059,3,18,2,0.0,0.0,0.0,0.0,0.0,0.0,0.0,0.0,0.0,0.0,0.0,0.0,0.0,0.0,0.0
2059,3,18,3,0.1683593333333333,0.06999899999999999,0.08889233333333334,0.093011,0.11106766666666668,0.1683593333333333,0.1683593333333333,0.06999899999999999,0.06999899999999999,0.08889233333333334,0.08889233333333334,0.093011,0.093011,0.11106766666666668,0.11106766666666668
2059,3,18,4,0.467144,0.38511333333333336,0.4145483333333333,0.37844066666666665,0.4240193333333333,0.467144,0.467144,0.38511333333333336,0.38511333333333336,0.4145483333333333,0.4145483333333333,0.37844066666666665,0.37844066666666665,0.4240193333333333,0.4240193333333333
2059,3,18,5,0.45059,0.47665566666666664,0.4564086666666667,0.421086,0.46057433333333336,0.45059,0.45059,0.47665566666666664,0.47665566666666664,0.4564086666666667,0.4564086666666667,0.421086,0.421086,0.46057433333333336,0.46057433333333336
2059,3,18,6,0.134675,0.22188299999999997,0.187043,0.16052666666666668,0.180219,0.134675,0.134675,0.22188299999999997,0.22188299999999997,0.187043,0.187043,0.16052666666666668,0.16052666666666668,0.180219,0.180219
2059,3,18,7,0.0,0.0028563333333333336,0.0010646666666666667,6.466666666666666e-05,1.9566666666666664e-06,0.0,0.0,0.0028563333333333336,0.0028563333333333336,0.0010646666666666667,0.0010646666666666667,6.466666666666666e-05,6.466666666666666e-05,1.9566666666666664e-06,1.9566666666666664e-06
2059,3,18,8,0.0,0.0,0.0,0.0,0.0,0.0,0.0,0.0,0.0,0.0,0.0,0.0,0.0,0.0,0.0
2059,3,19,1,0.0,0.0,0.0,0.0,0.0,0.0,0.0,0.0,0.0,0.0,0.0,0.0,0.0,0.0,0.0
2059,3,19,2,0.0,0.0,0.0,0.0,0.0,0.0,0.0,0.0,0.0,0.0,0.0,0.0,0.0,0.0,0.0
2059,3,19,3,0.1683593333333333,0.06999899999999999,0.08889233333333334,0.093011,0.11106766666666668,0.1683593333333333,0.1683593333333333,0.06999899999999999,0.06999899999999999,0.08889233333333334,0.08889233333333334,0.093011,0.093011,0.11106766666666668,0.11106766666666668
2059,3,19,4,0.467144,0.38511333333333336,0.4145483333333333,0.37844066666666665,0.4240193333333333,0.467144,0.467144,0.38511333333333336,0.38511333333333336,0.4145483333333333,0.4145483333333333,0.37844066666666665,0.37844066666666665,0.4240193333333333,0.4240193333333333
2059,3,19,5,0.45059,0.47665566666666664,0.4564086666666667,0.421086,0.46057433333333336,0.45059,0.45059,0.47665566666666664,0.47665566666666664,0.4564086666666667,0.4564086666666667,0.421086,0.421086,0.46057433333333336,0.46057433333333336
2059,3,19,6,0.134675,0.22188299999999997,0.187043,0.16052666666666668,0.180219,0.134675,0.134675,0.22188299999999997,0.22188299999999997,0.187043,0.187043,0.16052666666666668,0.16052666666666668,0.180219,0.180219
2059,3,19,7,0.0,0.0028563333333333336,0.0010646666666666667,6.466666666666666e-05,1.9566666666666664e-06,0.0,0.0,0.0028563333333333336,0.0028563333333333336,0.0010646666666666667,0.0010646666666666667,6.466666666666666e-05,6.466666666666666e-05,1.9566666666666664e-06,1.9566666666666664e-06
2059,3,19,8,0.0,0.0,0.0,0.0,0.0,0.0,0.0,0.0,0.0,0.0,0.0,0.0,0.0,0.0,0.0
2059,3,20,1,0.0,0.0,0.0,0.0,0.0,0.0,0.0,0.0,0.0,0.0,0.0,0.0,0.0,0.0,0.0
2059,3,20,2,0.0,0.0,0.0,0.0,0.0,0.0,0.0,0.0,0.0,0.0,0.0,0.0,0.0,0.0,0.0
2059,3,20,3,0.1683593333333333,0.06999899999999999,0.08889233333333334,0.093011,0.11106766666666668,0.1683593333333333,0.1683593333333333,0.06999899999999999,0.06999899999999999,0.08889233333333334,0.08889233333333334,0.093011,0.093011,0.11106766666666668,0.11106766666666668
2059,3,20,4,0.467144,0.38511333333333336,0.4145483333333333,0.37844066666666665,0.4240193333333333,0.467144,0.467144,0.38511333333333336,0.38511333333333336,0.4145483333333333,0.4145483333333333,0.37844066666666665,0.37844066666666665,0.4240193333333333,0.4240193333333333
2059,3,20,5,0.45059,0.47665566666666664,0.4564086666666667,0.421086,0.46057433333333336,0.45059,0.45059,0.47665566666666664,0.47665566666666664,0.4564086666666667,0.4564086666666667,0.421086,0.421086,0.46057433333333336,0.46057433333333336
2059,3,20,6,0.134675,0.22188299999999997,0.187043,0.16052666666666668,0.180219,0.134675,0.134675,0.22188299999999997,0.22188299999999997,0.187043,0.187043,0.16052666666666668,0.16052666666666668,0.180219,0.180219
2059,3,20,7,0.0,0.0028563333333333336,0.0010646666666666667,6.466666666666666e-05,1.9566666666666664e-06,0.0,0.0,0.0028563333333333336,0.0028563333333333336,0.0010646666666666667,0.0010646666666666667,6.466666666666666e-05,6.466666666666666e-05,1.9566666666666664e-06,1.9566666666666664e-06
2059,3,20,8,0.0,0.0,0.0,0.0,0.0,0.0,0.0,0.0,0.0,0.0,0.0,0.0,0.0,0.0,0.0
2059,3,21,1,0.0,0.0,0.0,0.0,0.0,0.0,0.0,0.0,0.0,0.0,0.0,0.0,0.0,0.0,0.0
2059,3,21,2,0.0,0.0,0.0,0.0,0.0,0.0,0.0,0.0,0.0,0.0,0.0,0.0,0.0,0.0,0.0
2059,3,21,3,0.1683593333333333,0.06999899999999999,0.08889233333333334,0.093011,0.11106766666666668,0.1683593333333333,0.1683593333333333,0.06999899999999999,0.06999899999999999,0.08889233333333334,0.08889233333333334,0.093011,0.093011,0.11106766666666668,0.11106766666666668
2059,3,21,4,0.467144,0.38511333333333336,0.4145483333333333,0.37844066666666665,0.4240193333333333,0.467144,0.467144,0.38511333333333336,0.38511333333333336,0.4145483333333333,0.4145483333333333,0.37844066666666665,0.37844066666666665,0.4240193333333333,0.4240193333333333
2059,3,21,5,0.45059,0.47665566666666664,0.4564086666666667,0.421086,0.46057433333333336,0.45059,0.45059,0.47665566666666664,0.47665566666666664,0.4564086666666667,0.4564086666666667,0.421086,0.421086,0.46057433333333336,0.46057433333333336
2059,3,21,6,0.134675,0.22188299999999997,0.187043,0.16052666666666668,0.180219,0.134675,0.134675,0.22188299999999997,0.22188299999999997,0.187043,0.187043,0.16052666666666668,0.16052666666666668,0.180219,0.180219
2059,3,21,7,0.0,0.0028563333333333336,0.0010646666666666667,6.466666666666666e-05,1.9566666666666664e-06,0.0,0.0,0.0028563333333333336,0.0028563333333333336,0.0010646666666666667,0.0010646666666666667,6.466666666666666e-05,6.466666666666666e-05,1.9566666666666664e-06,1.9566666666666664e-06
2059,3,21,8,0.0,0.0,0.0,0.0,0.0,0.0,0.0,0.0,0.0,0.0,0.0,0.0,0.0,0.0,0.0
2059,3,22,1,0.0,0.0,0.0,0.0,0.0,0.0,0.0,0.0,0.0,0.0,0.0,0.0,0.0,0.0,0.0
2059,3,22,2,0.0,0.0,0.0,0.0,0.0,0.0,0.0,0.0,0.0,0.0,0.0,0.0,0.0,0.0,0.0
2059,3,22,3,0.1683593333333333,0.06999899999999999,0.08889233333333334,0.093011,0.11106766666666668,0.1683593333333333,0.1683593333333333,0.06999899999999999,0.06999899999999999,0.08889233333333334,0.08889233333333334,0.093011,0.093011,0.11106766666666668,0.11106766666666668
2059,3,22,4,0.467144,0.38511333333333336,0.4145483333333333,0.37844066666666665,0.4240193333333333,0.467144,0.467144,0.38511333333333336,0.38511333333333336,0.4145483333333333,0.4145483333333333,0.37844066666666665,0.37844066666666665,0.4240193333333333,0.4240193333333333
2059,3,22,5,0.45059,0.47665566666666664,0.4564086666666667,0.421086,0.46057433333333336,0.45059,0.45059,0.47665566666666664,0.47665566666666664,0.4564086666666667,0.4564086666666667,0.421086,0.421086,0.46057433333333336,0.46057433333333336
2059,3,22,6,0.134675,0.22188299999999997,0.187043,0.16052666666666668,0.180219,0.134675,0.134675,0.22188299999999997,0.22188299999999997,0.187043,0.187043,0.16052666666666668,0.16052666666666668,0.180219,0.180219
2059,3,22,7,0.0,0.0028563333333333336,0.0010646666666666667,6.466666666666666e-05,1.9566666666666664e-06,0.0,0.0,0.0028563333333333336,0.0028563333333333336,0.0010646666666666667,0.0010646666666666667,6.466666666666666e-05,6.466666666666666e-05,1.9566666666666664e-06,1.9566666666666664e-06
2059,3,22,8,0.0,0.0,0.0,0.0,0.0,0.0,0.0,0.0,0.0,0.0,0.0,0.0,0.0,0.0,0.0
2059,3,23,1,0.0,0.0,0.0,0.0,0.0,0.0,0.0,0.0,0.0,0.0,0.0,0.0,0.0,0.0,0.0
2059,3,23,2,0.0,0.0,0.0,0.0,0.0,0.0,0.0,0.0,0.0,0.0,0.0,0.0,0.0,0.0,0.0
2059,3,23,3,0.1683593333333333,0.06999899999999999,0.08889233333333334,0.093011,0.11106766666666668,0.1683593333333333,0.1683593333333333,0.06999899999999999,0.06999899999999999,0.08889233333333334,0.08889233333333334,0.093011,0.093011,0.11106766666666668,0.11106766666666668
2059,3,23,4,0.467144,0.38511333333333336,0.4145483333333333,0.37844066666666665,0.4240193333333333,0.467144,0.467144,0.38511333333333336,0.38511333333333336,0.4145483333333333,0.4145483333333333,0.37844066666666665,0.37844066666666665,0.4240193333333333,0.4240193333333333
2059,3,23,5,0.45059,0.47665566666666664,0.4564086666666667,0.421086,0.46057433333333336,0.45059,0.45059,0.47665566666666664,0.47665566666666664,0.4564086666666667,0.4564086666666667,0.421086,0.421086,0.46057433333333336,0.46057433333333336
2059,3,23,6,0.134675,0.22188299999999997,0.187043,0.16052666666666668,0.180219,0.134675,0.134675,0.22188299999999997,0.22188299999999997,0.187043,0.187043,0.16052666666666668,0.16052666666666668,0.180219,0.180219
2059,3,23,7,0.0,0.0028563333333333336,0.0010646666666666667,6.466666666666666e-05,1.9566666666666664e-06,0.0,0.0,0.0028563333333333336,0.0028563333333333336,0.0010646666666666667,0.0010646666666666667,6.466666666666666e-05,6.466666666666666e-05,1.9566666666666664e-06,1.9566666666666664e-06
2059,3,23,8,0.0,0.0,0.0,0.0,0.0,0.0,0.0,0.0,0.0,0.0,0.0,0.0,0.0,0.0,0.0
2059,3,24,1,0.0,0.0,0.0,0.0,0.0,0.0,0.0,0.0,0.0,0.0,0.0,0.0,0.0,0.0,0.0
2059,3,24,2,0.0,0.0,0.0,0.0,0.0,0.0,0.0,0.0,0.0,0.0,0.0,0.0,0.0,0.0,0.0
2059,3,24,3,0.1683593333333333,0.06999899999999999,0.08889233333333334,0.093011,0.11106766666666668,0.1683593333333333,0.1683593333333333,0.06999899999999999,0.06999899999999999,0.08889233333333334,0.08889233333333334,0.093011,0.093011,0.11106766666666668,0.11106766666666668
2059,3,24,4,0.467144,0.38511333333333336,0.4145483333333333,0.37844066666666665,0.4240193333333333,0.467144,0.467144,0.38511333333333336,0.38511333333333336,0.4145483333333333,0.4145483333333333,0.37844066666666665,0.37844066666666665,0.4240193333333333,0.4240193333333333
2059,3,24,5,0.45059,0.47665566666666664,0.4564086666666667,0.421086,0.46057433333333336,0.45059,0.45059,0.47665566666666664,0.47665566666666664,0.4564086666666667,0.4564086666666667,0.421086,0.421086,0.46057433333333336,0.46057433333333336
2059,3,24,6,0.134675,0.22188299999999997,0.187043,0.16052666666666668,0.180219,0.134675,0.134675,0.22188299999999997,0.22188299999999997,0.187043,0.187043,0.16052666666666668,0.16052666666666668,0.180219,0.180219
2059,3,24,7,0.0,0.0028563333333333336,0.0010646666666666667,6.466666666666666e-05,1.9566666666666664e-06,0.0,0.0,0.0028563333333333336,0.0028563333333333336,0.0010646666666666667,0.0010646666666666667,6.466666666666666e-05,6.466666666666666e-05,1.9566666666666664e-06,1.9566666666666664e-06
2059,3,24,8,0.0,0.0,0.0,0.0,0.0,0.0,0.0,0.0,0.0,0.0,0.0,0.0,0.0,0.0,0.0
2059,3,25,1,0.0,0.0,0.0,0.0,0.0,0.0,0.0,0.0,0.0,0.0,0.0,0.0,0.0,0.0,0.0
2059,3,25,2,0.0,0.0,0.0,0.0,0.0,0.0,0.0,0.0,0.0,0.0,0.0,0.0,0.0,0.0,0.0
2059,3,25,3,0.1683593333333333,0.06999899999999999,0.08889233333333334,0.093011,0.11106766666666668,0.1683593333333333,0.1683593333333333,0.06999899999999999,0.06999899999999999,0.08889233333333334,0.08889233333333334,0.093011,0.093011,0.11106766666666668,0.11106766666666668
2059,3,25,4,0.467144,0.38511333333333336,0.4145483333333333,0.37844066666666665,0.4240193333333333,0.467144,0.467144,0.38511333333333336,0.38511333333333336,0.4145483333333333,0.4145483333333333,0.37844066666666665,0.37844066666666665,0.4240193333333333,0.4240193333333333
2059,3,25,5,0.45059,0.47665566666666664,0.4564086666666667,0.421086,0.46057433333333336,0.45059,0.45059,0.47665566666666664,0.47665566666666664,0.4564086666666667,0.4564086666666667,0.421086,0.421086,0.46057433333333336,0.46057433333333336
2059,3,25,6,0.134675,0.22188299999999997,0.187043,0.16052666666666668,0.180219,0.134675,0.134675,0.22188299999999997,0.22188299999999997,0.187043,0.187043,0.16052666666666668,0.16052666666666668,0.180219,0.180219
2059,3,25,7,0.0,0.0028563333333333336,0.0010646666666666667,6.466666666666666e-05,1.9566666666666664e-06,0.0,0.0,0.0028563333333333336,0.0028563333333333336,0.0010646666666666667,0.0010646666666666667,6.466666666666666e-05,6.466666666666666e-05,1.9566666666666664e-06,1.9566666666666664e-06
2059,3,25,8,0.0,0.0,0.0,0.0,0.0,0.0,0.0,0.0,0.0,0.0,0.0,0.0,0.0,0.0,0.0
2059,3,26,1,0.0,0.0,0.0,0.0,0.0,0.0,0.0,0.0,0.0,0.0,0.0,0.0,0.0,0.0,0.0
2059,3,26,2,0.0,0.0,0.0,0.0,0.0,0.0,0.0,0.0,0.0,0.0,0.0,0.0,0.0,0.0,0.0
2059,3,26,3,0.1683593333333333,0.06999899999999999,0.08889233333333334,0.093011,0.11106766666666668,0.1683593333333333,0.1683593333333333,0.06999899999999999,0.06999899999999999,0.08889233333333334,0.08889233333333334,0.093011,0.093011,0.11106766666666668,0.11106766666666668
2059,3,26,4,0.467144,0.38511333333333336,0.4145483333333333,0.37844066666666665,0.4240193333333333,0.467144,0.467144,0.38511333333333336,0.38511333333333336,0.4145483333333333,0.4145483333333333,0.37844066666666665,0.37844066666666665,0.4240193333333333,0.4240193333333333
2059,3,26,5,0.45059,0.47665566666666664,0.4564086666666667,0.421086,0.46057433333333336,0.45059,0.45059,0.47665566666666664,0.47665566666666664,0.4564086666666667,0.4564086666666667,0.421086,0.421086,0.46057433333333336,0.46057433333333336
2059,3,26,6,0.134675,0.22188299999999997,0.187043,0.16052666666666668,0.180219,0.134675,0.134675,0.22188299999999997,0.22188299999999997,0.187043,0.187043,0.16052666666666668,0.16052666666666668,0.180219,0.180219
2059,3,26,7,0.0,0.0028563333333333336,0.0010646666666666667,6.466666666666666e-05,1.9566666666666664e-06,0.0,0.0,0.0028563333333333336,0.0028563333333333336,0.0010646666666666667,0.0010646666666666667,6.466666666666666e-05,6.466666666666666e-05,1.9566666666666664e-06,1.9566666666666664e-06
2059,3,26,8,0.0,0.0,0.0,0.0,0.0,0.0,0.0,0.0,0.0,0.0,0.0,0.0,0.0,0.0,0.0
2059,3,27,1,0.0,0.0,0.0,0.0,0.0,0.0,0.0,0.0,0.0,0.0,0.0,0.0,0.0,0.0,0.0
2059,3,27,2,0.0,0.0,0.0,0.0,0.0,0.0,0.0,0.0,0.0,0.0,0.0,0.0,0.0,0.0,0.0
2059,3,27,3,0.1683593333333333,0.06999899999999999,0.08889233333333334,0.093011,0.11106766666666668,0.1683593333333333,0.1683593333333333,0.06999899999999999,0.06999899999999999,0.08889233333333334,0.08889233333333334,0.093011,0.093011,0.11106766666666668,0.11106766666666668
2059,3,27,4,0.467144,0.38511333333333336,0.4145483333333333,0.37844066666666665,0.4240193333333333,0.467144,0.467144,0.38511333333333336,0.38511333333333336,0.4145483333333333,0.4145483333333333,0.37844066666666665,0.37844066666666665,0.4240193333333333,0.4240193333333333
2059,3,27,5,0.45059,0.47665566666666664,0.4564086666666667,0.421086,0.46057433333333336,0.45059,0.45059,0.47665566666666664,0.47665566666666664,0.4564086666666667,0.4564086666666667,0.421086,0.421086,0.46057433333333336,0.46057433333333336
2059,3,27,6,0.134675,0.22188299999999997,0.187043,0.16052666666666668,0.180219,0.134675,0.134675,0.22188299999999997,0.22188299999999997,0.187043,0.187043,0.16052666666666668,0.16052666666666668,0.180219,0.180219
2059,3,27,7,0.0,0.0028563333333333336,0.0010646666666666667,6.466666666666666e-05,1.9566666666666664e-06,0.0,0.0,0.0028563333333333336,0.0028563333333333336,0.0010646666666666667,0.0010646666666666667,6.466666666666666e-05,6.466666666666666e-05,1.9566666666666664e-06,1.9566666666666664e-06
2059,3,27,8,0.0,0.0,0.0,0.0,0.0,0.0,0.0,0.0,0.0,0.0,0.0,0.0,0.0,0.0,0.0
2059,3,28,1,0.0,0.0,0.0,0.0,0.0,0.0,0.0,0.0,0.0,0.0,0.0,0.0,0.0,0.0,0.0
2059,3,28,2,0.0,0.0,0.0,0.0,0.0,0.0,0.0,0.0,0.0,0.0,0.0,0.0,0.0,0.0,0.0
2059,3,28,3,0.1683593333333333,0.06999899999999999,0.08889233333333334,0.093011,0.11106766666666668,0.1683593333333333,0.1683593333333333,0.06999899999999999,0.06999899999999999,0.08889233333333334,0.08889233333333334,0.093011,0.093011,0.11106766666666668,0.11106766666666668
2059,3,28,4,0.467144,0.38511333333333336,0.4145483333333333,0.37844066666666665,0.4240193333333333,0.467144,0.467144,0.38511333333333336,0.38511333333333336,0.4145483333333333,0.4145483333333333,0.37844066666666665,0.37844066666666665,0.4240193333333333,0.4240193333333333
2059,3,28,5,0.45059,0.47665566666666664,0.4564086666666667,0.421086,0.46057433333333336,0.45059,0.45059,0.47665566666666664,0.47665566666666664,0.4564086666666667,0.4564086666666667,0.421086,0.421086,0.46057433333333336,0.46057433333333336
2059,3,28,6,0.134675,0.22188299999999997,0.187043,0.16052666666666668,0.180219,0.134675,0.134675,0.22188299999999997,0.22188299999999997,0.187043,0.187043,0.16052666666666668,0.16052666666666668,0.180219,0.180219
2059,3,28,7,0.0,0.0028563333333333336,0.0010646666666666667,6.466666666666666e-05,1.9566666666666664e-06,0.0,0.0,0.0028563333333333336,0.0028563333333333336,0.0010646666666666667,0.0010646666666666667,6.466666666666666e-05,6.466666666666666e-05,1.9566666666666664e-06,1.9566666666666664e-06
2059,3,28,8,0.0,0.0,0.0,0.0,0.0,0.0,0.0,0.0,0.0,0.0,0.0,0.0,0.0,0.0,0.0
2059,3,29,1,0.0,0.0,0.0,0.0,0.0,0.0,0.0,0.0,0.0,0.0,0.0,0.0,0.0,0.0,0.0
2059,3,29,2,0.0,0.0,0.0,0.0,0.0,0.0,0.0,0.0,0.0,0.0,0.0,0.0,0.0,0.0,0.0
2059,3,29,3,0.1683593333333333,0.06999899999999999,0.08889233333333334,0.093011,0.11106766666666668,0.1683593333333333,0.1683593333333333,0.06999899999999999,0.06999899999999999,0.08889233333333334,0.08889233333333334,0.093011,0.093011,0.11106766666666668,0.11106766666666668
2059,3,29,4,0.467144,0.38511333333333336,0.4145483333333333,0.37844066666666665,0.4240193333333333,0.467144,0.467144,0.38511333333333336,0.38511333333333336,0.4145483333333333,0.4145483333333333,0.37844066666666665,0.37844066666666665,0.4240193333333333,0.4240193333333333
2059,3,29,5,0.45059,0.47665566666666664,0.4564086666666667,0.421086,0.46057433333333336,0.45059,0.45059,0.47665566666666664,0.47665566666666664,0.4564086666666667,0.4564086666666667,0.421086,0.421086,0.46057433333333336,0.46057433333333336
2059,3,29,6,0.134675,0.22188299999999997,0.187043,0.16052666666666668,0.180219,0.134675,0.134675,0.22188299999999997,0.22188299999999997,0.187043,0.187043,0.16052666666666668,0.16052666666666668,0.180219,0.180219
2059,3,29,7,0.0,0.0028563333333333336,0.0010646666666666667,6.466666666666666e-05,1.9566666666666664e-06,0.0,0.0,0.0028563333333333336,0.0028563333333333336,0.0010646666666666667,0.0010646666666666667,6.466666666666666e-05,6.466666666666666e-05,1.9566666666666664e-06,1.9566666666666664e-06
2059,3,29,8,0.0,0.0,0.0,0.0,0.0,0.0,0.0,0.0,0.0,0.0,0.0,0.0,0.0,0.0,0.0
2059,3,30,1,0.0,0.0,0.0,0.0,0.0,0.0,0.0,0.0,0.0,0.0,0.0,0.0,0.0,0.0,0.0
2059,3,30,2,0.0,0.0,0.0,0.0,0.0,0.0,0.0,0.0,0.0,0.0,0.0,0.0,0.0,0.0,0.0
2059,3,30,3,0.1683593333333333,0.06999899999999999,0.08889233333333334,0.093011,0.11106766666666668,0.1683593333333333,0.1683593333333333,0.06999899999999999,0.06999899999999999,0.08889233333333334,0.08889233333333334,0.093011,0.093011,0.11106766666666668,0.11106766666666668
2059,3,30,4,0.467144,0.38511333333333336,0.4145483333333333,0.37844066666666665,0.4240193333333333,0.467144,0.467144,0.38511333333333336,0.38511333333333336,0.4145483333333333,0.4145483333333333,0.37844066666666665,0.37844066666666665,0.4240193333333333,0.4240193333333333
2059,3,30,5,0.45059,0.47665566666666664,0.4564086666666667,0.421086,0.46057433333333336,0.45059,0.45059,0.47665566666666664,0.47665566666666664,0.4564086666666667,0.4564086666666667,0.421086,0.421086,0.46057433333333336,0.46057433333333336
2059,3,30,6,0.134675,0.22188299999999997,0.187043,0.16052666666666668,0.180219,0.134675,0.134675,0.22188299999999997,0.22188299999999997,0.187043,0.187043,0.16052666666666668,0.16052666666666668,0.180219,0.180219
2059,3,30,7,0.0,0.0028563333333333336,0.0010646666666666667,6.466666666666666e-05,1.9566666666666664e-06,0.0,0.0,0.0028563333333333336,0.0028563333333333336,0.0010646666666666667,0.0010646666666666667,6.466666666666666e-05,6.466666666666666e-05,1.9566666666666664e-06,1.9566666666666664e-06
2059,3,30,8,0.0,0.0,0.0,0.0,0.0,0.0,0.0,0.0,0.0,0.0,0.0,0.0,0.0,0.0,0.0
2059,3,31,1,0.0,0.0,0.0,0.0,0.0,0.0,0.0,0.0,0.0,0.0,0.0,0.0,0.0,0.0,0.0
2059,3,31,2,0.0,0.0,0.0,0.0,0.0,0.0,0.0,0.0,0.0,0.0,0.0,0.0,0.0,0.0,0.0
2059,3,31,3,0.1683593333333333,0.06999899999999999,0.08889233333333334,0.093011,0.11106766666666668,0.1683593333333333,0.1683593333333333,0.06999899999999999,0.06999899999999999,0.08889233333333334,0.08889233333333334,0.093011,0.093011,0.11106766666666668,0.11106766666666668
2059,3,31,4,0.467144,0.38511333333333336,0.4145483333333333,0.37844066666666665,0.4240193333333333,0.467144,0.467144,0.38511333333333336,0.38511333333333336,0.4145483333333333,0.4145483333333333,0.37844066666666665,0.37844066666666665,0.4240193333333333,0.4240193333333333
2059,3,31,5,0.45059,0.47665566666666664,0.4564086666666667,0.421086,0.46057433333333336,0.45059,0.45059,0.47665566666666664,0.47665566666666664,0.4564086666666667,0.4564086666666667,0.421086,0.421086,0.46057433333333336,0.46057433333333336
2059,3,31,6,0.134675,0.22188299999999997,0.187043,0.16052666666666668,0.180219,0.134675,0.134675,0.22188299999999997,0.22188299999999997,0.187043,0.187043,0.16052666666666668,0.16052666666666668,0.180219,0.180219
2059,3,31,7,0.0,0.0028563333333333336,0.0010646666666666667,6.466666666666666e-05,1.9566666666666664e-06,0.0,0.0,0.0028563333333333336,0.0028563333333333336,0.0010646666666666667,0.0010646666666666667,6.466666666666666e-05,6.466666666666666e-05,1.9566666666666664e-06,1.9566666666666664e-06
2059,3,31,8,0.0,0.0,0.0,0.0,0.0,0.0,0.0,0.0,0.0,0.0,0.0,0.0,0.0,0.0,0.0
2059,4,1,1,0.0,0.0,0.0,0.0,0.0,0.0,0.0,0.0,0.0,0.0,0.0,0.0,0.0,0.0,0.0
2059,4,1,2,0.0,0.0,0.0,0.0,0.0,0.0,0.0,0.0,0.0,0.0,0.0,0.0,0.0,0.0,0.0
2059,4,1,3,0.15174066666666666,0.06835133333333333,0.09742200000000001,0.11164466666666667,0.13259666666666667,0.15174066666666666,0.15174066666666666,0.06835133333333333,0.06835133333333333,0.09742200000000001,0.09742200000000001,0.11164466666666667,0.11164466666666667,0.13259666666666667,0.13259666666666667
2059,4,1,4,0.46727466666666667,0.38161466666666666,0.46343333333333336,0.4557553333333333,0.497955,0.46727466666666667,0.46727466666666667,0.38161466666666666,0.38161466666666666,0.46343333333333336,0.46343333333333336,0.4557553333333333,0.4557553333333333,0.497955,0.497955
2059,4,1,5,0.46323566666666666,0.45952300000000007,0.5096446666666666,0.5054556666666666,0.5419143333333334,0.46323566666666666,0.46323566666666666,0.45952300000000007,0.45952300000000007,0.5096446666666666,0.5096446666666666,0.5054556666666666,0.5054556666666666,0.5419143333333334,0.5419143333333334
2059,4,1,6,0.13706033333333334,0.21223766666666666,0.21542233333333335,0.20609999999999998,0.215934,0.13706033333333334,0.13706033333333334,0.21223766666666666,0.21223766666666666,0.21542233333333335,0.21542233333333335,0.20609999999999998,0.20609999999999998,0.215934,0.215934
2059,4,1,7,0.0,0.0017809999999999998,0.0005776666666666666,0.0,0.0,0.0,0.0,0.0017809999999999998,0.0017809999999999998,0.0005776666666666666,0.0005776666666666666,0.0,0.0,0.0,0.0
2059,4,1,8,0.0,0.0,0.0,0.0,0.0,0.0,0.0,0.0,0.0,0.0,0.0,0.0,0.0,0.0,0.0
2059,4,2,1,0.0,0.0,0.0,0.0,0.0,0.0,0.0,0.0,0.0,0.0,0.0,0.0,0.0,0.0,0.0
2059,4,2,2,0.0,0.0,0.0,0.0,0.0,0.0,0.0,0.0,0.0,0.0,0.0,0.0,0.0,0.0,0.0
2059,4,2,3,0.15174066666666666,0.06835133333333333,0.09742200000000001,0.11164466666666667,0.13259666666666667,0.15174066666666666,0.15174066666666666,0.06835133333333333,0.06835133333333333,0.09742200000000001,0.09742200000000001,0.11164466666666667,0.11164466666666667,0.13259666666666667,0.13259666666666667
2059,4,2,4,0.46727466666666667,0.38161466666666666,0.46343333333333336,0.4557553333333333,0.497955,0.46727466666666667,0.46727466666666667,0.38161466666666666,0.38161466666666666,0.46343333333333336,0.46343333333333336,0.4557553333333333,0.4557553333333333,0.497955,0.497955
2059,4,2,5,0.46323566666666666,0.45952300000000007,0.5096446666666666,0.5054556666666666,0.5419143333333334,0.46323566666666666,0.46323566666666666,0.45952300000000007,0.45952300000000007,0.5096446666666666,0.5096446666666666,0.5054556666666666,0.5054556666666666,0.5419143333333334,0.5419143333333334
2059,4,2,6,0.13706033333333334,0.21223766666666666,0.21542233333333335,0.20609999999999998,0.215934,0.13706033333333334,0.13706033333333334,0.21223766666666666,0.21223766666666666,0.21542233333333335,0.21542233333333335,0.20609999999999998,0.20609999999999998,0.215934,0.215934
2059,4,2,7,0.0,0.0017809999999999998,0.0005776666666666666,0.0,0.0,0.0,0.0,0.0017809999999999998,0.0017809999999999998,0.0005776666666666666,0.0005776666666666666,0.0,0.0,0.0,0.0
2059,4,2,8,0.0,0.0,0.0,0.0,0.0,0.0,0.0,0.0,0.0,0.0,0.0,0.0,0.0,0.0,0.0
2059,4,3,1,0.0,0.0,0.0,0.0,0.0,0.0,0.0,0.0,0.0,0.0,0.0,0.0,0.0,0.0,0.0
2059,4,3,2,0.0,0.0,0.0,0.0,0.0,0.0,0.0,0.0,0.0,0.0,0.0,0.0,0.0,0.0,0.0
2059,4,3,3,0.15174066666666666,0.06835133333333333,0.09742200000000001,0.11164466666666667,0.13259666666666667,0.15174066666666666,0.15174066666666666,0.06835133333333333,0.06835133333333333,0.09742200000000001,0.09742200000000001,0.11164466666666667,0.11164466666666667,0.13259666666666667,0.13259666666666667
2059,4,3,4,0.46727466666666667,0.38161466666666666,0.46343333333333336,0.4557553333333333,0.497955,0.46727466666666667,0.46727466666666667,0.38161466666666666,0.38161466666666666,0.46343333333333336,0.46343333333333336,0.4557553333333333,0.4557553333333333,0.497955,0.497955
2059,4,3,5,0.46323566666666666,0.45952300000000007,0.5096446666666666,0.5054556666666666,0.5419143333333334,0.46323566666666666,0.46323566666666666,0.45952300000000007,0.45952300000000007,0.5096446666666666,0.5096446666666666,0.5054556666666666,0.5054556666666666,0.5419143333333334,0.5419143333333334
2059,4,3,6,0.13706033333333334,0.21223766666666666,0.21542233333333335,0.20609999999999998,0.215934,0.13706033333333334,0.13706033333333334,0.21223766666666666,0.21223766666666666,0.21542233333333335,0.21542233333333335,0.20609999999999998,0.20609999999999998,0.215934,0.215934
2059,4,3,7,0.0,0.0017809999999999998,0.0005776666666666666,0.0,0.0,0.0,0.0,0.0017809999999999998,0.0017809999999999998,0.0005776666666666666,0.0005776666666666666,0.0,0.0,0.0,0.0
2059,4,3,8,0.0,0.0,0.0,0.0,0.0,0.0,0.0,0.0,0.0,0.0,0.0,0.0,0.0,0.0,0.0
2059,4,4,1,0.0,0.0,0.0,0.0,0.0,0.0,0.0,0.0,0.0,0.0,0.0,0.0,0.0,0.0,0.0
2059,4,4,2,0.0,0.0,0.0,0.0,0.0,0.0,0.0,0.0,0.0,0.0,0.0,0.0,0.0,0.0,0.0
2059,4,4,3,0.15174066666666666,0.06835133333333333,0.09742200000000001,0.11164466666666667,0.13259666666666667,0.15174066666666666,0.15174066666666666,0.06835133333333333,0.06835133333333333,0.09742200000000001,0.09742200000000001,0.11164466666666667,0.11164466666666667,0.13259666666666667,0.13259666666666667
2059,4,4,4,0.46727466666666667,0.38161466666666666,0.46343333333333336,0.4557553333333333,0.497955,0.46727466666666667,0.46727466666666667,0.38161466666666666,0.38161466666666666,0.46343333333333336,0.46343333333333336,0.4557553333333333,0.4557553333333333,0.497955,0.497955
2059,4,4,5,0.46323566666666666,0.45952300000000007,0.5096446666666666,0.5054556666666666,0.5419143333333334,0.46323566666666666,0.46323566666666666,0.45952300000000007,0.45952300000000007,0.5096446666666666,0.5096446666666666,0.5054556666666666,0.5054556666666666,0.5419143333333334,0.5419143333333334
2059,4,4,6,0.13706033333333334,0.21223766666666666,0.21542233333333335,0.20609999999999998,0.215934,0.13706033333333334,0.13706033333333334,0.21223766666666666,0.21223766666666666,0.21542233333333335,0.21542233333333335,0.20609999999999998,0.20609999999999998,0.215934,0.215934
2059,4,4,7,0.0,0.0017809999999999998,0.0005776666666666666,0.0,0.0,0.0,0.0,0.0017809999999999998,0.0017809999999999998,0.0005776666666666666,0.0005776666666666666,0.0,0.0,0.0,0.0
2059,4,4,8,0.0,0.0,0.0,0.0,0.0,0.0,0.0,0.0,0.0,0.0,0.0,0.0,0.0,0.0,0.0
2059,4,5,1,0.0,0.0,0.0,0.0,0.0,0.0,0.0,0.0,0.0,0.0,0.0,0.0,0.0,0.0,0.0
2059,4,5,2,0.0,0.0,0.0,0.0,0.0,0.0,0.0,0.0,0.0,0.0,0.0,0.0,0.0,0.0,0.0
2059,4,5,3,0.15174066666666666,0.06835133333333333,0.09742200000000001,0.11164466666666667,0.13259666666666667,0.15174066666666666,0.15174066666666666,0.06835133333333333,0.06835133333333333,0.09742200000000001,0.09742200000000001,0.11164466666666667,0.11164466666666667,0.13259666666666667,0.13259666666666667
2059,4,5,4,0.46727466666666667,0.38161466666666666,0.46343333333333336,0.4557553333333333,0.497955,0.46727466666666667,0.46727466666666667,0.38161466666666666,0.38161466666666666,0.46343333333333336,0.46343333333333336,0.4557553333333333,0.4557553333333333,0.497955,0.497955
2059,4,5,5,0.46323566666666666,0.45952300000000007,0.5096446666666666,0.5054556666666666,0.5419143333333334,0.46323566666666666,0.46323566666666666,0.45952300000000007,0.45952300000000007,0.5096446666666666,0.5096446666666666,0.5054556666666666,0.5054556666666666,0.5419143333333334,0.5419143333333334
2059,4,5,6,0.13706033333333334,0.21223766666666666,0.21542233333333335,0.20609999999999998,0.215934,0.13706033333333334,0.13706033333333334,0.21223766666666666,0.21223766666666666,0.21542233333333335,0.21542233333333335,0.20609999999999998,0.20609999999999998,0.215934,0.215934
2059,4,5,7,0.0,0.0017809999999999998,0.0005776666666666666,0.0,0.0,0.0,0.0,0.0017809999999999998,0.0017809999999999998,0.0005776666666666666,0.0005776666666666666,0.0,0.0,0.0,0.0
2059,4,5,8,0.0,0.0,0.0,0.0,0.0,0.0,0.0,0.0,0.0,0.0,0.0,0.0,0.0,0.0,0.0
2059,4,6,1,0.0,0.0,0.0,0.0,0.0,0.0,0.0,0.0,0.0,0.0,0.0,0.0,0.0,0.0,0.0
2059,4,6,2,0.0,0.0,0.0,0.0,0.0,0.0,0.0,0.0,0.0,0.0,0.0,0.0,0.0,0.0,0.0
2059,4,6,3,0.15174066666666666,0.06835133333333333,0.09742200000000001,0.11164466666666667,0.13259666666666667,0.15174066666666666,0.15174066666666666,0.06835133333333333,0.06835133333333333,0.09742200000000001,0.09742200000000001,0.11164466666666667,0.11164466666666667,0.13259666666666667,0.13259666666666667
2059,4,6,4,0.46727466666666667,0.38161466666666666,0.46343333333333336,0.4557553333333333,0.497955,0.46727466666666667,0.46727466666666667,0.38161466666666666,0.38161466666666666,0.46343333333333336,0.46343333333333336,0.4557553333333333,0.4557553333333333,0.497955,0.497955
2059,4,6,5,0.46323566666666666,0.45952300000000007,0.5096446666666666,0.5054556666666666,0.5419143333333334,0.46323566666666666,0.46323566666666666,0.45952300000000007,0.45952300000000007,0.5096446666666666,0.5096446666666666,0.5054556666666666,0.5054556666666666,0.5419143333333334,0.5419143333333334
2059,4,6,6,0.13706033333333334,0.21223766666666666,0.21542233333333335,0.20609999999999998,0.215934,0.13706033333333334,0.13706033333333334,0.21223766666666666,0.21223766666666666,0.21542233333333335,0.21542233333333335,0.20609999999999998,0.20609999999999998,0.215934,0.215934
2059,4,6,7,0.0,0.0017809999999999998,0.0005776666666666666,0.0,0.0,0.0,0.0,0.0017809999999999998,0.0017809999999999998,0.0005776666666666666,0.0005776666666666666,0.0,0.0,0.0,0.0
2059,4,6,8,0.0,0.0,0.0,0.0,0.0,0.0,0.0,0.0,0.0,0.0,0.0,0.0,0.0,0.0,0.0
2059,4,7,1,0.0,0.0,0.0,0.0,0.0,0.0,0.0,0.0,0.0,0.0,0.0,0.0,0.0,0.0,0.0
2059,4,7,2,0.0,0.0,0.0,0.0,0.0,0.0,0.0,0.0,0.0,0.0,0.0,0.0,0.0,0.0,0.0
2059,4,7,3,0.15174066666666666,0.06835133333333333,0.09742200000000001,0.11164466666666667,0.13259666666666667,0.15174066666666666,0.15174066666666666,0.06835133333333333,0.06835133333333333,0.09742200000000001,0.09742200000000001,0.11164466666666667,0.11164466666666667,0.13259666666666667,0.13259666666666667
2059,4,7,4,0.46727466666666667,0.38161466666666666,0.46343333333333336,0.4557553333333333,0.497955,0.46727466666666667,0.46727466666666667,0.38161466666666666,0.38161466666666666,0.46343333333333336,0.46343333333333336,0.4557553333333333,0.4557553333333333,0.497955,0.497955
2059,4,7,5,0.46323566666666666,0.45952300000000007,0.5096446666666666,0.5054556666666666,0.5419143333333334,0.46323566666666666,0.46323566666666666,0.45952300000000007,0.45952300000000007,0.5096446666666666,0.5096446666666666,0.5054556666666666,0.5054556666666666,0.5419143333333334,0.5419143333333334
2059,4,7,6,0.13706033333333334,0.21223766666666666,0.21542233333333335,0.20609999999999998,0.215934,0.13706033333333334,0.13706033333333334,0.21223766666666666,0.21223766666666666,0.21542233333333335,0.21542233333333335,0.20609999999999998,0.20609999999999998,0.215934,0.215934
2059,4,7,7,0.0,0.0017809999999999998,0.0005776666666666666,0.0,0.0,0.0,0.0,0.0017809999999999998,0.0017809999999999998,0.0005776666666666666,0.0005776666666666666,0.0,0.0,0.0,0.0
2059,4,7,8,0.0,0.0,0.0,0.0,0.0,0.0,0.0,0.0,0.0,0.0,0.0,0.0,0.0,0.0,0.0
2059,4,8,1,0.0,0.0,0.0,0.0,0.0,0.0,0.0,0.0,0.0,0.0,0.0,0.0,0.0,0.0,0.0
2059,4,8,2,0.0,0.0,0.0,0.0,0.0,0.0,0.0,0.0,0.0,0.0,0.0,0.0,0.0,0.0,0.0
2059,4,8,3,0.15174066666666666,0.06835133333333333,0.09742200000000001,0.11164466666666667,0.13259666666666667,0.15174066666666666,0.15174066666666666,0.06835133333333333,0.06835133333333333,0.09742200000000001,0.09742200000000001,0.11164466666666667,0.11164466666666667,0.13259666666666667,0.13259666666666667
2059,4,8,4,0.46727466666666667,0.38161466666666666,0.46343333333333336,0.4557553333333333,0.497955,0.46727466666666667,0.46727466666666667,0.38161466666666666,0.38161466666666666,0.46343333333333336,0.46343333333333336,0.4557553333333333,0.4557553333333333,0.497955,0.497955
2059,4,8,5,0.46323566666666666,0.45952300000000007,0.5096446666666666,0.5054556666666666,0.5419143333333334,0.46323566666666666,0.46323566666666666,0.45952300000000007,0.45952300000000007,0.5096446666666666,0.5096446666666666,0.5054556666666666,0.5054556666666666,0.5419143333333334,0.5419143333333334
2059,4,8,6,0.13706033333333334,0.21223766666666666,0.21542233333333335,0.20609999999999998,0.215934,0.13706033333333334,0.13706033333333334,0.21223766666666666,0.21223766666666666,0.21542233333333335,0.21542233333333335,0.20609999999999998,0.20609999999999998,0.215934,0.215934
2059,4,8,7,0.0,0.0017809999999999998,0.0005776666666666666,0.0,0.0,0.0,0.0,0.0017809999999999998,0.0017809999999999998,0.0005776666666666666,0.0005776666666666666,0.0,0.0,0.0,0.0
2059,4,8,8,0.0,0.0,0.0,0.0,0.0,0.0,0.0,0.0,0.0,0.0,0.0,0.0,0.0,0.0,0.0
2059,4,9,1,0.0,0.0,0.0,0.0,0.0,0.0,0.0,0.0,0.0,0.0,0.0,0.0,0.0,0.0,0.0
2059,4,9,2,0.0,0.0,0.0,0.0,0.0,0.0,0.0,0.0,0.0,0.0,0.0,0.0,0.0,0.0,0.0
2059,4,9,3,0.15174066666666666,0.06835133333333333,0.09742200000000001,0.11164466666666667,0.13259666666666667,0.15174066666666666,0.15174066666666666,0.06835133333333333,0.06835133333333333,0.09742200000000001,0.09742200000000001,0.11164466666666667,0.11164466666666667,0.13259666666666667,0.13259666666666667
2059,4,9,4,0.46727466666666667,0.38161466666666666,0.46343333333333336,0.4557553333333333,0.497955,0.46727466666666667,0.46727466666666667,0.38161466666666666,0.38161466666666666,0.46343333333333336,0.46343333333333336,0.4557553333333333,0.4557553333333333,0.497955,0.497955
2059,4,9,5,0.46323566666666666,0.45952300000000007,0.5096446666666666,0.5054556666666666,0.5419143333333334,0.46323566666666666,0.46323566666666666,0.45952300000000007,0.45952300000000007,0.5096446666666666,0.5096446666666666,0.5054556666666666,0.5054556666666666,0.5419143333333334,0.5419143333333334
2059,4,9,6,0.13706033333333334,0.21223766666666666,0.21542233333333335,0.20609999999999998,0.215934,0.13706033333333334,0.13706033333333334,0.21223766666666666,0.21223766666666666,0.21542233333333335,0.21542233333333335,0.20609999999999998,0.20609999999999998,0.215934,0.215934
2059,4,9,7,0.0,0.0017809999999999998,0.0005776666666666666,0.0,0.0,0.0,0.0,0.0017809999999999998,0.0017809999999999998,0.0005776666666666666,0.0005776666666666666,0.0,0.0,0.0,0.0
2059,4,9,8,0.0,0.0,0.0,0.0,0.0,0.0,0.0,0.0,0.0,0.0,0.0,0.0,0.0,0.0,0.0
2059,4,10,1,0.0,0.0,0.0,0.0,0.0,0.0,0.0,0.0,0.0,0.0,0.0,0.0,0.0,0.0,0.0
2059,4,10,2,0.0,0.0,0.0,0.0,0.0,0.0,0.0,0.0,0.0,0.0,0.0,0.0,0.0,0.0,0.0
2059,4,10,3,0.15174066666666666,0.06835133333333333,0.09742200000000001,0.11164466666666667,0.13259666666666667,0.15174066666666666,0.15174066666666666,0.06835133333333333,0.06835133333333333,0.09742200000000001,0.09742200000000001,0.11164466666666667,0.11164466666666667,0.13259666666666667,0.13259666666666667
2059,4,10,4,0.46727466666666667,0.38161466666666666,0.46343333333333336,0.4557553333333333,0.497955,0.46727466666666667,0.46727466666666667,0.38161466666666666,0.38161466666666666,0.46343333333333336,0.46343333333333336,0.4557553333333333,0.4557553333333333,0.497955,0.497955
2059,4,10,5,0.46323566666666666,0.45952300000000007,0.5096446666666666,0.5054556666666666,0.5419143333333334,0.46323566666666666,0.46323566666666666,0.45952300000000007,0.45952300000000007,0.5096446666666666,0.5096446666666666,0.5054556666666666,0.5054556666666666,0.5419143333333334,0.5419143333333334
2059,4,10,6,0.13706033333333334,0.21223766666666666,0.21542233333333335,0.20609999999999998,0.215934,0.13706033333333334,0.13706033333333334,0.21223766666666666,0.21223766666666666,0.21542233333333335,0.21542233333333335,0.20609999999999998,0.20609999999999998,0.215934,0.215934
2059,4,10,7,0.0,0.0017809999999999998,0.0005776666666666666,0.0,0.0,0.0,0.0,0.0017809999999999998,0.0017809999999999998,0.0005776666666666666,0.0005776666666666666,0.0,0.0,0.0,0.0
2059,4,10,8,0.0,0.0,0.0,0.0,0.0,0.0,0.0,0.0,0.0,0.0,0.0,0.0,0.0,0.0,0.0
2059,4,11,1,0.0,0.0,0.0,0.0,0.0,0.0,0.0,0.0,0.0,0.0,0.0,0.0,0.0,0.0,0.0
2059,4,11,2,0.0,0.0,0.0,0.0,0.0,0.0,0.0,0.0,0.0,0.0,0.0,0.0,0.0,0.0,0.0
2059,4,11,3,0.15174066666666666,0.06835133333333333,0.09742200000000001,0.11164466666666667,0.13259666666666667,0.15174066666666666,0.15174066666666666,0.06835133333333333,0.06835133333333333,0.09742200000000001,0.09742200000000001,0.11164466666666667,0.11164466666666667,0.13259666666666667,0.13259666666666667
2059,4,11,4,0.46727466666666667,0.38161466666666666,0.46343333333333336,0.4557553333333333,0.497955,0.46727466666666667,0.46727466666666667,0.38161466666666666,0.38161466666666666,0.46343333333333336,0.46343333333333336,0.4557553333333333,0.4557553333333333,0.497955,0.497955
2059,4,11,5,0.46323566666666666,0.45952300000000007,0.5096446666666666,0.5054556666666666,0.5419143333333334,0.46323566666666666,0.46323566666666666,0.45952300000000007,0.45952300000000007,0.5096446666666666,0.5096446666666666,0.5054556666666666,0.5054556666666666,0.5419143333333334,0.5419143333333334
2059,4,11,6,0.13706033333333334,0.21223766666666666,0.21542233333333335,0.20609999999999998,0.215934,0.13706033333333334,0.13706033333333334,0.21223766666666666,0.21223766666666666,0.21542233333333335,0.21542233333333335,0.20609999999999998,0.20609999999999998,0.215934,0.215934
2059,4,11,7,0.0,0.0017809999999999998,0.0005776666666666666,0.0,0.0,0.0,0.0,0.0017809999999999998,0.0017809999999999998,0.0005776666666666666,0.0005776666666666666,0.0,0.0,0.0,0.0
2059,4,11,8,0.0,0.0,0.0,0.0,0.0,0.0,0.0,0.0,0.0,0.0,0.0,0.0,0.0,0.0,0.0
2059,4,12,1,0.0,0.0,0.0,0.0,0.0,0.0,0.0,0.0,0.0,0.0,0.0,0.0,0.0,0.0,0.0
2059,4,12,2,0.0,0.0,0.0,0.0,0.0,0.0,0.0,0.0,0.0,0.0,0.0,0.0,0.0,0.0,0.0
2059,4,12,3,0.15174066666666666,0.06835133333333333,0.09742200000000001,0.11164466666666667,0.13259666666666667,0.15174066666666666,0.15174066666666666,0.06835133333333333,0.06835133333333333,0.09742200000000001,0.09742200000000001,0.11164466666666667,0.11164466666666667,0.13259666666666667,0.13259666666666667
2059,4,12,4,0.46727466666666667,0.38161466666666666,0.46343333333333336,0.4557553333333333,0.497955,0.46727466666666667,0.46727466666666667,0.38161466666666666,0.38161466666666666,0.46343333333333336,0.46343333333333336,0.4557553333333333,0.4557553333333333,0.497955,0.497955
2059,4,12,5,0.46323566666666666,0.45952300000000007,0.5096446666666666,0.5054556666666666,0.5419143333333334,0.46323566666666666,0.46323566666666666,0.45952300000000007,0.45952300000000007,0.5096446666666666,0.5096446666666666,0.5054556666666666,0.5054556666666666,0.5419143333333334,0.5419143333333334
2059,4,12,6,0.13706033333333334,0.21223766666666666,0.21542233333333335,0.20609999999999998,0.215934,0.13706033333333334,0.13706033333333334,0.21223766666666666,0.21223766666666666,0.21542233333333335,0.21542233333333335,0.20609999999999998,0.20609999999999998,0.215934,0.215934
2059,4,12,7,0.0,0.0017809999999999998,0.0005776666666666666,0.0,0.0,0.0,0.0,0.0017809999999999998,0.0017809999999999998,0.0005776666666666666,0.0005776666666666666,0.0,0.0,0.0,0.0
2059,4,12,8,0.0,0.0,0.0,0.0,0.0,0.0,0.0,0.0,0.0,0.0,0.0,0.0,0.0,0.0,0.0
2059,4,13,1,0.0,0.0,0.0,0.0,0.0,0.0,0.0,0.0,0.0,0.0,0.0,0.0,0.0,0.0,0.0
2059,4,13,2,0.0,0.0,0.0,0.0,0.0,0.0,0.0,0.0,0.0,0.0,0.0,0.0,0.0,0.0,0.0
2059,4,13,3,0.15174066666666666,0.06835133333333333,0.09742200000000001,0.11164466666666667,0.13259666666666667,0.15174066666666666,0.15174066666666666,0.06835133333333333,0.06835133333333333,0.09742200000000001,0.09742200000000001,0.11164466666666667,0.11164466666666667,0.13259666666666667,0.13259666666666667
2059,4,13,4,0.46727466666666667,0.38161466666666666,0.46343333333333336,0.4557553333333333,0.497955,0.46727466666666667,0.46727466666666667,0.38161466666666666,0.38161466666666666,0.46343333333333336,0.46343333333333336,0.4557553333333333,0.4557553333333333,0.497955,0.497955
2059,4,13,5,0.46323566666666666,0.45952300000000007,0.5096446666666666,0.5054556666666666,0.5419143333333334,0.46323566666666666,0.46323566666666666,0.45952300000000007,0.45952300000000007,0.5096446666666666,0.5096446666666666,0.5054556666666666,0.5054556666666666,0.5419143333333334,0.5419143333333334
2059,4,13,6,0.13706033333333334,0.21223766666666666,0.21542233333333335,0.20609999999999998,0.215934,0.13706033333333334,0.13706033333333334,0.21223766666666666,0.21223766666666666,0.21542233333333335,0.21542233333333335,0.20609999999999998,0.20609999999999998,0.215934,0.215934
2059,4,13,7,0.0,0.0017809999999999998,0.0005776666666666666,0.0,0.0,0.0,0.0,0.0017809999999999998,0.0017809999999999998,0.0005776666666666666,0.0005776666666666666,0.0,0.0,0.0,0.0
2059,4,13,8,0.0,0.0,0.0,0.0,0.0,0.0,0.0,0.0,0.0,0.0,0.0,0.0,0.0,0.0,0.0
2059,4,14,1,0.0,0.0,0.0,0.0,0.0,0.0,0.0,0.0,0.0,0.0,0.0,0.0,0.0,0.0,0.0
2059,4,14,2,0.0,0.0,0.0,0.0,0.0,0.0,0.0,0.0,0.0,0.0,0.0,0.0,0.0,0.0,0.0
2059,4,14,3,0.15174066666666666,0.06835133333333333,0.09742200000000001,0.11164466666666667,0.13259666666666667,0.15174066666666666,0.15174066666666666,0.06835133333333333,0.06835133333333333,0.09742200000000001,0.09742200000000001,0.11164466666666667,0.11164466666666667,0.13259666666666667,0.13259666666666667
2059,4,14,4,0.46727466666666667,0.38161466666666666,0.46343333333333336,0.4557553333333333,0.497955,0.46727466666666667,0.46727466666666667,0.38161466666666666,0.38161466666666666,0.46343333333333336,0.46343333333333336,0.4557553333333333,0.4557553333333333,0.497955,0.497955
2059,4,14,5,0.46323566666666666,0.45952300000000007,0.5096446666666666,0.5054556666666666,0.5419143333333334,0.46323566666666666,0.46323566666666666,0.45952300000000007,0.45952300000000007,0.5096446666666666,0.5096446666666666,0.5054556666666666,0.5054556666666666,0.5419143333333334,0.5419143333333334
2059,4,14,6,0.13706033333333334,0.21223766666666666,0.21542233333333335,0.20609999999999998,0.215934,0.13706033333333334,0.13706033333333334,0.21223766666666666,0.21223766666666666,0.21542233333333335,0.21542233333333335,0.20609999999999998,0.20609999999999998,0.215934,0.215934
2059,4,14,7,0.0,0.0017809999999999998,0.0005776666666666666,0.0,0.0,0.0,0.0,0.0017809999999999998,0.0017809999999999998,0.0005776666666666666,0.0005776666666666666,0.0,0.0,0.0,0.0
2059,4,14,8,0.0,0.0,0.0,0.0,0.0,0.0,0.0,0.0,0.0,0.0,0.0,0.0,0.0,0.0,0.0
2059,4,15,1,0.0,0.0,0.0,0.0,0.0,0.0,0.0,0.0,0.0,0.0,0.0,0.0,0.0,0.0,0.0
2059,4,15,2,0.0,0.0,0.0,0.0,0.0,0.0,0.0,0.0,0.0,0.0,0.0,0.0,0.0,0.0,0.0
2059,4,15,3,0.15174066666666666,0.06835133333333333,0.09742200000000001,0.11164466666666667,0.13259666666666667,0.15174066666666666,0.15174066666666666,0.06835133333333333,0.06835133333333333,0.09742200000000001,0.09742200000000001,0.11164466666666667,0.11164466666666667,0.13259666666666667,0.13259666666666667
2059,4,15,4,0.46727466666666667,0.38161466666666666,0.46343333333333336,0.4557553333333333,0.497955,0.46727466666666667,0.46727466666666667,0.38161466666666666,0.38161466666666666,0.46343333333333336,0.46343333333333336,0.4557553333333333,0.4557553333333333,0.497955,0.497955
2059,4,15,5,0.46323566666666666,0.45952300000000007,0.5096446666666666,0.5054556666666666,0.5419143333333334,0.46323566666666666,0.46323566666666666,0.45952300000000007,0.45952300000000007,0.5096446666666666,0.5096446666666666,0.5054556666666666,0.5054556666666666,0.5419143333333334,0.5419143333333334
2059,4,15,6,0.13706033333333334,0.21223766666666666,0.21542233333333335,0.20609999999999998,0.215934,0.13706033333333334,0.13706033333333334,0.21223766666666666,0.21223766666666666,0.21542233333333335,0.21542233333333335,0.20609999999999998,0.20609999999999998,0.215934,0.215934
2059,4,15,7,0.0,0.0017809999999999998,0.0005776666666666666,0.0,0.0,0.0,0.0,0.0017809999999999998,0.0017809999999999998,0.0005776666666666666,0.0005776666666666666,0.0,0.0,0.0,0.0
2059,4,15,8,0.0,0.0,0.0,0.0,0.0,0.0,0.0,0.0,0.0,0.0,0.0,0.0,0.0,0.0,0.0
2059,4,16,1,0.0,0.0,0.0,0.0,0.0,0.0,0.0,0.0,0.0,0.0,0.0,0.0,0.0,0.0,0.0
2059,4,16,2,0.0,0.0,0.0,0.0,0.0,0.0,0.0,0.0,0.0,0.0,0.0,0.0,0.0,0.0,0.0
2059,4,16,3,0.15174066666666666,0.06835133333333333,0.09742200000000001,0.11164466666666667,0.13259666666666667,0.15174066666666666,0.15174066666666666,0.06835133333333333,0.06835133333333333,0.09742200000000001,0.09742200000000001,0.11164466666666667,0.11164466666666667,0.13259666666666667,0.13259666666666667
2059,4,16,4,0.46727466666666667,0.38161466666666666,0.46343333333333336,0.4557553333333333,0.497955,0.46727466666666667,0.46727466666666667,0.38161466666666666,0.38161466666666666,0.46343333333333336,0.46343333333333336,0.4557553333333333,0.4557553333333333,0.497955,0.497955
2059,4,16,5,0.46323566666666666,0.45952300000000007,0.5096446666666666,0.5054556666666666,0.5419143333333334,0.46323566666666666,0.46323566666666666,0.45952300000000007,0.45952300000000007,0.5096446666666666,0.5096446666666666,0.5054556666666666,0.5054556666666666,0.5419143333333334,0.5419143333333334
2059,4,16,6,0.13706033333333334,0.21223766666666666,0.21542233333333335,0.20609999999999998,0.215934,0.13706033333333334,0.13706033333333334,0.21223766666666666,0.21223766666666666,0.21542233333333335,0.21542233333333335,0.20609999999999998,0.20609999999999998,0.215934,0.215934
2059,4,16,7,0.0,0.0017809999999999998,0.0005776666666666666,0.0,0.0,0.0,0.0,0.0017809999999999998,0.0017809999999999998,0.0005776666666666666,0.0005776666666666666,0.0,0.0,0.0,0.0
2059,4,16,8,0.0,0.0,0.0,0.0,0.0,0.0,0.0,0.0,0.0,0.0,0.0,0.0,0.0,0.0,0.0
2059,4,17,1,0.0,0.0,0.0,0.0,0.0,0.0,0.0,0.0,0.0,0.0,0.0,0.0,0.0,0.0,0.0
2059,4,17,2,0.0,0.0,0.0,0.0,0.0,0.0,0.0,0.0,0.0,0.0,0.0,0.0,0.0,0.0,0.0
2059,4,17,3,0.15174066666666666,0.06835133333333333,0.09742200000000001,0.11164466666666667,0.13259666666666667,0.15174066666666666,0.15174066666666666,0.06835133333333333,0.06835133333333333,0.09742200000000001,0.09742200000000001,0.11164466666666667,0.11164466666666667,0.13259666666666667,0.13259666666666667
2059,4,17,4,0.46727466666666667,0.38161466666666666,0.46343333333333336,0.4557553333333333,0.497955,0.46727466666666667,0.46727466666666667,0.38161466666666666,0.38161466666666666,0.46343333333333336,0.46343333333333336,0.4557553333333333,0.4557553333333333,0.497955,0.497955
2059,4,17,5,0.46323566666666666,0.45952300000000007,0.5096446666666666,0.5054556666666666,0.5419143333333334,0.46323566666666666,0.46323566666666666,0.45952300000000007,0.45952300000000007,0.5096446666666666,0.5096446666666666,0.5054556666666666,0.5054556666666666,0.5419143333333334,0.5419143333333334
2059,4,17,6,0.13706033333333334,0.21223766666666666,0.21542233333333335,0.20609999999999998,0.215934,0.13706033333333334,0.13706033333333334,0.21223766666666666,0.21223766666666666,0.21542233333333335,0.21542233333333335,0.20609999999999998,0.20609999999999998,0.215934,0.215934
2059,4,17,7,0.0,0.0017809999999999998,0.0005776666666666666,0.0,0.0,0.0,0.0,0.0017809999999999998,0.0017809999999999998,0.0005776666666666666,0.0005776666666666666,0.0,0.0,0.0,0.0
2059,4,17,8,0.0,0.0,0.0,0.0,0.0,0.0,0.0,0.0,0.0,0.0,0.0,0.0,0.0,0.0,0.0
2059,4,18,1,0.0,0.0,0.0,0.0,0.0,0.0,0.0,0.0,0.0,0.0,0.0,0.0,0.0,0.0,0.0
2059,4,18,2,0.0,0.0,0.0,0.0,0.0,0.0,0.0,0.0,0.0,0.0,0.0,0.0,0.0,0.0,0.0
2059,4,18,3,0.15174066666666666,0.06835133333333333,0.09742200000000001,0.11164466666666667,0.13259666666666667,0.15174066666666666,0.15174066666666666,0.06835133333333333,0.06835133333333333,0.09742200000000001,0.09742200000000001,0.11164466666666667,0.11164466666666667,0.13259666666666667,0.13259666666666667
2059,4,18,4,0.46727466666666667,0.38161466666666666,0.46343333333333336,0.4557553333333333,0.497955,0.46727466666666667,0.46727466666666667,0.38161466666666666,0.38161466666666666,0.46343333333333336,0.46343333333333336,0.4557553333333333,0.4557553333333333,0.497955,0.497955
2059,4,18,5,0.46323566666666666,0.45952300000000007,0.5096446666666666,0.5054556666666666,0.5419143333333334,0.46323566666666666,0.46323566666666666,0.45952300000000007,0.45952300000000007,0.5096446666666666,0.5096446666666666,0.5054556666666666,0.5054556666666666,0.5419143333333334,0.5419143333333334
2059,4,18,6,0.13706033333333334,0.21223766666666666,0.21542233333333335,0.20609999999999998,0.215934,0.13706033333333334,0.13706033333333334,0.21223766666666666,0.21223766666666666,0.21542233333333335,0.21542233333333335,0.20609999999999998,0.20609999999999998,0.215934,0.215934
2059,4,18,7,0.0,0.0017809999999999998,0.0005776666666666666,0.0,0.0,0.0,0.0,0.0017809999999999998,0.0017809999999999998,0.0005776666666666666,0.0005776666666666666,0.0,0.0,0.0,0.0
2059,4,18,8,0.0,0.0,0.0,0.0,0.0,0.0,0.0,0.0,0.0,0.0,0.0,0.0,0.0,0.0,0.0
2059,4,19,1,0.0,0.0,0.0,0.0,0.0,0.0,0.0,0.0,0.0,0.0,0.0,0.0,0.0,0.0,0.0
2059,4,19,2,0.0,0.0,0.0,0.0,0.0,0.0,0.0,0.0,0.0,0.0,0.0,0.0,0.0,0.0,0.0
2059,4,19,3,0.15174066666666666,0.06835133333333333,0.09742200000000001,0.11164466666666667,0.13259666666666667,0.15174066666666666,0.15174066666666666,0.06835133333333333,0.06835133333333333,0.09742200000000001,0.09742200000000001,0.11164466666666667,0.11164466666666667,0.13259666666666667,0.13259666666666667
2059,4,19,4,0.46727466666666667,0.38161466666666666,0.46343333333333336,0.4557553333333333,0.497955,0.46727466666666667,0.46727466666666667,0.38161466666666666,0.38161466666666666,0.46343333333333336,0.46343333333333336,0.4557553333333333,0.4557553333333333,0.497955,0.497955
2059,4,19,5,0.46323566666666666,0.45952300000000007,0.5096446666666666,0.5054556666666666,0.5419143333333334,0.46323566666666666,0.46323566666666666,0.45952300000000007,0.45952300000000007,0.5096446666666666,0.5096446666666666,0.5054556666666666,0.5054556666666666,0.5419143333333334,0.5419143333333334
2059,4,19,6,0.13706033333333334,0.21223766666666666,0.21542233333333335,0.20609999999999998,0.215934,0.13706033333333334,0.13706033333333334,0.21223766666666666,0.21223766666666666,0.21542233333333335,0.21542233333333335,0.20609999999999998,0.20609999999999998,0.215934,0.215934
2059,4,19,7,0.0,0.0017809999999999998,0.0005776666666666666,0.0,0.0,0.0,0.0,0.0017809999999999998,0.0017809999999999998,0.0005776666666666666,0.0005776666666666666,0.0,0.0,0.0,0.0
2059,4,19,8,0.0,0.0,0.0,0.0,0.0,0.0,0.0,0.0,0.0,0.0,0.0,0.0,0.0,0.0,0.0
2059,4,20,1,0.0,0.0,0.0,0.0,0.0,0.0,0.0,0.0,0.0,0.0,0.0,0.0,0.0,0.0,0.0
2059,4,20,2,0.0,0.0,0.0,0.0,0.0,0.0,0.0,0.0,0.0,0.0,0.0,0.0,0.0,0.0,0.0
2059,4,20,3,0.15174066666666666,0.06835133333333333,0.09742200000000001,0.11164466666666667,0.13259666666666667,0.15174066666666666,0.15174066666666666,0.06835133333333333,0.06835133333333333,0.09742200000000001,0.09742200000000001,0.11164466666666667,0.11164466666666667,0.13259666666666667,0.13259666666666667
2059,4,20,4,0.46727466666666667,0.38161466666666666,0.46343333333333336,0.4557553333333333,0.497955,0.46727466666666667,0.46727466666666667,0.38161466666666666,0.38161466666666666,0.46343333333333336,0.46343333333333336,0.4557553333333333,0.4557553333333333,0.497955,0.497955
2059,4,20,5,0.46323566666666666,0.45952300000000007,0.5096446666666666,0.5054556666666666,0.5419143333333334,0.46323566666666666,0.46323566666666666,0.45952300000000007,0.45952300000000007,0.5096446666666666,0.5096446666666666,0.5054556666666666,0.5054556666666666,0.5419143333333334,0.5419143333333334
2059,4,20,6,0.13706033333333334,0.21223766666666666,0.21542233333333335,0.20609999999999998,0.215934,0.13706033333333334,0.13706033333333334,0.21223766666666666,0.21223766666666666,0.21542233333333335,0.21542233333333335,0.20609999999999998,0.20609999999999998,0.215934,0.215934
2059,4,20,7,0.0,0.0017809999999999998,0.0005776666666666666,0.0,0.0,0.0,0.0,0.0017809999999999998,0.0017809999999999998,0.0005776666666666666,0.0005776666666666666,0.0,0.0,0.0,0.0
2059,4,20,8,0.0,0.0,0.0,0.0,0.0,0.0,0.0,0.0,0.0,0.0,0.0,0.0,0.0,0.0,0.0
2059,4,21,1,0.0,0.0,0.0,0.0,0.0,0.0,0.0,0.0,0.0,0.0,0.0,0.0,0.0,0.0,0.0
2059,4,21,2,0.0,0.0,0.0,0.0,0.0,0.0,0.0,0.0,0.0,0.0,0.0,0.0,0.0,0.0,0.0
2059,4,21,3,0.15174066666666666,0.06835133333333333,0.09742200000000001,0.11164466666666667,0.13259666666666667,0.15174066666666666,0.15174066666666666,0.06835133333333333,0.06835133333333333,0.09742200000000001,0.09742200000000001,0.11164466666666667,0.11164466666666667,0.13259666666666667,0.13259666666666667
2059,4,21,4,0.46727466666666667,0.38161466666666666,0.46343333333333336,0.4557553333333333,0.497955,0.46727466666666667,0.46727466666666667,0.38161466666666666,0.38161466666666666,0.46343333333333336,0.46343333333333336,0.4557553333333333,0.4557553333333333,0.497955,0.497955
2059,4,21,5,0.46323566666666666,0.45952300000000007,0.5096446666666666,0.5054556666666666,0.5419143333333334,0.46323566666666666,0.46323566666666666,0.45952300000000007,0.45952300000000007,0.5096446666666666,0.5096446666666666,0.5054556666666666,0.5054556666666666,0.5419143333333334,0.5419143333333334
2059,4,21,6,0.13706033333333334,0.21223766666666666,0.21542233333333335,0.20609999999999998,0.215934,0.13706033333333334,0.13706033333333334,0.21223766666666666,0.21223766666666666,0.21542233333333335,0.21542233333333335,0.20609999999999998,0.20609999999999998,0.215934,0.215934
2059,4,21,7,0.0,0.0017809999999999998,0.0005776666666666666,0.0,0.0,0.0,0.0,0.0017809999999999998,0.0017809999999999998,0.0005776666666666666,0.0005776666666666666,0.0,0.0,0.0,0.0
2059,4,21,8,0.0,0.0,0.0,0.0,0.0,0.0,0.0,0.0,0.0,0.0,0.0,0.0,0.0,0.0,0.0
2059,4,22,1,0.0,0.0,0.0,0.0,0.0,0.0,0.0,0.0,0.0,0.0,0.0,0.0,0.0,0.0,0.0
2059,4,22,2,0.0,0.0,0.0,0.0,0.0,0.0,0.0,0.0,0.0,0.0,0.0,0.0,0.0,0.0,0.0
2059,4,22,3,0.15174066666666666,0.06835133333333333,0.09742200000000001,0.11164466666666667,0.13259666666666667,0.15174066666666666,0.15174066666666666,0.06835133333333333,0.06835133333333333,0.09742200000000001,0.09742200000000001,0.11164466666666667,0.11164466666666667,0.13259666666666667,0.13259666666666667
2059,4,22,4,0.46727466666666667,0.38161466666666666,0.46343333333333336,0.4557553333333333,0.497955,0.46727466666666667,0.46727466666666667,0.38161466666666666,0.38161466666666666,0.46343333333333336,0.46343333333333336,0.4557553333333333,0.4557553333333333,0.497955,0.497955
2059,4,22,5,0.46323566666666666,0.45952300000000007,0.5096446666666666,0.5054556666666666,0.5419143333333334,0.46323566666666666,0.46323566666666666,0.45952300000000007,0.45952300000000007,0.5096446666666666,0.5096446666666666,0.5054556666666666,0.5054556666666666,0.5419143333333334,0.5419143333333334
2059,4,22,6,0.13706033333333334,0.21223766666666666,0.21542233333333335,0.20609999999999998,0.215934,0.13706033333333334,0.13706033333333334,0.21223766666666666,0.21223766666666666,0.21542233333333335,0.21542233333333335,0.20609999999999998,0.20609999999999998,0.215934,0.215934
2059,4,22,7,0.0,0.0017809999999999998,0.0005776666666666666,0.0,0.0,0.0,0.0,0.0017809999999999998,0.0017809999999999998,0.0005776666666666666,0.0005776666666666666,0.0,0.0,0.0,0.0
2059,4,22,8,0.0,0.0,0.0,0.0,0.0,0.0,0.0,0.0,0.0,0.0,0.0,0.0,0.0,0.0,0.0
2059,4,23,1,0.0,0.0,0.0,0.0,0.0,0.0,0.0,0.0,0.0,0.0,0.0,0.0,0.0,0.0,0.0
2059,4,23,2,0.0,0.0,0.0,0.0,0.0,0.0,0.0,0.0,0.0,0.0,0.0,0.0,0.0,0.0,0.0
2059,4,23,3,0.15174066666666666,0.06835133333333333,0.09742200000000001,0.11164466666666667,0.13259666666666667,0.15174066666666666,0.15174066666666666,0.06835133333333333,0.06835133333333333,0.09742200000000001,0.09742200000000001,0.11164466666666667,0.11164466666666667,0.13259666666666667,0.13259666666666667
2059,4,23,4,0.46727466666666667,0.38161466666666666,0.46343333333333336,0.4557553333333333,0.497955,0.46727466666666667,0.46727466666666667,0.38161466666666666,0.38161466666666666,0.46343333333333336,0.46343333333333336,0.4557553333333333,0.4557553333333333,0.497955,0.497955
2059,4,23,5,0.46323566666666666,0.45952300000000007,0.5096446666666666,0.5054556666666666,0.5419143333333334,0.46323566666666666,0.46323566666666666,0.45952300000000007,0.45952300000000007,0.5096446666666666,0.5096446666666666,0.5054556666666666,0.5054556666666666,0.5419143333333334,0.5419143333333334
2059,4,23,6,0.13706033333333334,0.21223766666666666,0.21542233333333335,0.20609999999999998,0.215934,0.13706033333333334,0.13706033333333334,0.21223766666666666,0.21223766666666666,0.21542233333333335,0.21542233333333335,0.20609999999999998,0.20609999999999998,0.215934,0.215934
2059,4,23,7,0.0,0.0017809999999999998,0.0005776666666666666,0.0,0.0,0.0,0.0,0.0017809999999999998,0.0017809999999999998,0.0005776666666666666,0.0005776666666666666,0.0,0.0,0.0,0.0
2059,4,23,8,0.0,0.0,0.0,0.0,0.0,0.0,0.0,0.0,0.0,0.0,0.0,0.0,0.0,0.0,0.0
2059,4,24,1,0.0,0.0,0.0,0.0,0.0,0.0,0.0,0.0,0.0,0.0,0.0,0.0,0.0,0.0,0.0
2059,4,24,2,0.0,0.0,0.0,0.0,0.0,0.0,0.0,0.0,0.0,0.0,0.0,0.0,0.0,0.0,0.0
2059,4,24,3,0.15174066666666666,0.06835133333333333,0.09742200000000001,0.11164466666666667,0.13259666666666667,0.15174066666666666,0.15174066666666666,0.06835133333333333,0.06835133333333333,0.09742200000000001,0.09742200000000001,0.11164466666666667,0.11164466666666667,0.13259666666666667,0.13259666666666667
2059,4,24,4,0.46727466666666667,0.38161466666666666,0.46343333333333336,0.4557553333333333,0.497955,0.46727466666666667,0.46727466666666667,0.38161466666666666,0.38161466666666666,0.46343333333333336,0.46343333333333336,0.4557553333333333,0.4557553333333333,0.497955,0.497955
2059,4,24,5,0.46323566666666666,0.45952300000000007,0.5096446666666666,0.5054556666666666,0.5419143333333334,0.46323566666666666,0.46323566666666666,0.45952300000000007,0.45952300000000007,0.5096446666666666,0.5096446666666666,0.5054556666666666,0.5054556666666666,0.5419143333333334,0.5419143333333334
2059,4,24,6,0.13706033333333334,0.21223766666666666,0.21542233333333335,0.20609999999999998,0.215934,0.13706033333333334,0.13706033333333334,0.21223766666666666,0.21223766666666666,0.21542233333333335,0.21542233333333335,0.20609999999999998,0.20609999999999998,0.215934,0.215934
2059,4,24,7,0.0,0.0017809999999999998,0.0005776666666666666,0.0,0.0,0.0,0.0,0.0017809999999999998,0.0017809999999999998,0.0005776666666666666,0.0005776666666666666,0.0,0.0,0.0,0.0
2059,4,24,8,0.0,0.0,0.0,0.0,0.0,0.0,0.0,0.0,0.0,0.0,0.0,0.0,0.0,0.0,0.0
2059,4,25,1,0.0,0.0,0.0,0.0,0.0,0.0,0.0,0.0,0.0,0.0,0.0,0.0,0.0,0.0,0.0
2059,4,25,2,0.0,0.0,0.0,0.0,0.0,0.0,0.0,0.0,0.0,0.0,0.0,0.0,0.0,0.0,0.0
2059,4,25,3,0.15174066666666666,0.06835133333333333,0.09742200000000001,0.11164466666666667,0.13259666666666667,0.15174066666666666,0.15174066666666666,0.06835133333333333,0.06835133333333333,0.09742200000000001,0.09742200000000001,0.11164466666666667,0.11164466666666667,0.13259666666666667,0.13259666666666667
2059,4,25,4,0.46727466666666667,0.38161466666666666,0.46343333333333336,0.4557553333333333,0.497955,0.46727466666666667,0.46727466666666667,0.38161466666666666,0.38161466666666666,0.46343333333333336,0.46343333333333336,0.4557553333333333,0.4557553333333333,0.497955,0.497955
2059,4,25,5,0.46323566666666666,0.45952300000000007,0.5096446666666666,0.5054556666666666,0.5419143333333334,0.46323566666666666,0.46323566666666666,0.45952300000000007,0.45952300000000007,0.5096446666666666,0.5096446666666666,0.5054556666666666,0.5054556666666666,0.5419143333333334,0.5419143333333334
2059,4,25,6,0.13706033333333334,0.21223766666666666,0.21542233333333335,0.20609999999999998,0.215934,0.13706033333333334,0.13706033333333334,0.21223766666666666,0.21223766666666666,0.21542233333333335,0.21542233333333335,0.20609999999999998,0.20609999999999998,0.215934,0.215934
2059,4,25,7,0.0,0.0017809999999999998,0.0005776666666666666,0.0,0.0,0.0,0.0,0.0017809999999999998,0.0017809999999999998,0.0005776666666666666,0.0005776666666666666,0.0,0.0,0.0,0.0
2059,4,25,8,0.0,0.0,0.0,0.0,0.0,0.0,0.0,0.0,0.0,0.0,0.0,0.0,0.0,0.0,0.0
2059,4,26,1,0.0,0.0,0.0,0.0,0.0,0.0,0.0,0.0,0.0,0.0,0.0,0.0,0.0,0.0,0.0
2059,4,26,2,0.0,0.0,0.0,0.0,0.0,0.0,0.0,0.0,0.0,0.0,0.0,0.0,0.0,0.0,0.0
2059,4,26,3,0.15174066666666666,0.06835133333333333,0.09742200000000001,0.11164466666666667,0.13259666666666667,0.15174066666666666,0.15174066666666666,0.06835133333333333,0.06835133333333333,0.09742200000000001,0.09742200000000001,0.11164466666666667,0.11164466666666667,0.13259666666666667,0.13259666666666667
2059,4,26,4,0.46727466666666667,0.38161466666666666,0.46343333333333336,0.4557553333333333,0.497955,0.46727466666666667,0.46727466666666667,0.38161466666666666,0.38161466666666666,0.46343333333333336,0.46343333333333336,0.4557553333333333,0.4557553333333333,0.497955,0.497955
2059,4,26,5,0.46323566666666666,0.45952300000000007,0.5096446666666666,0.5054556666666666,0.5419143333333334,0.46323566666666666,0.46323566666666666,0.45952300000000007,0.45952300000000007,0.5096446666666666,0.5096446666666666,0.5054556666666666,0.5054556666666666,0.5419143333333334,0.5419143333333334
2059,4,26,6,0.13706033333333334,0.21223766666666666,0.21542233333333335,0.20609999999999998,0.215934,0.13706033333333334,0.13706033333333334,0.21223766666666666,0.21223766666666666,0.21542233333333335,0.21542233333333335,0.20609999999999998,0.20609999999999998,0.215934,0.215934
2059,4,26,7,0.0,0.0017809999999999998,0.0005776666666666666,0.0,0.0,0.0,0.0,0.0017809999999999998,0.0017809999999999998,0.0005776666666666666,0.0005776666666666666,0.0,0.0,0.0,0.0
2059,4,26,8,0.0,0.0,0.0,0.0,0.0,0.0,0.0,0.0,0.0,0.0,0.0,0.0,0.0,0.0,0.0
2059,4,27,1,0.0,0.0,0.0,0.0,0.0,0.0,0.0,0.0,0.0,0.0,0.0,0.0,0.0,0.0,0.0
2059,4,27,2,0.0,0.0,0.0,0.0,0.0,0.0,0.0,0.0,0.0,0.0,0.0,0.0,0.0,0.0,0.0
2059,4,27,3,0.15174066666666666,0.06835133333333333,0.09742200000000001,0.11164466666666667,0.13259666666666667,0.15174066666666666,0.15174066666666666,0.06835133333333333,0.06835133333333333,0.09742200000000001,0.09742200000000001,0.11164466666666667,0.11164466666666667,0.13259666666666667,0.13259666666666667
2059,4,27,4,0.46727466666666667,0.38161466666666666,0.46343333333333336,0.4557553333333333,0.497955,0.46727466666666667,0.46727466666666667,0.38161466666666666,0.38161466666666666,0.46343333333333336,0.46343333333333336,0.4557553333333333,0.4557553333333333,0.497955,0.497955
2059,4,27,5,0.46323566666666666,0.45952300000000007,0.5096446666666666,0.5054556666666666,0.5419143333333334,0.46323566666666666,0.46323566666666666,0.45952300000000007,0.45952300000000007,0.5096446666666666,0.5096446666666666,0.5054556666666666,0.5054556666666666,0.5419143333333334,0.5419143333333334
2059,4,27,6,0.13706033333333334,0.21223766666666666,0.21542233333333335,0.20609999999999998,0.215934,0.13706033333333334,0.13706033333333334,0.21223766666666666,0.21223766666666666,0.21542233333333335,0.21542233333333335,0.20609999999999998,0.20609999999999998,0.215934,0.215934
2059,4,27,7,0.0,0.0017809999999999998,0.0005776666666666666,0.0,0.0,0.0,0.0,0.0017809999999999998,0.0017809999999999998,0.0005776666666666666,0.0005776666666666666,0.0,0.0,0.0,0.0
2059,4,27,8,0.0,0.0,0.0,0.0,0.0,0.0,0.0,0.0,0.0,0.0,0.0,0.0,0.0,0.0,0.0
2059,4,28,1,0.0,0.0,0.0,0.0,0.0,0.0,0.0,0.0,0.0,0.0,0.0,0.0,0.0,0.0,0.0
2059,4,28,2,0.0,0.0,0.0,0.0,0.0,0.0,0.0,0.0,0.0,0.0,0.0,0.0,0.0,0.0,0.0
2059,4,28,3,0.15174066666666666,0.06835133333333333,0.09742200000000001,0.11164466666666667,0.13259666666666667,0.15174066666666666,0.15174066666666666,0.06835133333333333,0.06835133333333333,0.09742200000000001,0.09742200000000001,0.11164466666666667,0.11164466666666667,0.13259666666666667,0.13259666666666667
2059,4,28,4,0.46727466666666667,0.38161466666666666,0.46343333333333336,0.4557553333333333,0.497955,0.46727466666666667,0.46727466666666667,0.38161466666666666,0.38161466666666666,0.46343333333333336,0.46343333333333336,0.4557553333333333,0.4557553333333333,0.497955,0.497955
2059,4,28,5,0.46323566666666666,0.45952300000000007,0.5096446666666666,0.5054556666666666,0.5419143333333334,0.46323566666666666,0.46323566666666666,0.45952300000000007,0.45952300000000007,0.5096446666666666,0.5096446666666666,0.5054556666666666,0.5054556666666666,0.5419143333333334,0.5419143333333334
2059,4,28,6,0.13706033333333334,0.21223766666666666,0.21542233333333335,0.20609999999999998,0.215934,0.13706033333333334,0.13706033333333334,0.21223766666666666,0.21223766666666666,0.21542233333333335,0.21542233333333335,0.20609999999999998,0.20609999999999998,0.215934,0.215934
2059,4,28,7,0.0,0.0017809999999999998,0.0005776666666666666,0.0,0.0,0.0,0.0,0.0017809999999999998,0.0017809999999999998,0.0005776666666666666,0.0005776666666666666,0.0,0.0,0.0,0.0
2059,4,28,8,0.0,0.0,0.0,0.0,0.0,0.0,0.0,0.0,0.0,0.0,0.0,0.0,0.0,0.0,0.0
2059,4,29,1,0.0,0.0,0.0,0.0,0.0,0.0,0.0,0.0,0.0,0.0,0.0,0.0,0.0,0.0,0.0
2059,4,29,2,0.0,0.0,0.0,0.0,0.0,0.0,0.0,0.0,0.0,0.0,0.0,0.0,0.0,0.0,0.0
2059,4,29,3,0.15174066666666666,0.06835133333333333,0.09742200000000001,0.11164466666666667,0.13259666666666667,0.15174066666666666,0.15174066666666666,0.06835133333333333,0.06835133333333333,0.09742200000000001,0.09742200000000001,0.11164466666666667,0.11164466666666667,0.13259666666666667,0.13259666666666667
2059,4,29,4,0.46727466666666667,0.38161466666666666,0.46343333333333336,0.4557553333333333,0.497955,0.46727466666666667,0.46727466666666667,0.38161466666666666,0.38161466666666666,0.46343333333333336,0.46343333333333336,0.4557553333333333,0.4557553333333333,0.497955,0.497955
2059,4,29,5,0.46323566666666666,0.45952300000000007,0.5096446666666666,0.5054556666666666,0.5419143333333334,0.46323566666666666,0.46323566666666666,0.45952300000000007,0.45952300000000007,0.5096446666666666,0.5096446666666666,0.5054556666666666,0.5054556666666666,0.5419143333333334,0.5419143333333334
2059,4,29,6,0.13706033333333334,0.21223766666666666,0.21542233333333335,0.20609999999999998,0.215934,0.13706033333333334,0.13706033333333334,0.21223766666666666,0.21223766666666666,0.21542233333333335,0.21542233333333335,0.20609999999999998,0.20609999999999998,0.215934,0.215934
2059,4,29,7,0.0,0.0017809999999999998,0.0005776666666666666,0.0,0.0,0.0,0.0,0.0017809999999999998,0.0017809999999999998,0.0005776666666666666,0.0005776666666666666,0.0,0.0,0.0,0.0
2059,4,29,8,0.0,0.0,0.0,0.0,0.0,0.0,0.0,0.0,0.0,0.0,0.0,0.0,0.0,0.0,0.0
2059,4,30,1,0.0,0.0,0.0,0.0,0.0,0.0,0.0,0.0,0.0,0.0,0.0,0.0,0.0,0.0,0.0
2059,4,30,2,0.0,0.0,0.0,0.0,0.0,0.0,0.0,0.0,0.0,0.0,0.0,0.0,0.0,0.0,0.0
2059,4,30,3,0.15174066666666666,0.06835133333333333,0.09742200000000001,0.11164466666666667,0.13259666666666667,0.15174066666666666,0.15174066666666666,0.06835133333333333,0.06835133333333333,0.09742200000000001,0.09742200000000001,0.11164466666666667,0.11164466666666667,0.13259666666666667,0.13259666666666667
2059,4,30,4,0.46727466666666667,0.38161466666666666,0.46343333333333336,0.4557553333333333,0.497955,0.46727466666666667,0.46727466666666667,0.38161466666666666,0.38161466666666666,0.46343333333333336,0.46343333333333336,0.4557553333333333,0.4557553333333333,0.497955,0.497955
2059,4,30,5,0.46323566666666666,0.45952300000000007,0.5096446666666666,0.5054556666666666,0.5419143333333334,0.46323566666666666,0.46323566666666666,0.45952300000000007,0.45952300000000007,0.5096446666666666,0.5096446666666666,0.5054556666666666,0.5054556666666666,0.5419143333333334,0.5419143333333334
2059,4,30,6,0.13706033333333334,0.21223766666666666,0.21542233333333335,0.20609999999999998,0.215934,0.13706033333333334,0.13706033333333334,0.21223766666666666,0.21223766666666666,0.21542233333333335,0.21542233333333335,0.20609999999999998,0.20609999999999998,0.215934,0.215934
2059,4,30,7,0.0,0.0017809999999999998,0.0005776666666666666,0.0,0.0,0.0,0.0,0.0017809999999999998,0.0017809999999999998,0.0005776666666666666,0.0005776666666666666,0.0,0.0,0.0,0.0
2059,4,30,8,0.0,0.0,0.0,0.0,0.0,0.0,0.0,0.0,0.0,0.0,0.0,0.0,0.0,0.0,0.0
2059,5,1,1,0.0,0.0,0.0,0.0,0.0,0.0,0.0,0.0,0.0,0.0,0.0,0.0,0.0,0.0,0.0
2059,5,1,2,0.0,0.0,0.0,0.0,0.0,0.0,0.0,0.0,0.0,0.0,0.0,0.0,0.0,0.0,0.0
2059,5,1,3,0.16860466666666665,0.07956233333333333,0.116699,0.154774,0.14764433333333335,0.16860466666666665,0.16860466666666665,0.07956233333333333,0.07956233333333333,0.116699,0.116699,0.154774,0.154774,0.14764433333333335,0.14764433333333335
2059,5,1,4,0.4974073333333333,0.45555066666666666,0.5546556666666667,0.5947203333333334,0.5725553333333333,0.4974073333333333,0.4974073333333333,0.45555066666666666,0.45555066666666666,0.5546556666666667,0.5546556666666667,0.5947203333333334,0.5947203333333334,0.5725553333333333,0.5725553333333333
2059,5,1,5,0.4770216666666667,0.5618736666666666,0.624215,0.651129,0.6159833333333333,0.4770216666666667,0.4770216666666667,0.5618736666666666,0.5618736666666666,0.624215,0.624215,0.651129,0.651129,0.6159833333333333,0.6159833333333333
2059,5,1,6,0.13202133333333332,0.27285733333333334,0.268387,0.2861183333333333,0.250484,0.13202133333333332,0.13202133333333332,0.27285733333333334,0.27285733333333334,0.268387,0.268387,0.2861183333333333,0.2861183333333333,0.250484,0.250484
2059,5,1,7,0.0,0.001773,0.0003656666666666667,0.0,0.0,0.0,0.0,0.001773,0.001773,0.0003656666666666667,0.0003656666666666667,0.0,0.0,0.0,0.0
2059,5,1,8,0.0,0.0,0.0,0.0,0.0,0.0,0.0,0.0,0.0,0.0,0.0,0.0,0.0,0.0,0.0
2059,5,2,1,0.0,0.0,0.0,0.0,0.0,0.0,0.0,0.0,0.0,0.0,0.0,0.0,0.0,0.0,0.0
2059,5,2,2,0.0,0.0,0.0,0.0,0.0,0.0,0.0,0.0,0.0,0.0,0.0,0.0,0.0,0.0,0.0
2059,5,2,3,0.16860466666666665,0.07956233333333333,0.116699,0.154774,0.14764433333333335,0.16860466666666665,0.16860466666666665,0.07956233333333333,0.07956233333333333,0.116699,0.116699,0.154774,0.154774,0.14764433333333335,0.14764433333333335
2059,5,2,4,0.4974073333333333,0.45555066666666666,0.5546556666666667,0.5947203333333334,0.5725553333333333,0.4974073333333333,0.4974073333333333,0.45555066666666666,0.45555066666666666,0.5546556666666667,0.5546556666666667,0.5947203333333334,0.5947203333333334,0.5725553333333333,0.5725553333333333
2059,5,2,5,0.4770216666666667,0.5618736666666666,0.624215,0.651129,0.6159833333333333,0.4770216666666667,0.4770216666666667,0.5618736666666666,0.5618736666666666,0.624215,0.624215,0.651129,0.651129,0.6159833333333333,0.6159833333333333
2059,5,2,6,0.13202133333333332,0.27285733333333334,0.268387,0.2861183333333333,0.250484,0.13202133333333332,0.13202133333333332,0.27285733333333334,0.27285733333333334,0.268387,0.268387,0.2861183333333333,0.2861183333333333,0.250484,0.250484
2059,5,2,7,0.0,0.001773,0.0003656666666666667,0.0,0.0,0.0,0.0,0.001773,0.001773,0.0003656666666666667,0.0003656666666666667,0.0,0.0,0.0,0.0
2059,5,2,8,0.0,0.0,0.0,0.0,0.0,0.0,0.0,0.0,0.0,0.0,0.0,0.0,0.0,0.0,0.0
2059,5,3,1,0.0,0.0,0.0,0.0,0.0,0.0,0.0,0.0,0.0,0.0,0.0,0.0,0.0,0.0,0.0
2059,5,3,2,0.0,0.0,0.0,0.0,0.0,0.0,0.0,0.0,0.0,0.0,0.0,0.0,0.0,0.0,0.0
2059,5,3,3,0.16860466666666665,0.07956233333333333,0.116699,0.154774,0.14764433333333335,0.16860466666666665,0.16860466666666665,0.07956233333333333,0.07956233333333333,0.116699,0.116699,0.154774,0.154774,0.14764433333333335,0.14764433333333335
2059,5,3,4,0.4974073333333333,0.45555066666666666,0.5546556666666667,0.5947203333333334,0.5725553333333333,0.4974073333333333,0.4974073333333333,0.45555066666666666,0.45555066666666666,0.5546556666666667,0.5546556666666667,0.5947203333333334,0.5947203333333334,0.5725553333333333,0.5725553333333333
2059,5,3,5,0.4770216666666667,0.5618736666666666,0.624215,0.651129,0.6159833333333333,0.4770216666666667,0.4770216666666667,0.5618736666666666,0.5618736666666666,0.624215,0.624215,0.651129,0.651129,0.6159833333333333,0.6159833333333333
2059,5,3,6,0.13202133333333332,0.27285733333333334,0.268387,0.2861183333333333,0.250484,0.13202133333333332,0.13202133333333332,0.27285733333333334,0.27285733333333334,0.268387,0.268387,0.2861183333333333,0.2861183333333333,0.250484,0.250484
2059,5,3,7,0.0,0.001773,0.0003656666666666667,0.0,0.0,0.0,0.0,0.001773,0.001773,0.0003656666666666667,0.0003656666666666667,0.0,0.0,0.0,0.0
2059,5,3,8,0.0,0.0,0.0,0.0,0.0,0.0,0.0,0.0,0.0,0.0,0.0,0.0,0.0,0.0,0.0
2059,5,4,1,0.0,0.0,0.0,0.0,0.0,0.0,0.0,0.0,0.0,0.0,0.0,0.0,0.0,0.0,0.0
2059,5,4,2,0.0,0.0,0.0,0.0,0.0,0.0,0.0,0.0,0.0,0.0,0.0,0.0,0.0,0.0,0.0
2059,5,4,3,0.16860466666666665,0.07956233333333333,0.116699,0.154774,0.14764433333333335,0.16860466666666665,0.16860466666666665,0.07956233333333333,0.07956233333333333,0.116699,0.116699,0.154774,0.154774,0.14764433333333335,0.14764433333333335
2059,5,4,4,0.4974073333333333,0.45555066666666666,0.5546556666666667,0.5947203333333334,0.5725553333333333,0.4974073333333333,0.4974073333333333,0.45555066666666666,0.45555066666666666,0.5546556666666667,0.5546556666666667,0.5947203333333334,0.5947203333333334,0.5725553333333333,0.5725553333333333
2059,5,4,5,0.4770216666666667,0.5618736666666666,0.624215,0.651129,0.6159833333333333,0.4770216666666667,0.4770216666666667,0.5618736666666666,0.5618736666666666,0.624215,0.624215,0.651129,0.651129,0.6159833333333333,0.6159833333333333
2059,5,4,6,0.13202133333333332,0.27285733333333334,0.268387,0.2861183333333333,0.250484,0.13202133333333332,0.13202133333333332,0.27285733333333334,0.27285733333333334,0.268387,0.268387,0.2861183333333333,0.2861183333333333,0.250484,0.250484
2059,5,4,7,0.0,0.001773,0.0003656666666666667,0.0,0.0,0.0,0.0,0.001773,0.001773,0.0003656666666666667,0.0003656666666666667,0.0,0.0,0.0,0.0
2059,5,4,8,0.0,0.0,0.0,0.0,0.0,0.0,0.0,0.0,0.0,0.0,0.0,0.0,0.0,0.0,0.0
2059,5,5,1,0.0,0.0,0.0,0.0,0.0,0.0,0.0,0.0,0.0,0.0,0.0,0.0,0.0,0.0,0.0
2059,5,5,2,0.0,0.0,0.0,0.0,0.0,0.0,0.0,0.0,0.0,0.0,0.0,0.0,0.0,0.0,0.0
2059,5,5,3,0.16860466666666665,0.07956233333333333,0.116699,0.154774,0.14764433333333335,0.16860466666666665,0.16860466666666665,0.07956233333333333,0.07956233333333333,0.116699,0.116699,0.154774,0.154774,0.14764433333333335,0.14764433333333335
2059,5,5,4,0.4974073333333333,0.45555066666666666,0.5546556666666667,0.5947203333333334,0.5725553333333333,0.4974073333333333,0.4974073333333333,0.45555066666666666,0.45555066666666666,0.5546556666666667,0.5546556666666667,0.5947203333333334,0.5947203333333334,0.5725553333333333,0.5725553333333333
2059,5,5,5,0.4770216666666667,0.5618736666666666,0.624215,0.651129,0.6159833333333333,0.4770216666666667,0.4770216666666667,0.5618736666666666,0.5618736666666666,0.624215,0.624215,0.651129,0.651129,0.6159833333333333,0.6159833333333333
2059,5,5,6,0.13202133333333332,0.27285733333333334,0.268387,0.2861183333333333,0.250484,0.13202133333333332,0.13202133333333332,0.27285733333333334,0.27285733333333334,0.268387,0.268387,0.2861183333333333,0.2861183333333333,0.250484,0.250484
2059,5,5,7,0.0,0.001773,0.0003656666666666667,0.0,0.0,0.0,0.0,0.001773,0.001773,0.0003656666666666667,0.0003656666666666667,0.0,0.0,0.0,0.0
2059,5,5,8,0.0,0.0,0.0,0.0,0.0,0.0,0.0,0.0,0.0,0.0,0.0,0.0,0.0,0.0,0.0
2059,5,6,1,0.0,0.0,0.0,0.0,0.0,0.0,0.0,0.0,0.0,0.0,0.0,0.0,0.0,0.0,0.0
2059,5,6,2,0.0,0.0,0.0,0.0,0.0,0.0,0.0,0.0,0.0,0.0,0.0,0.0,0.0,0.0,0.0
2059,5,6,3,0.16860466666666665,0.07956233333333333,0.116699,0.154774,0.14764433333333335,0.16860466666666665,0.16860466666666665,0.07956233333333333,0.07956233333333333,0.116699,0.116699,0.154774,0.154774,0.14764433333333335,0.14764433333333335
2059,5,6,4,0.4974073333333333,0.45555066666666666,0.5546556666666667,0.5947203333333334,0.5725553333333333,0.4974073333333333,0.4974073333333333,0.45555066666666666,0.45555066666666666,0.5546556666666667,0.5546556666666667,0.5947203333333334,0.5947203333333334,0.5725553333333333,0.5725553333333333
2059,5,6,5,0.4770216666666667,0.5618736666666666,0.624215,0.651129,0.6159833333333333,0.4770216666666667,0.4770216666666667,0.5618736666666666,0.5618736666666666,0.624215,0.624215,0.651129,0.651129,0.6159833333333333,0.6159833333333333
2059,5,6,6,0.13202133333333332,0.27285733333333334,0.268387,0.2861183333333333,0.250484,0.13202133333333332,0.13202133333333332,0.27285733333333334,0.27285733333333334,0.268387,0.268387,0.2861183333333333,0.2861183333333333,0.250484,0.250484
2059,5,6,7,0.0,0.001773,0.0003656666666666667,0.0,0.0,0.0,0.0,0.001773,0.001773,0.0003656666666666667,0.0003656666666666667,0.0,0.0,0.0,0.0
2059,5,6,8,0.0,0.0,0.0,0.0,0.0,0.0,0.0,0.0,0.0,0.0,0.0,0.0,0.0,0.0,0.0
2059,5,7,1,0.0,0.0,0.0,0.0,0.0,0.0,0.0,0.0,0.0,0.0,0.0,0.0,0.0,0.0,0.0
2059,5,7,2,0.0,0.0,0.0,0.0,0.0,0.0,0.0,0.0,0.0,0.0,0.0,0.0,0.0,0.0,0.0
2059,5,7,3,0.16860466666666665,0.07956233333333333,0.116699,0.154774,0.14764433333333335,0.16860466666666665,0.16860466666666665,0.07956233333333333,0.07956233333333333,0.116699,0.116699,0.154774,0.154774,0.14764433333333335,0.14764433333333335
2059,5,7,4,0.4974073333333333,0.45555066666666666,0.5546556666666667,0.5947203333333334,0.5725553333333333,0.4974073333333333,0.4974073333333333,0.45555066666666666,0.45555066666666666,0.5546556666666667,0.5546556666666667,0.5947203333333334,0.5947203333333334,0.5725553333333333,0.5725553333333333
2059,5,7,5,0.4770216666666667,0.5618736666666666,0.624215,0.651129,0.6159833333333333,0.4770216666666667,0.4770216666666667,0.5618736666666666,0.5618736666666666,0.624215,0.624215,0.651129,0.651129,0.6159833333333333,0.6159833333333333
2059,5,7,6,0.13202133333333332,0.27285733333333334,0.268387,0.2861183333333333,0.250484,0.13202133333333332,0.13202133333333332,0.27285733333333334,0.27285733333333334,0.268387,0.268387,0.2861183333333333,0.2861183333333333,0.250484,0.250484
2059,5,7,7,0.0,0.001773,0.0003656666666666667,0.0,0.0,0.0,0.0,0.001773,0.001773,0.0003656666666666667,0.0003656666666666667,0.0,0.0,0.0,0.0
2059,5,7,8,0.0,0.0,0.0,0.0,0.0,0.0,0.0,0.0,0.0,0.0,0.0,0.0,0.0,0.0,0.0
2059,5,8,1,0.0,0.0,0.0,0.0,0.0,0.0,0.0,0.0,0.0,0.0,0.0,0.0,0.0,0.0,0.0
2059,5,8,2,0.0,0.0,0.0,0.0,0.0,0.0,0.0,0.0,0.0,0.0,0.0,0.0,0.0,0.0,0.0
2059,5,8,3,0.16860466666666665,0.07956233333333333,0.116699,0.154774,0.14764433333333335,0.16860466666666665,0.16860466666666665,0.07956233333333333,0.07956233333333333,0.116699,0.116699,0.154774,0.154774,0.14764433333333335,0.14764433333333335
2059,5,8,4,0.4974073333333333,0.45555066666666666,0.5546556666666667,0.5947203333333334,0.5725553333333333,0.4974073333333333,0.4974073333333333,0.45555066666666666,0.45555066666666666,0.5546556666666667,0.5546556666666667,0.5947203333333334,0.5947203333333334,0.5725553333333333,0.5725553333333333
2059,5,8,5,0.4770216666666667,0.5618736666666666,0.624215,0.651129,0.6159833333333333,0.4770216666666667,0.4770216666666667,0.5618736666666666,0.5618736666666666,0.624215,0.624215,0.651129,0.651129,0.6159833333333333,0.6159833333333333
2059,5,8,6,0.13202133333333332,0.27285733333333334,0.268387,0.2861183333333333,0.250484,0.13202133333333332,0.13202133333333332,0.27285733333333334,0.27285733333333334,0.268387,0.268387,0.2861183333333333,0.2861183333333333,0.250484,0.250484
2059,5,8,7,0.0,0.001773,0.0003656666666666667,0.0,0.0,0.0,0.0,0.001773,0.001773,0.0003656666666666667,0.0003656666666666667,0.0,0.0,0.0,0.0
2059,5,8,8,0.0,0.0,0.0,0.0,0.0,0.0,0.0,0.0,0.0,0.0,0.0,0.0,0.0,0.0,0.0
2059,5,9,1,0.0,0.0,0.0,0.0,0.0,0.0,0.0,0.0,0.0,0.0,0.0,0.0,0.0,0.0,0.0
2059,5,9,2,0.0,0.0,0.0,0.0,0.0,0.0,0.0,0.0,0.0,0.0,0.0,0.0,0.0,0.0,0.0
2059,5,9,3,0.16860466666666665,0.07956233333333333,0.116699,0.154774,0.14764433333333335,0.16860466666666665,0.16860466666666665,0.07956233333333333,0.07956233333333333,0.116699,0.116699,0.154774,0.154774,0.14764433333333335,0.14764433333333335
2059,5,9,4,0.4974073333333333,0.45555066666666666,0.5546556666666667,0.5947203333333334,0.5725553333333333,0.4974073333333333,0.4974073333333333,0.45555066666666666,0.45555066666666666,0.5546556666666667,0.5546556666666667,0.5947203333333334,0.5947203333333334,0.5725553333333333,0.5725553333333333
2059,5,9,5,0.4770216666666667,0.5618736666666666,0.624215,0.651129,0.6159833333333333,0.4770216666666667,0.4770216666666667,0.5618736666666666,0.5618736666666666,0.624215,0.624215,0.651129,0.651129,0.6159833333333333,0.6159833333333333
2059,5,9,6,0.13202133333333332,0.27285733333333334,0.268387,0.2861183333333333,0.250484,0.13202133333333332,0.13202133333333332,0.27285733333333334,0.27285733333333334,0.268387,0.268387,0.2861183333333333,0.2861183333333333,0.250484,0.250484
2059,5,9,7,0.0,0.001773,0.0003656666666666667,0.0,0.0,0.0,0.0,0.001773,0.001773,0.0003656666666666667,0.0003656666666666667,0.0,0.0,0.0,0.0
2059,5,9,8,0.0,0.0,0.0,0.0,0.0,0.0,0.0,0.0,0.0,0.0,0.0,0.0,0.0,0.0,0.0
2059,5,10,1,0.0,0.0,0.0,0.0,0.0,0.0,0.0,0.0,0.0,0.0,0.0,0.0,0.0,0.0,0.0
2059,5,10,2,0.0,0.0,0.0,0.0,0.0,0.0,0.0,0.0,0.0,0.0,0.0,0.0,0.0,0.0,0.0
2059,5,10,3,0.16860466666666665,0.07956233333333333,0.116699,0.154774,0.14764433333333335,0.16860466666666665,0.16860466666666665,0.07956233333333333,0.07956233333333333,0.116699,0.116699,0.154774,0.154774,0.14764433333333335,0.14764433333333335
2059,5,10,4,0.4974073333333333,0.45555066666666666,0.5546556666666667,0.5947203333333334,0.5725553333333333,0.4974073333333333,0.4974073333333333,0.45555066666666666,0.45555066666666666,0.5546556666666667,0.5546556666666667,0.5947203333333334,0.5947203333333334,0.5725553333333333,0.5725553333333333
2059,5,10,5,0.4770216666666667,0.5618736666666666,0.624215,0.651129,0.6159833333333333,0.4770216666666667,0.4770216666666667,0.5618736666666666,0.5618736666666666,0.624215,0.624215,0.651129,0.651129,0.6159833333333333,0.6159833333333333
2059,5,10,6,0.13202133333333332,0.27285733333333334,0.268387,0.2861183333333333,0.250484,0.13202133333333332,0.13202133333333332,0.27285733333333334,0.27285733333333334,0.268387,0.268387,0.2861183333333333,0.2861183333333333,0.250484,0.250484
2059,5,10,7,0.0,0.001773,0.0003656666666666667,0.0,0.0,0.0,0.0,0.001773,0.001773,0.0003656666666666667,0.0003656666666666667,0.0,0.0,0.0,0.0
2059,5,10,8,0.0,0.0,0.0,0.0,0.0,0.0,0.0,0.0,0.0,0.0,0.0,0.0,0.0,0.0,0.0
2059,5,11,1,0.0,0.0,0.0,0.0,0.0,0.0,0.0,0.0,0.0,0.0,0.0,0.0,0.0,0.0,0.0
2059,5,11,2,0.0,0.0,0.0,0.0,0.0,0.0,0.0,0.0,0.0,0.0,0.0,0.0,0.0,0.0,0.0
2059,5,11,3,0.16860466666666665,0.07956233333333333,0.116699,0.154774,0.14764433333333335,0.16860466666666665,0.16860466666666665,0.07956233333333333,0.07956233333333333,0.116699,0.116699,0.154774,0.154774,0.14764433333333335,0.14764433333333335
2059,5,11,4,0.4974073333333333,0.45555066666666666,0.5546556666666667,0.5947203333333334,0.5725553333333333,0.4974073333333333,0.4974073333333333,0.45555066666666666,0.45555066666666666,0.5546556666666667,0.5546556666666667,0.5947203333333334,0.5947203333333334,0.5725553333333333,0.5725553333333333
2059,5,11,5,0.4770216666666667,0.5618736666666666,0.624215,0.651129,0.6159833333333333,0.4770216666666667,0.4770216666666667,0.5618736666666666,0.5618736666666666,0.624215,0.624215,0.651129,0.651129,0.6159833333333333,0.6159833333333333
2059,5,11,6,0.13202133333333332,0.27285733333333334,0.268387,0.2861183333333333,0.250484,0.13202133333333332,0.13202133333333332,0.27285733333333334,0.27285733333333334,0.268387,0.268387,0.2861183333333333,0.2861183333333333,0.250484,0.250484
2059,5,11,7,0.0,0.001773,0.0003656666666666667,0.0,0.0,0.0,0.0,0.001773,0.001773,0.0003656666666666667,0.0003656666666666667,0.0,0.0,0.0,0.0
2059,5,11,8,0.0,0.0,0.0,0.0,0.0,0.0,0.0,0.0,0.0,0.0,0.0,0.0,0.0,0.0,0.0
2059,5,12,1,0.0,0.0,0.0,0.0,0.0,0.0,0.0,0.0,0.0,0.0,0.0,0.0,0.0,0.0,0.0
2059,5,12,2,0.0,0.0,0.0,0.0,0.0,0.0,0.0,0.0,0.0,0.0,0.0,0.0,0.0,0.0,0.0
2059,5,12,3,0.16860466666666665,0.07956233333333333,0.116699,0.154774,0.14764433333333335,0.16860466666666665,0.16860466666666665,0.07956233333333333,0.07956233333333333,0.116699,0.116699,0.154774,0.154774,0.14764433333333335,0.14764433333333335
2059,5,12,4,0.4974073333333333,0.45555066666666666,0.5546556666666667,0.5947203333333334,0.5725553333333333,0.4974073333333333,0.4974073333333333,0.45555066666666666,0.45555066666666666,0.5546556666666667,0.5546556666666667,0.5947203333333334,0.5947203333333334,0.5725553333333333,0.5725553333333333
2059,5,12,5,0.4770216666666667,0.5618736666666666,0.624215,0.651129,0.6159833333333333,0.4770216666666667,0.4770216666666667,0.5618736666666666,0.5618736666666666,0.624215,0.624215,0.651129,0.651129,0.6159833333333333,0.6159833333333333
2059,5,12,6,0.13202133333333332,0.27285733333333334,0.268387,0.2861183333333333,0.250484,0.13202133333333332,0.13202133333333332,0.27285733333333334,0.27285733333333334,0.268387,0.268387,0.2861183333333333,0.2861183333333333,0.250484,0.250484
2059,5,12,7,0.0,0.001773,0.0003656666666666667,0.0,0.0,0.0,0.0,0.001773,0.001773,0.0003656666666666667,0.0003656666666666667,0.0,0.0,0.0,0.0
2059,5,12,8,0.0,0.0,0.0,0.0,0.0,0.0,0.0,0.0,0.0,0.0,0.0,0.0,0.0,0.0,0.0
2059,5,13,1,0.0,0.0,0.0,0.0,0.0,0.0,0.0,0.0,0.0,0.0,0.0,0.0,0.0,0.0,0.0
2059,5,13,2,0.0,0.0,0.0,0.0,0.0,0.0,0.0,0.0,0.0,0.0,0.0,0.0,0.0,0.0,0.0
2059,5,13,3,0.16860466666666665,0.07956233333333333,0.116699,0.154774,0.14764433333333335,0.16860466666666665,0.16860466666666665,0.07956233333333333,0.07956233333333333,0.116699,0.116699,0.154774,0.154774,0.14764433333333335,0.14764433333333335
2059,5,13,4,0.4974073333333333,0.45555066666666666,0.5546556666666667,0.5947203333333334,0.5725553333333333,0.4974073333333333,0.4974073333333333,0.45555066666666666,0.45555066666666666,0.5546556666666667,0.5546556666666667,0.5947203333333334,0.5947203333333334,0.5725553333333333,0.5725553333333333
2059,5,13,5,0.4770216666666667,0.5618736666666666,0.624215,0.651129,0.6159833333333333,0.4770216666666667,0.4770216666666667,0.5618736666666666,0.5618736666666666,0.624215,0.624215,0.651129,0.651129,0.6159833333333333,0.6159833333333333
2059,5,13,6,0.13202133333333332,0.27285733333333334,0.268387,0.2861183333333333,0.250484,0.13202133333333332,0.13202133333333332,0.27285733333333334,0.27285733333333334,0.268387,0.268387,0.2861183333333333,0.2861183333333333,0.250484,0.250484
2059,5,13,7,0.0,0.001773,0.0003656666666666667,0.0,0.0,0.0,0.0,0.001773,0.001773,0.0003656666666666667,0.0003656666666666667,0.0,0.0,0.0,0.0
2059,5,13,8,0.0,0.0,0.0,0.0,0.0,0.0,0.0,0.0,0.0,0.0,0.0,0.0,0.0,0.0,0.0
2059,5,14,1,0.0,0.0,0.0,0.0,0.0,0.0,0.0,0.0,0.0,0.0,0.0,0.0,0.0,0.0,0.0
2059,5,14,2,0.0,0.0,0.0,0.0,0.0,0.0,0.0,0.0,0.0,0.0,0.0,0.0,0.0,0.0,0.0
2059,5,14,3,0.16860466666666665,0.07956233333333333,0.116699,0.154774,0.14764433333333335,0.16860466666666665,0.16860466666666665,0.07956233333333333,0.07956233333333333,0.116699,0.116699,0.154774,0.154774,0.14764433333333335,0.14764433333333335
2059,5,14,4,0.4974073333333333,0.45555066666666666,0.5546556666666667,0.5947203333333334,0.5725553333333333,0.4974073333333333,0.4974073333333333,0.45555066666666666,0.45555066666666666,0.5546556666666667,0.5546556666666667,0.5947203333333334,0.5947203333333334,0.5725553333333333,0.5725553333333333
2059,5,14,5,0.4770216666666667,0.5618736666666666,0.624215,0.651129,0.6159833333333333,0.4770216666666667,0.4770216666666667,0.5618736666666666,0.5618736666666666,0.624215,0.624215,0.651129,0.651129,0.6159833333333333,0.6159833333333333
2059,5,14,6,0.13202133333333332,0.27285733333333334,0.268387,0.2861183333333333,0.250484,0.13202133333333332,0.13202133333333332,0.27285733333333334,0.27285733333333334,0.268387,0.268387,0.2861183333333333,0.2861183333333333,0.250484,0.250484
2059,5,14,7,0.0,0.001773,0.0003656666666666667,0.0,0.0,0.0,0.0,0.001773,0.001773,0.0003656666666666667,0.0003656666666666667,0.0,0.0,0.0,0.0
2059,5,14,8,0.0,0.0,0.0,0.0,0.0,0.0,0.0,0.0,0.0,0.0,0.0,0.0,0.0,0.0,0.0
2059,5,15,1,0.0,0.0,0.0,0.0,0.0,0.0,0.0,0.0,0.0,0.0,0.0,0.0,0.0,0.0,0.0
2059,5,15,2,0.0,0.0,0.0,0.0,0.0,0.0,0.0,0.0,0.0,0.0,0.0,0.0,0.0,0.0,0.0
2059,5,15,3,0.16860466666666665,0.07956233333333333,0.116699,0.154774,0.14764433333333335,0.16860466666666665,0.16860466666666665,0.07956233333333333,0.07956233333333333,0.116699,0.116699,0.154774,0.154774,0.14764433333333335,0.14764433333333335
2059,5,15,4,0.4974073333333333,0.45555066666666666,0.5546556666666667,0.5947203333333334,0.5725553333333333,0.4974073333333333,0.4974073333333333,0.45555066666666666,0.45555066666666666,0.5546556666666667,0.5546556666666667,0.5947203333333334,0.5947203333333334,0.5725553333333333,0.5725553333333333
2059,5,15,5,0.4770216666666667,0.5618736666666666,0.624215,0.651129,0.6159833333333333,0.4770216666666667,0.4770216666666667,0.5618736666666666,0.5618736666666666,0.624215,0.624215,0.651129,0.651129,0.6159833333333333,0.6159833333333333
2059,5,15,6,0.13202133333333332,0.27285733333333334,0.268387,0.2861183333333333,0.250484,0.13202133333333332,0.13202133333333332,0.27285733333333334,0.27285733333333334,0.268387,0.268387,0.2861183333333333,0.2861183333333333,0.250484,0.250484
2059,5,15,7,0.0,0.001773,0.0003656666666666667,0.0,0.0,0.0,0.0,0.001773,0.001773,0.0003656666666666667,0.0003656666666666667,0.0,0.0,0.0,0.0
2059,5,15,8,0.0,0.0,0.0,0.0,0.0,0.0,0.0,0.0,0.0,0.0,0.0,0.0,0.0,0.0,0.0
2059,5,16,1,0.0,0.0,0.0,0.0,0.0,0.0,0.0,0.0,0.0,0.0,0.0,0.0,0.0,0.0,0.0
2059,5,16,2,0.0,0.0,0.0,0.0,0.0,0.0,0.0,0.0,0.0,0.0,0.0,0.0,0.0,0.0,0.0
2059,5,16,3,0.16860466666666665,0.07956233333333333,0.116699,0.154774,0.14764433333333335,0.16860466666666665,0.16860466666666665,0.07956233333333333,0.07956233333333333,0.116699,0.116699,0.154774,0.154774,0.14764433333333335,0.14764433333333335
2059,5,16,4,0.4974073333333333,0.45555066666666666,0.5546556666666667,0.5947203333333334,0.5725553333333333,0.4974073333333333,0.4974073333333333,0.45555066666666666,0.45555066666666666,0.5546556666666667,0.5546556666666667,0.5947203333333334,0.5947203333333334,0.5725553333333333,0.5725553333333333
2059,5,16,5,0.4770216666666667,0.5618736666666666,0.624215,0.651129,0.6159833333333333,0.4770216666666667,0.4770216666666667,0.5618736666666666,0.5618736666666666,0.624215,0.624215,0.651129,0.651129,0.6159833333333333,0.6159833333333333
2059,5,16,6,0.13202133333333332,0.27285733333333334,0.268387,0.2861183333333333,0.250484,0.13202133333333332,0.13202133333333332,0.27285733333333334,0.27285733333333334,0.268387,0.268387,0.2861183333333333,0.2861183333333333,0.250484,0.250484
2059,5,16,7,0.0,0.001773,0.0003656666666666667,0.0,0.0,0.0,0.0,0.001773,0.001773,0.0003656666666666667,0.0003656666666666667,0.0,0.0,0.0,0.0
2059,5,16,8,0.0,0.0,0.0,0.0,0.0,0.0,0.0,0.0,0.0,0.0,0.0,0.0,0.0,0.0,0.0
2059,5,17,1,0.0,0.0,0.0,0.0,0.0,0.0,0.0,0.0,0.0,0.0,0.0,0.0,0.0,0.0,0.0
2059,5,17,2,0.0,0.0,0.0,0.0,0.0,0.0,0.0,0.0,0.0,0.0,0.0,0.0,0.0,0.0,0.0
2059,5,17,3,0.16860466666666665,0.07956233333333333,0.116699,0.154774,0.14764433333333335,0.16860466666666665,0.16860466666666665,0.07956233333333333,0.07956233333333333,0.116699,0.116699,0.154774,0.154774,0.14764433333333335,0.14764433333333335
2059,5,17,4,0.4974073333333333,0.45555066666666666,0.5546556666666667,0.5947203333333334,0.5725553333333333,0.4974073333333333,0.4974073333333333,0.45555066666666666,0.45555066666666666,0.5546556666666667,0.5546556666666667,0.5947203333333334,0.5947203333333334,0.5725553333333333,0.5725553333333333
2059,5,17,5,0.4770216666666667,0.5618736666666666,0.624215,0.651129,0.6159833333333333,0.4770216666666667,0.4770216666666667,0.5618736666666666,0.5618736666666666,0.624215,0.624215,0.651129,0.651129,0.6159833333333333,0.6159833333333333
2059,5,17,6,0.13202133333333332,0.27285733333333334,0.268387,0.2861183333333333,0.250484,0.13202133333333332,0.13202133333333332,0.27285733333333334,0.27285733333333334,0.268387,0.268387,0.2861183333333333,0.2861183333333333,0.250484,0.250484
2059,5,17,7,0.0,0.001773,0.0003656666666666667,0.0,0.0,0.0,0.0,0.001773,0.001773,0.0003656666666666667,0.0003656666666666667,0.0,0.0,0.0,0.0
2059,5,17,8,0.0,0.0,0.0,0.0,0.0,0.0,0.0,0.0,0.0,0.0,0.0,0.0,0.0,0.0,0.0
2059,5,18,1,0.0,0.0,0.0,0.0,0.0,0.0,0.0,0.0,0.0,0.0,0.0,0.0,0.0,0.0,0.0
2059,5,18,2,0.0,0.0,0.0,0.0,0.0,0.0,0.0,0.0,0.0,0.0,0.0,0.0,0.0,0.0,0.0
2059,5,18,3,0.16860466666666665,0.07956233333333333,0.116699,0.154774,0.14764433333333335,0.16860466666666665,0.16860466666666665,0.07956233333333333,0.07956233333333333,0.116699,0.116699,0.154774,0.154774,0.14764433333333335,0.14764433333333335
2059,5,18,4,0.4974073333333333,0.45555066666666666,0.5546556666666667,0.5947203333333334,0.5725553333333333,0.4974073333333333,0.4974073333333333,0.45555066666666666,0.45555066666666666,0.5546556666666667,0.5546556666666667,0.5947203333333334,0.5947203333333334,0.5725553333333333,0.5725553333333333
2059,5,18,5,0.4770216666666667,0.5618736666666666,0.624215,0.651129,0.6159833333333333,0.4770216666666667,0.4770216666666667,0.5618736666666666,0.5618736666666666,0.624215,0.624215,0.651129,0.651129,0.6159833333333333,0.6159833333333333
2059,5,18,6,0.13202133333333332,0.27285733333333334,0.268387,0.2861183333333333,0.250484,0.13202133333333332,0.13202133333333332,0.27285733333333334,0.27285733333333334,0.268387,0.268387,0.2861183333333333,0.2861183333333333,0.250484,0.250484
2059,5,18,7,0.0,0.001773,0.0003656666666666667,0.0,0.0,0.0,0.0,0.001773,0.001773,0.0003656666666666667,0.0003656666666666667,0.0,0.0,0.0,0.0
2059,5,18,8,0.0,0.0,0.0,0.0,0.0,0.0,0.0,0.0,0.0,0.0,0.0,0.0,0.0,0.0,0.0
2059,5,19,1,0.0,0.0,0.0,0.0,0.0,0.0,0.0,0.0,0.0,0.0,0.0,0.0,0.0,0.0,0.0
2059,5,19,2,0.0,0.0,0.0,0.0,0.0,0.0,0.0,0.0,0.0,0.0,0.0,0.0,0.0,0.0,0.0
2059,5,19,3,0.16860466666666665,0.07956233333333333,0.116699,0.154774,0.14764433333333335,0.16860466666666665,0.16860466666666665,0.07956233333333333,0.07956233333333333,0.116699,0.116699,0.154774,0.154774,0.14764433333333335,0.14764433333333335
2059,5,19,4,0.4974073333333333,0.45555066666666666,0.5546556666666667,0.5947203333333334,0.5725553333333333,0.4974073333333333,0.4974073333333333,0.45555066666666666,0.45555066666666666,0.5546556666666667,0.5546556666666667,0.5947203333333334,0.5947203333333334,0.5725553333333333,0.5725553333333333
2059,5,19,5,0.4770216666666667,0.5618736666666666,0.624215,0.651129,0.6159833333333333,0.4770216666666667,0.4770216666666667,0.5618736666666666,0.5618736666666666,0.624215,0.624215,0.651129,0.651129,0.6159833333333333,0.6159833333333333
2059,5,19,6,0.13202133333333332,0.27285733333333334,0.268387,0.2861183333333333,0.250484,0.13202133333333332,0.13202133333333332,0.27285733333333334,0.27285733333333334,0.268387,0.268387,0.2861183333333333,0.2861183333333333,0.250484,0.250484
2059,5,19,7,0.0,0.001773,0.0003656666666666667,0.0,0.0,0.0,0.0,0.001773,0.001773,0.0003656666666666667,0.0003656666666666667,0.0,0.0,0.0,0.0
2059,5,19,8,0.0,0.0,0.0,0.0,0.0,0.0,0.0,0.0,0.0,0.0,0.0,0.0,0.0,0.0,0.0
2059,5,20,1,0.0,0.0,0.0,0.0,0.0,0.0,0.0,0.0,0.0,0.0,0.0,0.0,0.0,0.0,0.0
2059,5,20,2,0.0,0.0,0.0,0.0,0.0,0.0,0.0,0.0,0.0,0.0,0.0,0.0,0.0,0.0,0.0
2059,5,20,3,0.16860466666666665,0.07956233333333333,0.116699,0.154774,0.14764433333333335,0.16860466666666665,0.16860466666666665,0.07956233333333333,0.07956233333333333,0.116699,0.116699,0.154774,0.154774,0.14764433333333335,0.14764433333333335
2059,5,20,4,0.4974073333333333,0.45555066666666666,0.5546556666666667,0.5947203333333334,0.5725553333333333,0.4974073333333333,0.4974073333333333,0.45555066666666666,0.45555066666666666,0.5546556666666667,0.5546556666666667,0.5947203333333334,0.5947203333333334,0.5725553333333333,0.5725553333333333
2059,5,20,5,0.4770216666666667,0.5618736666666666,0.624215,0.651129,0.6159833333333333,0.4770216666666667,0.4770216666666667,0.5618736666666666,0.5618736666666666,0.624215,0.624215,0.651129,0.651129,0.6159833333333333,0.6159833333333333
2059,5,20,6,0.13202133333333332,0.27285733333333334,0.268387,0.2861183333333333,0.250484,0.13202133333333332,0.13202133333333332,0.27285733333333334,0.27285733333333334,0.268387,0.268387,0.2861183333333333,0.2861183333333333,0.250484,0.250484
2059,5,20,7,0.0,0.001773,0.0003656666666666667,0.0,0.0,0.0,0.0,0.001773,0.001773,0.0003656666666666667,0.0003656666666666667,0.0,0.0,0.0,0.0
2059,5,20,8,0.0,0.0,0.0,0.0,0.0,0.0,0.0,0.0,0.0,0.0,0.0,0.0,0.0,0.0,0.0
2059,5,21,1,0.0,0.0,0.0,0.0,0.0,0.0,0.0,0.0,0.0,0.0,0.0,0.0,0.0,0.0,0.0
2059,5,21,2,0.0,0.0,0.0,0.0,0.0,0.0,0.0,0.0,0.0,0.0,0.0,0.0,0.0,0.0,0.0
2059,5,21,3,0.16860466666666665,0.07956233333333333,0.116699,0.154774,0.14764433333333335,0.16860466666666665,0.16860466666666665,0.07956233333333333,0.07956233333333333,0.116699,0.116699,0.154774,0.154774,0.14764433333333335,0.14764433333333335
2059,5,21,4,0.4974073333333333,0.45555066666666666,0.5546556666666667,0.5947203333333334,0.5725553333333333,0.4974073333333333,0.4974073333333333,0.45555066666666666,0.45555066666666666,0.5546556666666667,0.5546556666666667,0.5947203333333334,0.5947203333333334,0.5725553333333333,0.5725553333333333
2059,5,21,5,0.4770216666666667,0.5618736666666666,0.624215,0.651129,0.6159833333333333,0.4770216666666667,0.4770216666666667,0.5618736666666666,0.5618736666666666,0.624215,0.624215,0.651129,0.651129,0.6159833333333333,0.6159833333333333
2059,5,21,6,0.13202133333333332,0.27285733333333334,0.268387,0.2861183333333333,0.250484,0.13202133333333332,0.13202133333333332,0.27285733333333334,0.27285733333333334,0.268387,0.268387,0.2861183333333333,0.2861183333333333,0.250484,0.250484
2059,5,21,7,0.0,0.001773,0.0003656666666666667,0.0,0.0,0.0,0.0,0.001773,0.001773,0.0003656666666666667,0.0003656666666666667,0.0,0.0,0.0,0.0
2059,5,21,8,0.0,0.0,0.0,0.0,0.0,0.0,0.0,0.0,0.0,0.0,0.0,0.0,0.0,0.0,0.0
2059,5,22,1,0.0,0.0,0.0,0.0,0.0,0.0,0.0,0.0,0.0,0.0,0.0,0.0,0.0,0.0,0.0
2059,5,22,2,0.0,0.0,0.0,0.0,0.0,0.0,0.0,0.0,0.0,0.0,0.0,0.0,0.0,0.0,0.0
2059,5,22,3,0.16860466666666665,0.07956233333333333,0.116699,0.154774,0.14764433333333335,0.16860466666666665,0.16860466666666665,0.07956233333333333,0.07956233333333333,0.116699,0.116699,0.154774,0.154774,0.14764433333333335,0.14764433333333335
2059,5,22,4,0.4974073333333333,0.45555066666666666,0.5546556666666667,0.5947203333333334,0.5725553333333333,0.4974073333333333,0.4974073333333333,0.45555066666666666,0.45555066666666666,0.5546556666666667,0.5546556666666667,0.5947203333333334,0.5947203333333334,0.5725553333333333,0.5725553333333333
2059,5,22,5,0.4770216666666667,0.5618736666666666,0.624215,0.651129,0.6159833333333333,0.4770216666666667,0.4770216666666667,0.5618736666666666,0.5618736666666666,0.624215,0.624215,0.651129,0.651129,0.6159833333333333,0.6159833333333333
2059,5,22,6,0.13202133333333332,0.27285733333333334,0.268387,0.2861183333333333,0.250484,0.13202133333333332,0.13202133333333332,0.27285733333333334,0.27285733333333334,0.268387,0.268387,0.2861183333333333,0.2861183333333333,0.250484,0.250484
2059,5,22,7,0.0,0.001773,0.0003656666666666667,0.0,0.0,0.0,0.0,0.001773,0.001773,0.0003656666666666667,0.0003656666666666667,0.0,0.0,0.0,0.0
2059,5,22,8,0.0,0.0,0.0,0.0,0.0,0.0,0.0,0.0,0.0,0.0,0.0,0.0,0.0,0.0,0.0
2059,5,23,1,0.0,0.0,0.0,0.0,0.0,0.0,0.0,0.0,0.0,0.0,0.0,0.0,0.0,0.0,0.0
2059,5,23,2,0.0,0.0,0.0,0.0,0.0,0.0,0.0,0.0,0.0,0.0,0.0,0.0,0.0,0.0,0.0
2059,5,23,3,0.16860466666666665,0.07956233333333333,0.116699,0.154774,0.14764433333333335,0.16860466666666665,0.16860466666666665,0.07956233333333333,0.07956233333333333,0.116699,0.116699,0.154774,0.154774,0.14764433333333335,0.14764433333333335
2059,5,23,4,0.4974073333333333,0.45555066666666666,0.5546556666666667,0.5947203333333334,0.5725553333333333,0.4974073333333333,0.4974073333333333,0.45555066666666666,0.45555066666666666,0.5546556666666667,0.5546556666666667,0.5947203333333334,0.5947203333333334,0.5725553333333333,0.5725553333333333
2059,5,23,5,0.4770216666666667,0.5618736666666666,0.624215,0.651129,0.6159833333333333,0.4770216666666667,0.4770216666666667,0.5618736666666666,0.5618736666666666,0.624215,0.624215,0.651129,0.651129,0.6159833333333333,0.6159833333333333
2059,5,23,6,0.13202133333333332,0.27285733333333334,0.268387,0.2861183333333333,0.250484,0.13202133333333332,0.13202133333333332,0.27285733333333334,0.27285733333333334,0.268387,0.268387,0.2861183333333333,0.2861183333333333,0.250484,0.250484
2059,5,23,7,0.0,0.001773,0.0003656666666666667,0.0,0.0,0.0,0.0,0.001773,0.001773,0.0003656666666666667,0.0003656666666666667,0.0,0.0,0.0,0.0
2059,5,23,8,0.0,0.0,0.0,0.0,0.0,0.0,0.0,0.0,0.0,0.0,0.0,0.0,0.0,0.0,0.0
2059,5,24,1,0.0,0.0,0.0,0.0,0.0,0.0,0.0,0.0,0.0,0.0,0.0,0.0,0.0,0.0,0.0
2059,5,24,2,0.0,0.0,0.0,0.0,0.0,0.0,0.0,0.0,0.0,0.0,0.0,0.0,0.0,0.0,0.0
2059,5,24,3,0.16860466666666665,0.07956233333333333,0.116699,0.154774,0.14764433333333335,0.16860466666666665,0.16860466666666665,0.07956233333333333,0.07956233333333333,0.116699,0.116699,0.154774,0.154774,0.14764433333333335,0.14764433333333335
2059,5,24,4,0.4974073333333333,0.45555066666666666,0.5546556666666667,0.5947203333333334,0.5725553333333333,0.4974073333333333,0.4974073333333333,0.45555066666666666,0.45555066666666666,0.5546556666666667,0.5546556666666667,0.5947203333333334,0.5947203333333334,0.5725553333333333,0.5725553333333333
2059,5,24,5,0.4770216666666667,0.5618736666666666,0.624215,0.651129,0.6159833333333333,0.4770216666666667,0.4770216666666667,0.5618736666666666,0.5618736666666666,0.624215,0.624215,0.651129,0.651129,0.6159833333333333,0.6159833333333333
2059,5,24,6,0.13202133333333332,0.27285733333333334,0.268387,0.2861183333333333,0.250484,0.13202133333333332,0.13202133333333332,0.27285733333333334,0.27285733333333334,0.268387,0.268387,0.2861183333333333,0.2861183333333333,0.250484,0.250484
2059,5,24,7,0.0,0.001773,0.0003656666666666667,0.0,0.0,0.0,0.0,0.001773,0.001773,0.0003656666666666667,0.0003656666666666667,0.0,0.0,0.0,0.0
2059,5,24,8,0.0,0.0,0.0,0.0,0.0,0.0,0.0,0.0,0.0,0.0,0.0,0.0,0.0,0.0,0.0
2059,5,25,1,0.0,0.0,0.0,0.0,0.0,0.0,0.0,0.0,0.0,0.0,0.0,0.0,0.0,0.0,0.0
2059,5,25,2,0.0,0.0,0.0,0.0,0.0,0.0,0.0,0.0,0.0,0.0,0.0,0.0,0.0,0.0,0.0
2059,5,25,3,0.16860466666666665,0.07956233333333333,0.116699,0.154774,0.14764433333333335,0.16860466666666665,0.16860466666666665,0.07956233333333333,0.07956233333333333,0.116699,0.116699,0.154774,0.154774,0.14764433333333335,0.14764433333333335
2059,5,25,4,0.4974073333333333,0.45555066666666666,0.5546556666666667,0.5947203333333334,0.5725553333333333,0.4974073333333333,0.4974073333333333,0.45555066666666666,0.45555066666666666,0.5546556666666667,0.5546556666666667,0.5947203333333334,0.5947203333333334,0.5725553333333333,0.5725553333333333
2059,5,25,5,0.4770216666666667,0.5618736666666666,0.624215,0.651129,0.6159833333333333,0.4770216666666667,0.4770216666666667,0.5618736666666666,0.5618736666666666,0.624215,0.624215,0.651129,0.651129,0.6159833333333333,0.6159833333333333
2059,5,25,6,0.13202133333333332,0.27285733333333334,0.268387,0.2861183333333333,0.250484,0.13202133333333332,0.13202133333333332,0.27285733333333334,0.27285733333333334,0.268387,0.268387,0.2861183333333333,0.2861183333333333,0.250484,0.250484
2059,5,25,7,0.0,0.001773,0.0003656666666666667,0.0,0.0,0.0,0.0,0.001773,0.001773,0.0003656666666666667,0.0003656666666666667,0.0,0.0,0.0,0.0
2059,5,25,8,0.0,0.0,0.0,0.0,0.0,0.0,0.0,0.0,0.0,0.0,0.0,0.0,0.0,0.0,0.0
2059,5,26,1,0.0,0.0,0.0,0.0,0.0,0.0,0.0,0.0,0.0,0.0,0.0,0.0,0.0,0.0,0.0
2059,5,26,2,0.0,0.0,0.0,0.0,0.0,0.0,0.0,0.0,0.0,0.0,0.0,0.0,0.0,0.0,0.0
2059,5,26,3,0.16860466666666665,0.07956233333333333,0.116699,0.154774,0.14764433333333335,0.16860466666666665,0.16860466666666665,0.07956233333333333,0.07956233333333333,0.116699,0.116699,0.154774,0.154774,0.14764433333333335,0.14764433333333335
2059,5,26,4,0.4974073333333333,0.45555066666666666,0.5546556666666667,0.5947203333333334,0.5725553333333333,0.4974073333333333,0.4974073333333333,0.45555066666666666,0.45555066666666666,0.5546556666666667,0.5546556666666667,0.5947203333333334,0.5947203333333334,0.5725553333333333,0.5725553333333333
2059,5,26,5,0.4770216666666667,0.5618736666666666,0.624215,0.651129,0.6159833333333333,0.4770216666666667,0.4770216666666667,0.5618736666666666,0.5618736666666666,0.624215,0.624215,0.651129,0.651129,0.6159833333333333,0.6159833333333333
2059,5,26,6,0.13202133333333332,0.27285733333333334,0.268387,0.2861183333333333,0.250484,0.13202133333333332,0.13202133333333332,0.27285733333333334,0.27285733333333334,0.268387,0.268387,0.2861183333333333,0.2861183333333333,0.250484,0.250484
2059,5,26,7,0.0,0.001773,0.0003656666666666667,0.0,0.0,0.0,0.0,0.001773,0.001773,0.0003656666666666667,0.0003656666666666667,0.0,0.0,0.0,0.0
2059,5,26,8,0.0,0.0,0.0,0.0,0.0,0.0,0.0,0.0,0.0,0.0,0.0,0.0,0.0,0.0,0.0
2059,5,27,1,0.0,0.0,0.0,0.0,0.0,0.0,0.0,0.0,0.0,0.0,0.0,0.0,0.0,0.0,0.0
2059,5,27,2,0.0,0.0,0.0,0.0,0.0,0.0,0.0,0.0,0.0,0.0,0.0,0.0,0.0,0.0,0.0
2059,5,27,3,0.16860466666666665,0.07956233333333333,0.116699,0.154774,0.14764433333333335,0.16860466666666665,0.16860466666666665,0.07956233333333333,0.07956233333333333,0.116699,0.116699,0.154774,0.154774,0.14764433333333335,0.14764433333333335
2059,5,27,4,0.4974073333333333,0.45555066666666666,0.5546556666666667,0.5947203333333334,0.5725553333333333,0.4974073333333333,0.4974073333333333,0.45555066666666666,0.45555066666666666,0.5546556666666667,0.5546556666666667,0.5947203333333334,0.5947203333333334,0.5725553333333333,0.5725553333333333
2059,5,27,5,0.4770216666666667,0.5618736666666666,0.624215,0.651129,0.6159833333333333,0.4770216666666667,0.4770216666666667,0.5618736666666666,0.5618736666666666,0.624215,0.624215,0.651129,0.651129,0.6159833333333333,0.6159833333333333
2059,5,27,6,0.13202133333333332,0.27285733333333334,0.268387,0.2861183333333333,0.250484,0.13202133333333332,0.13202133333333332,0.27285733333333334,0.27285733333333334,0.268387,0.268387,0.2861183333333333,0.2861183333333333,0.250484,0.250484
2059,5,27,7,0.0,0.001773,0.0003656666666666667,0.0,0.0,0.0,0.0,0.001773,0.001773,0.0003656666666666667,0.0003656666666666667,0.0,0.0,0.0,0.0
2059,5,27,8,0.0,0.0,0.0,0.0,0.0,0.0,0.0,0.0,0.0,0.0,0.0,0.0,0.0,0.0,0.0
2059,5,28,1,0.0,0.0,0.0,0.0,0.0,0.0,0.0,0.0,0.0,0.0,0.0,0.0,0.0,0.0,0.0
2059,5,28,2,0.0,0.0,0.0,0.0,0.0,0.0,0.0,0.0,0.0,0.0,0.0,0.0,0.0,0.0,0.0
2059,5,28,3,0.16860466666666665,0.07956233333333333,0.116699,0.154774,0.14764433333333335,0.16860466666666665,0.16860466666666665,0.07956233333333333,0.07956233333333333,0.116699,0.116699,0.154774,0.154774,0.14764433333333335,0.14764433333333335
2059,5,28,4,0.4974073333333333,0.45555066666666666,0.5546556666666667,0.5947203333333334,0.5725553333333333,0.4974073333333333,0.4974073333333333,0.45555066666666666,0.45555066666666666,0.5546556666666667,0.5546556666666667,0.5947203333333334,0.5947203333333334,0.5725553333333333,0.5725553333333333
2059,5,28,5,0.4770216666666667,0.5618736666666666,0.624215,0.651129,0.6159833333333333,0.4770216666666667,0.4770216666666667,0.5618736666666666,0.5618736666666666,0.624215,0.624215,0.651129,0.651129,0.6159833333333333,0.6159833333333333
2059,5,28,6,0.13202133333333332,0.27285733333333334,0.268387,0.2861183333333333,0.250484,0.13202133333333332,0.13202133333333332,0.27285733333333334,0.27285733333333334,0.268387,0.268387,0.2861183333333333,0.2861183333333333,0.250484,0.250484
2059,5,28,7,0.0,0.001773,0.0003656666666666667,0.0,0.0,0.0,0.0,0.001773,0.001773,0.0003656666666666667,0.0003656666666666667,0.0,0.0,0.0,0.0
2059,5,28,8,0.0,0.0,0.0,0.0,0.0,0.0,0.0,0.0,0.0,0.0,0.0,0.0,0.0,0.0,0.0
2059,5,29,1,0.0,0.0,0.0,0.0,0.0,0.0,0.0,0.0,0.0,0.0,0.0,0.0,0.0,0.0,0.0
2059,5,29,2,0.0,0.0,0.0,0.0,0.0,0.0,0.0,0.0,0.0,0.0,0.0,0.0,0.0,0.0,0.0
2059,5,29,3,0.16860466666666665,0.07956233333333333,0.116699,0.154774,0.14764433333333335,0.16860466666666665,0.16860466666666665,0.07956233333333333,0.07956233333333333,0.116699,0.116699,0.154774,0.154774,0.14764433333333335,0.14764433333333335
2059,5,29,4,0.4974073333333333,0.45555066666666666,0.5546556666666667,0.5947203333333334,0.5725553333333333,0.4974073333333333,0.4974073333333333,0.45555066666666666,0.45555066666666666,0.5546556666666667,0.5546556666666667,0.5947203333333334,0.5947203333333334,0.5725553333333333,0.5725553333333333
2059,5,29,5,0.4770216666666667,0.5618736666666666,0.624215,0.651129,0.6159833333333333,0.4770216666666667,0.4770216666666667,0.5618736666666666,0.5618736666666666,0.624215,0.624215,0.651129,0.651129,0.6159833333333333,0.6159833333333333
2059,5,29,6,0.13202133333333332,0.27285733333333334,0.268387,0.2861183333333333,0.250484,0.13202133333333332,0.13202133333333332,0.27285733333333334,0.27285733333333334,0.268387,0.268387,0.2861183333333333,0.2861183333333333,0.250484,0.250484
2059,5,29,7,0.0,0.001773,0.0003656666666666667,0.0,0.0,0.0,0.0,0.001773,0.001773,0.0003656666666666667,0.0003656666666666667,0.0,0.0,0.0,0.0
2059,5,29,8,0.0,0.0,0.0,0.0,0.0,0.0,0.0,0.0,0.0,0.0,0.0,0.0,0.0,0.0,0.0
2059,5,30,1,0.0,0.0,0.0,0.0,0.0,0.0,0.0,0.0,0.0,0.0,0.0,0.0,0.0,0.0,0.0
2059,5,30,2,0.0,0.0,0.0,0.0,0.0,0.0,0.0,0.0,0.0,0.0,0.0,0.0,0.0,0.0,0.0
2059,5,30,3,0.16860466666666665,0.07956233333333333,0.116699,0.154774,0.14764433333333335,0.16860466666666665,0.16860466666666665,0.07956233333333333,0.07956233333333333,0.116699,0.116699,0.154774,0.154774,0.14764433333333335,0.14764433333333335
2059,5,30,4,0.4974073333333333,0.45555066666666666,0.5546556666666667,0.5947203333333334,0.5725553333333333,0.4974073333333333,0.4974073333333333,0.45555066666666666,0.45555066666666666,0.5546556666666667,0.5546556666666667,0.5947203333333334,0.5947203333333334,0.5725553333333333,0.5725553333333333
2059,5,30,5,0.4770216666666667,0.5618736666666666,0.624215,0.651129,0.6159833333333333,0.4770216666666667,0.4770216666666667,0.5618736666666666,0.5618736666666666,0.624215,0.624215,0.651129,0.651129,0.6159833333333333,0.6159833333333333
2059,5,30,6,0.13202133333333332,0.27285733333333334,0.268387,0.2861183333333333,0.250484,0.13202133333333332,0.13202133333333332,0.27285733333333334,0.27285733333333334,0.268387,0.268387,0.2861183333333333,0.2861183333333333,0.250484,0.250484
2059,5,30,7,0.0,0.001773,0.0003656666666666667,0.0,0.0,0.0,0.0,0.001773,0.001773,0.0003656666666666667,0.0003656666666666667,0.0,0.0,0.0,0.0
2059,5,30,8,0.0,0.0,0.0,0.0,0.0,0.0,0.0,0.0,0.0,0.0,0.0,0.0,0.0,0.0,0.0
2059,5,31,1,0.0,0.0,0.0,0.0,0.0,0.0,0.0,0.0,0.0,0.0,0.0,0.0,0.0,0.0,0.0
2059,5,31,2,0.0,0.0,0.0,0.0,0.0,0.0,0.0,0.0,0.0,0.0,0.0,0.0,0.0,0.0,0.0
2059,5,31,3,0.16860466666666665,0.07956233333333333,0.116699,0.154774,0.14764433333333335,0.16860466666666665,0.16860466666666665,0.07956233333333333,0.07956233333333333,0.116699,0.116699,0.154774,0.154774,0.14764433333333335,0.14764433333333335
2059,5,31,4,0.4974073333333333,0.45555066666666666,0.5546556666666667,0.5947203333333334,0.5725553333333333,0.4974073333333333,0.4974073333333333,0.45555066666666666,0.45555066666666666,0.5546556666666667,0.5546556666666667,0.5947203333333334,0.5947203333333334,0.5725553333333333,0.5725553333333333
2059,5,31,5,0.4770216666666667,0.5618736666666666,0.624215,0.651129,0.6159833333333333,0.4770216666666667,0.4770216666666667,0.5618736666666666,0.5618736666666666,0.624215,0.624215,0.651129,0.651129,0.6159833333333333,0.6159833333333333
2059,5,31,6,0.13202133333333332,0.27285733333333334,0.268387,0.2861183333333333,0.250484,0.13202133333333332,0.13202133333333332,0.27285733333333334,0.27285733333333334,0.268387,0.268387,0.2861183333333333,0.2861183333333333,0.250484,0.250484
2059,5,31,7,0.0,0.001773,0.0003656666666666667,0.0,0.0,0.0,0.0,0.001773,0.001773,0.0003656666666666667,0.0003656666666666667,0.0,0.0,0.0,0.0
2059,5,31,8,0.0,0.0,0.0,0.0,0.0,0.0,0.0,0.0,0.0,0.0,0.0,0.0,0.0,0.0,0.0
2059,6,1,1,0.0,0.0,0.0,0.0,0.0,0.0,0.0,0.0,0.0,0.0,0.0,0.0,0.0,0.0,0.0
2059,6,1,2,0.0,0.0,0.0,0.0,0.0,0.0,0.0,0.0,0.0,0.0,0.0,0.0,0.0,0.0,0.0
2059,6,1,3,0.18890833333333334,0.093845,0.12133333333333333,0.15807766666666667,0.14018166666666668,0.18890833333333334,0.18890833333333334,0.093845,0.093845,0.12133333333333333,0.12133333333333333,0.15807766666666667,0.15807766666666667,0.14018166666666668,0.14018166666666668
2059,6,1,4,0.5347483333333334,0.5092336666666667,0.564622,0.598089,0.555273,0.5347483333333334,0.5347483333333334,0.5092336666666667,0.5092336666666667,0.564622,0.564622,0.598089,0.598089,0.555273,0.555273
2059,6,1,5,0.5153766666666667,0.604525,0.643989,0.647889,0.5969836666666667,0.5153766666666667,0.5153766666666667,0.604525,0.604525,0.643989,0.643989,0.647889,0.647889,0.5969836666666667,0.5969836666666667
2059,6,1,6,0.14722866666666665,0.29183033333333336,0.29673333333333335,0.28544433333333336,0.236232,0.14722866666666665,0.14722866666666665,0.29183033333333336,0.29183033333333336,0.29673333333333335,0.29673333333333335,0.28544433333333336,0.28544433333333336,0.236232,0.236232
2059,6,1,7,0.0,0.001664,0.0003223333333333333,0.0,0.0,0.0,0.0,0.001664,0.001664,0.0003223333333333333,0.0003223333333333333,0.0,0.0,0.0,0.0
2059,6,1,8,0.0,0.0,0.0,0.0,0.0,0.0,0.0,0.0,0.0,0.0,0.0,0.0,0.0,0.0,0.0
2059,6,2,1,0.0,0.0,0.0,0.0,0.0,0.0,0.0,0.0,0.0,0.0,0.0,0.0,0.0,0.0,0.0
2059,6,2,2,0.0,0.0,0.0,0.0,0.0,0.0,0.0,0.0,0.0,0.0,0.0,0.0,0.0,0.0,0.0
2059,6,2,3,0.18890833333333334,0.093845,0.12133333333333333,0.15807766666666667,0.14018166666666668,0.18890833333333334,0.18890833333333334,0.093845,0.093845,0.12133333333333333,0.12133333333333333,0.15807766666666667,0.15807766666666667,0.14018166666666668,0.14018166666666668
2059,6,2,4,0.5347483333333334,0.5092336666666667,0.564622,0.598089,0.555273,0.5347483333333334,0.5347483333333334,0.5092336666666667,0.5092336666666667,0.564622,0.564622,0.598089,0.598089,0.555273,0.555273
2059,6,2,5,0.5153766666666667,0.604525,0.643989,0.647889,0.5969836666666667,0.5153766666666667,0.5153766666666667,0.604525,0.604525,0.643989,0.643989,0.647889,0.647889,0.5969836666666667,0.5969836666666667
2059,6,2,6,0.14722866666666665,0.29183033333333336,0.29673333333333335,0.28544433333333336,0.236232,0.14722866666666665,0.14722866666666665,0.29183033333333336,0.29183033333333336,0.29673333333333335,0.29673333333333335,0.28544433333333336,0.28544433333333336,0.236232,0.236232
2059,6,2,7,0.0,0.001664,0.0003223333333333333,0.0,0.0,0.0,0.0,0.001664,0.001664,0.0003223333333333333,0.0003223333333333333,0.0,0.0,0.0,0.0
2059,6,2,8,0.0,0.0,0.0,0.0,0.0,0.0,0.0,0.0,0.0,0.0,0.0,0.0,0.0,0.0,0.0
2059,6,3,1,0.0,0.0,0.0,0.0,0.0,0.0,0.0,0.0,0.0,0.0,0.0,0.0,0.0,0.0,0.0
2059,6,3,2,0.0,0.0,0.0,0.0,0.0,0.0,0.0,0.0,0.0,0.0,0.0,0.0,0.0,0.0,0.0
2059,6,3,3,0.18890833333333334,0.093845,0.12133333333333333,0.15807766666666667,0.14018166666666668,0.18890833333333334,0.18890833333333334,0.093845,0.093845,0.12133333333333333,0.12133333333333333,0.15807766666666667,0.15807766666666667,0.14018166666666668,0.14018166666666668
2059,6,3,4,0.5347483333333334,0.5092336666666667,0.564622,0.598089,0.555273,0.5347483333333334,0.5347483333333334,0.5092336666666667,0.5092336666666667,0.564622,0.564622,0.598089,0.598089,0.555273,0.555273
2059,6,3,5,0.5153766666666667,0.604525,0.643989,0.647889,0.5969836666666667,0.5153766666666667,0.5153766666666667,0.604525,0.604525,0.643989,0.643989,0.647889,0.647889,0.5969836666666667,0.5969836666666667
2059,6,3,6,0.14722866666666665,0.29183033333333336,0.29673333333333335,0.28544433333333336,0.236232,0.14722866666666665,0.14722866666666665,0.29183033333333336,0.29183033333333336,0.29673333333333335,0.29673333333333335,0.28544433333333336,0.28544433333333336,0.236232,0.236232
2059,6,3,7,0.0,0.001664,0.0003223333333333333,0.0,0.0,0.0,0.0,0.001664,0.001664,0.0003223333333333333,0.0003223333333333333,0.0,0.0,0.0,0.0
2059,6,3,8,0.0,0.0,0.0,0.0,0.0,0.0,0.0,0.0,0.0,0.0,0.0,0.0,0.0,0.0,0.0
2059,6,4,1,0.0,0.0,0.0,0.0,0.0,0.0,0.0,0.0,0.0,0.0,0.0,0.0,0.0,0.0,0.0
2059,6,4,2,0.0,0.0,0.0,0.0,0.0,0.0,0.0,0.0,0.0,0.0,0.0,0.0,0.0,0.0,0.0
2059,6,4,3,0.18890833333333334,0.093845,0.12133333333333333,0.15807766666666667,0.14018166666666668,0.18890833333333334,0.18890833333333334,0.093845,0.093845,0.12133333333333333,0.12133333333333333,0.15807766666666667,0.15807766666666667,0.14018166666666668,0.14018166666666668
2059,6,4,4,0.5347483333333334,0.5092336666666667,0.564622,0.598089,0.555273,0.5347483333333334,0.5347483333333334,0.5092336666666667,0.5092336666666667,0.564622,0.564622,0.598089,0.598089,0.555273,0.555273
2059,6,4,5,0.5153766666666667,0.604525,0.643989,0.647889,0.5969836666666667,0.5153766666666667,0.5153766666666667,0.604525,0.604525,0.643989,0.643989,0.647889,0.647889,0.5969836666666667,0.5969836666666667
2059,6,4,6,0.14722866666666665,0.29183033333333336,0.29673333333333335,0.28544433333333336,0.236232,0.14722866666666665,0.14722866666666665,0.29183033333333336,0.29183033333333336,0.29673333333333335,0.29673333333333335,0.28544433333333336,0.28544433333333336,0.236232,0.236232
2059,6,4,7,0.0,0.001664,0.0003223333333333333,0.0,0.0,0.0,0.0,0.001664,0.001664,0.0003223333333333333,0.0003223333333333333,0.0,0.0,0.0,0.0
2059,6,4,8,0.0,0.0,0.0,0.0,0.0,0.0,0.0,0.0,0.0,0.0,0.0,0.0,0.0,0.0,0.0
2059,6,5,1,0.0,0.0,0.0,0.0,0.0,0.0,0.0,0.0,0.0,0.0,0.0,0.0,0.0,0.0,0.0
2059,6,5,2,0.0,0.0,0.0,0.0,0.0,0.0,0.0,0.0,0.0,0.0,0.0,0.0,0.0,0.0,0.0
2059,6,5,3,0.18890833333333334,0.093845,0.12133333333333333,0.15807766666666667,0.14018166666666668,0.18890833333333334,0.18890833333333334,0.093845,0.093845,0.12133333333333333,0.12133333333333333,0.15807766666666667,0.15807766666666667,0.14018166666666668,0.14018166666666668
2059,6,5,4,0.5347483333333334,0.5092336666666667,0.564622,0.598089,0.555273,0.5347483333333334,0.5347483333333334,0.5092336666666667,0.5092336666666667,0.564622,0.564622,0.598089,0.598089,0.555273,0.555273
2059,6,5,5,0.5153766666666667,0.604525,0.643989,0.647889,0.5969836666666667,0.5153766666666667,0.5153766666666667,0.604525,0.604525,0.643989,0.643989,0.647889,0.647889,0.5969836666666667,0.5969836666666667
2059,6,5,6,0.14722866666666665,0.29183033333333336,0.29673333333333335,0.28544433333333336,0.236232,0.14722866666666665,0.14722866666666665,0.29183033333333336,0.29183033333333336,0.29673333333333335,0.29673333333333335,0.28544433333333336,0.28544433333333336,0.236232,0.236232
2059,6,5,7,0.0,0.001664,0.0003223333333333333,0.0,0.0,0.0,0.0,0.001664,0.001664,0.0003223333333333333,0.0003223333333333333,0.0,0.0,0.0,0.0
2059,6,5,8,0.0,0.0,0.0,0.0,0.0,0.0,0.0,0.0,0.0,0.0,0.0,0.0,0.0,0.0,0.0
2059,6,6,1,0.0,0.0,0.0,0.0,0.0,0.0,0.0,0.0,0.0,0.0,0.0,0.0,0.0,0.0,0.0
2059,6,6,2,0.0,0.0,0.0,0.0,0.0,0.0,0.0,0.0,0.0,0.0,0.0,0.0,0.0,0.0,0.0
2059,6,6,3,0.18890833333333334,0.093845,0.12133333333333333,0.15807766666666667,0.14018166666666668,0.18890833333333334,0.18890833333333334,0.093845,0.093845,0.12133333333333333,0.12133333333333333,0.15807766666666667,0.15807766666666667,0.14018166666666668,0.14018166666666668
2059,6,6,4,0.5347483333333334,0.5092336666666667,0.564622,0.598089,0.555273,0.5347483333333334,0.5347483333333334,0.5092336666666667,0.5092336666666667,0.564622,0.564622,0.598089,0.598089,0.555273,0.555273
2059,6,6,5,0.5153766666666667,0.604525,0.643989,0.647889,0.5969836666666667,0.5153766666666667,0.5153766666666667,0.604525,0.604525,0.643989,0.643989,0.647889,0.647889,0.5969836666666667,0.5969836666666667
2059,6,6,6,0.14722866666666665,0.29183033333333336,0.29673333333333335,0.28544433333333336,0.236232,0.14722866666666665,0.14722866666666665,0.29183033333333336,0.29183033333333336,0.29673333333333335,0.29673333333333335,0.28544433333333336,0.28544433333333336,0.236232,0.236232
2059,6,6,7,0.0,0.001664,0.0003223333333333333,0.0,0.0,0.0,0.0,0.001664,0.001664,0.0003223333333333333,0.0003223333333333333,0.0,0.0,0.0,0.0
2059,6,6,8,0.0,0.0,0.0,0.0,0.0,0.0,0.0,0.0,0.0,0.0,0.0,0.0,0.0,0.0,0.0
2059,6,7,1,0.0,0.0,0.0,0.0,0.0,0.0,0.0,0.0,0.0,0.0,0.0,0.0,0.0,0.0,0.0
2059,6,7,2,0.0,0.0,0.0,0.0,0.0,0.0,0.0,0.0,0.0,0.0,0.0,0.0,0.0,0.0,0.0
2059,6,7,3,0.18890833333333334,0.093845,0.12133333333333333,0.15807766666666667,0.14018166666666668,0.18890833333333334,0.18890833333333334,0.093845,0.093845,0.12133333333333333,0.12133333333333333,0.15807766666666667,0.15807766666666667,0.14018166666666668,0.14018166666666668
2059,6,7,4,0.5347483333333334,0.5092336666666667,0.564622,0.598089,0.555273,0.5347483333333334,0.5347483333333334,0.5092336666666667,0.5092336666666667,0.564622,0.564622,0.598089,0.598089,0.555273,0.555273
2059,6,7,5,0.5153766666666667,0.604525,0.643989,0.647889,0.5969836666666667,0.5153766666666667,0.5153766666666667,0.604525,0.604525,0.643989,0.643989,0.647889,0.647889,0.5969836666666667,0.5969836666666667
2059,6,7,6,0.14722866666666665,0.29183033333333336,0.29673333333333335,0.28544433333333336,0.236232,0.14722866666666665,0.14722866666666665,0.29183033333333336,0.29183033333333336,0.29673333333333335,0.29673333333333335,0.28544433333333336,0.28544433333333336,0.236232,0.236232
2059,6,7,7,0.0,0.001664,0.0003223333333333333,0.0,0.0,0.0,0.0,0.001664,0.001664,0.0003223333333333333,0.0003223333333333333,0.0,0.0,0.0,0.0
2059,6,7,8,0.0,0.0,0.0,0.0,0.0,0.0,0.0,0.0,0.0,0.0,0.0,0.0,0.0,0.0,0.0
2059,6,8,1,0.0,0.0,0.0,0.0,0.0,0.0,0.0,0.0,0.0,0.0,0.0,0.0,0.0,0.0,0.0
2059,6,8,2,0.0,0.0,0.0,0.0,0.0,0.0,0.0,0.0,0.0,0.0,0.0,0.0,0.0,0.0,0.0
2059,6,8,3,0.18890833333333334,0.093845,0.12133333333333333,0.15807766666666667,0.14018166666666668,0.18890833333333334,0.18890833333333334,0.093845,0.093845,0.12133333333333333,0.12133333333333333,0.15807766666666667,0.15807766666666667,0.14018166666666668,0.14018166666666668
2059,6,8,4,0.5347483333333334,0.5092336666666667,0.564622,0.598089,0.555273,0.5347483333333334,0.5347483333333334,0.5092336666666667,0.5092336666666667,0.564622,0.564622,0.598089,0.598089,0.555273,0.555273
2059,6,8,5,0.5153766666666667,0.604525,0.643989,0.647889,0.5969836666666667,0.5153766666666667,0.5153766666666667,0.604525,0.604525,0.643989,0.643989,0.647889,0.647889,0.5969836666666667,0.5969836666666667
2059,6,8,6,0.14722866666666665,0.29183033333333336,0.29673333333333335,0.28544433333333336,0.236232,0.14722866666666665,0.14722866666666665,0.29183033333333336,0.29183033333333336,0.29673333333333335,0.29673333333333335,0.28544433333333336,0.28544433333333336,0.236232,0.236232
2059,6,8,7,0.0,0.001664,0.0003223333333333333,0.0,0.0,0.0,0.0,0.001664,0.001664,0.0003223333333333333,0.0003223333333333333,0.0,0.0,0.0,0.0
2059,6,8,8,0.0,0.0,0.0,0.0,0.0,0.0,0.0,0.0,0.0,0.0,0.0,0.0,0.0,0.0,0.0
2059,6,9,1,0.0,0.0,0.0,0.0,0.0,0.0,0.0,0.0,0.0,0.0,0.0,0.0,0.0,0.0,0.0
2059,6,9,2,0.0,0.0,0.0,0.0,0.0,0.0,0.0,0.0,0.0,0.0,0.0,0.0,0.0,0.0,0.0
2059,6,9,3,0.18890833333333334,0.093845,0.12133333333333333,0.15807766666666667,0.14018166666666668,0.18890833333333334,0.18890833333333334,0.093845,0.093845,0.12133333333333333,0.12133333333333333,0.15807766666666667,0.15807766666666667,0.14018166666666668,0.14018166666666668
2059,6,9,4,0.5347483333333334,0.5092336666666667,0.564622,0.598089,0.555273,0.5347483333333334,0.5347483333333334,0.5092336666666667,0.5092336666666667,0.564622,0.564622,0.598089,0.598089,0.555273,0.555273
2059,6,9,5,0.5153766666666667,0.604525,0.643989,0.647889,0.5969836666666667,0.5153766666666667,0.5153766666666667,0.604525,0.604525,0.643989,0.643989,0.647889,0.647889,0.5969836666666667,0.5969836666666667
2059,6,9,6,0.14722866666666665,0.29183033333333336,0.29673333333333335,0.28544433333333336,0.236232,0.14722866666666665,0.14722866666666665,0.29183033333333336,0.29183033333333336,0.29673333333333335,0.29673333333333335,0.28544433333333336,0.28544433333333336,0.236232,0.236232
2059,6,9,7,0.0,0.001664,0.0003223333333333333,0.0,0.0,0.0,0.0,0.001664,0.001664,0.0003223333333333333,0.0003223333333333333,0.0,0.0,0.0,0.0
2059,6,9,8,0.0,0.0,0.0,0.0,0.0,0.0,0.0,0.0,0.0,0.0,0.0,0.0,0.0,0.0,0.0
2059,6,10,1,0.0,0.0,0.0,0.0,0.0,0.0,0.0,0.0,0.0,0.0,0.0,0.0,0.0,0.0,0.0
2059,6,10,2,0.0,0.0,0.0,0.0,0.0,0.0,0.0,0.0,0.0,0.0,0.0,0.0,0.0,0.0,0.0
2059,6,10,3,0.18890833333333334,0.093845,0.12133333333333333,0.15807766666666667,0.14018166666666668,0.18890833333333334,0.18890833333333334,0.093845,0.093845,0.12133333333333333,0.12133333333333333,0.15807766666666667,0.15807766666666667,0.14018166666666668,0.14018166666666668
2059,6,10,4,0.5347483333333334,0.5092336666666667,0.564622,0.598089,0.555273,0.5347483333333334,0.5347483333333334,0.5092336666666667,0.5092336666666667,0.564622,0.564622,0.598089,0.598089,0.555273,0.555273
2059,6,10,5,0.5153766666666667,0.604525,0.643989,0.647889,0.5969836666666667,0.5153766666666667,0.5153766666666667,0.604525,0.604525,0.643989,0.643989,0.647889,0.647889,0.5969836666666667,0.5969836666666667
2059,6,10,6,0.14722866666666665,0.29183033333333336,0.29673333333333335,0.28544433333333336,0.236232,0.14722866666666665,0.14722866666666665,0.29183033333333336,0.29183033333333336,0.29673333333333335,0.29673333333333335,0.28544433333333336,0.28544433333333336,0.236232,0.236232
2059,6,10,7,0.0,0.001664,0.0003223333333333333,0.0,0.0,0.0,0.0,0.001664,0.001664,0.0003223333333333333,0.0003223333333333333,0.0,0.0,0.0,0.0
2059,6,10,8,0.0,0.0,0.0,0.0,0.0,0.0,0.0,0.0,0.0,0.0,0.0,0.0,0.0,0.0,0.0
2059,6,11,1,0.0,0.0,0.0,0.0,0.0,0.0,0.0,0.0,0.0,0.0,0.0,0.0,0.0,0.0,0.0
2059,6,11,2,0.0,0.0,0.0,0.0,0.0,0.0,0.0,0.0,0.0,0.0,0.0,0.0,0.0,0.0,0.0
2059,6,11,3,0.18890833333333334,0.093845,0.12133333333333333,0.15807766666666667,0.14018166666666668,0.18890833333333334,0.18890833333333334,0.093845,0.093845,0.12133333333333333,0.12133333333333333,0.15807766666666667,0.15807766666666667,0.14018166666666668,0.14018166666666668
2059,6,11,4,0.5347483333333334,0.5092336666666667,0.564622,0.598089,0.555273,0.5347483333333334,0.5347483333333334,0.5092336666666667,0.5092336666666667,0.564622,0.564622,0.598089,0.598089,0.555273,0.555273
2059,6,11,5,0.5153766666666667,0.604525,0.643989,0.647889,0.5969836666666667,0.5153766666666667,0.5153766666666667,0.604525,0.604525,0.643989,0.643989,0.647889,0.647889,0.5969836666666667,0.5969836666666667
2059,6,11,6,0.14722866666666665,0.29183033333333336,0.29673333333333335,0.28544433333333336,0.236232,0.14722866666666665,0.14722866666666665,0.29183033333333336,0.29183033333333336,0.29673333333333335,0.29673333333333335,0.28544433333333336,0.28544433333333336,0.236232,0.236232
2059,6,11,7,0.0,0.001664,0.0003223333333333333,0.0,0.0,0.0,0.0,0.001664,0.001664,0.0003223333333333333,0.0003223333333333333,0.0,0.0,0.0,0.0
2059,6,11,8,0.0,0.0,0.0,0.0,0.0,0.0,0.0,0.0,0.0,0.0,0.0,0.0,0.0,0.0,0.0
2059,6,12,1,0.0,0.0,0.0,0.0,0.0,0.0,0.0,0.0,0.0,0.0,0.0,0.0,0.0,0.0,0.0
2059,6,12,2,0.0,0.0,0.0,0.0,0.0,0.0,0.0,0.0,0.0,0.0,0.0,0.0,0.0,0.0,0.0
2059,6,12,3,0.18890833333333334,0.093845,0.12133333333333333,0.15807766666666667,0.14018166666666668,0.18890833333333334,0.18890833333333334,0.093845,0.093845,0.12133333333333333,0.12133333333333333,0.15807766666666667,0.15807766666666667,0.14018166666666668,0.14018166666666668
2059,6,12,4,0.5347483333333334,0.5092336666666667,0.564622,0.598089,0.555273,0.5347483333333334,0.5347483333333334,0.5092336666666667,0.5092336666666667,0.564622,0.564622,0.598089,0.598089,0.555273,0.555273
2059,6,12,5,0.5153766666666667,0.604525,0.643989,0.647889,0.5969836666666667,0.5153766666666667,0.5153766666666667,0.604525,0.604525,0.643989,0.643989,0.647889,0.647889,0.5969836666666667,0.5969836666666667
2059,6,12,6,0.14722866666666665,0.29183033333333336,0.29673333333333335,0.28544433333333336,0.236232,0.14722866666666665,0.14722866666666665,0.29183033333333336,0.29183033333333336,0.29673333333333335,0.29673333333333335,0.28544433333333336,0.28544433333333336,0.236232,0.236232
2059,6,12,7,0.0,0.001664,0.0003223333333333333,0.0,0.0,0.0,0.0,0.001664,0.001664,0.0003223333333333333,0.0003223333333333333,0.0,0.0,0.0,0.0
2059,6,12,8,0.0,0.0,0.0,0.0,0.0,0.0,0.0,0.0,0.0,0.0,0.0,0.0,0.0,0.0,0.0
2059,6,13,1,0.0,0.0,0.0,0.0,0.0,0.0,0.0,0.0,0.0,0.0,0.0,0.0,0.0,0.0,0.0
2059,6,13,2,0.0,0.0,0.0,0.0,0.0,0.0,0.0,0.0,0.0,0.0,0.0,0.0,0.0,0.0,0.0
2059,6,13,3,0.18890833333333334,0.093845,0.12133333333333333,0.15807766666666667,0.14018166666666668,0.18890833333333334,0.18890833333333334,0.093845,0.093845,0.12133333333333333,0.12133333333333333,0.15807766666666667,0.15807766666666667,0.14018166666666668,0.14018166666666668
2059,6,13,4,0.5347483333333334,0.5092336666666667,0.564622,0.598089,0.555273,0.5347483333333334,0.5347483333333334,0.5092336666666667,0.5092336666666667,0.564622,0.564622,0.598089,0.598089,0.555273,0.555273
2059,6,13,5,0.5153766666666667,0.604525,0.643989,0.647889,0.5969836666666667,0.5153766666666667,0.5153766666666667,0.604525,0.604525,0.643989,0.643989,0.647889,0.647889,0.5969836666666667,0.5969836666666667
2059,6,13,6,0.14722866666666665,0.29183033333333336,0.29673333333333335,0.28544433333333336,0.236232,0.14722866666666665,0.14722866666666665,0.29183033333333336,0.29183033333333336,0.29673333333333335,0.29673333333333335,0.28544433333333336,0.28544433333333336,0.236232,0.236232
2059,6,13,7,0.0,0.001664,0.0003223333333333333,0.0,0.0,0.0,0.0,0.001664,0.001664,0.0003223333333333333,0.0003223333333333333,0.0,0.0,0.0,0.0
2059,6,13,8,0.0,0.0,0.0,0.0,0.0,0.0,0.0,0.0,0.0,0.0,0.0,0.0,0.0,0.0,0.0
2059,6,14,1,0.0,0.0,0.0,0.0,0.0,0.0,0.0,0.0,0.0,0.0,0.0,0.0,0.0,0.0,0.0
2059,6,14,2,0.0,0.0,0.0,0.0,0.0,0.0,0.0,0.0,0.0,0.0,0.0,0.0,0.0,0.0,0.0
2059,6,14,3,0.18890833333333334,0.093845,0.12133333333333333,0.15807766666666667,0.14018166666666668,0.18890833333333334,0.18890833333333334,0.093845,0.093845,0.12133333333333333,0.12133333333333333,0.15807766666666667,0.15807766666666667,0.14018166666666668,0.14018166666666668
2059,6,14,4,0.5347483333333334,0.5092336666666667,0.564622,0.598089,0.555273,0.5347483333333334,0.5347483333333334,0.5092336666666667,0.5092336666666667,0.564622,0.564622,0.598089,0.598089,0.555273,0.555273
2059,6,14,5,0.5153766666666667,0.604525,0.643989,0.647889,0.5969836666666667,0.5153766666666667,0.5153766666666667,0.604525,0.604525,0.643989,0.643989,0.647889,0.647889,0.5969836666666667,0.5969836666666667
2059,6,14,6,0.14722866666666665,0.29183033333333336,0.29673333333333335,0.28544433333333336,0.236232,0.14722866666666665,0.14722866666666665,0.29183033333333336,0.29183033333333336,0.29673333333333335,0.29673333333333335,0.28544433333333336,0.28544433333333336,0.236232,0.236232
2059,6,14,7,0.0,0.001664,0.0003223333333333333,0.0,0.0,0.0,0.0,0.001664,0.001664,0.0003223333333333333,0.0003223333333333333,0.0,0.0,0.0,0.0
2059,6,14,8,0.0,0.0,0.0,0.0,0.0,0.0,0.0,0.0,0.0,0.0,0.0,0.0,0.0,0.0,0.0
2059,6,15,1,0.0,0.0,0.0,0.0,0.0,0.0,0.0,0.0,0.0,0.0,0.0,0.0,0.0,0.0,0.0
2059,6,15,2,0.0,0.0,0.0,0.0,0.0,0.0,0.0,0.0,0.0,0.0,0.0,0.0,0.0,0.0,0.0
2059,6,15,3,0.18890833333333334,0.093845,0.12133333333333333,0.15807766666666667,0.14018166666666668,0.18890833333333334,0.18890833333333334,0.093845,0.093845,0.12133333333333333,0.12133333333333333,0.15807766666666667,0.15807766666666667,0.14018166666666668,0.14018166666666668
2059,6,15,4,0.5347483333333334,0.5092336666666667,0.564622,0.598089,0.555273,0.5347483333333334,0.5347483333333334,0.5092336666666667,0.5092336666666667,0.564622,0.564622,0.598089,0.598089,0.555273,0.555273
2059,6,15,5,0.5153766666666667,0.604525,0.643989,0.647889,0.5969836666666667,0.5153766666666667,0.5153766666666667,0.604525,0.604525,0.643989,0.643989,0.647889,0.647889,0.5969836666666667,0.5969836666666667
2059,6,15,6,0.14722866666666665,0.29183033333333336,0.29673333333333335,0.28544433333333336,0.236232,0.14722866666666665,0.14722866666666665,0.29183033333333336,0.29183033333333336,0.29673333333333335,0.29673333333333335,0.28544433333333336,0.28544433333333336,0.236232,0.236232
2059,6,15,7,0.0,0.001664,0.0003223333333333333,0.0,0.0,0.0,0.0,0.001664,0.001664,0.0003223333333333333,0.0003223333333333333,0.0,0.0,0.0,0.0
2059,6,15,8,0.0,0.0,0.0,0.0,0.0,0.0,0.0,0.0,0.0,0.0,0.0,0.0,0.0,0.0,0.0
2059,6,16,1,0.0,0.0,0.0,0.0,0.0,0.0,0.0,0.0,0.0,0.0,0.0,0.0,0.0,0.0,0.0
2059,6,16,2,0.0,0.0,0.0,0.0,0.0,0.0,0.0,0.0,0.0,0.0,0.0,0.0,0.0,0.0,0.0
2059,6,16,3,0.18890833333333334,0.093845,0.12133333333333333,0.15807766666666667,0.14018166666666668,0.18890833333333334,0.18890833333333334,0.093845,0.093845,0.12133333333333333,0.12133333333333333,0.15807766666666667,0.15807766666666667,0.14018166666666668,0.14018166666666668
2059,6,16,4,0.5347483333333334,0.5092336666666667,0.564622,0.598089,0.555273,0.5347483333333334,0.5347483333333334,0.5092336666666667,0.5092336666666667,0.564622,0.564622,0.598089,0.598089,0.555273,0.555273
2059,6,16,5,0.5153766666666667,0.604525,0.643989,0.647889,0.5969836666666667,0.5153766666666667,0.5153766666666667,0.604525,0.604525,0.643989,0.643989,0.647889,0.647889,0.5969836666666667,0.5969836666666667
2059,6,16,6,0.14722866666666665,0.29183033333333336,0.29673333333333335,0.28544433333333336,0.236232,0.14722866666666665,0.14722866666666665,0.29183033333333336,0.29183033333333336,0.29673333333333335,0.29673333333333335,0.28544433333333336,0.28544433333333336,0.236232,0.236232
2059,6,16,7,0.0,0.001664,0.0003223333333333333,0.0,0.0,0.0,0.0,0.001664,0.001664,0.0003223333333333333,0.0003223333333333333,0.0,0.0,0.0,0.0
2059,6,16,8,0.0,0.0,0.0,0.0,0.0,0.0,0.0,0.0,0.0,0.0,0.0,0.0,0.0,0.0,0.0
2059,6,17,1,0.0,0.0,0.0,0.0,0.0,0.0,0.0,0.0,0.0,0.0,0.0,0.0,0.0,0.0,0.0
2059,6,17,2,0.0,0.0,0.0,0.0,0.0,0.0,0.0,0.0,0.0,0.0,0.0,0.0,0.0,0.0,0.0
2059,6,17,3,0.18890833333333334,0.093845,0.12133333333333333,0.15807766666666667,0.14018166666666668,0.18890833333333334,0.18890833333333334,0.093845,0.093845,0.12133333333333333,0.12133333333333333,0.15807766666666667,0.15807766666666667,0.14018166666666668,0.14018166666666668
2059,6,17,4,0.5347483333333334,0.5092336666666667,0.564622,0.598089,0.555273,0.5347483333333334,0.5347483333333334,0.5092336666666667,0.5092336666666667,0.564622,0.564622,0.598089,0.598089,0.555273,0.555273
2059,6,17,5,0.5153766666666667,0.604525,0.643989,0.647889,0.5969836666666667,0.5153766666666667,0.5153766666666667,0.604525,0.604525,0.643989,0.643989,0.647889,0.647889,0.5969836666666667,0.5969836666666667
2059,6,17,6,0.14722866666666665,0.29183033333333336,0.29673333333333335,0.28544433333333336,0.236232,0.14722866666666665,0.14722866666666665,0.29183033333333336,0.29183033333333336,0.29673333333333335,0.29673333333333335,0.28544433333333336,0.28544433333333336,0.236232,0.236232
2059,6,17,7,0.0,0.001664,0.0003223333333333333,0.0,0.0,0.0,0.0,0.001664,0.001664,0.0003223333333333333,0.0003223333333333333,0.0,0.0,0.0,0.0
2059,6,17,8,0.0,0.0,0.0,0.0,0.0,0.0,0.0,0.0,0.0,0.0,0.0,0.0,0.0,0.0,0.0
2059,6,18,1,0.0,0.0,0.0,0.0,0.0,0.0,0.0,0.0,0.0,0.0,0.0,0.0,0.0,0.0,0.0
2059,6,18,2,0.0,0.0,0.0,0.0,0.0,0.0,0.0,0.0,0.0,0.0,0.0,0.0,0.0,0.0,0.0
2059,6,18,3,0.18890833333333334,0.093845,0.12133333333333333,0.15807766666666667,0.14018166666666668,0.18890833333333334,0.18890833333333334,0.093845,0.093845,0.12133333333333333,0.12133333333333333,0.15807766666666667,0.15807766666666667,0.14018166666666668,0.14018166666666668
2059,6,18,4,0.5347483333333334,0.5092336666666667,0.564622,0.598089,0.555273,0.5347483333333334,0.5347483333333334,0.5092336666666667,0.5092336666666667,0.564622,0.564622,0.598089,0.598089,0.555273,0.555273
2059,6,18,5,0.5153766666666667,0.604525,0.643989,0.647889,0.5969836666666667,0.5153766666666667,0.5153766666666667,0.604525,0.604525,0.643989,0.643989,0.647889,0.647889,0.5969836666666667,0.5969836666666667
2059,6,18,6,0.14722866666666665,0.29183033333333336,0.29673333333333335,0.28544433333333336,0.236232,0.14722866666666665,0.14722866666666665,0.29183033333333336,0.29183033333333336,0.29673333333333335,0.29673333333333335,0.28544433333333336,0.28544433333333336,0.236232,0.236232
2059,6,18,7,0.0,0.001664,0.0003223333333333333,0.0,0.0,0.0,0.0,0.001664,0.001664,0.0003223333333333333,0.0003223333333333333,0.0,0.0,0.0,0.0
2059,6,18,8,0.0,0.0,0.0,0.0,0.0,0.0,0.0,0.0,0.0,0.0,0.0,0.0,0.0,0.0,0.0
2059,6,19,1,0.0,0.0,0.0,0.0,0.0,0.0,0.0,0.0,0.0,0.0,0.0,0.0,0.0,0.0,0.0
2059,6,19,2,0.0,0.0,0.0,0.0,0.0,0.0,0.0,0.0,0.0,0.0,0.0,0.0,0.0,0.0,0.0
2059,6,19,3,0.18890833333333334,0.093845,0.12133333333333333,0.15807766666666667,0.14018166666666668,0.18890833333333334,0.18890833333333334,0.093845,0.093845,0.12133333333333333,0.12133333333333333,0.15807766666666667,0.15807766666666667,0.14018166666666668,0.14018166666666668
2059,6,19,4,0.5347483333333334,0.5092336666666667,0.564622,0.598089,0.555273,0.5347483333333334,0.5347483333333334,0.5092336666666667,0.5092336666666667,0.564622,0.564622,0.598089,0.598089,0.555273,0.555273
2059,6,19,5,0.5153766666666667,0.604525,0.643989,0.647889,0.5969836666666667,0.5153766666666667,0.5153766666666667,0.604525,0.604525,0.643989,0.643989,0.647889,0.647889,0.5969836666666667,0.5969836666666667
2059,6,19,6,0.14722866666666665,0.29183033333333336,0.29673333333333335,0.28544433333333336,0.236232,0.14722866666666665,0.14722866666666665,0.29183033333333336,0.29183033333333336,0.29673333333333335,0.29673333333333335,0.28544433333333336,0.28544433333333336,0.236232,0.236232
2059,6,19,7,0.0,0.001664,0.0003223333333333333,0.0,0.0,0.0,0.0,0.001664,0.001664,0.0003223333333333333,0.0003223333333333333,0.0,0.0,0.0,0.0
2059,6,19,8,0.0,0.0,0.0,0.0,0.0,0.0,0.0,0.0,0.0,0.0,0.0,0.0,0.0,0.0,0.0
2059,6,20,1,0.0,0.0,0.0,0.0,0.0,0.0,0.0,0.0,0.0,0.0,0.0,0.0,0.0,0.0,0.0
2059,6,20,2,0.0,0.0,0.0,0.0,0.0,0.0,0.0,0.0,0.0,0.0,0.0,0.0,0.0,0.0,0.0
2059,6,20,3,0.18890833333333334,0.093845,0.12133333333333333,0.15807766666666667,0.14018166666666668,0.18890833333333334,0.18890833333333334,0.093845,0.093845,0.12133333333333333,0.12133333333333333,0.15807766666666667,0.15807766666666667,0.14018166666666668,0.14018166666666668
2059,6,20,4,0.5347483333333334,0.5092336666666667,0.564622,0.598089,0.555273,0.5347483333333334,0.5347483333333334,0.5092336666666667,0.5092336666666667,0.564622,0.564622,0.598089,0.598089,0.555273,0.555273
2059,6,20,5,0.5153766666666667,0.604525,0.643989,0.647889,0.5969836666666667,0.5153766666666667,0.5153766666666667,0.604525,0.604525,0.643989,0.643989,0.647889,0.647889,0.5969836666666667,0.5969836666666667
2059,6,20,6,0.14722866666666665,0.29183033333333336,0.29673333333333335,0.28544433333333336,0.236232,0.14722866666666665,0.14722866666666665,0.29183033333333336,0.29183033333333336,0.29673333333333335,0.29673333333333335,0.28544433333333336,0.28544433333333336,0.236232,0.236232
2059,6,20,7,0.0,0.001664,0.0003223333333333333,0.0,0.0,0.0,0.0,0.001664,0.001664,0.0003223333333333333,0.0003223333333333333,0.0,0.0,0.0,0.0
2059,6,20,8,0.0,0.0,0.0,0.0,0.0,0.0,0.0,0.0,0.0,0.0,0.0,0.0,0.0,0.0,0.0
2059,6,21,1,0.0,0.0,0.0,0.0,0.0,0.0,0.0,0.0,0.0,0.0,0.0,0.0,0.0,0.0,0.0
2059,6,21,2,0.0,0.0,0.0,0.0,0.0,0.0,0.0,0.0,0.0,0.0,0.0,0.0,0.0,0.0,0.0
2059,6,21,3,0.18890833333333334,0.093845,0.12133333333333333,0.15807766666666667,0.14018166666666668,0.18890833333333334,0.18890833333333334,0.093845,0.093845,0.12133333333333333,0.12133333333333333,0.15807766666666667,0.15807766666666667,0.14018166666666668,0.14018166666666668
2059,6,21,4,0.5347483333333334,0.5092336666666667,0.564622,0.598089,0.555273,0.5347483333333334,0.5347483333333334,0.5092336666666667,0.5092336666666667,0.564622,0.564622,0.598089,0.598089,0.555273,0.555273
2059,6,21,5,0.5153766666666667,0.604525,0.643989,0.647889,0.5969836666666667,0.5153766666666667,0.5153766666666667,0.604525,0.604525,0.643989,0.643989,0.647889,0.647889,0.5969836666666667,0.5969836666666667
2059,6,21,6,0.14722866666666665,0.29183033333333336,0.29673333333333335,0.28544433333333336,0.236232,0.14722866666666665,0.14722866666666665,0.29183033333333336,0.29183033333333336,0.29673333333333335,0.29673333333333335,0.28544433333333336,0.28544433333333336,0.236232,0.236232
2059,6,21,7,0.0,0.001664,0.0003223333333333333,0.0,0.0,0.0,0.0,0.001664,0.001664,0.0003223333333333333,0.0003223333333333333,0.0,0.0,0.0,0.0
2059,6,21,8,0.0,0.0,0.0,0.0,0.0,0.0,0.0,0.0,0.0,0.0,0.0,0.0,0.0,0.0,0.0
2059,6,22,1,0.0,0.0,0.0,0.0,0.0,0.0,0.0,0.0,0.0,0.0,0.0,0.0,0.0,0.0,0.0
2059,6,22,2,0.0,0.0,0.0,0.0,0.0,0.0,0.0,0.0,0.0,0.0,0.0,0.0,0.0,0.0,0.0
2059,6,22,3,0.18890833333333334,0.093845,0.12133333333333333,0.15807766666666667,0.14018166666666668,0.18890833333333334,0.18890833333333334,0.093845,0.093845,0.12133333333333333,0.12133333333333333,0.15807766666666667,0.15807766666666667,0.14018166666666668,0.14018166666666668
2059,6,22,4,0.5347483333333334,0.5092336666666667,0.564622,0.598089,0.555273,0.5347483333333334,0.5347483333333334,0.5092336666666667,0.5092336666666667,0.564622,0.564622,0.598089,0.598089,0.555273,0.555273
2059,6,22,5,0.5153766666666667,0.604525,0.643989,0.647889,0.5969836666666667,0.5153766666666667,0.5153766666666667,0.604525,0.604525,0.643989,0.643989,0.647889,0.647889,0.5969836666666667,0.5969836666666667
2059,6,22,6,0.14722866666666665,0.29183033333333336,0.29673333333333335,0.28544433333333336,0.236232,0.14722866666666665,0.14722866666666665,0.29183033333333336,0.29183033333333336,0.29673333333333335,0.29673333333333335,0.28544433333333336,0.28544433333333336,0.236232,0.236232
2059,6,22,7,0.0,0.001664,0.0003223333333333333,0.0,0.0,0.0,0.0,0.001664,0.001664,0.0003223333333333333,0.0003223333333333333,0.0,0.0,0.0,0.0
2059,6,22,8,0.0,0.0,0.0,0.0,0.0,0.0,0.0,0.0,0.0,0.0,0.0,0.0,0.0,0.0,0.0
2059,6,23,1,0.0,0.0,0.0,0.0,0.0,0.0,0.0,0.0,0.0,0.0,0.0,0.0,0.0,0.0,0.0
2059,6,23,2,0.0,0.0,0.0,0.0,0.0,0.0,0.0,0.0,0.0,0.0,0.0,0.0,0.0,0.0,0.0
2059,6,23,3,0.18890833333333334,0.093845,0.12133333333333333,0.15807766666666667,0.14018166666666668,0.18890833333333334,0.18890833333333334,0.093845,0.093845,0.12133333333333333,0.12133333333333333,0.15807766666666667,0.15807766666666667,0.14018166666666668,0.14018166666666668
2059,6,23,4,0.5347483333333334,0.5092336666666667,0.564622,0.598089,0.555273,0.5347483333333334,0.5347483333333334,0.5092336666666667,0.5092336666666667,0.564622,0.564622,0.598089,0.598089,0.555273,0.555273
2059,6,23,5,0.5153766666666667,0.604525,0.643989,0.647889,0.5969836666666667,0.5153766666666667,0.5153766666666667,0.604525,0.604525,0.643989,0.643989,0.647889,0.647889,0.5969836666666667,0.5969836666666667
2059,6,23,6,0.14722866666666665,0.29183033333333336,0.29673333333333335,0.28544433333333336,0.236232,0.14722866666666665,0.14722866666666665,0.29183033333333336,0.29183033333333336,0.29673333333333335,0.29673333333333335,0.28544433333333336,0.28544433333333336,0.236232,0.236232
2059,6,23,7,0.0,0.001664,0.0003223333333333333,0.0,0.0,0.0,0.0,0.001664,0.001664,0.0003223333333333333,0.0003223333333333333,0.0,0.0,0.0,0.0
2059,6,23,8,0.0,0.0,0.0,0.0,0.0,0.0,0.0,0.0,0.0,0.0,0.0,0.0,0.0,0.0,0.0
2059,6,24,1,0.0,0.0,0.0,0.0,0.0,0.0,0.0,0.0,0.0,0.0,0.0,0.0,0.0,0.0,0.0
2059,6,24,2,0.0,0.0,0.0,0.0,0.0,0.0,0.0,0.0,0.0,0.0,0.0,0.0,0.0,0.0,0.0
2059,6,24,3,0.18890833333333334,0.093845,0.12133333333333333,0.15807766666666667,0.14018166666666668,0.18890833333333334,0.18890833333333334,0.093845,0.093845,0.12133333333333333,0.12133333333333333,0.15807766666666667,0.15807766666666667,0.14018166666666668,0.14018166666666668
2059,6,24,4,0.5347483333333334,0.5092336666666667,0.564622,0.598089,0.555273,0.5347483333333334,0.5347483333333334,0.5092336666666667,0.5092336666666667,0.564622,0.564622,0.598089,0.598089,0.555273,0.555273
2059,6,24,5,0.5153766666666667,0.604525,0.643989,0.647889,0.5969836666666667,0.5153766666666667,0.5153766666666667,0.604525,0.604525,0.643989,0.643989,0.647889,0.647889,0.5969836666666667,0.5969836666666667
2059,6,24,6,0.14722866666666665,0.29183033333333336,0.29673333333333335,0.28544433333333336,0.236232,0.14722866666666665,0.14722866666666665,0.29183033333333336,0.29183033333333336,0.29673333333333335,0.29673333333333335,0.28544433333333336,0.28544433333333336,0.236232,0.236232
2059,6,24,7,0.0,0.001664,0.0003223333333333333,0.0,0.0,0.0,0.0,0.001664,0.001664,0.0003223333333333333,0.0003223333333333333,0.0,0.0,0.0,0.0
2059,6,24,8,0.0,0.0,0.0,0.0,0.0,0.0,0.0,0.0,0.0,0.0,0.0,0.0,0.0,0.0,0.0
2059,6,25,1,0.0,0.0,0.0,0.0,0.0,0.0,0.0,0.0,0.0,0.0,0.0,0.0,0.0,0.0,0.0
2059,6,25,2,0.0,0.0,0.0,0.0,0.0,0.0,0.0,0.0,0.0,0.0,0.0,0.0,0.0,0.0,0.0
2059,6,25,3,0.18890833333333334,0.093845,0.12133333333333333,0.15807766666666667,0.14018166666666668,0.18890833333333334,0.18890833333333334,0.093845,0.093845,0.12133333333333333,0.12133333333333333,0.15807766666666667,0.15807766666666667,0.14018166666666668,0.14018166666666668
2059,6,25,4,0.5347483333333334,0.5092336666666667,0.564622,0.598089,0.555273,0.5347483333333334,0.5347483333333334,0.5092336666666667,0.5092336666666667,0.564622,0.564622,0.598089,0.598089,0.555273,0.555273
2059,6,25,5,0.5153766666666667,0.604525,0.643989,0.647889,0.5969836666666667,0.5153766666666667,0.5153766666666667,0.604525,0.604525,0.643989,0.643989,0.647889,0.647889,0.5969836666666667,0.5969836666666667
2059,6,25,6,0.14722866666666665,0.29183033333333336,0.29673333333333335,0.28544433333333336,0.236232,0.14722866666666665,0.14722866666666665,0.29183033333333336,0.29183033333333336,0.29673333333333335,0.29673333333333335,0.28544433333333336,0.28544433333333336,0.236232,0.236232
2059,6,25,7,0.0,0.001664,0.0003223333333333333,0.0,0.0,0.0,0.0,0.001664,0.001664,0.0003223333333333333,0.0003223333333333333,0.0,0.0,0.0,0.0
2059,6,25,8,0.0,0.0,0.0,0.0,0.0,0.0,0.0,0.0,0.0,0.0,0.0,0.0,0.0,0.0,0.0
2059,6,26,1,0.0,0.0,0.0,0.0,0.0,0.0,0.0,0.0,0.0,0.0,0.0,0.0,0.0,0.0,0.0
2059,6,26,2,0.0,0.0,0.0,0.0,0.0,0.0,0.0,0.0,0.0,0.0,0.0,0.0,0.0,0.0,0.0
2059,6,26,3,0.18890833333333334,0.093845,0.12133333333333333,0.15807766666666667,0.14018166666666668,0.18890833333333334,0.18890833333333334,0.093845,0.093845,0.12133333333333333,0.12133333333333333,0.15807766666666667,0.15807766666666667,0.14018166666666668,0.14018166666666668
2059,6,26,4,0.5347483333333334,0.5092336666666667,0.564622,0.598089,0.555273,0.5347483333333334,0.5347483333333334,0.5092336666666667,0.5092336666666667,0.564622,0.564622,0.598089,0.598089,0.555273,0.555273
2059,6,26,5,0.5153766666666667,0.604525,0.643989,0.647889,0.5969836666666667,0.5153766666666667,0.5153766666666667,0.604525,0.604525,0.643989,0.643989,0.647889,0.647889,0.5969836666666667,0.5969836666666667
2059,6,26,6,0.14722866666666665,0.29183033333333336,0.29673333333333335,0.28544433333333336,0.236232,0.14722866666666665,0.14722866666666665,0.29183033333333336,0.29183033333333336,0.29673333333333335,0.29673333333333335,0.28544433333333336,0.28544433333333336,0.236232,0.236232
2059,6,26,7,0.0,0.001664,0.0003223333333333333,0.0,0.0,0.0,0.0,0.001664,0.001664,0.0003223333333333333,0.0003223333333333333,0.0,0.0,0.0,0.0
2059,6,26,8,0.0,0.0,0.0,0.0,0.0,0.0,0.0,0.0,0.0,0.0,0.0,0.0,0.0,0.0,0.0
2059,6,27,1,0.0,0.0,0.0,0.0,0.0,0.0,0.0,0.0,0.0,0.0,0.0,0.0,0.0,0.0,0.0
2059,6,27,2,0.0,0.0,0.0,0.0,0.0,0.0,0.0,0.0,0.0,0.0,0.0,0.0,0.0,0.0,0.0
2059,6,27,3,0.18890833333333334,0.093845,0.12133333333333333,0.15807766666666667,0.14018166666666668,0.18890833333333334,0.18890833333333334,0.093845,0.093845,0.12133333333333333,0.12133333333333333,0.15807766666666667,0.15807766666666667,0.14018166666666668,0.14018166666666668
2059,6,27,4,0.5347483333333334,0.5092336666666667,0.564622,0.598089,0.555273,0.5347483333333334,0.5347483333333334,0.5092336666666667,0.5092336666666667,0.564622,0.564622,0.598089,0.598089,0.555273,0.555273
2059,6,27,5,0.5153766666666667,0.604525,0.643989,0.647889,0.5969836666666667,0.5153766666666667,0.5153766666666667,0.604525,0.604525,0.643989,0.643989,0.647889,0.647889,0.5969836666666667,0.5969836666666667
2059,6,27,6,0.14722866666666665,0.29183033333333336,0.29673333333333335,0.28544433333333336,0.236232,0.14722866666666665,0.14722866666666665,0.29183033333333336,0.29183033333333336,0.29673333333333335,0.29673333333333335,0.28544433333333336,0.28544433333333336,0.236232,0.236232
2059,6,27,7,0.0,0.001664,0.0003223333333333333,0.0,0.0,0.0,0.0,0.001664,0.001664,0.0003223333333333333,0.0003223333333333333,0.0,0.0,0.0,0.0
2059,6,27,8,0.0,0.0,0.0,0.0,0.0,0.0,0.0,0.0,0.0,0.0,0.0,0.0,0.0,0.0,0.0
2059,6,28,1,0.0,0.0,0.0,0.0,0.0,0.0,0.0,0.0,0.0,0.0,0.0,0.0,0.0,0.0,0.0
2059,6,28,2,0.0,0.0,0.0,0.0,0.0,0.0,0.0,0.0,0.0,0.0,0.0,0.0,0.0,0.0,0.0
2059,6,28,3,0.18890833333333334,0.093845,0.12133333333333333,0.15807766666666667,0.14018166666666668,0.18890833333333334,0.18890833333333334,0.093845,0.093845,0.12133333333333333,0.12133333333333333,0.15807766666666667,0.15807766666666667,0.14018166666666668,0.14018166666666668
2059,6,28,4,0.5347483333333334,0.5092336666666667,0.564622,0.598089,0.555273,0.5347483333333334,0.5347483333333334,0.5092336666666667,0.5092336666666667,0.564622,0.564622,0.598089,0.598089,0.555273,0.555273
2059,6,28,5,0.5153766666666667,0.604525,0.643989,0.647889,0.5969836666666667,0.5153766666666667,0.5153766666666667,0.604525,0.604525,0.643989,0.643989,0.647889,0.647889,0.5969836666666667,0.5969836666666667
2059,6,28,6,0.14722866666666665,0.29183033333333336,0.29673333333333335,0.28544433333333336,0.236232,0.14722866666666665,0.14722866666666665,0.29183033333333336,0.29183033333333336,0.29673333333333335,0.29673333333333335,0.28544433333333336,0.28544433333333336,0.236232,0.236232
2059,6,28,7,0.0,0.001664,0.0003223333333333333,0.0,0.0,0.0,0.0,0.001664,0.001664,0.0003223333333333333,0.0003223333333333333,0.0,0.0,0.0,0.0
2059,6,28,8,0.0,0.0,0.0,0.0,0.0,0.0,0.0,0.0,0.0,0.0,0.0,0.0,0.0,0.0,0.0
2059,6,29,1,0.0,0.0,0.0,0.0,0.0,0.0,0.0,0.0,0.0,0.0,0.0,0.0,0.0,0.0,0.0
2059,6,29,2,0.0,0.0,0.0,0.0,0.0,0.0,0.0,0.0,0.0,0.0,0.0,0.0,0.0,0.0,0.0
2059,6,29,3,0.18890833333333334,0.093845,0.12133333333333333,0.15807766666666667,0.14018166666666668,0.18890833333333334,0.18890833333333334,0.093845,0.093845,0.12133333333333333,0.12133333333333333,0.15807766666666667,0.15807766666666667,0.14018166666666668,0.14018166666666668
2059,6,29,4,0.5347483333333334,0.5092336666666667,0.564622,0.598089,0.555273,0.5347483333333334,0.5347483333333334,0.5092336666666667,0.5092336666666667,0.564622,0.564622,0.598089,0.598089,0.555273,0.555273
2059,6,29,5,0.5153766666666667,0.604525,0.643989,0.647889,0.5969836666666667,0.5153766666666667,0.5153766666666667,0.604525,0.604525,0.643989,0.643989,0.647889,0.647889,0.5969836666666667,0.5969836666666667
2059,6,29,6,0.14722866666666665,0.29183033333333336,0.29673333333333335,0.28544433333333336,0.236232,0.14722866666666665,0.14722866666666665,0.29183033333333336,0.29183033333333336,0.29673333333333335,0.29673333333333335,0.28544433333333336,0.28544433333333336,0.236232,0.236232
2059,6,29,7,0.0,0.001664,0.0003223333333333333,0.0,0.0,0.0,0.0,0.001664,0.001664,0.0003223333333333333,0.0003223333333333333,0.0,0.0,0.0,0.0
2059,6,29,8,0.0,0.0,0.0,0.0,0.0,0.0,0.0,0.0,0.0,0.0,0.0,0.0,0.0,0.0,0.0
2059,6,30,1,0.0,0.0,0.0,0.0,0.0,0.0,0.0,0.0,0.0,0.0,0.0,0.0,0.0,0.0,0.0
2059,6,30,2,0.0,0.0,0.0,0.0,0.0,0.0,0.0,0.0,0.0,0.0,0.0,0.0,0.0,0.0,0.0
2059,6,30,3,0.18890833333333334,0.093845,0.12133333333333333,0.15807766666666667,0.14018166666666668,0.18890833333333334,0.18890833333333334,0.093845,0.093845,0.12133333333333333,0.12133333333333333,0.15807766666666667,0.15807766666666667,0.14018166666666668,0.14018166666666668
2059,6,30,4,0.5347483333333334,0.5092336666666667,0.564622,0.598089,0.555273,0.5347483333333334,0.5347483333333334,0.5092336666666667,0.5092336666666667,0.564622,0.564622,0.598089,0.598089,0.555273,0.555273
2059,6,30,5,0.5153766666666667,0.604525,0.643989,0.647889,0.5969836666666667,0.5153766666666667,0.5153766666666667,0.604525,0.604525,0.643989,0.643989,0.647889,0.647889,0.5969836666666667,0.5969836666666667
2059,6,30,6,0.14722866666666665,0.29183033333333336,0.29673333333333335,0.28544433333333336,0.236232,0.14722866666666665,0.14722866666666665,0.29183033333333336,0.29183033333333336,0.29673333333333335,0.29673333333333335,0.28544433333333336,0.28544433333333336,0.236232,0.236232
2059,6,30,7,0.0,0.001664,0.0003223333333333333,0.0,0.0,0.0,0.0,0.001664,0.001664,0.0003223333333333333,0.0003223333333333333,0.0,0.0,0.0,0.0
2059,6,30,8,0.0,0.0,0.0,0.0,0.0,0.0,0.0,0.0,0.0,0.0,0.0,0.0,0.0,0.0,0.0
2059,7,1,1,0.0,0.0,0.0,0.0,0.0,0.0,0.0,0.0,0.0,0.0,0.0,0.0,0.0,0.0,0.0
2059,7,1,2,0.0,0.0,0.0,0.0,0.0,0.0,0.0,0.0,0.0,0.0,0.0,0.0,0.0,0.0,0.0
2059,7,1,3,0.21360500000000002,0.09678933333333334,0.132043,0.16619366666666668,0.14445166666666667,0.21360500000000002,0.21360500000000002,0.09678933333333334,0.09678933333333334,0.132043,0.132043,0.16619366666666668,0.16619366666666668,0.14445166666666667,0.14445166666666667
2059,7,1,4,0.584054,0.5253626666666666,0.5878493333333333,0.603989,0.5627203333333334,0.584054,0.584054,0.5253626666666666,0.5253626666666666,0.5878493333333333,0.5878493333333333,0.603989,0.603989,0.5627203333333334,0.5627203333333334
2059,7,1,5,0.564835,0.6369596666666667,0.655172,0.656968,0.6054396666666667,0.564835,0.564835,0.6369596666666667,0.6369596666666667,0.655172,0.655172,0.656968,0.656968,0.6054396666666667,0.6054396666666667
2059,7,1,6,0.16777766666666669,0.3134493333333333,0.3023656666666667,0.2913116666666667,0.24061566666666667,0.16777766666666669,0.16777766666666669,0.3134493333333333,0.3134493333333333,0.3023656666666667,0.3023656666666667,0.2913116666666667,0.2913116666666667,0.24061566666666667,0.24061566666666667
2059,7,1,7,0.0,0.0022096666666666666,0.0004946666666666667,0.0,0.0,0.0,0.0,0.0022096666666666666,0.0022096666666666666,0.0004946666666666667,0.0004946666666666667,0.0,0.0,0.0,0.0
2059,7,1,8,0.0,0.0,0.0,0.0,0.0,0.0,0.0,0.0,0.0,0.0,0.0,0.0,0.0,0.0,0.0
2059,7,2,1,0.0,0.0,0.0,0.0,0.0,0.0,0.0,0.0,0.0,0.0,0.0,0.0,0.0,0.0,0.0
2059,7,2,2,0.0,0.0,0.0,0.0,0.0,0.0,0.0,0.0,0.0,0.0,0.0,0.0,0.0,0.0,0.0
2059,7,2,3,0.21360500000000002,0.09678933333333334,0.132043,0.16619366666666668,0.14445166666666667,0.21360500000000002,0.21360500000000002,0.09678933333333334,0.09678933333333334,0.132043,0.132043,0.16619366666666668,0.16619366666666668,0.14445166666666667,0.14445166666666667
2059,7,2,4,0.584054,0.5253626666666666,0.5878493333333333,0.603989,0.5627203333333334,0.584054,0.584054,0.5253626666666666,0.5253626666666666,0.5878493333333333,0.5878493333333333,0.603989,0.603989,0.5627203333333334,0.5627203333333334
2059,7,2,5,0.564835,0.6369596666666667,0.655172,0.656968,0.6054396666666667,0.564835,0.564835,0.6369596666666667,0.6369596666666667,0.655172,0.655172,0.656968,0.656968,0.6054396666666667,0.6054396666666667
2059,7,2,6,0.16777766666666669,0.3134493333333333,0.3023656666666667,0.2913116666666667,0.24061566666666667,0.16777766666666669,0.16777766666666669,0.3134493333333333,0.3134493333333333,0.3023656666666667,0.3023656666666667,0.2913116666666667,0.2913116666666667,0.24061566666666667,0.24061566666666667
2059,7,2,7,0.0,0.0022096666666666666,0.0004946666666666667,0.0,0.0,0.0,0.0,0.0022096666666666666,0.0022096666666666666,0.0004946666666666667,0.0004946666666666667,0.0,0.0,0.0,0.0
2059,7,2,8,0.0,0.0,0.0,0.0,0.0,0.0,0.0,0.0,0.0,0.0,0.0,0.0,0.0,0.0,0.0
2059,7,3,1,0.0,0.0,0.0,0.0,0.0,0.0,0.0,0.0,0.0,0.0,0.0,0.0,0.0,0.0,0.0
2059,7,3,2,0.0,0.0,0.0,0.0,0.0,0.0,0.0,0.0,0.0,0.0,0.0,0.0,0.0,0.0,0.0
2059,7,3,3,0.21360500000000002,0.09678933333333334,0.132043,0.16619366666666668,0.14445166666666667,0.21360500000000002,0.21360500000000002,0.09678933333333334,0.09678933333333334,0.132043,0.132043,0.16619366666666668,0.16619366666666668,0.14445166666666667,0.14445166666666667
2059,7,3,4,0.584054,0.5253626666666666,0.5878493333333333,0.603989,0.5627203333333334,0.584054,0.584054,0.5253626666666666,0.5253626666666666,0.5878493333333333,0.5878493333333333,0.603989,0.603989,0.5627203333333334,0.5627203333333334
2059,7,3,5,0.564835,0.6369596666666667,0.655172,0.656968,0.6054396666666667,0.564835,0.564835,0.6369596666666667,0.6369596666666667,0.655172,0.655172,0.656968,0.656968,0.6054396666666667,0.6054396666666667
2059,7,3,6,0.16777766666666669,0.3134493333333333,0.3023656666666667,0.2913116666666667,0.24061566666666667,0.16777766666666669,0.16777766666666669,0.3134493333333333,0.3134493333333333,0.3023656666666667,0.3023656666666667,0.2913116666666667,0.2913116666666667,0.24061566666666667,0.24061566666666667
2059,7,3,7,0.0,0.0022096666666666666,0.0004946666666666667,0.0,0.0,0.0,0.0,0.0022096666666666666,0.0022096666666666666,0.0004946666666666667,0.0004946666666666667,0.0,0.0,0.0,0.0
2059,7,3,8,0.0,0.0,0.0,0.0,0.0,0.0,0.0,0.0,0.0,0.0,0.0,0.0,0.0,0.0,0.0
2059,7,4,1,0.0,0.0,0.0,0.0,0.0,0.0,0.0,0.0,0.0,0.0,0.0,0.0,0.0,0.0,0.0
2059,7,4,2,0.0,0.0,0.0,0.0,0.0,0.0,0.0,0.0,0.0,0.0,0.0,0.0,0.0,0.0,0.0
2059,7,4,3,0.21360500000000002,0.09678933333333334,0.132043,0.16619366666666668,0.14445166666666667,0.21360500000000002,0.21360500000000002,0.09678933333333334,0.09678933333333334,0.132043,0.132043,0.16619366666666668,0.16619366666666668,0.14445166666666667,0.14445166666666667
2059,7,4,4,0.584054,0.5253626666666666,0.5878493333333333,0.603989,0.5627203333333334,0.584054,0.584054,0.5253626666666666,0.5253626666666666,0.5878493333333333,0.5878493333333333,0.603989,0.603989,0.5627203333333334,0.5627203333333334
2059,7,4,5,0.564835,0.6369596666666667,0.655172,0.656968,0.6054396666666667,0.564835,0.564835,0.6369596666666667,0.6369596666666667,0.655172,0.655172,0.656968,0.656968,0.6054396666666667,0.6054396666666667
2059,7,4,6,0.16777766666666669,0.3134493333333333,0.3023656666666667,0.2913116666666667,0.24061566666666667,0.16777766666666669,0.16777766666666669,0.3134493333333333,0.3134493333333333,0.3023656666666667,0.3023656666666667,0.2913116666666667,0.2913116666666667,0.24061566666666667,0.24061566666666667
2059,7,4,7,0.0,0.0022096666666666666,0.0004946666666666667,0.0,0.0,0.0,0.0,0.0022096666666666666,0.0022096666666666666,0.0004946666666666667,0.0004946666666666667,0.0,0.0,0.0,0.0
2059,7,4,8,0.0,0.0,0.0,0.0,0.0,0.0,0.0,0.0,0.0,0.0,0.0,0.0,0.0,0.0,0.0
2059,7,5,1,0.0,0.0,0.0,0.0,0.0,0.0,0.0,0.0,0.0,0.0,0.0,0.0,0.0,0.0,0.0
2059,7,5,2,0.0,0.0,0.0,0.0,0.0,0.0,0.0,0.0,0.0,0.0,0.0,0.0,0.0,0.0,0.0
2059,7,5,3,0.21360500000000002,0.09678933333333334,0.132043,0.16619366666666668,0.14445166666666667,0.21360500000000002,0.21360500000000002,0.09678933333333334,0.09678933333333334,0.132043,0.132043,0.16619366666666668,0.16619366666666668,0.14445166666666667,0.14445166666666667
2059,7,5,4,0.584054,0.5253626666666666,0.5878493333333333,0.603989,0.5627203333333334,0.584054,0.584054,0.5253626666666666,0.5253626666666666,0.5878493333333333,0.5878493333333333,0.603989,0.603989,0.5627203333333334,0.5627203333333334
2059,7,5,5,0.564835,0.6369596666666667,0.655172,0.656968,0.6054396666666667,0.564835,0.564835,0.6369596666666667,0.6369596666666667,0.655172,0.655172,0.656968,0.656968,0.6054396666666667,0.6054396666666667
2059,7,5,6,0.16777766666666669,0.3134493333333333,0.3023656666666667,0.2913116666666667,0.24061566666666667,0.16777766666666669,0.16777766666666669,0.3134493333333333,0.3134493333333333,0.3023656666666667,0.3023656666666667,0.2913116666666667,0.2913116666666667,0.24061566666666667,0.24061566666666667
2059,7,5,7,0.0,0.0022096666666666666,0.0004946666666666667,0.0,0.0,0.0,0.0,0.0022096666666666666,0.0022096666666666666,0.0004946666666666667,0.0004946666666666667,0.0,0.0,0.0,0.0
2059,7,5,8,0.0,0.0,0.0,0.0,0.0,0.0,0.0,0.0,0.0,0.0,0.0,0.0,0.0,0.0,0.0
2059,7,6,1,0.0,0.0,0.0,0.0,0.0,0.0,0.0,0.0,0.0,0.0,0.0,0.0,0.0,0.0,0.0
2059,7,6,2,0.0,0.0,0.0,0.0,0.0,0.0,0.0,0.0,0.0,0.0,0.0,0.0,0.0,0.0,0.0
2059,7,6,3,0.21360500000000002,0.09678933333333334,0.132043,0.16619366666666668,0.14445166666666667,0.21360500000000002,0.21360500000000002,0.09678933333333334,0.09678933333333334,0.132043,0.132043,0.16619366666666668,0.16619366666666668,0.14445166666666667,0.14445166666666667
2059,7,6,4,0.584054,0.5253626666666666,0.5878493333333333,0.603989,0.5627203333333334,0.584054,0.584054,0.5253626666666666,0.5253626666666666,0.5878493333333333,0.5878493333333333,0.603989,0.603989,0.5627203333333334,0.5627203333333334
2059,7,6,5,0.564835,0.6369596666666667,0.655172,0.656968,0.6054396666666667,0.564835,0.564835,0.6369596666666667,0.6369596666666667,0.655172,0.655172,0.656968,0.656968,0.6054396666666667,0.6054396666666667
2059,7,6,6,0.16777766666666669,0.3134493333333333,0.3023656666666667,0.2913116666666667,0.24061566666666667,0.16777766666666669,0.16777766666666669,0.3134493333333333,0.3134493333333333,0.3023656666666667,0.3023656666666667,0.2913116666666667,0.2913116666666667,0.24061566666666667,0.24061566666666667
2059,7,6,7,0.0,0.0022096666666666666,0.0004946666666666667,0.0,0.0,0.0,0.0,0.0022096666666666666,0.0022096666666666666,0.0004946666666666667,0.0004946666666666667,0.0,0.0,0.0,0.0
2059,7,6,8,0.0,0.0,0.0,0.0,0.0,0.0,0.0,0.0,0.0,0.0,0.0,0.0,0.0,0.0,0.0
2059,7,7,1,0.0,0.0,0.0,0.0,0.0,0.0,0.0,0.0,0.0,0.0,0.0,0.0,0.0,0.0,0.0
2059,7,7,2,0.0,0.0,0.0,0.0,0.0,0.0,0.0,0.0,0.0,0.0,0.0,0.0,0.0,0.0,0.0
2059,7,7,3,0.21360500000000002,0.09678933333333334,0.132043,0.16619366666666668,0.14445166666666667,0.21360500000000002,0.21360500000000002,0.09678933333333334,0.09678933333333334,0.132043,0.132043,0.16619366666666668,0.16619366666666668,0.14445166666666667,0.14445166666666667
2059,7,7,4,0.584054,0.5253626666666666,0.5878493333333333,0.603989,0.5627203333333334,0.584054,0.584054,0.5253626666666666,0.5253626666666666,0.5878493333333333,0.5878493333333333,0.603989,0.603989,0.5627203333333334,0.5627203333333334
2059,7,7,5,0.564835,0.6369596666666667,0.655172,0.656968,0.6054396666666667,0.564835,0.564835,0.6369596666666667,0.6369596666666667,0.655172,0.655172,0.656968,0.656968,0.6054396666666667,0.6054396666666667
2059,7,7,6,0.16777766666666669,0.3134493333333333,0.3023656666666667,0.2913116666666667,0.24061566666666667,0.16777766666666669,0.16777766666666669,0.3134493333333333,0.3134493333333333,0.3023656666666667,0.3023656666666667,0.2913116666666667,0.2913116666666667,0.24061566666666667,0.24061566666666667
2059,7,7,7,0.0,0.0022096666666666666,0.0004946666666666667,0.0,0.0,0.0,0.0,0.0022096666666666666,0.0022096666666666666,0.0004946666666666667,0.0004946666666666667,0.0,0.0,0.0,0.0
2059,7,7,8,0.0,0.0,0.0,0.0,0.0,0.0,0.0,0.0,0.0,0.0,0.0,0.0,0.0,0.0,0.0
2059,7,8,1,0.0,0.0,0.0,0.0,0.0,0.0,0.0,0.0,0.0,0.0,0.0,0.0,0.0,0.0,0.0
2059,7,8,2,0.0,0.0,0.0,0.0,0.0,0.0,0.0,0.0,0.0,0.0,0.0,0.0,0.0,0.0,0.0
2059,7,8,3,0.21360500000000002,0.09678933333333334,0.132043,0.16619366666666668,0.14445166666666667,0.21360500000000002,0.21360500000000002,0.09678933333333334,0.09678933333333334,0.132043,0.132043,0.16619366666666668,0.16619366666666668,0.14445166666666667,0.14445166666666667
2059,7,8,4,0.584054,0.5253626666666666,0.5878493333333333,0.603989,0.5627203333333334,0.584054,0.584054,0.5253626666666666,0.5253626666666666,0.5878493333333333,0.5878493333333333,0.603989,0.603989,0.5627203333333334,0.5627203333333334
2059,7,8,5,0.564835,0.6369596666666667,0.655172,0.656968,0.6054396666666667,0.564835,0.564835,0.6369596666666667,0.6369596666666667,0.655172,0.655172,0.656968,0.656968,0.6054396666666667,0.6054396666666667
2059,7,8,6,0.16777766666666669,0.3134493333333333,0.3023656666666667,0.2913116666666667,0.24061566666666667,0.16777766666666669,0.16777766666666669,0.3134493333333333,0.3134493333333333,0.3023656666666667,0.3023656666666667,0.2913116666666667,0.2913116666666667,0.24061566666666667,0.24061566666666667
2059,7,8,7,0.0,0.0022096666666666666,0.0004946666666666667,0.0,0.0,0.0,0.0,0.0022096666666666666,0.0022096666666666666,0.0004946666666666667,0.0004946666666666667,0.0,0.0,0.0,0.0
2059,7,8,8,0.0,0.0,0.0,0.0,0.0,0.0,0.0,0.0,0.0,0.0,0.0,0.0,0.0,0.0,0.0
2059,7,9,1,0.0,0.0,0.0,0.0,0.0,0.0,0.0,0.0,0.0,0.0,0.0,0.0,0.0,0.0,0.0
2059,7,9,2,0.0,0.0,0.0,0.0,0.0,0.0,0.0,0.0,0.0,0.0,0.0,0.0,0.0,0.0,0.0
2059,7,9,3,0.21360500000000002,0.09678933333333334,0.132043,0.16619366666666668,0.14445166666666667,0.21360500000000002,0.21360500000000002,0.09678933333333334,0.09678933333333334,0.132043,0.132043,0.16619366666666668,0.16619366666666668,0.14445166666666667,0.14445166666666667
2059,7,9,4,0.584054,0.5253626666666666,0.5878493333333333,0.603989,0.5627203333333334,0.584054,0.584054,0.5253626666666666,0.5253626666666666,0.5878493333333333,0.5878493333333333,0.603989,0.603989,0.5627203333333334,0.5627203333333334
2059,7,9,5,0.564835,0.6369596666666667,0.655172,0.656968,0.6054396666666667,0.564835,0.564835,0.6369596666666667,0.6369596666666667,0.655172,0.655172,0.656968,0.656968,0.6054396666666667,0.6054396666666667
2059,7,9,6,0.16777766666666669,0.3134493333333333,0.3023656666666667,0.2913116666666667,0.24061566666666667,0.16777766666666669,0.16777766666666669,0.3134493333333333,0.3134493333333333,0.3023656666666667,0.3023656666666667,0.2913116666666667,0.2913116666666667,0.24061566666666667,0.24061566666666667
2059,7,9,7,0.0,0.0022096666666666666,0.0004946666666666667,0.0,0.0,0.0,0.0,0.0022096666666666666,0.0022096666666666666,0.0004946666666666667,0.0004946666666666667,0.0,0.0,0.0,0.0
2059,7,9,8,0.0,0.0,0.0,0.0,0.0,0.0,0.0,0.0,0.0,0.0,0.0,0.0,0.0,0.0,0.0
2059,7,10,1,0.0,0.0,0.0,0.0,0.0,0.0,0.0,0.0,0.0,0.0,0.0,0.0,0.0,0.0,0.0
2059,7,10,2,0.0,0.0,0.0,0.0,0.0,0.0,0.0,0.0,0.0,0.0,0.0,0.0,0.0,0.0,0.0
2059,7,10,3,0.21360500000000002,0.09678933333333334,0.132043,0.16619366666666668,0.14445166666666667,0.21360500000000002,0.21360500000000002,0.09678933333333334,0.09678933333333334,0.132043,0.132043,0.16619366666666668,0.16619366666666668,0.14445166666666667,0.14445166666666667
2059,7,10,4,0.584054,0.5253626666666666,0.5878493333333333,0.603989,0.5627203333333334,0.584054,0.584054,0.5253626666666666,0.5253626666666666,0.5878493333333333,0.5878493333333333,0.603989,0.603989,0.5627203333333334,0.5627203333333334
2059,7,10,5,0.564835,0.6369596666666667,0.655172,0.656968,0.6054396666666667,0.564835,0.564835,0.6369596666666667,0.6369596666666667,0.655172,0.655172,0.656968,0.656968,0.6054396666666667,0.6054396666666667
2059,7,10,6,0.16777766666666669,0.3134493333333333,0.3023656666666667,0.2913116666666667,0.24061566666666667,0.16777766666666669,0.16777766666666669,0.3134493333333333,0.3134493333333333,0.3023656666666667,0.3023656666666667,0.2913116666666667,0.2913116666666667,0.24061566666666667,0.24061566666666667
2059,7,10,7,0.0,0.0022096666666666666,0.0004946666666666667,0.0,0.0,0.0,0.0,0.0022096666666666666,0.0022096666666666666,0.0004946666666666667,0.0004946666666666667,0.0,0.0,0.0,0.0
2059,7,10,8,0.0,0.0,0.0,0.0,0.0,0.0,0.0,0.0,0.0,0.0,0.0,0.0,0.0,0.0,0.0
2059,7,11,1,0.0,0.0,0.0,0.0,0.0,0.0,0.0,0.0,0.0,0.0,0.0,0.0,0.0,0.0,0.0
2059,7,11,2,0.0,0.0,0.0,0.0,0.0,0.0,0.0,0.0,0.0,0.0,0.0,0.0,0.0,0.0,0.0
2059,7,11,3,0.21360500000000002,0.09678933333333334,0.132043,0.16619366666666668,0.14445166666666667,0.21360500000000002,0.21360500000000002,0.09678933333333334,0.09678933333333334,0.132043,0.132043,0.16619366666666668,0.16619366666666668,0.14445166666666667,0.14445166666666667
2059,7,11,4,0.584054,0.5253626666666666,0.5878493333333333,0.603989,0.5627203333333334,0.584054,0.584054,0.5253626666666666,0.5253626666666666,0.5878493333333333,0.5878493333333333,0.603989,0.603989,0.5627203333333334,0.5627203333333334
2059,7,11,5,0.564835,0.6369596666666667,0.655172,0.656968,0.6054396666666667,0.564835,0.564835,0.6369596666666667,0.6369596666666667,0.655172,0.655172,0.656968,0.656968,0.6054396666666667,0.6054396666666667
2059,7,11,6,0.16777766666666669,0.3134493333333333,0.3023656666666667,0.2913116666666667,0.24061566666666667,0.16777766666666669,0.16777766666666669,0.3134493333333333,0.3134493333333333,0.3023656666666667,0.3023656666666667,0.2913116666666667,0.2913116666666667,0.24061566666666667,0.24061566666666667
2059,7,11,7,0.0,0.0022096666666666666,0.0004946666666666667,0.0,0.0,0.0,0.0,0.0022096666666666666,0.0022096666666666666,0.0004946666666666667,0.0004946666666666667,0.0,0.0,0.0,0.0
2059,7,11,8,0.0,0.0,0.0,0.0,0.0,0.0,0.0,0.0,0.0,0.0,0.0,0.0,0.0,0.0,0.0
2059,7,12,1,0.0,0.0,0.0,0.0,0.0,0.0,0.0,0.0,0.0,0.0,0.0,0.0,0.0,0.0,0.0
2059,7,12,2,0.0,0.0,0.0,0.0,0.0,0.0,0.0,0.0,0.0,0.0,0.0,0.0,0.0,0.0,0.0
2059,7,12,3,0.21360500000000002,0.09678933333333334,0.132043,0.16619366666666668,0.14445166666666667,0.21360500000000002,0.21360500000000002,0.09678933333333334,0.09678933333333334,0.132043,0.132043,0.16619366666666668,0.16619366666666668,0.14445166666666667,0.14445166666666667
2059,7,12,4,0.584054,0.5253626666666666,0.5878493333333333,0.603989,0.5627203333333334,0.584054,0.584054,0.5253626666666666,0.5253626666666666,0.5878493333333333,0.5878493333333333,0.603989,0.603989,0.5627203333333334,0.5627203333333334
2059,7,12,5,0.564835,0.6369596666666667,0.655172,0.656968,0.6054396666666667,0.564835,0.564835,0.6369596666666667,0.6369596666666667,0.655172,0.655172,0.656968,0.656968,0.6054396666666667,0.6054396666666667
2059,7,12,6,0.16777766666666669,0.3134493333333333,0.3023656666666667,0.2913116666666667,0.24061566666666667,0.16777766666666669,0.16777766666666669,0.3134493333333333,0.3134493333333333,0.3023656666666667,0.3023656666666667,0.2913116666666667,0.2913116666666667,0.24061566666666667,0.24061566666666667
2059,7,12,7,0.0,0.0022096666666666666,0.0004946666666666667,0.0,0.0,0.0,0.0,0.0022096666666666666,0.0022096666666666666,0.0004946666666666667,0.0004946666666666667,0.0,0.0,0.0,0.0
2059,7,12,8,0.0,0.0,0.0,0.0,0.0,0.0,0.0,0.0,0.0,0.0,0.0,0.0,0.0,0.0,0.0
2059,7,13,1,0.0,0.0,0.0,0.0,0.0,0.0,0.0,0.0,0.0,0.0,0.0,0.0,0.0,0.0,0.0
2059,7,13,2,0.0,0.0,0.0,0.0,0.0,0.0,0.0,0.0,0.0,0.0,0.0,0.0,0.0,0.0,0.0
2059,7,13,3,0.21360500000000002,0.09678933333333334,0.132043,0.16619366666666668,0.14445166666666667,0.21360500000000002,0.21360500000000002,0.09678933333333334,0.09678933333333334,0.132043,0.132043,0.16619366666666668,0.16619366666666668,0.14445166666666667,0.14445166666666667
2059,7,13,4,0.584054,0.5253626666666666,0.5878493333333333,0.603989,0.5627203333333334,0.584054,0.584054,0.5253626666666666,0.5253626666666666,0.5878493333333333,0.5878493333333333,0.603989,0.603989,0.5627203333333334,0.5627203333333334
2059,7,13,5,0.564835,0.6369596666666667,0.655172,0.656968,0.6054396666666667,0.564835,0.564835,0.6369596666666667,0.6369596666666667,0.655172,0.655172,0.656968,0.656968,0.6054396666666667,0.6054396666666667
2059,7,13,6,0.16777766666666669,0.3134493333333333,0.3023656666666667,0.2913116666666667,0.24061566666666667,0.16777766666666669,0.16777766666666669,0.3134493333333333,0.3134493333333333,0.3023656666666667,0.3023656666666667,0.2913116666666667,0.2913116666666667,0.24061566666666667,0.24061566666666667
2059,7,13,7,0.0,0.0022096666666666666,0.0004946666666666667,0.0,0.0,0.0,0.0,0.0022096666666666666,0.0022096666666666666,0.0004946666666666667,0.0004946666666666667,0.0,0.0,0.0,0.0
2059,7,13,8,0.0,0.0,0.0,0.0,0.0,0.0,0.0,0.0,0.0,0.0,0.0,0.0,0.0,0.0,0.0
2059,7,14,1,0.0,0.0,0.0,0.0,0.0,0.0,0.0,0.0,0.0,0.0,0.0,0.0,0.0,0.0,0.0
2059,7,14,2,0.0,0.0,0.0,0.0,0.0,0.0,0.0,0.0,0.0,0.0,0.0,0.0,0.0,0.0,0.0
2059,7,14,3,0.21360500000000002,0.09678933333333334,0.132043,0.16619366666666668,0.14445166666666667,0.21360500000000002,0.21360500000000002,0.09678933333333334,0.09678933333333334,0.132043,0.132043,0.16619366666666668,0.16619366666666668,0.14445166666666667,0.14445166666666667
2059,7,14,4,0.584054,0.5253626666666666,0.5878493333333333,0.603989,0.5627203333333334,0.584054,0.584054,0.5253626666666666,0.5253626666666666,0.5878493333333333,0.5878493333333333,0.603989,0.603989,0.5627203333333334,0.5627203333333334
2059,7,14,5,0.564835,0.6369596666666667,0.655172,0.656968,0.6054396666666667,0.564835,0.564835,0.6369596666666667,0.6369596666666667,0.655172,0.655172,0.656968,0.656968,0.6054396666666667,0.6054396666666667
2059,7,14,6,0.16777766666666669,0.3134493333333333,0.3023656666666667,0.2913116666666667,0.24061566666666667,0.16777766666666669,0.16777766666666669,0.3134493333333333,0.3134493333333333,0.3023656666666667,0.3023656666666667,0.2913116666666667,0.2913116666666667,0.24061566666666667,0.24061566666666667
2059,7,14,7,0.0,0.0022096666666666666,0.0004946666666666667,0.0,0.0,0.0,0.0,0.0022096666666666666,0.0022096666666666666,0.0004946666666666667,0.0004946666666666667,0.0,0.0,0.0,0.0
2059,7,14,8,0.0,0.0,0.0,0.0,0.0,0.0,0.0,0.0,0.0,0.0,0.0,0.0,0.0,0.0,0.0
2059,7,15,1,0.0,0.0,0.0,0.0,0.0,0.0,0.0,0.0,0.0,0.0,0.0,0.0,0.0,0.0,0.0
2059,7,15,2,0.0,0.0,0.0,0.0,0.0,0.0,0.0,0.0,0.0,0.0,0.0,0.0,0.0,0.0,0.0
2059,7,15,3,0.21360500000000002,0.09678933333333334,0.132043,0.16619366666666668,0.14445166666666667,0.21360500000000002,0.21360500000000002,0.09678933333333334,0.09678933333333334,0.132043,0.132043,0.16619366666666668,0.16619366666666668,0.14445166666666667,0.14445166666666667
2059,7,15,4,0.584054,0.5253626666666666,0.5878493333333333,0.603989,0.5627203333333334,0.584054,0.584054,0.5253626666666666,0.5253626666666666,0.5878493333333333,0.5878493333333333,0.603989,0.603989,0.5627203333333334,0.5627203333333334
2059,7,15,5,0.564835,0.6369596666666667,0.655172,0.656968,0.6054396666666667,0.564835,0.564835,0.6369596666666667,0.6369596666666667,0.655172,0.655172,0.656968,0.656968,0.6054396666666667,0.6054396666666667
2059,7,15,6,0.16777766666666669,0.3134493333333333,0.3023656666666667,0.2913116666666667,0.24061566666666667,0.16777766666666669,0.16777766666666669,0.3134493333333333,0.3134493333333333,0.3023656666666667,0.3023656666666667,0.2913116666666667,0.2913116666666667,0.24061566666666667,0.24061566666666667
2059,7,15,7,0.0,0.0022096666666666666,0.0004946666666666667,0.0,0.0,0.0,0.0,0.0022096666666666666,0.0022096666666666666,0.0004946666666666667,0.0004946666666666667,0.0,0.0,0.0,0.0
2059,7,15,8,0.0,0.0,0.0,0.0,0.0,0.0,0.0,0.0,0.0,0.0,0.0,0.0,0.0,0.0,0.0
2059,7,16,1,0.0,0.0,0.0,0.0,0.0,0.0,0.0,0.0,0.0,0.0,0.0,0.0,0.0,0.0,0.0
2059,7,16,2,0.0,0.0,0.0,0.0,0.0,0.0,0.0,0.0,0.0,0.0,0.0,0.0,0.0,0.0,0.0
2059,7,16,3,0.21360500000000002,0.09678933333333334,0.132043,0.16619366666666668,0.14445166666666667,0.21360500000000002,0.21360500000000002,0.09678933333333334,0.09678933333333334,0.132043,0.132043,0.16619366666666668,0.16619366666666668,0.14445166666666667,0.14445166666666667
2059,7,16,4,0.584054,0.5253626666666666,0.5878493333333333,0.603989,0.5627203333333334,0.584054,0.584054,0.5253626666666666,0.5253626666666666,0.5878493333333333,0.5878493333333333,0.603989,0.603989,0.5627203333333334,0.5627203333333334
2059,7,16,5,0.564835,0.6369596666666667,0.655172,0.656968,0.6054396666666667,0.564835,0.564835,0.6369596666666667,0.6369596666666667,0.655172,0.655172,0.656968,0.656968,0.6054396666666667,0.6054396666666667
2059,7,16,6,0.16777766666666669,0.3134493333333333,0.3023656666666667,0.2913116666666667,0.24061566666666667,0.16777766666666669,0.16777766666666669,0.3134493333333333,0.3134493333333333,0.3023656666666667,0.3023656666666667,0.2913116666666667,0.2913116666666667,0.24061566666666667,0.24061566666666667
2059,7,16,7,0.0,0.0022096666666666666,0.0004946666666666667,0.0,0.0,0.0,0.0,0.0022096666666666666,0.0022096666666666666,0.0004946666666666667,0.0004946666666666667,0.0,0.0,0.0,0.0
2059,7,16,8,0.0,0.0,0.0,0.0,0.0,0.0,0.0,0.0,0.0,0.0,0.0,0.0,0.0,0.0,0.0
2059,7,17,1,0.0,0.0,0.0,0.0,0.0,0.0,0.0,0.0,0.0,0.0,0.0,0.0,0.0,0.0,0.0
2059,7,17,2,0.0,0.0,0.0,0.0,0.0,0.0,0.0,0.0,0.0,0.0,0.0,0.0,0.0,0.0,0.0
2059,7,17,3,0.21360500000000002,0.09678933333333334,0.132043,0.16619366666666668,0.14445166666666667,0.21360500000000002,0.21360500000000002,0.09678933333333334,0.09678933333333334,0.132043,0.132043,0.16619366666666668,0.16619366666666668,0.14445166666666667,0.14445166666666667
2059,7,17,4,0.584054,0.5253626666666666,0.5878493333333333,0.603989,0.5627203333333334,0.584054,0.584054,0.5253626666666666,0.5253626666666666,0.5878493333333333,0.5878493333333333,0.603989,0.603989,0.5627203333333334,0.5627203333333334
2059,7,17,5,0.564835,0.6369596666666667,0.655172,0.656968,0.6054396666666667,0.564835,0.564835,0.6369596666666667,0.6369596666666667,0.655172,0.655172,0.656968,0.656968,0.6054396666666667,0.6054396666666667
2059,7,17,6,0.16777766666666669,0.3134493333333333,0.3023656666666667,0.2913116666666667,0.24061566666666667,0.16777766666666669,0.16777766666666669,0.3134493333333333,0.3134493333333333,0.3023656666666667,0.3023656666666667,0.2913116666666667,0.2913116666666667,0.24061566666666667,0.24061566666666667
2059,7,17,7,0.0,0.0022096666666666666,0.0004946666666666667,0.0,0.0,0.0,0.0,0.0022096666666666666,0.0022096666666666666,0.0004946666666666667,0.0004946666666666667,0.0,0.0,0.0,0.0
2059,7,17,8,0.0,0.0,0.0,0.0,0.0,0.0,0.0,0.0,0.0,0.0,0.0,0.0,0.0,0.0,0.0
2059,7,18,1,0.0,0.0,0.0,0.0,0.0,0.0,0.0,0.0,0.0,0.0,0.0,0.0,0.0,0.0,0.0
2059,7,18,2,0.0,0.0,0.0,0.0,0.0,0.0,0.0,0.0,0.0,0.0,0.0,0.0,0.0,0.0,0.0
2059,7,18,3,0.21360500000000002,0.09678933333333334,0.132043,0.16619366666666668,0.14445166666666667,0.21360500000000002,0.21360500000000002,0.09678933333333334,0.09678933333333334,0.132043,0.132043,0.16619366666666668,0.16619366666666668,0.14445166666666667,0.14445166666666667
2059,7,18,4,0.584054,0.5253626666666666,0.5878493333333333,0.603989,0.5627203333333334,0.584054,0.584054,0.5253626666666666,0.5253626666666666,0.5878493333333333,0.5878493333333333,0.603989,0.603989,0.5627203333333334,0.5627203333333334
2059,7,18,5,0.564835,0.6369596666666667,0.655172,0.656968,0.6054396666666667,0.564835,0.564835,0.6369596666666667,0.6369596666666667,0.655172,0.655172,0.656968,0.656968,0.6054396666666667,0.6054396666666667
2059,7,18,6,0.16777766666666669,0.3134493333333333,0.3023656666666667,0.2913116666666667,0.24061566666666667,0.16777766666666669,0.16777766666666669,0.3134493333333333,0.3134493333333333,0.3023656666666667,0.3023656666666667,0.2913116666666667,0.2913116666666667,0.24061566666666667,0.24061566666666667
2059,7,18,7,0.0,0.0022096666666666666,0.0004946666666666667,0.0,0.0,0.0,0.0,0.0022096666666666666,0.0022096666666666666,0.0004946666666666667,0.0004946666666666667,0.0,0.0,0.0,0.0
2059,7,18,8,0.0,0.0,0.0,0.0,0.0,0.0,0.0,0.0,0.0,0.0,0.0,0.0,0.0,0.0,0.0
2059,7,19,1,0.0,0.0,0.0,0.0,0.0,0.0,0.0,0.0,0.0,0.0,0.0,0.0,0.0,0.0,0.0
2059,7,19,2,0.0,0.0,0.0,0.0,0.0,0.0,0.0,0.0,0.0,0.0,0.0,0.0,0.0,0.0,0.0
2059,7,19,3,0.21360500000000002,0.09678933333333334,0.132043,0.16619366666666668,0.14445166666666667,0.21360500000000002,0.21360500000000002,0.09678933333333334,0.09678933333333334,0.132043,0.132043,0.16619366666666668,0.16619366666666668,0.14445166666666667,0.14445166666666667
2059,7,19,4,0.584054,0.5253626666666666,0.5878493333333333,0.603989,0.5627203333333334,0.584054,0.584054,0.5253626666666666,0.5253626666666666,0.5878493333333333,0.5878493333333333,0.603989,0.603989,0.5627203333333334,0.5627203333333334
2059,7,19,5,0.564835,0.6369596666666667,0.655172,0.656968,0.6054396666666667,0.564835,0.564835,0.6369596666666667,0.6369596666666667,0.655172,0.655172,0.656968,0.656968,0.6054396666666667,0.6054396666666667
2059,7,19,6,0.16777766666666669,0.3134493333333333,0.3023656666666667,0.2913116666666667,0.24061566666666667,0.16777766666666669,0.16777766666666669,0.3134493333333333,0.3134493333333333,0.3023656666666667,0.3023656666666667,0.2913116666666667,0.2913116666666667,0.24061566666666667,0.24061566666666667
2059,7,19,7,0.0,0.0022096666666666666,0.0004946666666666667,0.0,0.0,0.0,0.0,0.0022096666666666666,0.0022096666666666666,0.0004946666666666667,0.0004946666666666667,0.0,0.0,0.0,0.0
2059,7,19,8,0.0,0.0,0.0,0.0,0.0,0.0,0.0,0.0,0.0,0.0,0.0,0.0,0.0,0.0,0.0
2059,7,20,1,0.0,0.0,0.0,0.0,0.0,0.0,0.0,0.0,0.0,0.0,0.0,0.0,0.0,0.0,0.0
2059,7,20,2,0.0,0.0,0.0,0.0,0.0,0.0,0.0,0.0,0.0,0.0,0.0,0.0,0.0,0.0,0.0
2059,7,20,3,0.21360500000000002,0.09678933333333334,0.132043,0.16619366666666668,0.14445166666666667,0.21360500000000002,0.21360500000000002,0.09678933333333334,0.09678933333333334,0.132043,0.132043,0.16619366666666668,0.16619366666666668,0.14445166666666667,0.14445166666666667
2059,7,20,4,0.584054,0.5253626666666666,0.5878493333333333,0.603989,0.5627203333333334,0.584054,0.584054,0.5253626666666666,0.5253626666666666,0.5878493333333333,0.5878493333333333,0.603989,0.603989,0.5627203333333334,0.5627203333333334
2059,7,20,5,0.564835,0.6369596666666667,0.655172,0.656968,0.6054396666666667,0.564835,0.564835,0.6369596666666667,0.6369596666666667,0.655172,0.655172,0.656968,0.656968,0.6054396666666667,0.6054396666666667
2059,7,20,6,0.16777766666666669,0.3134493333333333,0.3023656666666667,0.2913116666666667,0.24061566666666667,0.16777766666666669,0.16777766666666669,0.3134493333333333,0.3134493333333333,0.3023656666666667,0.3023656666666667,0.2913116666666667,0.2913116666666667,0.24061566666666667,0.24061566666666667
2059,7,20,7,0.0,0.0022096666666666666,0.0004946666666666667,0.0,0.0,0.0,0.0,0.0022096666666666666,0.0022096666666666666,0.0004946666666666667,0.0004946666666666667,0.0,0.0,0.0,0.0
2059,7,20,8,0.0,0.0,0.0,0.0,0.0,0.0,0.0,0.0,0.0,0.0,0.0,0.0,0.0,0.0,0.0
2059,7,21,1,0.0,0.0,0.0,0.0,0.0,0.0,0.0,0.0,0.0,0.0,0.0,0.0,0.0,0.0,0.0
2059,7,21,2,0.0,0.0,0.0,0.0,0.0,0.0,0.0,0.0,0.0,0.0,0.0,0.0,0.0,0.0,0.0
2059,7,21,3,0.21360500000000002,0.09678933333333334,0.132043,0.16619366666666668,0.14445166666666667,0.21360500000000002,0.21360500000000002,0.09678933333333334,0.09678933333333334,0.132043,0.132043,0.16619366666666668,0.16619366666666668,0.14445166666666667,0.14445166666666667
2059,7,21,4,0.584054,0.5253626666666666,0.5878493333333333,0.603989,0.5627203333333334,0.584054,0.584054,0.5253626666666666,0.5253626666666666,0.5878493333333333,0.5878493333333333,0.603989,0.603989,0.5627203333333334,0.5627203333333334
2059,7,21,5,0.564835,0.6369596666666667,0.655172,0.656968,0.6054396666666667,0.564835,0.564835,0.6369596666666667,0.6369596666666667,0.655172,0.655172,0.656968,0.656968,0.6054396666666667,0.6054396666666667
2059,7,21,6,0.16777766666666669,0.3134493333333333,0.3023656666666667,0.2913116666666667,0.24061566666666667,0.16777766666666669,0.16777766666666669,0.3134493333333333,0.3134493333333333,0.3023656666666667,0.3023656666666667,0.2913116666666667,0.2913116666666667,0.24061566666666667,0.24061566666666667
2059,7,21,7,0.0,0.0022096666666666666,0.0004946666666666667,0.0,0.0,0.0,0.0,0.0022096666666666666,0.0022096666666666666,0.0004946666666666667,0.0004946666666666667,0.0,0.0,0.0,0.0
2059,7,21,8,0.0,0.0,0.0,0.0,0.0,0.0,0.0,0.0,0.0,0.0,0.0,0.0,0.0,0.0,0.0
2059,7,22,1,0.0,0.0,0.0,0.0,0.0,0.0,0.0,0.0,0.0,0.0,0.0,0.0,0.0,0.0,0.0
2059,7,22,2,0.0,0.0,0.0,0.0,0.0,0.0,0.0,0.0,0.0,0.0,0.0,0.0,0.0,0.0,0.0
2059,7,22,3,0.21360500000000002,0.09678933333333334,0.132043,0.16619366666666668,0.14445166666666667,0.21360500000000002,0.21360500000000002,0.09678933333333334,0.09678933333333334,0.132043,0.132043,0.16619366666666668,0.16619366666666668,0.14445166666666667,0.14445166666666667
2059,7,22,4,0.584054,0.5253626666666666,0.5878493333333333,0.603989,0.5627203333333334,0.584054,0.584054,0.5253626666666666,0.5253626666666666,0.5878493333333333,0.5878493333333333,0.603989,0.603989,0.5627203333333334,0.5627203333333334
2059,7,22,5,0.564835,0.6369596666666667,0.655172,0.656968,0.6054396666666667,0.564835,0.564835,0.6369596666666667,0.6369596666666667,0.655172,0.655172,0.656968,0.656968,0.6054396666666667,0.6054396666666667
2059,7,22,6,0.16777766666666669,0.3134493333333333,0.3023656666666667,0.2913116666666667,0.24061566666666667,0.16777766666666669,0.16777766666666669,0.3134493333333333,0.3134493333333333,0.3023656666666667,0.3023656666666667,0.2913116666666667,0.2913116666666667,0.24061566666666667,0.24061566666666667
2059,7,22,7,0.0,0.0022096666666666666,0.0004946666666666667,0.0,0.0,0.0,0.0,0.0022096666666666666,0.0022096666666666666,0.0004946666666666667,0.0004946666666666667,0.0,0.0,0.0,0.0
2059,7,22,8,0.0,0.0,0.0,0.0,0.0,0.0,0.0,0.0,0.0,0.0,0.0,0.0,0.0,0.0,0.0
2059,7,23,1,0.0,0.0,0.0,0.0,0.0,0.0,0.0,0.0,0.0,0.0,0.0,0.0,0.0,0.0,0.0
2059,7,23,2,0.0,0.0,0.0,0.0,0.0,0.0,0.0,0.0,0.0,0.0,0.0,0.0,0.0,0.0,0.0
2059,7,23,3,0.21360500000000002,0.09678933333333334,0.132043,0.16619366666666668,0.14445166666666667,0.21360500000000002,0.21360500000000002,0.09678933333333334,0.09678933333333334,0.132043,0.132043,0.16619366666666668,0.16619366666666668,0.14445166666666667,0.14445166666666667
2059,7,23,4,0.584054,0.5253626666666666,0.5878493333333333,0.603989,0.5627203333333334,0.584054,0.584054,0.5253626666666666,0.5253626666666666,0.5878493333333333,0.5878493333333333,0.603989,0.603989,0.5627203333333334,0.5627203333333334
2059,7,23,5,0.564835,0.6369596666666667,0.655172,0.656968,0.6054396666666667,0.564835,0.564835,0.6369596666666667,0.6369596666666667,0.655172,0.655172,0.656968,0.656968,0.6054396666666667,0.6054396666666667
2059,7,23,6,0.16777766666666669,0.3134493333333333,0.3023656666666667,0.2913116666666667,0.24061566666666667,0.16777766666666669,0.16777766666666669,0.3134493333333333,0.3134493333333333,0.3023656666666667,0.3023656666666667,0.2913116666666667,0.2913116666666667,0.24061566666666667,0.24061566666666667
2059,7,23,7,0.0,0.0022096666666666666,0.0004946666666666667,0.0,0.0,0.0,0.0,0.0022096666666666666,0.0022096666666666666,0.0004946666666666667,0.0004946666666666667,0.0,0.0,0.0,0.0
2059,7,23,8,0.0,0.0,0.0,0.0,0.0,0.0,0.0,0.0,0.0,0.0,0.0,0.0,0.0,0.0,0.0
2059,7,24,1,0.0,0.0,0.0,0.0,0.0,0.0,0.0,0.0,0.0,0.0,0.0,0.0,0.0,0.0,0.0
2059,7,24,2,0.0,0.0,0.0,0.0,0.0,0.0,0.0,0.0,0.0,0.0,0.0,0.0,0.0,0.0,0.0
2059,7,24,3,0.21360500000000002,0.09678933333333334,0.132043,0.16619366666666668,0.14445166666666667,0.21360500000000002,0.21360500000000002,0.09678933333333334,0.09678933333333334,0.132043,0.132043,0.16619366666666668,0.16619366666666668,0.14445166666666667,0.14445166666666667
2059,7,24,4,0.584054,0.5253626666666666,0.5878493333333333,0.603989,0.5627203333333334,0.584054,0.584054,0.5253626666666666,0.5253626666666666,0.5878493333333333,0.5878493333333333,0.603989,0.603989,0.5627203333333334,0.5627203333333334
2059,7,24,5,0.564835,0.6369596666666667,0.655172,0.656968,0.6054396666666667,0.564835,0.564835,0.6369596666666667,0.6369596666666667,0.655172,0.655172,0.656968,0.656968,0.6054396666666667,0.6054396666666667
2059,7,24,6,0.16777766666666669,0.3134493333333333,0.3023656666666667,0.2913116666666667,0.24061566666666667,0.16777766666666669,0.16777766666666669,0.3134493333333333,0.3134493333333333,0.3023656666666667,0.3023656666666667,0.2913116666666667,0.2913116666666667,0.24061566666666667,0.24061566666666667
2059,7,24,7,0.0,0.0022096666666666666,0.0004946666666666667,0.0,0.0,0.0,0.0,0.0022096666666666666,0.0022096666666666666,0.0004946666666666667,0.0004946666666666667,0.0,0.0,0.0,0.0
2059,7,24,8,0.0,0.0,0.0,0.0,0.0,0.0,0.0,0.0,0.0,0.0,0.0,0.0,0.0,0.0,0.0
2059,7,25,1,0.0,0.0,0.0,0.0,0.0,0.0,0.0,0.0,0.0,0.0,0.0,0.0,0.0,0.0,0.0
2059,7,25,2,0.0,0.0,0.0,0.0,0.0,0.0,0.0,0.0,0.0,0.0,0.0,0.0,0.0,0.0,0.0
2059,7,25,3,0.21360500000000002,0.09678933333333334,0.132043,0.16619366666666668,0.14445166666666667,0.21360500000000002,0.21360500000000002,0.09678933333333334,0.09678933333333334,0.132043,0.132043,0.16619366666666668,0.16619366666666668,0.14445166666666667,0.14445166666666667
2059,7,25,4,0.584054,0.5253626666666666,0.5878493333333333,0.603989,0.5627203333333334,0.584054,0.584054,0.5253626666666666,0.5253626666666666,0.5878493333333333,0.5878493333333333,0.603989,0.603989,0.5627203333333334,0.5627203333333334
2059,7,25,5,0.564835,0.6369596666666667,0.655172,0.656968,0.6054396666666667,0.564835,0.564835,0.6369596666666667,0.6369596666666667,0.655172,0.655172,0.656968,0.656968,0.6054396666666667,0.6054396666666667
2059,7,25,6,0.16777766666666669,0.3134493333333333,0.3023656666666667,0.2913116666666667,0.24061566666666667,0.16777766666666669,0.16777766666666669,0.3134493333333333,0.3134493333333333,0.3023656666666667,0.3023656666666667,0.2913116666666667,0.2913116666666667,0.24061566666666667,0.24061566666666667
2059,7,25,7,0.0,0.0022096666666666666,0.0004946666666666667,0.0,0.0,0.0,0.0,0.0022096666666666666,0.0022096666666666666,0.0004946666666666667,0.0004946666666666667,0.0,0.0,0.0,0.0
2059,7,25,8,0.0,0.0,0.0,0.0,0.0,0.0,0.0,0.0,0.0,0.0,0.0,0.0,0.0,0.0,0.0
2059,7,26,1,0.0,0.0,0.0,0.0,0.0,0.0,0.0,0.0,0.0,0.0,0.0,0.0,0.0,0.0,0.0
2059,7,26,2,0.0,0.0,0.0,0.0,0.0,0.0,0.0,0.0,0.0,0.0,0.0,0.0,0.0,0.0,0.0
2059,7,26,3,0.21360500000000002,0.09678933333333334,0.132043,0.16619366666666668,0.14445166666666667,0.21360500000000002,0.21360500000000002,0.09678933333333334,0.09678933333333334,0.132043,0.132043,0.16619366666666668,0.16619366666666668,0.14445166666666667,0.14445166666666667
2059,7,26,4,0.584054,0.5253626666666666,0.5878493333333333,0.603989,0.5627203333333334,0.584054,0.584054,0.5253626666666666,0.5253626666666666,0.5878493333333333,0.5878493333333333,0.603989,0.603989,0.5627203333333334,0.5627203333333334
2059,7,26,5,0.564835,0.6369596666666667,0.655172,0.656968,0.6054396666666667,0.564835,0.564835,0.6369596666666667,0.6369596666666667,0.655172,0.655172,0.656968,0.656968,0.6054396666666667,0.6054396666666667
2059,7,26,6,0.16777766666666669,0.3134493333333333,0.3023656666666667,0.2913116666666667,0.24061566666666667,0.16777766666666669,0.16777766666666669,0.3134493333333333,0.3134493333333333,0.3023656666666667,0.3023656666666667,0.2913116666666667,0.2913116666666667,0.24061566666666667,0.24061566666666667
2059,7,26,7,0.0,0.0022096666666666666,0.0004946666666666667,0.0,0.0,0.0,0.0,0.0022096666666666666,0.0022096666666666666,0.0004946666666666667,0.0004946666666666667,0.0,0.0,0.0,0.0
2059,7,26,8,0.0,0.0,0.0,0.0,0.0,0.0,0.0,0.0,0.0,0.0,0.0,0.0,0.0,0.0,0.0
2059,7,27,1,0.0,0.0,0.0,0.0,0.0,0.0,0.0,0.0,0.0,0.0,0.0,0.0,0.0,0.0,0.0
2059,7,27,2,0.0,0.0,0.0,0.0,0.0,0.0,0.0,0.0,0.0,0.0,0.0,0.0,0.0,0.0,0.0
2059,7,27,3,0.21360500000000002,0.09678933333333334,0.132043,0.16619366666666668,0.14445166666666667,0.21360500000000002,0.21360500000000002,0.09678933333333334,0.09678933333333334,0.132043,0.132043,0.16619366666666668,0.16619366666666668,0.14445166666666667,0.14445166666666667
2059,7,27,4,0.584054,0.5253626666666666,0.5878493333333333,0.603989,0.5627203333333334,0.584054,0.584054,0.5253626666666666,0.5253626666666666,0.5878493333333333,0.5878493333333333,0.603989,0.603989,0.5627203333333334,0.5627203333333334
2059,7,27,5,0.564835,0.6369596666666667,0.655172,0.656968,0.6054396666666667,0.564835,0.564835,0.6369596666666667,0.6369596666666667,0.655172,0.655172,0.656968,0.656968,0.6054396666666667,0.6054396666666667
2059,7,27,6,0.16777766666666669,0.3134493333333333,0.3023656666666667,0.2913116666666667,0.24061566666666667,0.16777766666666669,0.16777766666666669,0.3134493333333333,0.3134493333333333,0.3023656666666667,0.3023656666666667,0.2913116666666667,0.2913116666666667,0.24061566666666667,0.24061566666666667
2059,7,27,7,0.0,0.0022096666666666666,0.0004946666666666667,0.0,0.0,0.0,0.0,0.0022096666666666666,0.0022096666666666666,0.0004946666666666667,0.0004946666666666667,0.0,0.0,0.0,0.0
2059,7,27,8,0.0,0.0,0.0,0.0,0.0,0.0,0.0,0.0,0.0,0.0,0.0,0.0,0.0,0.0,0.0
2059,7,28,1,0.0,0.0,0.0,0.0,0.0,0.0,0.0,0.0,0.0,0.0,0.0,0.0,0.0,0.0,0.0
2059,7,28,2,0.0,0.0,0.0,0.0,0.0,0.0,0.0,0.0,0.0,0.0,0.0,0.0,0.0,0.0,0.0
2059,7,28,3,0.21360500000000002,0.09678933333333334,0.132043,0.16619366666666668,0.14445166666666667,0.21360500000000002,0.21360500000000002,0.09678933333333334,0.09678933333333334,0.132043,0.132043,0.16619366666666668,0.16619366666666668,0.14445166666666667,0.14445166666666667
2059,7,28,4,0.584054,0.5253626666666666,0.5878493333333333,0.603989,0.5627203333333334,0.584054,0.584054,0.5253626666666666,0.5253626666666666,0.5878493333333333,0.5878493333333333,0.603989,0.603989,0.5627203333333334,0.5627203333333334
2059,7,28,5,0.564835,0.6369596666666667,0.655172,0.656968,0.6054396666666667,0.564835,0.564835,0.6369596666666667,0.6369596666666667,0.655172,0.655172,0.656968,0.656968,0.6054396666666667,0.6054396666666667
2059,7,28,6,0.16777766666666669,0.3134493333333333,0.3023656666666667,0.2913116666666667,0.24061566666666667,0.16777766666666669,0.16777766666666669,0.3134493333333333,0.3134493333333333,0.3023656666666667,0.3023656666666667,0.2913116666666667,0.2913116666666667,0.24061566666666667,0.24061566666666667
2059,7,28,7,0.0,0.0022096666666666666,0.0004946666666666667,0.0,0.0,0.0,0.0,0.0022096666666666666,0.0022096666666666666,0.0004946666666666667,0.0004946666666666667,0.0,0.0,0.0,0.0
2059,7,28,8,0.0,0.0,0.0,0.0,0.0,0.0,0.0,0.0,0.0,0.0,0.0,0.0,0.0,0.0,0.0
2059,7,29,1,0.0,0.0,0.0,0.0,0.0,0.0,0.0,0.0,0.0,0.0,0.0,0.0,0.0,0.0,0.0
2059,7,29,2,0.0,0.0,0.0,0.0,0.0,0.0,0.0,0.0,0.0,0.0,0.0,0.0,0.0,0.0,0.0
2059,7,29,3,0.21360500000000002,0.09678933333333334,0.132043,0.16619366666666668,0.14445166666666667,0.21360500000000002,0.21360500000000002,0.09678933333333334,0.09678933333333334,0.132043,0.132043,0.16619366666666668,0.16619366666666668,0.14445166666666667,0.14445166666666667
2059,7,29,4,0.584054,0.5253626666666666,0.5878493333333333,0.603989,0.5627203333333334,0.584054,0.584054,0.5253626666666666,0.5253626666666666,0.5878493333333333,0.5878493333333333,0.603989,0.603989,0.5627203333333334,0.5627203333333334
2059,7,29,5,0.564835,0.6369596666666667,0.655172,0.656968,0.6054396666666667,0.564835,0.564835,0.6369596666666667,0.6369596666666667,0.655172,0.655172,0.656968,0.656968,0.6054396666666667,0.6054396666666667
2059,7,29,6,0.16777766666666669,0.3134493333333333,0.3023656666666667,0.2913116666666667,0.24061566666666667,0.16777766666666669,0.16777766666666669,0.3134493333333333,0.3134493333333333,0.3023656666666667,0.3023656666666667,0.2913116666666667,0.2913116666666667,0.24061566666666667,0.24061566666666667
2059,7,29,7,0.0,0.0022096666666666666,0.0004946666666666667,0.0,0.0,0.0,0.0,0.0022096666666666666,0.0022096666666666666,0.0004946666666666667,0.0004946666666666667,0.0,0.0,0.0,0.0
2059,7,29,8,0.0,0.0,0.0,0.0,0.0,0.0,0.0,0.0,0.0,0.0,0.0,0.0,0.0,0.0,0.0
2059,7,30,1,0.0,0.0,0.0,0.0,0.0,0.0,0.0,0.0,0.0,0.0,0.0,0.0,0.0,0.0,0.0
2059,7,30,2,0.0,0.0,0.0,0.0,0.0,0.0,0.0,0.0,0.0,0.0,0.0,0.0,0.0,0.0,0.0
2059,7,30,3,0.21360500000000002,0.09678933333333334,0.132043,0.16619366666666668,0.14445166666666667,0.21360500000000002,0.21360500000000002,0.09678933333333334,0.09678933333333334,0.132043,0.132043,0.16619366666666668,0.16619366666666668,0.14445166666666667,0.14445166666666667
2059,7,30,4,0.584054,0.5253626666666666,0.5878493333333333,0.603989,0.5627203333333334,0.584054,0.584054,0.5253626666666666,0.5253626666666666,0.5878493333333333,0.5878493333333333,0.603989,0.603989,0.5627203333333334,0.5627203333333334
2059,7,30,5,0.564835,0.6369596666666667,0.655172,0.656968,0.6054396666666667,0.564835,0.564835,0.6369596666666667,0.6369596666666667,0.655172,0.655172,0.656968,0.656968,0.6054396666666667,0.6054396666666667
2059,7,30,6,0.16777766666666669,0.3134493333333333,0.3023656666666667,0.2913116666666667,0.24061566666666667,0.16777766666666669,0.16777766666666669,0.3134493333333333,0.3134493333333333,0.3023656666666667,0.3023656666666667,0.2913116666666667,0.2913116666666667,0.24061566666666667,0.24061566666666667
2059,7,30,7,0.0,0.0022096666666666666,0.0004946666666666667,0.0,0.0,0.0,0.0,0.0022096666666666666,0.0022096666666666666,0.0004946666666666667,0.0004946666666666667,0.0,0.0,0.0,0.0
2059,7,30,8,0.0,0.0,0.0,0.0,0.0,0.0,0.0,0.0,0.0,0.0,0.0,0.0,0.0,0.0,0.0
2059,7,31,1,0.0,0.0,0.0,0.0,0.0,0.0,0.0,0.0,0.0,0.0,0.0,0.0,0.0,0.0,0.0
2059,7,31,2,0.0,0.0,0.0,0.0,0.0,0.0,0.0,0.0,0.0,0.0,0.0,0.0,0.0,0.0,0.0
2059,7,31,3,0.21360500000000002,0.09678933333333334,0.132043,0.16619366666666668,0.14445166666666667,0.21360500000000002,0.21360500000000002,0.09678933333333334,0.09678933333333334,0.132043,0.132043,0.16619366666666668,0.16619366666666668,0.14445166666666667,0.14445166666666667
2059,7,31,4,0.584054,0.5253626666666666,0.5878493333333333,0.603989,0.5627203333333334,0.584054,0.584054,0.5253626666666666,0.5253626666666666,0.5878493333333333,0.5878493333333333,0.603989,0.603989,0.5627203333333334,0.5627203333333334
2059,7,31,5,0.564835,0.6369596666666667,0.655172,0.656968,0.6054396666666667,0.564835,0.564835,0.6369596666666667,0.6369596666666667,0.655172,0.655172,0.656968,0.656968,0.6054396666666667,0.6054396666666667
2059,7,31,6,0.16777766666666669,0.3134493333333333,0.3023656666666667,0.2913116666666667,0.24061566666666667,0.16777766666666669,0.16777766666666669,0.3134493333333333,0.3134493333333333,0.3023656666666667,0.3023656666666667,0.2913116666666667,0.2913116666666667,0.24061566666666667,0.24061566666666667
2059,7,31,7,0.0,0.0022096666666666666,0.0004946666666666667,0.0,0.0,0.0,0.0,0.0022096666666666666,0.0022096666666666666,0.0004946666666666667,0.0004946666666666667,0.0,0.0,0.0,0.0
2059,7,31,8,0.0,0.0,0.0,0.0,0.0,0.0,0.0,0.0,0.0,0.0,0.0,0.0,0.0,0.0,0.0
2059,8,1,1,0.0,0.0,0.0,0.0,0.0,0.0,0.0,0.0,0.0,0.0,0.0,0.0,0.0,0.0,0.0
2059,8,1,2,0.0,0.0,0.0,0.0,0.0,0.0,0.0,0.0,0.0,0.0,0.0,0.0,0.0,0.0,0.0
2059,8,1,3,0.232441,0.11271066666666667,0.143097,0.1801183333333333,0.17042666666666664,0.232441,0.232441,0.11271066666666667,0.11271066666666667,0.143097,0.143097,0.1801183333333333,0.1801183333333333,0.17042666666666664,0.17042666666666664
2059,8,1,4,0.6272366666666667,0.5712023333333334,0.6086773333333334,0.6366453333333334,0.6185566666666666,0.6272366666666667,0.6272366666666667,0.5712023333333334,0.5712023333333334,0.6086773333333334,0.6086773333333334,0.6366453333333334,0.6366453333333334,0.6185566666666666,0.6185566666666666
2059,8,1,5,0.6017480000000001,0.6750596666666667,0.6746343333333332,0.6887850000000001,0.6645993333333333,0.6017480000000001,0.6017480000000001,0.6750596666666667,0.6750596666666667,0.6746343333333332,0.6746343333333332,0.6887850000000001,0.6887850000000001,0.6645993333333333,0.6645993333333333
2059,8,1,6,0.1816823333333333,0.341388,0.31479566666666664,0.31678500000000004,0.27733433333333335,0.1816823333333333,0.1816823333333333,0.341388,0.341388,0.31479566666666664,0.31479566666666664,0.31678500000000004,0.31678500000000004,0.27733433333333335,0.27733433333333335
2059,8,1,7,0.0,0.0035963333333333333,0.0010216666666666666,0.0,0.0,0.0,0.0,0.0035963333333333333,0.0035963333333333333,0.0010216666666666666,0.0010216666666666666,0.0,0.0,0.0,0.0
2059,8,1,8,0.0,0.0,0.0,0.0,0.0,0.0,0.0,0.0,0.0,0.0,0.0,0.0,0.0,0.0,0.0
2059,8,2,1,0.0,0.0,0.0,0.0,0.0,0.0,0.0,0.0,0.0,0.0,0.0,0.0,0.0,0.0,0.0
2059,8,2,2,0.0,0.0,0.0,0.0,0.0,0.0,0.0,0.0,0.0,0.0,0.0,0.0,0.0,0.0,0.0
2059,8,2,3,0.232441,0.11271066666666667,0.143097,0.1801183333333333,0.17042666666666664,0.232441,0.232441,0.11271066666666667,0.11271066666666667,0.143097,0.143097,0.1801183333333333,0.1801183333333333,0.17042666666666664,0.17042666666666664
2059,8,2,4,0.6272366666666667,0.5712023333333334,0.6086773333333334,0.6366453333333334,0.6185566666666666,0.6272366666666667,0.6272366666666667,0.5712023333333334,0.5712023333333334,0.6086773333333334,0.6086773333333334,0.6366453333333334,0.6366453333333334,0.6185566666666666,0.6185566666666666
2059,8,2,5,0.6017480000000001,0.6750596666666667,0.6746343333333332,0.6887850000000001,0.6645993333333333,0.6017480000000001,0.6017480000000001,0.6750596666666667,0.6750596666666667,0.6746343333333332,0.6746343333333332,0.6887850000000001,0.6887850000000001,0.6645993333333333,0.6645993333333333
2059,8,2,6,0.1816823333333333,0.341388,0.31479566666666664,0.31678500000000004,0.27733433333333335,0.1816823333333333,0.1816823333333333,0.341388,0.341388,0.31479566666666664,0.31479566666666664,0.31678500000000004,0.31678500000000004,0.27733433333333335,0.27733433333333335
2059,8,2,7,0.0,0.0035963333333333333,0.0010216666666666666,0.0,0.0,0.0,0.0,0.0035963333333333333,0.0035963333333333333,0.0010216666666666666,0.0010216666666666666,0.0,0.0,0.0,0.0
2059,8,2,8,0.0,0.0,0.0,0.0,0.0,0.0,0.0,0.0,0.0,0.0,0.0,0.0,0.0,0.0,0.0
2059,8,3,1,0.0,0.0,0.0,0.0,0.0,0.0,0.0,0.0,0.0,0.0,0.0,0.0,0.0,0.0,0.0
2059,8,3,2,0.0,0.0,0.0,0.0,0.0,0.0,0.0,0.0,0.0,0.0,0.0,0.0,0.0,0.0,0.0
2059,8,3,3,0.232441,0.11271066666666667,0.143097,0.1801183333333333,0.17042666666666664,0.232441,0.232441,0.11271066666666667,0.11271066666666667,0.143097,0.143097,0.1801183333333333,0.1801183333333333,0.17042666666666664,0.17042666666666664
2059,8,3,4,0.6272366666666667,0.5712023333333334,0.6086773333333334,0.6366453333333334,0.6185566666666666,0.6272366666666667,0.6272366666666667,0.5712023333333334,0.5712023333333334,0.6086773333333334,0.6086773333333334,0.6366453333333334,0.6366453333333334,0.6185566666666666,0.6185566666666666
2059,8,3,5,0.6017480000000001,0.6750596666666667,0.6746343333333332,0.6887850000000001,0.6645993333333333,0.6017480000000001,0.6017480000000001,0.6750596666666667,0.6750596666666667,0.6746343333333332,0.6746343333333332,0.6887850000000001,0.6887850000000001,0.6645993333333333,0.6645993333333333
2059,8,3,6,0.1816823333333333,0.341388,0.31479566666666664,0.31678500000000004,0.27733433333333335,0.1816823333333333,0.1816823333333333,0.341388,0.341388,0.31479566666666664,0.31479566666666664,0.31678500000000004,0.31678500000000004,0.27733433333333335,0.27733433333333335
2059,8,3,7,0.0,0.0035963333333333333,0.0010216666666666666,0.0,0.0,0.0,0.0,0.0035963333333333333,0.0035963333333333333,0.0010216666666666666,0.0010216666666666666,0.0,0.0,0.0,0.0
2059,8,3,8,0.0,0.0,0.0,0.0,0.0,0.0,0.0,0.0,0.0,0.0,0.0,0.0,0.0,0.0,0.0
2059,8,4,1,0.0,0.0,0.0,0.0,0.0,0.0,0.0,0.0,0.0,0.0,0.0,0.0,0.0,0.0,0.0
2059,8,4,2,0.0,0.0,0.0,0.0,0.0,0.0,0.0,0.0,0.0,0.0,0.0,0.0,0.0,0.0,0.0
2059,8,4,3,0.232441,0.11271066666666667,0.143097,0.1801183333333333,0.17042666666666664,0.232441,0.232441,0.11271066666666667,0.11271066666666667,0.143097,0.143097,0.1801183333333333,0.1801183333333333,0.17042666666666664,0.17042666666666664
2059,8,4,4,0.6272366666666667,0.5712023333333334,0.6086773333333334,0.6366453333333334,0.6185566666666666,0.6272366666666667,0.6272366666666667,0.5712023333333334,0.5712023333333334,0.6086773333333334,0.6086773333333334,0.6366453333333334,0.6366453333333334,0.6185566666666666,0.6185566666666666
2059,8,4,5,0.6017480000000001,0.6750596666666667,0.6746343333333332,0.6887850000000001,0.6645993333333333,0.6017480000000001,0.6017480000000001,0.6750596666666667,0.6750596666666667,0.6746343333333332,0.6746343333333332,0.6887850000000001,0.6887850000000001,0.6645993333333333,0.6645993333333333
2059,8,4,6,0.1816823333333333,0.341388,0.31479566666666664,0.31678500000000004,0.27733433333333335,0.1816823333333333,0.1816823333333333,0.341388,0.341388,0.31479566666666664,0.31479566666666664,0.31678500000000004,0.31678500000000004,0.27733433333333335,0.27733433333333335
2059,8,4,7,0.0,0.0035963333333333333,0.0010216666666666666,0.0,0.0,0.0,0.0,0.0035963333333333333,0.0035963333333333333,0.0010216666666666666,0.0010216666666666666,0.0,0.0,0.0,0.0
2059,8,4,8,0.0,0.0,0.0,0.0,0.0,0.0,0.0,0.0,0.0,0.0,0.0,0.0,0.0,0.0,0.0
2059,8,5,1,0.0,0.0,0.0,0.0,0.0,0.0,0.0,0.0,0.0,0.0,0.0,0.0,0.0,0.0,0.0
2059,8,5,2,0.0,0.0,0.0,0.0,0.0,0.0,0.0,0.0,0.0,0.0,0.0,0.0,0.0,0.0,0.0
2059,8,5,3,0.232441,0.11271066666666667,0.143097,0.1801183333333333,0.17042666666666664,0.232441,0.232441,0.11271066666666667,0.11271066666666667,0.143097,0.143097,0.1801183333333333,0.1801183333333333,0.17042666666666664,0.17042666666666664
2059,8,5,4,0.6272366666666667,0.5712023333333334,0.6086773333333334,0.6366453333333334,0.6185566666666666,0.6272366666666667,0.6272366666666667,0.5712023333333334,0.5712023333333334,0.6086773333333334,0.6086773333333334,0.6366453333333334,0.6366453333333334,0.6185566666666666,0.6185566666666666
2059,8,5,5,0.6017480000000001,0.6750596666666667,0.6746343333333332,0.6887850000000001,0.6645993333333333,0.6017480000000001,0.6017480000000001,0.6750596666666667,0.6750596666666667,0.6746343333333332,0.6746343333333332,0.6887850000000001,0.6887850000000001,0.6645993333333333,0.6645993333333333
2059,8,5,6,0.1816823333333333,0.341388,0.31479566666666664,0.31678500000000004,0.27733433333333335,0.1816823333333333,0.1816823333333333,0.341388,0.341388,0.31479566666666664,0.31479566666666664,0.31678500000000004,0.31678500000000004,0.27733433333333335,0.27733433333333335
2059,8,5,7,0.0,0.0035963333333333333,0.0010216666666666666,0.0,0.0,0.0,0.0,0.0035963333333333333,0.0035963333333333333,0.0010216666666666666,0.0010216666666666666,0.0,0.0,0.0,0.0
2059,8,5,8,0.0,0.0,0.0,0.0,0.0,0.0,0.0,0.0,0.0,0.0,0.0,0.0,0.0,0.0,0.0
2059,8,6,1,0.0,0.0,0.0,0.0,0.0,0.0,0.0,0.0,0.0,0.0,0.0,0.0,0.0,0.0,0.0
2059,8,6,2,0.0,0.0,0.0,0.0,0.0,0.0,0.0,0.0,0.0,0.0,0.0,0.0,0.0,0.0,0.0
2059,8,6,3,0.232441,0.11271066666666667,0.143097,0.1801183333333333,0.17042666666666664,0.232441,0.232441,0.11271066666666667,0.11271066666666667,0.143097,0.143097,0.1801183333333333,0.1801183333333333,0.17042666666666664,0.17042666666666664
2059,8,6,4,0.6272366666666667,0.5712023333333334,0.6086773333333334,0.6366453333333334,0.6185566666666666,0.6272366666666667,0.6272366666666667,0.5712023333333334,0.5712023333333334,0.6086773333333334,0.6086773333333334,0.6366453333333334,0.6366453333333334,0.6185566666666666,0.6185566666666666
2059,8,6,5,0.6017480000000001,0.6750596666666667,0.6746343333333332,0.6887850000000001,0.6645993333333333,0.6017480000000001,0.6017480000000001,0.6750596666666667,0.6750596666666667,0.6746343333333332,0.6746343333333332,0.6887850000000001,0.6887850000000001,0.6645993333333333,0.6645993333333333
2059,8,6,6,0.1816823333333333,0.341388,0.31479566666666664,0.31678500000000004,0.27733433333333335,0.1816823333333333,0.1816823333333333,0.341388,0.341388,0.31479566666666664,0.31479566666666664,0.31678500000000004,0.31678500000000004,0.27733433333333335,0.27733433333333335
2059,8,6,7,0.0,0.0035963333333333333,0.0010216666666666666,0.0,0.0,0.0,0.0,0.0035963333333333333,0.0035963333333333333,0.0010216666666666666,0.0010216666666666666,0.0,0.0,0.0,0.0
2059,8,6,8,0.0,0.0,0.0,0.0,0.0,0.0,0.0,0.0,0.0,0.0,0.0,0.0,0.0,0.0,0.0
2059,8,7,1,0.0,0.0,0.0,0.0,0.0,0.0,0.0,0.0,0.0,0.0,0.0,0.0,0.0,0.0,0.0
2059,8,7,2,0.0,0.0,0.0,0.0,0.0,0.0,0.0,0.0,0.0,0.0,0.0,0.0,0.0,0.0,0.0
2059,8,7,3,0.232441,0.11271066666666667,0.143097,0.1801183333333333,0.17042666666666664,0.232441,0.232441,0.11271066666666667,0.11271066666666667,0.143097,0.143097,0.1801183333333333,0.1801183333333333,0.17042666666666664,0.17042666666666664
2059,8,7,4,0.6272366666666667,0.5712023333333334,0.6086773333333334,0.6366453333333334,0.6185566666666666,0.6272366666666667,0.6272366666666667,0.5712023333333334,0.5712023333333334,0.6086773333333334,0.6086773333333334,0.6366453333333334,0.6366453333333334,0.6185566666666666,0.6185566666666666
2059,8,7,5,0.6017480000000001,0.6750596666666667,0.6746343333333332,0.6887850000000001,0.6645993333333333,0.6017480000000001,0.6017480000000001,0.6750596666666667,0.6750596666666667,0.6746343333333332,0.6746343333333332,0.6887850000000001,0.6887850000000001,0.6645993333333333,0.6645993333333333
2059,8,7,6,0.1816823333333333,0.341388,0.31479566666666664,0.31678500000000004,0.27733433333333335,0.1816823333333333,0.1816823333333333,0.341388,0.341388,0.31479566666666664,0.31479566666666664,0.31678500000000004,0.31678500000000004,0.27733433333333335,0.27733433333333335
2059,8,7,7,0.0,0.0035963333333333333,0.0010216666666666666,0.0,0.0,0.0,0.0,0.0035963333333333333,0.0035963333333333333,0.0010216666666666666,0.0010216666666666666,0.0,0.0,0.0,0.0
2059,8,7,8,0.0,0.0,0.0,0.0,0.0,0.0,0.0,0.0,0.0,0.0,0.0,0.0,0.0,0.0,0.0
2059,8,8,1,0.0,0.0,0.0,0.0,0.0,0.0,0.0,0.0,0.0,0.0,0.0,0.0,0.0,0.0,0.0
2059,8,8,2,0.0,0.0,0.0,0.0,0.0,0.0,0.0,0.0,0.0,0.0,0.0,0.0,0.0,0.0,0.0
2059,8,8,3,0.232441,0.11271066666666667,0.143097,0.1801183333333333,0.17042666666666664,0.232441,0.232441,0.11271066666666667,0.11271066666666667,0.143097,0.143097,0.1801183333333333,0.1801183333333333,0.17042666666666664,0.17042666666666664
2059,8,8,4,0.6272366666666667,0.5712023333333334,0.6086773333333334,0.6366453333333334,0.6185566666666666,0.6272366666666667,0.6272366666666667,0.5712023333333334,0.5712023333333334,0.6086773333333334,0.6086773333333334,0.6366453333333334,0.6366453333333334,0.6185566666666666,0.6185566666666666
2059,8,8,5,0.6017480000000001,0.6750596666666667,0.6746343333333332,0.6887850000000001,0.6645993333333333,0.6017480000000001,0.6017480000000001,0.6750596666666667,0.6750596666666667,0.6746343333333332,0.6746343333333332,0.6887850000000001,0.6887850000000001,0.6645993333333333,0.6645993333333333
2059,8,8,6,0.1816823333333333,0.341388,0.31479566666666664,0.31678500000000004,0.27733433333333335,0.1816823333333333,0.1816823333333333,0.341388,0.341388,0.31479566666666664,0.31479566666666664,0.31678500000000004,0.31678500000000004,0.27733433333333335,0.27733433333333335
2059,8,8,7,0.0,0.0035963333333333333,0.0010216666666666666,0.0,0.0,0.0,0.0,0.0035963333333333333,0.0035963333333333333,0.0010216666666666666,0.0010216666666666666,0.0,0.0,0.0,0.0
2059,8,8,8,0.0,0.0,0.0,0.0,0.0,0.0,0.0,0.0,0.0,0.0,0.0,0.0,0.0,0.0,0.0
2059,8,9,1,0.0,0.0,0.0,0.0,0.0,0.0,0.0,0.0,0.0,0.0,0.0,0.0,0.0,0.0,0.0
2059,8,9,2,0.0,0.0,0.0,0.0,0.0,0.0,0.0,0.0,0.0,0.0,0.0,0.0,0.0,0.0,0.0
2059,8,9,3,0.232441,0.11271066666666667,0.143097,0.1801183333333333,0.17042666666666664,0.232441,0.232441,0.11271066666666667,0.11271066666666667,0.143097,0.143097,0.1801183333333333,0.1801183333333333,0.17042666666666664,0.17042666666666664
2059,8,9,4,0.6272366666666667,0.5712023333333334,0.6086773333333334,0.6366453333333334,0.6185566666666666,0.6272366666666667,0.6272366666666667,0.5712023333333334,0.5712023333333334,0.6086773333333334,0.6086773333333334,0.6366453333333334,0.6366453333333334,0.6185566666666666,0.6185566666666666
2059,8,9,5,0.6017480000000001,0.6750596666666667,0.6746343333333332,0.6887850000000001,0.6645993333333333,0.6017480000000001,0.6017480000000001,0.6750596666666667,0.6750596666666667,0.6746343333333332,0.6746343333333332,0.6887850000000001,0.6887850000000001,0.6645993333333333,0.6645993333333333
2059,8,9,6,0.1816823333333333,0.341388,0.31479566666666664,0.31678500000000004,0.27733433333333335,0.1816823333333333,0.1816823333333333,0.341388,0.341388,0.31479566666666664,0.31479566666666664,0.31678500000000004,0.31678500000000004,0.27733433333333335,0.27733433333333335
2059,8,9,7,0.0,0.0035963333333333333,0.0010216666666666666,0.0,0.0,0.0,0.0,0.0035963333333333333,0.0035963333333333333,0.0010216666666666666,0.0010216666666666666,0.0,0.0,0.0,0.0
2059,8,9,8,0.0,0.0,0.0,0.0,0.0,0.0,0.0,0.0,0.0,0.0,0.0,0.0,0.0,0.0,0.0
2059,8,10,1,0.0,0.0,0.0,0.0,0.0,0.0,0.0,0.0,0.0,0.0,0.0,0.0,0.0,0.0,0.0
2059,8,10,2,0.0,0.0,0.0,0.0,0.0,0.0,0.0,0.0,0.0,0.0,0.0,0.0,0.0,0.0,0.0
2059,8,10,3,0.232441,0.11271066666666667,0.143097,0.1801183333333333,0.17042666666666664,0.232441,0.232441,0.11271066666666667,0.11271066666666667,0.143097,0.143097,0.1801183333333333,0.1801183333333333,0.17042666666666664,0.17042666666666664
2059,8,10,4,0.6272366666666667,0.5712023333333334,0.6086773333333334,0.6366453333333334,0.6185566666666666,0.6272366666666667,0.6272366666666667,0.5712023333333334,0.5712023333333334,0.6086773333333334,0.6086773333333334,0.6366453333333334,0.6366453333333334,0.6185566666666666,0.6185566666666666
2059,8,10,5,0.6017480000000001,0.6750596666666667,0.6746343333333332,0.6887850000000001,0.6645993333333333,0.6017480000000001,0.6017480000000001,0.6750596666666667,0.6750596666666667,0.6746343333333332,0.6746343333333332,0.6887850000000001,0.6887850000000001,0.6645993333333333,0.6645993333333333
2059,8,10,6,0.1816823333333333,0.341388,0.31479566666666664,0.31678500000000004,0.27733433333333335,0.1816823333333333,0.1816823333333333,0.341388,0.341388,0.31479566666666664,0.31479566666666664,0.31678500000000004,0.31678500000000004,0.27733433333333335,0.27733433333333335
2059,8,10,7,0.0,0.0035963333333333333,0.0010216666666666666,0.0,0.0,0.0,0.0,0.0035963333333333333,0.0035963333333333333,0.0010216666666666666,0.0010216666666666666,0.0,0.0,0.0,0.0
2059,8,10,8,0.0,0.0,0.0,0.0,0.0,0.0,0.0,0.0,0.0,0.0,0.0,0.0,0.0,0.0,0.0
2059,8,11,1,0.0,0.0,0.0,0.0,0.0,0.0,0.0,0.0,0.0,0.0,0.0,0.0,0.0,0.0,0.0
2059,8,11,2,0.0,0.0,0.0,0.0,0.0,0.0,0.0,0.0,0.0,0.0,0.0,0.0,0.0,0.0,0.0
2059,8,11,3,0.232441,0.11271066666666667,0.143097,0.1801183333333333,0.17042666666666664,0.232441,0.232441,0.11271066666666667,0.11271066666666667,0.143097,0.143097,0.1801183333333333,0.1801183333333333,0.17042666666666664,0.17042666666666664
2059,8,11,4,0.6272366666666667,0.5712023333333334,0.6086773333333334,0.6366453333333334,0.6185566666666666,0.6272366666666667,0.6272366666666667,0.5712023333333334,0.5712023333333334,0.6086773333333334,0.6086773333333334,0.6366453333333334,0.6366453333333334,0.6185566666666666,0.6185566666666666
2059,8,11,5,0.6017480000000001,0.6750596666666667,0.6746343333333332,0.6887850000000001,0.6645993333333333,0.6017480000000001,0.6017480000000001,0.6750596666666667,0.6750596666666667,0.6746343333333332,0.6746343333333332,0.6887850000000001,0.6887850000000001,0.6645993333333333,0.6645993333333333
2059,8,11,6,0.1816823333333333,0.341388,0.31479566666666664,0.31678500000000004,0.27733433333333335,0.1816823333333333,0.1816823333333333,0.341388,0.341388,0.31479566666666664,0.31479566666666664,0.31678500000000004,0.31678500000000004,0.27733433333333335,0.27733433333333335
2059,8,11,7,0.0,0.0035963333333333333,0.0010216666666666666,0.0,0.0,0.0,0.0,0.0035963333333333333,0.0035963333333333333,0.0010216666666666666,0.0010216666666666666,0.0,0.0,0.0,0.0
2059,8,11,8,0.0,0.0,0.0,0.0,0.0,0.0,0.0,0.0,0.0,0.0,0.0,0.0,0.0,0.0,0.0
2059,8,12,1,0.0,0.0,0.0,0.0,0.0,0.0,0.0,0.0,0.0,0.0,0.0,0.0,0.0,0.0,0.0
2059,8,12,2,0.0,0.0,0.0,0.0,0.0,0.0,0.0,0.0,0.0,0.0,0.0,0.0,0.0,0.0,0.0
2059,8,12,3,0.232441,0.11271066666666667,0.143097,0.1801183333333333,0.17042666666666664,0.232441,0.232441,0.11271066666666667,0.11271066666666667,0.143097,0.143097,0.1801183333333333,0.1801183333333333,0.17042666666666664,0.17042666666666664
2059,8,12,4,0.6272366666666667,0.5712023333333334,0.6086773333333334,0.6366453333333334,0.6185566666666666,0.6272366666666667,0.6272366666666667,0.5712023333333334,0.5712023333333334,0.6086773333333334,0.6086773333333334,0.6366453333333334,0.6366453333333334,0.6185566666666666,0.6185566666666666
2059,8,12,5,0.6017480000000001,0.6750596666666667,0.6746343333333332,0.6887850000000001,0.6645993333333333,0.6017480000000001,0.6017480000000001,0.6750596666666667,0.6750596666666667,0.6746343333333332,0.6746343333333332,0.6887850000000001,0.6887850000000001,0.6645993333333333,0.6645993333333333
2059,8,12,6,0.1816823333333333,0.341388,0.31479566666666664,0.31678500000000004,0.27733433333333335,0.1816823333333333,0.1816823333333333,0.341388,0.341388,0.31479566666666664,0.31479566666666664,0.31678500000000004,0.31678500000000004,0.27733433333333335,0.27733433333333335
2059,8,12,7,0.0,0.0035963333333333333,0.0010216666666666666,0.0,0.0,0.0,0.0,0.0035963333333333333,0.0035963333333333333,0.0010216666666666666,0.0010216666666666666,0.0,0.0,0.0,0.0
2059,8,12,8,0.0,0.0,0.0,0.0,0.0,0.0,0.0,0.0,0.0,0.0,0.0,0.0,0.0,0.0,0.0
2059,8,13,1,0.0,0.0,0.0,0.0,0.0,0.0,0.0,0.0,0.0,0.0,0.0,0.0,0.0,0.0,0.0
2059,8,13,2,0.0,0.0,0.0,0.0,0.0,0.0,0.0,0.0,0.0,0.0,0.0,0.0,0.0,0.0,0.0
2059,8,13,3,0.232441,0.11271066666666667,0.143097,0.1801183333333333,0.17042666666666664,0.232441,0.232441,0.11271066666666667,0.11271066666666667,0.143097,0.143097,0.1801183333333333,0.1801183333333333,0.17042666666666664,0.17042666666666664
2059,8,13,4,0.6272366666666667,0.5712023333333334,0.6086773333333334,0.6366453333333334,0.6185566666666666,0.6272366666666667,0.6272366666666667,0.5712023333333334,0.5712023333333334,0.6086773333333334,0.6086773333333334,0.6366453333333334,0.6366453333333334,0.6185566666666666,0.6185566666666666
2059,8,13,5,0.6017480000000001,0.6750596666666667,0.6746343333333332,0.6887850000000001,0.6645993333333333,0.6017480000000001,0.6017480000000001,0.6750596666666667,0.6750596666666667,0.6746343333333332,0.6746343333333332,0.6887850000000001,0.6887850000000001,0.6645993333333333,0.6645993333333333
2059,8,13,6,0.1816823333333333,0.341388,0.31479566666666664,0.31678500000000004,0.27733433333333335,0.1816823333333333,0.1816823333333333,0.341388,0.341388,0.31479566666666664,0.31479566666666664,0.31678500000000004,0.31678500000000004,0.27733433333333335,0.27733433333333335
2059,8,13,7,0.0,0.0035963333333333333,0.0010216666666666666,0.0,0.0,0.0,0.0,0.0035963333333333333,0.0035963333333333333,0.0010216666666666666,0.0010216666666666666,0.0,0.0,0.0,0.0
2059,8,13,8,0.0,0.0,0.0,0.0,0.0,0.0,0.0,0.0,0.0,0.0,0.0,0.0,0.0,0.0,0.0
2059,8,14,1,0.0,0.0,0.0,0.0,0.0,0.0,0.0,0.0,0.0,0.0,0.0,0.0,0.0,0.0,0.0
2059,8,14,2,0.0,0.0,0.0,0.0,0.0,0.0,0.0,0.0,0.0,0.0,0.0,0.0,0.0,0.0,0.0
2059,8,14,3,0.232441,0.11271066666666667,0.143097,0.1801183333333333,0.17042666666666664,0.232441,0.232441,0.11271066666666667,0.11271066666666667,0.143097,0.143097,0.1801183333333333,0.1801183333333333,0.17042666666666664,0.17042666666666664
2059,8,14,4,0.6272366666666667,0.5712023333333334,0.6086773333333334,0.6366453333333334,0.6185566666666666,0.6272366666666667,0.6272366666666667,0.5712023333333334,0.5712023333333334,0.6086773333333334,0.6086773333333334,0.6366453333333334,0.6366453333333334,0.6185566666666666,0.6185566666666666
2059,8,14,5,0.6017480000000001,0.6750596666666667,0.6746343333333332,0.6887850000000001,0.6645993333333333,0.6017480000000001,0.6017480000000001,0.6750596666666667,0.6750596666666667,0.6746343333333332,0.6746343333333332,0.6887850000000001,0.6887850000000001,0.6645993333333333,0.6645993333333333
2059,8,14,6,0.1816823333333333,0.341388,0.31479566666666664,0.31678500000000004,0.27733433333333335,0.1816823333333333,0.1816823333333333,0.341388,0.341388,0.31479566666666664,0.31479566666666664,0.31678500000000004,0.31678500000000004,0.27733433333333335,0.27733433333333335
2059,8,14,7,0.0,0.0035963333333333333,0.0010216666666666666,0.0,0.0,0.0,0.0,0.0035963333333333333,0.0035963333333333333,0.0010216666666666666,0.0010216666666666666,0.0,0.0,0.0,0.0
2059,8,14,8,0.0,0.0,0.0,0.0,0.0,0.0,0.0,0.0,0.0,0.0,0.0,0.0,0.0,0.0,0.0
2059,8,15,1,0.0,0.0,0.0,0.0,0.0,0.0,0.0,0.0,0.0,0.0,0.0,0.0,0.0,0.0,0.0
2059,8,15,2,0.0,0.0,0.0,0.0,0.0,0.0,0.0,0.0,0.0,0.0,0.0,0.0,0.0,0.0,0.0
2059,8,15,3,0.232441,0.11271066666666667,0.143097,0.1801183333333333,0.17042666666666664,0.232441,0.232441,0.11271066666666667,0.11271066666666667,0.143097,0.143097,0.1801183333333333,0.1801183333333333,0.17042666666666664,0.17042666666666664
2059,8,15,4,0.6272366666666667,0.5712023333333334,0.6086773333333334,0.6366453333333334,0.6185566666666666,0.6272366666666667,0.6272366666666667,0.5712023333333334,0.5712023333333334,0.6086773333333334,0.6086773333333334,0.6366453333333334,0.6366453333333334,0.6185566666666666,0.6185566666666666
2059,8,15,5,0.6017480000000001,0.6750596666666667,0.6746343333333332,0.6887850000000001,0.6645993333333333,0.6017480000000001,0.6017480000000001,0.6750596666666667,0.6750596666666667,0.6746343333333332,0.6746343333333332,0.6887850000000001,0.6887850000000001,0.6645993333333333,0.6645993333333333
2059,8,15,6,0.1816823333333333,0.341388,0.31479566666666664,0.31678500000000004,0.27733433333333335,0.1816823333333333,0.1816823333333333,0.341388,0.341388,0.31479566666666664,0.31479566666666664,0.31678500000000004,0.31678500000000004,0.27733433333333335,0.27733433333333335
2059,8,15,7,0.0,0.0035963333333333333,0.0010216666666666666,0.0,0.0,0.0,0.0,0.0035963333333333333,0.0035963333333333333,0.0010216666666666666,0.0010216666666666666,0.0,0.0,0.0,0.0
2059,8,15,8,0.0,0.0,0.0,0.0,0.0,0.0,0.0,0.0,0.0,0.0,0.0,0.0,0.0,0.0,0.0
2059,8,16,1,0.0,0.0,0.0,0.0,0.0,0.0,0.0,0.0,0.0,0.0,0.0,0.0,0.0,0.0,0.0
2059,8,16,2,0.0,0.0,0.0,0.0,0.0,0.0,0.0,0.0,0.0,0.0,0.0,0.0,0.0,0.0,0.0
2059,8,16,3,0.232441,0.11271066666666667,0.143097,0.1801183333333333,0.17042666666666664,0.232441,0.232441,0.11271066666666667,0.11271066666666667,0.143097,0.143097,0.1801183333333333,0.1801183333333333,0.17042666666666664,0.17042666666666664
2059,8,16,4,0.6272366666666667,0.5712023333333334,0.6086773333333334,0.6366453333333334,0.6185566666666666,0.6272366666666667,0.6272366666666667,0.5712023333333334,0.5712023333333334,0.6086773333333334,0.6086773333333334,0.6366453333333334,0.6366453333333334,0.6185566666666666,0.6185566666666666
2059,8,16,5,0.6017480000000001,0.6750596666666667,0.6746343333333332,0.6887850000000001,0.6645993333333333,0.6017480000000001,0.6017480000000001,0.6750596666666667,0.6750596666666667,0.6746343333333332,0.6746343333333332,0.6887850000000001,0.6887850000000001,0.6645993333333333,0.6645993333333333
2059,8,16,6,0.1816823333333333,0.341388,0.31479566666666664,0.31678500000000004,0.27733433333333335,0.1816823333333333,0.1816823333333333,0.341388,0.341388,0.31479566666666664,0.31479566666666664,0.31678500000000004,0.31678500000000004,0.27733433333333335,0.27733433333333335
2059,8,16,7,0.0,0.0035963333333333333,0.0010216666666666666,0.0,0.0,0.0,0.0,0.0035963333333333333,0.0035963333333333333,0.0010216666666666666,0.0010216666666666666,0.0,0.0,0.0,0.0
2059,8,16,8,0.0,0.0,0.0,0.0,0.0,0.0,0.0,0.0,0.0,0.0,0.0,0.0,0.0,0.0,0.0
2059,8,17,1,0.0,0.0,0.0,0.0,0.0,0.0,0.0,0.0,0.0,0.0,0.0,0.0,0.0,0.0,0.0
2059,8,17,2,0.0,0.0,0.0,0.0,0.0,0.0,0.0,0.0,0.0,0.0,0.0,0.0,0.0,0.0,0.0
2059,8,17,3,0.232441,0.11271066666666667,0.143097,0.1801183333333333,0.17042666666666664,0.232441,0.232441,0.11271066666666667,0.11271066666666667,0.143097,0.143097,0.1801183333333333,0.1801183333333333,0.17042666666666664,0.17042666666666664
2059,8,17,4,0.6272366666666667,0.5712023333333334,0.6086773333333334,0.6366453333333334,0.6185566666666666,0.6272366666666667,0.6272366666666667,0.5712023333333334,0.5712023333333334,0.6086773333333334,0.6086773333333334,0.6366453333333334,0.6366453333333334,0.6185566666666666,0.6185566666666666
2059,8,17,5,0.6017480000000001,0.6750596666666667,0.6746343333333332,0.6887850000000001,0.6645993333333333,0.6017480000000001,0.6017480000000001,0.6750596666666667,0.6750596666666667,0.6746343333333332,0.6746343333333332,0.6887850000000001,0.6887850000000001,0.6645993333333333,0.6645993333333333
2059,8,17,6,0.1816823333333333,0.341388,0.31479566666666664,0.31678500000000004,0.27733433333333335,0.1816823333333333,0.1816823333333333,0.341388,0.341388,0.31479566666666664,0.31479566666666664,0.31678500000000004,0.31678500000000004,0.27733433333333335,0.27733433333333335
2059,8,17,7,0.0,0.0035963333333333333,0.0010216666666666666,0.0,0.0,0.0,0.0,0.0035963333333333333,0.0035963333333333333,0.0010216666666666666,0.0010216666666666666,0.0,0.0,0.0,0.0
2059,8,17,8,0.0,0.0,0.0,0.0,0.0,0.0,0.0,0.0,0.0,0.0,0.0,0.0,0.0,0.0,0.0
2059,8,18,1,0.0,0.0,0.0,0.0,0.0,0.0,0.0,0.0,0.0,0.0,0.0,0.0,0.0,0.0,0.0
2059,8,18,2,0.0,0.0,0.0,0.0,0.0,0.0,0.0,0.0,0.0,0.0,0.0,0.0,0.0,0.0,0.0
2059,8,18,3,0.232441,0.11271066666666667,0.143097,0.1801183333333333,0.17042666666666664,0.232441,0.232441,0.11271066666666667,0.11271066666666667,0.143097,0.143097,0.1801183333333333,0.1801183333333333,0.17042666666666664,0.17042666666666664
2059,8,18,4,0.6272366666666667,0.5712023333333334,0.6086773333333334,0.6366453333333334,0.6185566666666666,0.6272366666666667,0.6272366666666667,0.5712023333333334,0.5712023333333334,0.6086773333333334,0.6086773333333334,0.6366453333333334,0.6366453333333334,0.6185566666666666,0.6185566666666666
2059,8,18,5,0.6017480000000001,0.6750596666666667,0.6746343333333332,0.6887850000000001,0.6645993333333333,0.6017480000000001,0.6017480000000001,0.6750596666666667,0.6750596666666667,0.6746343333333332,0.6746343333333332,0.6887850000000001,0.6887850000000001,0.6645993333333333,0.6645993333333333
2059,8,18,6,0.1816823333333333,0.341388,0.31479566666666664,0.31678500000000004,0.27733433333333335,0.1816823333333333,0.1816823333333333,0.341388,0.341388,0.31479566666666664,0.31479566666666664,0.31678500000000004,0.31678500000000004,0.27733433333333335,0.27733433333333335
2059,8,18,7,0.0,0.0035963333333333333,0.0010216666666666666,0.0,0.0,0.0,0.0,0.0035963333333333333,0.0035963333333333333,0.0010216666666666666,0.0010216666666666666,0.0,0.0,0.0,0.0
2059,8,18,8,0.0,0.0,0.0,0.0,0.0,0.0,0.0,0.0,0.0,0.0,0.0,0.0,0.0,0.0,0.0
2059,8,19,1,0.0,0.0,0.0,0.0,0.0,0.0,0.0,0.0,0.0,0.0,0.0,0.0,0.0,0.0,0.0
2059,8,19,2,0.0,0.0,0.0,0.0,0.0,0.0,0.0,0.0,0.0,0.0,0.0,0.0,0.0,0.0,0.0
2059,8,19,3,0.232441,0.11271066666666667,0.143097,0.1801183333333333,0.17042666666666664,0.232441,0.232441,0.11271066666666667,0.11271066666666667,0.143097,0.143097,0.1801183333333333,0.1801183333333333,0.17042666666666664,0.17042666666666664
2059,8,19,4,0.6272366666666667,0.5712023333333334,0.6086773333333334,0.6366453333333334,0.6185566666666666,0.6272366666666667,0.6272366666666667,0.5712023333333334,0.5712023333333334,0.6086773333333334,0.6086773333333334,0.6366453333333334,0.6366453333333334,0.6185566666666666,0.6185566666666666
2059,8,19,5,0.6017480000000001,0.6750596666666667,0.6746343333333332,0.6887850000000001,0.6645993333333333,0.6017480000000001,0.6017480000000001,0.6750596666666667,0.6750596666666667,0.6746343333333332,0.6746343333333332,0.6887850000000001,0.6887850000000001,0.6645993333333333,0.6645993333333333
2059,8,19,6,0.1816823333333333,0.341388,0.31479566666666664,0.31678500000000004,0.27733433333333335,0.1816823333333333,0.1816823333333333,0.341388,0.341388,0.31479566666666664,0.31479566666666664,0.31678500000000004,0.31678500000000004,0.27733433333333335,0.27733433333333335
2059,8,19,7,0.0,0.0035963333333333333,0.0010216666666666666,0.0,0.0,0.0,0.0,0.0035963333333333333,0.0035963333333333333,0.0010216666666666666,0.0010216666666666666,0.0,0.0,0.0,0.0
2059,8,19,8,0.0,0.0,0.0,0.0,0.0,0.0,0.0,0.0,0.0,0.0,0.0,0.0,0.0,0.0,0.0
2059,8,20,1,0.0,0.0,0.0,0.0,0.0,0.0,0.0,0.0,0.0,0.0,0.0,0.0,0.0,0.0,0.0
2059,8,20,2,0.0,0.0,0.0,0.0,0.0,0.0,0.0,0.0,0.0,0.0,0.0,0.0,0.0,0.0,0.0
2059,8,20,3,0.232441,0.11271066666666667,0.143097,0.1801183333333333,0.17042666666666664,0.232441,0.232441,0.11271066666666667,0.11271066666666667,0.143097,0.143097,0.1801183333333333,0.1801183333333333,0.17042666666666664,0.17042666666666664
2059,8,20,4,0.6272366666666667,0.5712023333333334,0.6086773333333334,0.6366453333333334,0.6185566666666666,0.6272366666666667,0.6272366666666667,0.5712023333333334,0.5712023333333334,0.6086773333333334,0.6086773333333334,0.6366453333333334,0.6366453333333334,0.6185566666666666,0.6185566666666666
2059,8,20,5,0.6017480000000001,0.6750596666666667,0.6746343333333332,0.6887850000000001,0.6645993333333333,0.6017480000000001,0.6017480000000001,0.6750596666666667,0.6750596666666667,0.6746343333333332,0.6746343333333332,0.6887850000000001,0.6887850000000001,0.6645993333333333,0.6645993333333333
2059,8,20,6,0.1816823333333333,0.341388,0.31479566666666664,0.31678500000000004,0.27733433333333335,0.1816823333333333,0.1816823333333333,0.341388,0.341388,0.31479566666666664,0.31479566666666664,0.31678500000000004,0.31678500000000004,0.27733433333333335,0.27733433333333335
2059,8,20,7,0.0,0.0035963333333333333,0.0010216666666666666,0.0,0.0,0.0,0.0,0.0035963333333333333,0.0035963333333333333,0.0010216666666666666,0.0010216666666666666,0.0,0.0,0.0,0.0
2059,8,20,8,0.0,0.0,0.0,0.0,0.0,0.0,0.0,0.0,0.0,0.0,0.0,0.0,0.0,0.0,0.0
2059,8,21,1,0.0,0.0,0.0,0.0,0.0,0.0,0.0,0.0,0.0,0.0,0.0,0.0,0.0,0.0,0.0
2059,8,21,2,0.0,0.0,0.0,0.0,0.0,0.0,0.0,0.0,0.0,0.0,0.0,0.0,0.0,0.0,0.0
2059,8,21,3,0.232441,0.11271066666666667,0.143097,0.1801183333333333,0.17042666666666664,0.232441,0.232441,0.11271066666666667,0.11271066666666667,0.143097,0.143097,0.1801183333333333,0.1801183333333333,0.17042666666666664,0.17042666666666664
2059,8,21,4,0.6272366666666667,0.5712023333333334,0.6086773333333334,0.6366453333333334,0.6185566666666666,0.6272366666666667,0.6272366666666667,0.5712023333333334,0.5712023333333334,0.6086773333333334,0.6086773333333334,0.6366453333333334,0.6366453333333334,0.6185566666666666,0.6185566666666666
2059,8,21,5,0.6017480000000001,0.6750596666666667,0.6746343333333332,0.6887850000000001,0.6645993333333333,0.6017480000000001,0.6017480000000001,0.6750596666666667,0.6750596666666667,0.6746343333333332,0.6746343333333332,0.6887850000000001,0.6887850000000001,0.6645993333333333,0.6645993333333333
2059,8,21,6,0.1816823333333333,0.341388,0.31479566666666664,0.31678500000000004,0.27733433333333335,0.1816823333333333,0.1816823333333333,0.341388,0.341388,0.31479566666666664,0.31479566666666664,0.31678500000000004,0.31678500000000004,0.27733433333333335,0.27733433333333335
2059,8,21,7,0.0,0.0035963333333333333,0.0010216666666666666,0.0,0.0,0.0,0.0,0.0035963333333333333,0.0035963333333333333,0.0010216666666666666,0.0010216666666666666,0.0,0.0,0.0,0.0
2059,8,21,8,0.0,0.0,0.0,0.0,0.0,0.0,0.0,0.0,0.0,0.0,0.0,0.0,0.0,0.0,0.0
2059,8,22,1,0.0,0.0,0.0,0.0,0.0,0.0,0.0,0.0,0.0,0.0,0.0,0.0,0.0,0.0,0.0
2059,8,22,2,0.0,0.0,0.0,0.0,0.0,0.0,0.0,0.0,0.0,0.0,0.0,0.0,0.0,0.0,0.0
2059,8,22,3,0.232441,0.11271066666666667,0.143097,0.1801183333333333,0.17042666666666664,0.232441,0.232441,0.11271066666666667,0.11271066666666667,0.143097,0.143097,0.1801183333333333,0.1801183333333333,0.17042666666666664,0.17042666666666664
2059,8,22,4,0.6272366666666667,0.5712023333333334,0.6086773333333334,0.6366453333333334,0.6185566666666666,0.6272366666666667,0.6272366666666667,0.5712023333333334,0.5712023333333334,0.6086773333333334,0.6086773333333334,0.6366453333333334,0.6366453333333334,0.6185566666666666,0.6185566666666666
2059,8,22,5,0.6017480000000001,0.6750596666666667,0.6746343333333332,0.6887850000000001,0.6645993333333333,0.6017480000000001,0.6017480000000001,0.6750596666666667,0.6750596666666667,0.6746343333333332,0.6746343333333332,0.6887850000000001,0.6887850000000001,0.6645993333333333,0.6645993333333333
2059,8,22,6,0.1816823333333333,0.341388,0.31479566666666664,0.31678500000000004,0.27733433333333335,0.1816823333333333,0.1816823333333333,0.341388,0.341388,0.31479566666666664,0.31479566666666664,0.31678500000000004,0.31678500000000004,0.27733433333333335,0.27733433333333335
2059,8,22,7,0.0,0.0035963333333333333,0.0010216666666666666,0.0,0.0,0.0,0.0,0.0035963333333333333,0.0035963333333333333,0.0010216666666666666,0.0010216666666666666,0.0,0.0,0.0,0.0
2059,8,22,8,0.0,0.0,0.0,0.0,0.0,0.0,0.0,0.0,0.0,0.0,0.0,0.0,0.0,0.0,0.0
2059,8,23,1,0.0,0.0,0.0,0.0,0.0,0.0,0.0,0.0,0.0,0.0,0.0,0.0,0.0,0.0,0.0
2059,8,23,2,0.0,0.0,0.0,0.0,0.0,0.0,0.0,0.0,0.0,0.0,0.0,0.0,0.0,0.0,0.0
2059,8,23,3,0.232441,0.11271066666666667,0.143097,0.1801183333333333,0.17042666666666664,0.232441,0.232441,0.11271066666666667,0.11271066666666667,0.143097,0.143097,0.1801183333333333,0.1801183333333333,0.17042666666666664,0.17042666666666664
2059,8,23,4,0.6272366666666667,0.5712023333333334,0.6086773333333334,0.6366453333333334,0.6185566666666666,0.6272366666666667,0.6272366666666667,0.5712023333333334,0.5712023333333334,0.6086773333333334,0.6086773333333334,0.6366453333333334,0.6366453333333334,0.6185566666666666,0.6185566666666666
2059,8,23,5,0.6017480000000001,0.6750596666666667,0.6746343333333332,0.6887850000000001,0.6645993333333333,0.6017480000000001,0.6017480000000001,0.6750596666666667,0.6750596666666667,0.6746343333333332,0.6746343333333332,0.6887850000000001,0.6887850000000001,0.6645993333333333,0.6645993333333333
2059,8,23,6,0.1816823333333333,0.341388,0.31479566666666664,0.31678500000000004,0.27733433333333335,0.1816823333333333,0.1816823333333333,0.341388,0.341388,0.31479566666666664,0.31479566666666664,0.31678500000000004,0.31678500000000004,0.27733433333333335,0.27733433333333335
2059,8,23,7,0.0,0.0035963333333333333,0.0010216666666666666,0.0,0.0,0.0,0.0,0.0035963333333333333,0.0035963333333333333,0.0010216666666666666,0.0010216666666666666,0.0,0.0,0.0,0.0
2059,8,23,8,0.0,0.0,0.0,0.0,0.0,0.0,0.0,0.0,0.0,0.0,0.0,0.0,0.0,0.0,0.0
2059,8,24,1,0.0,0.0,0.0,0.0,0.0,0.0,0.0,0.0,0.0,0.0,0.0,0.0,0.0,0.0,0.0
2059,8,24,2,0.0,0.0,0.0,0.0,0.0,0.0,0.0,0.0,0.0,0.0,0.0,0.0,0.0,0.0,0.0
2059,8,24,3,0.232441,0.11271066666666667,0.143097,0.1801183333333333,0.17042666666666664,0.232441,0.232441,0.11271066666666667,0.11271066666666667,0.143097,0.143097,0.1801183333333333,0.1801183333333333,0.17042666666666664,0.17042666666666664
2059,8,24,4,0.6272366666666667,0.5712023333333334,0.6086773333333334,0.6366453333333334,0.6185566666666666,0.6272366666666667,0.6272366666666667,0.5712023333333334,0.5712023333333334,0.6086773333333334,0.6086773333333334,0.6366453333333334,0.6366453333333334,0.6185566666666666,0.6185566666666666
2059,8,24,5,0.6017480000000001,0.6750596666666667,0.6746343333333332,0.6887850000000001,0.6645993333333333,0.6017480000000001,0.6017480000000001,0.6750596666666667,0.6750596666666667,0.6746343333333332,0.6746343333333332,0.6887850000000001,0.6887850000000001,0.6645993333333333,0.6645993333333333
2059,8,24,6,0.1816823333333333,0.341388,0.31479566666666664,0.31678500000000004,0.27733433333333335,0.1816823333333333,0.1816823333333333,0.341388,0.341388,0.31479566666666664,0.31479566666666664,0.31678500000000004,0.31678500000000004,0.27733433333333335,0.27733433333333335
2059,8,24,7,0.0,0.0035963333333333333,0.0010216666666666666,0.0,0.0,0.0,0.0,0.0035963333333333333,0.0035963333333333333,0.0010216666666666666,0.0010216666666666666,0.0,0.0,0.0,0.0
2059,8,24,8,0.0,0.0,0.0,0.0,0.0,0.0,0.0,0.0,0.0,0.0,0.0,0.0,0.0,0.0,0.0
2059,8,25,1,0.0,0.0,0.0,0.0,0.0,0.0,0.0,0.0,0.0,0.0,0.0,0.0,0.0,0.0,0.0
2059,8,25,2,0.0,0.0,0.0,0.0,0.0,0.0,0.0,0.0,0.0,0.0,0.0,0.0,0.0,0.0,0.0
2059,8,25,3,0.232441,0.11271066666666667,0.143097,0.1801183333333333,0.17042666666666664,0.232441,0.232441,0.11271066666666667,0.11271066666666667,0.143097,0.143097,0.1801183333333333,0.1801183333333333,0.17042666666666664,0.17042666666666664
2059,8,25,4,0.6272366666666667,0.5712023333333334,0.6086773333333334,0.6366453333333334,0.6185566666666666,0.6272366666666667,0.6272366666666667,0.5712023333333334,0.5712023333333334,0.6086773333333334,0.6086773333333334,0.6366453333333334,0.6366453333333334,0.6185566666666666,0.6185566666666666
2059,8,25,5,0.6017480000000001,0.6750596666666667,0.6746343333333332,0.6887850000000001,0.6645993333333333,0.6017480000000001,0.6017480000000001,0.6750596666666667,0.6750596666666667,0.6746343333333332,0.6746343333333332,0.6887850000000001,0.6887850000000001,0.6645993333333333,0.6645993333333333
2059,8,25,6,0.1816823333333333,0.341388,0.31479566666666664,0.31678500000000004,0.27733433333333335,0.1816823333333333,0.1816823333333333,0.341388,0.341388,0.31479566666666664,0.31479566666666664,0.31678500000000004,0.31678500000000004,0.27733433333333335,0.27733433333333335
2059,8,25,7,0.0,0.0035963333333333333,0.0010216666666666666,0.0,0.0,0.0,0.0,0.0035963333333333333,0.0035963333333333333,0.0010216666666666666,0.0010216666666666666,0.0,0.0,0.0,0.0
2059,8,25,8,0.0,0.0,0.0,0.0,0.0,0.0,0.0,0.0,0.0,0.0,0.0,0.0,0.0,0.0,0.0
2059,8,26,1,0.0,0.0,0.0,0.0,0.0,0.0,0.0,0.0,0.0,0.0,0.0,0.0,0.0,0.0,0.0
2059,8,26,2,0.0,0.0,0.0,0.0,0.0,0.0,0.0,0.0,0.0,0.0,0.0,0.0,0.0,0.0,0.0
2059,8,26,3,0.232441,0.11271066666666667,0.143097,0.1801183333333333,0.17042666666666664,0.232441,0.232441,0.11271066666666667,0.11271066666666667,0.143097,0.143097,0.1801183333333333,0.1801183333333333,0.17042666666666664,0.17042666666666664
2059,8,26,4,0.6272366666666667,0.5712023333333334,0.6086773333333334,0.6366453333333334,0.6185566666666666,0.6272366666666667,0.6272366666666667,0.5712023333333334,0.5712023333333334,0.6086773333333334,0.6086773333333334,0.6366453333333334,0.6366453333333334,0.6185566666666666,0.6185566666666666
2059,8,26,5,0.6017480000000001,0.6750596666666667,0.6746343333333332,0.6887850000000001,0.6645993333333333,0.6017480000000001,0.6017480000000001,0.6750596666666667,0.6750596666666667,0.6746343333333332,0.6746343333333332,0.6887850000000001,0.6887850000000001,0.6645993333333333,0.6645993333333333
2059,8,26,6,0.1816823333333333,0.341388,0.31479566666666664,0.31678500000000004,0.27733433333333335,0.1816823333333333,0.1816823333333333,0.341388,0.341388,0.31479566666666664,0.31479566666666664,0.31678500000000004,0.31678500000000004,0.27733433333333335,0.27733433333333335
2059,8,26,7,0.0,0.0035963333333333333,0.0010216666666666666,0.0,0.0,0.0,0.0,0.0035963333333333333,0.0035963333333333333,0.0010216666666666666,0.0010216666666666666,0.0,0.0,0.0,0.0
2059,8,26,8,0.0,0.0,0.0,0.0,0.0,0.0,0.0,0.0,0.0,0.0,0.0,0.0,0.0,0.0,0.0
2059,8,27,1,0.0,0.0,0.0,0.0,0.0,0.0,0.0,0.0,0.0,0.0,0.0,0.0,0.0,0.0,0.0
2059,8,27,2,0.0,0.0,0.0,0.0,0.0,0.0,0.0,0.0,0.0,0.0,0.0,0.0,0.0,0.0,0.0
2059,8,27,3,0.232441,0.11271066666666667,0.143097,0.1801183333333333,0.17042666666666664,0.232441,0.232441,0.11271066666666667,0.11271066666666667,0.143097,0.143097,0.1801183333333333,0.1801183333333333,0.17042666666666664,0.17042666666666664
2059,8,27,4,0.6272366666666667,0.5712023333333334,0.6086773333333334,0.6366453333333334,0.6185566666666666,0.6272366666666667,0.6272366666666667,0.5712023333333334,0.5712023333333334,0.6086773333333334,0.6086773333333334,0.6366453333333334,0.6366453333333334,0.6185566666666666,0.6185566666666666
2059,8,27,5,0.6017480000000001,0.6750596666666667,0.6746343333333332,0.6887850000000001,0.6645993333333333,0.6017480000000001,0.6017480000000001,0.6750596666666667,0.6750596666666667,0.6746343333333332,0.6746343333333332,0.6887850000000001,0.6887850000000001,0.6645993333333333,0.6645993333333333
2059,8,27,6,0.1816823333333333,0.341388,0.31479566666666664,0.31678500000000004,0.27733433333333335,0.1816823333333333,0.1816823333333333,0.341388,0.341388,0.31479566666666664,0.31479566666666664,0.31678500000000004,0.31678500000000004,0.27733433333333335,0.27733433333333335
2059,8,27,7,0.0,0.0035963333333333333,0.0010216666666666666,0.0,0.0,0.0,0.0,0.0035963333333333333,0.0035963333333333333,0.0010216666666666666,0.0010216666666666666,0.0,0.0,0.0,0.0
2059,8,27,8,0.0,0.0,0.0,0.0,0.0,0.0,0.0,0.0,0.0,0.0,0.0,0.0,0.0,0.0,0.0
2059,8,28,1,0.0,0.0,0.0,0.0,0.0,0.0,0.0,0.0,0.0,0.0,0.0,0.0,0.0,0.0,0.0
2059,8,28,2,0.0,0.0,0.0,0.0,0.0,0.0,0.0,0.0,0.0,0.0,0.0,0.0,0.0,0.0,0.0
2059,8,28,3,0.232441,0.11271066666666667,0.143097,0.1801183333333333,0.17042666666666664,0.232441,0.232441,0.11271066666666667,0.11271066666666667,0.143097,0.143097,0.1801183333333333,0.1801183333333333,0.17042666666666664,0.17042666666666664
2059,8,28,4,0.6272366666666667,0.5712023333333334,0.6086773333333334,0.6366453333333334,0.6185566666666666,0.6272366666666667,0.6272366666666667,0.5712023333333334,0.5712023333333334,0.6086773333333334,0.6086773333333334,0.6366453333333334,0.6366453333333334,0.6185566666666666,0.6185566666666666
2059,8,28,5,0.6017480000000001,0.6750596666666667,0.6746343333333332,0.6887850000000001,0.6645993333333333,0.6017480000000001,0.6017480000000001,0.6750596666666667,0.6750596666666667,0.6746343333333332,0.6746343333333332,0.6887850000000001,0.6887850000000001,0.6645993333333333,0.6645993333333333
2059,8,28,6,0.1816823333333333,0.341388,0.31479566666666664,0.31678500000000004,0.27733433333333335,0.1816823333333333,0.1816823333333333,0.341388,0.341388,0.31479566666666664,0.31479566666666664,0.31678500000000004,0.31678500000000004,0.27733433333333335,0.27733433333333335
2059,8,28,7,0.0,0.0035963333333333333,0.0010216666666666666,0.0,0.0,0.0,0.0,0.0035963333333333333,0.0035963333333333333,0.0010216666666666666,0.0010216666666666666,0.0,0.0,0.0,0.0
2059,8,28,8,0.0,0.0,0.0,0.0,0.0,0.0,0.0,0.0,0.0,0.0,0.0,0.0,0.0,0.0,0.0
2059,8,29,1,0.0,0.0,0.0,0.0,0.0,0.0,0.0,0.0,0.0,0.0,0.0,0.0,0.0,0.0,0.0
2059,8,29,2,0.0,0.0,0.0,0.0,0.0,0.0,0.0,0.0,0.0,0.0,0.0,0.0,0.0,0.0,0.0
2059,8,29,3,0.232441,0.11271066666666667,0.143097,0.1801183333333333,0.17042666666666664,0.232441,0.232441,0.11271066666666667,0.11271066666666667,0.143097,0.143097,0.1801183333333333,0.1801183333333333,0.17042666666666664,0.17042666666666664
2059,8,29,4,0.6272366666666667,0.5712023333333334,0.6086773333333334,0.6366453333333334,0.6185566666666666,0.6272366666666667,0.6272366666666667,0.5712023333333334,0.5712023333333334,0.6086773333333334,0.6086773333333334,0.6366453333333334,0.6366453333333334,0.6185566666666666,0.6185566666666666
2059,8,29,5,0.6017480000000001,0.6750596666666667,0.6746343333333332,0.6887850000000001,0.6645993333333333,0.6017480000000001,0.6017480000000001,0.6750596666666667,0.6750596666666667,0.6746343333333332,0.6746343333333332,0.6887850000000001,0.6887850000000001,0.6645993333333333,0.6645993333333333
2059,8,29,6,0.1816823333333333,0.341388,0.31479566666666664,0.31678500000000004,0.27733433333333335,0.1816823333333333,0.1816823333333333,0.341388,0.341388,0.31479566666666664,0.31479566666666664,0.31678500000000004,0.31678500000000004,0.27733433333333335,0.27733433333333335
2059,8,29,7,0.0,0.0035963333333333333,0.0010216666666666666,0.0,0.0,0.0,0.0,0.0035963333333333333,0.0035963333333333333,0.0010216666666666666,0.0010216666666666666,0.0,0.0,0.0,0.0
2059,8,29,8,0.0,0.0,0.0,0.0,0.0,0.0,0.0,0.0,0.0,0.0,0.0,0.0,0.0,0.0,0.0
2059,8,30,1,0.0,0.0,0.0,0.0,0.0,0.0,0.0,0.0,0.0,0.0,0.0,0.0,0.0,0.0,0.0
2059,8,30,2,0.0,0.0,0.0,0.0,0.0,0.0,0.0,0.0,0.0,0.0,0.0,0.0,0.0,0.0,0.0
2059,8,30,3,0.232441,0.11271066666666667,0.143097,0.1801183333333333,0.17042666666666664,0.232441,0.232441,0.11271066666666667,0.11271066666666667,0.143097,0.143097,0.1801183333333333,0.1801183333333333,0.17042666666666664,0.17042666666666664
2059,8,30,4,0.6272366666666667,0.5712023333333334,0.6086773333333334,0.6366453333333334,0.6185566666666666,0.6272366666666667,0.6272366666666667,0.5712023333333334,0.5712023333333334,0.6086773333333334,0.6086773333333334,0.6366453333333334,0.6366453333333334,0.6185566666666666,0.6185566666666666
2059,8,30,5,0.6017480000000001,0.6750596666666667,0.6746343333333332,0.6887850000000001,0.6645993333333333,0.6017480000000001,0.6017480000000001,0.6750596666666667,0.6750596666666667,0.6746343333333332,0.6746343333333332,0.6887850000000001,0.6887850000000001,0.6645993333333333,0.6645993333333333
2059,8,30,6,0.1816823333333333,0.341388,0.31479566666666664,0.31678500000000004,0.27733433333333335,0.1816823333333333,0.1816823333333333,0.341388,0.341388,0.31479566666666664,0.31479566666666664,0.31678500000000004,0.31678500000000004,0.27733433333333335,0.27733433333333335
2059,8,30,7,0.0,0.0035963333333333333,0.0010216666666666666,0.0,0.0,0.0,0.0,0.0035963333333333333,0.0035963333333333333,0.0010216666666666666,0.0010216666666666666,0.0,0.0,0.0,0.0
2059,8,30,8,0.0,0.0,0.0,0.0,0.0,0.0,0.0,0.0,0.0,0.0,0.0,0.0,0.0,0.0,0.0
2059,8,31,1,0.0,0.0,0.0,0.0,0.0,0.0,0.0,0.0,0.0,0.0,0.0,0.0,0.0,0.0,0.0
2059,8,31,2,0.0,0.0,0.0,0.0,0.0,0.0,0.0,0.0,0.0,0.0,0.0,0.0,0.0,0.0,0.0
2059,8,31,3,0.232441,0.11271066666666667,0.143097,0.1801183333333333,0.17042666666666664,0.232441,0.232441,0.11271066666666667,0.11271066666666667,0.143097,0.143097,0.1801183333333333,0.1801183333333333,0.17042666666666664,0.17042666666666664
2059,8,31,4,0.6272366666666667,0.5712023333333334,0.6086773333333334,0.6366453333333334,0.6185566666666666,0.6272366666666667,0.6272366666666667,0.5712023333333334,0.5712023333333334,0.6086773333333334,0.6086773333333334,0.6366453333333334,0.6366453333333334,0.6185566666666666,0.6185566666666666
2059,8,31,5,0.6017480000000001,0.6750596666666667,0.6746343333333332,0.6887850000000001,0.6645993333333333,0.6017480000000001,0.6017480000000001,0.6750596666666667,0.6750596666666667,0.6746343333333332,0.6746343333333332,0.6887850000000001,0.6887850000000001,0.6645993333333333,0.6645993333333333
2059,8,31,6,0.1816823333333333,0.341388,0.31479566666666664,0.31678500000000004,0.27733433333333335,0.1816823333333333,0.1816823333333333,0.341388,0.341388,0.31479566666666664,0.31479566666666664,0.31678500000000004,0.31678500000000004,0.27733433333333335,0.27733433333333335
2059,8,31,7,0.0,0.0035963333333333333,0.0010216666666666666,0.0,0.0,0.0,0.0,0.0035963333333333333,0.0035963333333333333,0.0010216666666666666,0.0010216666666666666,0.0,0.0,0.0,0.0
2059,8,31,8,0.0,0.0,0.0,0.0,0.0,0.0,0.0,0.0,0.0,0.0,0.0,0.0,0.0,0.0,0.0
2059,9,1,1,0.0,0.0,0.0,0.0,0.0,0.0,0.0,0.0,0.0,0.0,0.0,0.0,0.0,0.0,0.0
2059,9,1,2,0.0,0.0,0.0,0.0,0.0,0.0,0.0,0.0,0.0,0.0,0.0,0.0,0.0,0.0,0.0
2059,9,1,3,0.24773366666666666,0.12263866666666667,0.14542233333333332,0.18665566666666666,0.19051833333333335,0.24773366666666666,0.24773366666666666,0.12263866666666667,0.12263866666666667,0.14542233333333332,0.14542233333333332,0.18665566666666666,0.18665566666666666,0.19051833333333335,0.19051833333333335
2059,9,1,4,0.654269,0.5917406666666667,0.6093333333333333,0.6499780000000001,0.6563386666666666,0.654269,0.654269,0.5917406666666667,0.5917406666666667,0.6093333333333333,0.6093333333333333,0.6499780000000001,0.6499780000000001,0.6563386666666666,0.6563386666666666
2059,9,1,5,0.6284076666666666,0.6977086666666666,0.679822,0.699122,0.6978363333333334,0.6284076666666666,0.6284076666666666,0.6977086666666666,0.6977086666666666,0.679822,0.679822,0.699122,0.699122,0.6978363333333334,0.6978363333333334
2059,9,1,6,0.1991723333333333,0.364854,0.3195223333333333,0.32194433333333333,0.30783299999999997,0.1991723333333333,0.1991723333333333,0.364854,0.364854,0.3195223333333333,0.3195223333333333,0.32194433333333333,0.32194433333333333,0.30783299999999997,0.30783299999999997
2059,9,1,7,0.0,0.005239,0.001789,0.00016666666666666666,1.3666666666666666e-06,0.0,0.0,0.005239,0.005239,0.001789,0.001789,0.00016666666666666666,0.00016666666666666666,1.3666666666666666e-06,1.3666666666666666e-06
2059,9,1,8,0.0,0.0,0.0,0.0,0.0,0.0,0.0,0.0,0.0,0.0,0.0,0.0,0.0,0.0,0.0
2059,9,2,1,0.0,0.0,0.0,0.0,0.0,0.0,0.0,0.0,0.0,0.0,0.0,0.0,0.0,0.0,0.0
2059,9,2,2,0.0,0.0,0.0,0.0,0.0,0.0,0.0,0.0,0.0,0.0,0.0,0.0,0.0,0.0,0.0
2059,9,2,3,0.24773366666666666,0.12263866666666667,0.14542233333333332,0.18665566666666666,0.19051833333333335,0.24773366666666666,0.24773366666666666,0.12263866666666667,0.12263866666666667,0.14542233333333332,0.14542233333333332,0.18665566666666666,0.18665566666666666,0.19051833333333335,0.19051833333333335
2059,9,2,4,0.654269,0.5917406666666667,0.6093333333333333,0.6499780000000001,0.6563386666666666,0.654269,0.654269,0.5917406666666667,0.5917406666666667,0.6093333333333333,0.6093333333333333,0.6499780000000001,0.6499780000000001,0.6563386666666666,0.6563386666666666
2059,9,2,5,0.6284076666666666,0.6977086666666666,0.679822,0.699122,0.6978363333333334,0.6284076666666666,0.6284076666666666,0.6977086666666666,0.6977086666666666,0.679822,0.679822,0.699122,0.699122,0.6978363333333334,0.6978363333333334
2059,9,2,6,0.1991723333333333,0.364854,0.3195223333333333,0.32194433333333333,0.30783299999999997,0.1991723333333333,0.1991723333333333,0.364854,0.364854,0.3195223333333333,0.3195223333333333,0.32194433333333333,0.32194433333333333,0.30783299999999997,0.30783299999999997
2059,9,2,7,0.0,0.005239,0.001789,0.00016666666666666666,1.3666666666666666e-06,0.0,0.0,0.005239,0.005239,0.001789,0.001789,0.00016666666666666666,0.00016666666666666666,1.3666666666666666e-06,1.3666666666666666e-06
2059,9,2,8,0.0,0.0,0.0,0.0,0.0,0.0,0.0,0.0,0.0,0.0,0.0,0.0,0.0,0.0,0.0
2059,9,3,1,0.0,0.0,0.0,0.0,0.0,0.0,0.0,0.0,0.0,0.0,0.0,0.0,0.0,0.0,0.0
2059,9,3,2,0.0,0.0,0.0,0.0,0.0,0.0,0.0,0.0,0.0,0.0,0.0,0.0,0.0,0.0,0.0
2059,9,3,3,0.24773366666666666,0.12263866666666667,0.14542233333333332,0.18665566666666666,0.19051833333333335,0.24773366666666666,0.24773366666666666,0.12263866666666667,0.12263866666666667,0.14542233333333332,0.14542233333333332,0.18665566666666666,0.18665566666666666,0.19051833333333335,0.19051833333333335
2059,9,3,4,0.654269,0.5917406666666667,0.6093333333333333,0.6499780000000001,0.6563386666666666,0.654269,0.654269,0.5917406666666667,0.5917406666666667,0.6093333333333333,0.6093333333333333,0.6499780000000001,0.6499780000000001,0.6563386666666666,0.6563386666666666
2059,9,3,5,0.6284076666666666,0.6977086666666666,0.679822,0.699122,0.6978363333333334,0.6284076666666666,0.6284076666666666,0.6977086666666666,0.6977086666666666,0.679822,0.679822,0.699122,0.699122,0.6978363333333334,0.6978363333333334
2059,9,3,6,0.1991723333333333,0.364854,0.3195223333333333,0.32194433333333333,0.30783299999999997,0.1991723333333333,0.1991723333333333,0.364854,0.364854,0.3195223333333333,0.3195223333333333,0.32194433333333333,0.32194433333333333,0.30783299999999997,0.30783299999999997
2059,9,3,7,0.0,0.005239,0.001789,0.00016666666666666666,1.3666666666666666e-06,0.0,0.0,0.005239,0.005239,0.001789,0.001789,0.00016666666666666666,0.00016666666666666666,1.3666666666666666e-06,1.3666666666666666e-06
2059,9,3,8,0.0,0.0,0.0,0.0,0.0,0.0,0.0,0.0,0.0,0.0,0.0,0.0,0.0,0.0,0.0
2059,9,4,1,0.0,0.0,0.0,0.0,0.0,0.0,0.0,0.0,0.0,0.0,0.0,0.0,0.0,0.0,0.0
2059,9,4,2,0.0,0.0,0.0,0.0,0.0,0.0,0.0,0.0,0.0,0.0,0.0,0.0,0.0,0.0,0.0
2059,9,4,3,0.24773366666666666,0.12263866666666667,0.14542233333333332,0.18665566666666666,0.19051833333333335,0.24773366666666666,0.24773366666666666,0.12263866666666667,0.12263866666666667,0.14542233333333332,0.14542233333333332,0.18665566666666666,0.18665566666666666,0.19051833333333335,0.19051833333333335
2059,9,4,4,0.654269,0.5917406666666667,0.6093333333333333,0.6499780000000001,0.6563386666666666,0.654269,0.654269,0.5917406666666667,0.5917406666666667,0.6093333333333333,0.6093333333333333,0.6499780000000001,0.6499780000000001,0.6563386666666666,0.6563386666666666
2059,9,4,5,0.6284076666666666,0.6977086666666666,0.679822,0.699122,0.6978363333333334,0.6284076666666666,0.6284076666666666,0.6977086666666666,0.6977086666666666,0.679822,0.679822,0.699122,0.699122,0.6978363333333334,0.6978363333333334
2059,9,4,6,0.1991723333333333,0.364854,0.3195223333333333,0.32194433333333333,0.30783299999999997,0.1991723333333333,0.1991723333333333,0.364854,0.364854,0.3195223333333333,0.3195223333333333,0.32194433333333333,0.32194433333333333,0.30783299999999997,0.30783299999999997
2059,9,4,7,0.0,0.005239,0.001789,0.00016666666666666666,1.3666666666666666e-06,0.0,0.0,0.005239,0.005239,0.001789,0.001789,0.00016666666666666666,0.00016666666666666666,1.3666666666666666e-06,1.3666666666666666e-06
2059,9,4,8,0.0,0.0,0.0,0.0,0.0,0.0,0.0,0.0,0.0,0.0,0.0,0.0,0.0,0.0,0.0
2059,9,5,1,0.0,0.0,0.0,0.0,0.0,0.0,0.0,0.0,0.0,0.0,0.0,0.0,0.0,0.0,0.0
2059,9,5,2,0.0,0.0,0.0,0.0,0.0,0.0,0.0,0.0,0.0,0.0,0.0,0.0,0.0,0.0,0.0
2059,9,5,3,0.24773366666666666,0.12263866666666667,0.14542233333333332,0.18665566666666666,0.19051833333333335,0.24773366666666666,0.24773366666666666,0.12263866666666667,0.12263866666666667,0.14542233333333332,0.14542233333333332,0.18665566666666666,0.18665566666666666,0.19051833333333335,0.19051833333333335
2059,9,5,4,0.654269,0.5917406666666667,0.6093333333333333,0.6499780000000001,0.6563386666666666,0.654269,0.654269,0.5917406666666667,0.5917406666666667,0.6093333333333333,0.6093333333333333,0.6499780000000001,0.6499780000000001,0.6563386666666666,0.6563386666666666
2059,9,5,5,0.6284076666666666,0.6977086666666666,0.679822,0.699122,0.6978363333333334,0.6284076666666666,0.6284076666666666,0.6977086666666666,0.6977086666666666,0.679822,0.679822,0.699122,0.699122,0.6978363333333334,0.6978363333333334
2059,9,5,6,0.1991723333333333,0.364854,0.3195223333333333,0.32194433333333333,0.30783299999999997,0.1991723333333333,0.1991723333333333,0.364854,0.364854,0.3195223333333333,0.3195223333333333,0.32194433333333333,0.32194433333333333,0.30783299999999997,0.30783299999999997
2059,9,5,7,0.0,0.005239,0.001789,0.00016666666666666666,1.3666666666666666e-06,0.0,0.0,0.005239,0.005239,0.001789,0.001789,0.00016666666666666666,0.00016666666666666666,1.3666666666666666e-06,1.3666666666666666e-06
2059,9,5,8,0.0,0.0,0.0,0.0,0.0,0.0,0.0,0.0,0.0,0.0,0.0,0.0,0.0,0.0,0.0
2059,9,6,1,0.0,0.0,0.0,0.0,0.0,0.0,0.0,0.0,0.0,0.0,0.0,0.0,0.0,0.0,0.0
2059,9,6,2,0.0,0.0,0.0,0.0,0.0,0.0,0.0,0.0,0.0,0.0,0.0,0.0,0.0,0.0,0.0
2059,9,6,3,0.24773366666666666,0.12263866666666667,0.14542233333333332,0.18665566666666666,0.19051833333333335,0.24773366666666666,0.24773366666666666,0.12263866666666667,0.12263866666666667,0.14542233333333332,0.14542233333333332,0.18665566666666666,0.18665566666666666,0.19051833333333335,0.19051833333333335
2059,9,6,4,0.654269,0.5917406666666667,0.6093333333333333,0.6499780000000001,0.6563386666666666,0.654269,0.654269,0.5917406666666667,0.5917406666666667,0.6093333333333333,0.6093333333333333,0.6499780000000001,0.6499780000000001,0.6563386666666666,0.6563386666666666
2059,9,6,5,0.6284076666666666,0.6977086666666666,0.679822,0.699122,0.6978363333333334,0.6284076666666666,0.6284076666666666,0.6977086666666666,0.6977086666666666,0.679822,0.679822,0.699122,0.699122,0.6978363333333334,0.6978363333333334
2059,9,6,6,0.1991723333333333,0.364854,0.3195223333333333,0.32194433333333333,0.30783299999999997,0.1991723333333333,0.1991723333333333,0.364854,0.364854,0.3195223333333333,0.3195223333333333,0.32194433333333333,0.32194433333333333,0.30783299999999997,0.30783299999999997
2059,9,6,7,0.0,0.005239,0.001789,0.00016666666666666666,1.3666666666666666e-06,0.0,0.0,0.005239,0.005239,0.001789,0.001789,0.00016666666666666666,0.00016666666666666666,1.3666666666666666e-06,1.3666666666666666e-06
2059,9,6,8,0.0,0.0,0.0,0.0,0.0,0.0,0.0,0.0,0.0,0.0,0.0,0.0,0.0,0.0,0.0
2059,9,7,1,0.0,0.0,0.0,0.0,0.0,0.0,0.0,0.0,0.0,0.0,0.0,0.0,0.0,0.0,0.0
2059,9,7,2,0.0,0.0,0.0,0.0,0.0,0.0,0.0,0.0,0.0,0.0,0.0,0.0,0.0,0.0,0.0
2059,9,7,3,0.24773366666666666,0.12263866666666667,0.14542233333333332,0.18665566666666666,0.19051833333333335,0.24773366666666666,0.24773366666666666,0.12263866666666667,0.12263866666666667,0.14542233333333332,0.14542233333333332,0.18665566666666666,0.18665566666666666,0.19051833333333335,0.19051833333333335
2059,9,7,4,0.654269,0.5917406666666667,0.6093333333333333,0.6499780000000001,0.6563386666666666,0.654269,0.654269,0.5917406666666667,0.5917406666666667,0.6093333333333333,0.6093333333333333,0.6499780000000001,0.6499780000000001,0.6563386666666666,0.6563386666666666
2059,9,7,5,0.6284076666666666,0.6977086666666666,0.679822,0.699122,0.6978363333333334,0.6284076666666666,0.6284076666666666,0.6977086666666666,0.6977086666666666,0.679822,0.679822,0.699122,0.699122,0.6978363333333334,0.6978363333333334
2059,9,7,6,0.1991723333333333,0.364854,0.3195223333333333,0.32194433333333333,0.30783299999999997,0.1991723333333333,0.1991723333333333,0.364854,0.364854,0.3195223333333333,0.3195223333333333,0.32194433333333333,0.32194433333333333,0.30783299999999997,0.30783299999999997
2059,9,7,7,0.0,0.005239,0.001789,0.00016666666666666666,1.3666666666666666e-06,0.0,0.0,0.005239,0.005239,0.001789,0.001789,0.00016666666666666666,0.00016666666666666666,1.3666666666666666e-06,1.3666666666666666e-06
2059,9,7,8,0.0,0.0,0.0,0.0,0.0,0.0,0.0,0.0,0.0,0.0,0.0,0.0,0.0,0.0,0.0
2059,9,8,1,0.0,0.0,0.0,0.0,0.0,0.0,0.0,0.0,0.0,0.0,0.0,0.0,0.0,0.0,0.0
2059,9,8,2,0.0,0.0,0.0,0.0,0.0,0.0,0.0,0.0,0.0,0.0,0.0,0.0,0.0,0.0,0.0
2059,9,8,3,0.24773366666666666,0.12263866666666667,0.14542233333333332,0.18665566666666666,0.19051833333333335,0.24773366666666666,0.24773366666666666,0.12263866666666667,0.12263866666666667,0.14542233333333332,0.14542233333333332,0.18665566666666666,0.18665566666666666,0.19051833333333335,0.19051833333333335
2059,9,8,4,0.654269,0.5917406666666667,0.6093333333333333,0.6499780000000001,0.6563386666666666,0.654269,0.654269,0.5917406666666667,0.5917406666666667,0.6093333333333333,0.6093333333333333,0.6499780000000001,0.6499780000000001,0.6563386666666666,0.6563386666666666
2059,9,8,5,0.6284076666666666,0.6977086666666666,0.679822,0.699122,0.6978363333333334,0.6284076666666666,0.6284076666666666,0.6977086666666666,0.6977086666666666,0.679822,0.679822,0.699122,0.699122,0.6978363333333334,0.6978363333333334
2059,9,8,6,0.1991723333333333,0.364854,0.3195223333333333,0.32194433333333333,0.30783299999999997,0.1991723333333333,0.1991723333333333,0.364854,0.364854,0.3195223333333333,0.3195223333333333,0.32194433333333333,0.32194433333333333,0.30783299999999997,0.30783299999999997
2059,9,8,7,0.0,0.005239,0.001789,0.00016666666666666666,1.3666666666666666e-06,0.0,0.0,0.005239,0.005239,0.001789,0.001789,0.00016666666666666666,0.00016666666666666666,1.3666666666666666e-06,1.3666666666666666e-06
2059,9,8,8,0.0,0.0,0.0,0.0,0.0,0.0,0.0,0.0,0.0,0.0,0.0,0.0,0.0,0.0,0.0
2059,9,9,1,0.0,0.0,0.0,0.0,0.0,0.0,0.0,0.0,0.0,0.0,0.0,0.0,0.0,0.0,0.0
2059,9,9,2,0.0,0.0,0.0,0.0,0.0,0.0,0.0,0.0,0.0,0.0,0.0,0.0,0.0,0.0,0.0
2059,9,9,3,0.24773366666666666,0.12263866666666667,0.14542233333333332,0.18665566666666666,0.19051833333333335,0.24773366666666666,0.24773366666666666,0.12263866666666667,0.12263866666666667,0.14542233333333332,0.14542233333333332,0.18665566666666666,0.18665566666666666,0.19051833333333335,0.19051833333333335
2059,9,9,4,0.654269,0.5917406666666667,0.6093333333333333,0.6499780000000001,0.6563386666666666,0.654269,0.654269,0.5917406666666667,0.5917406666666667,0.6093333333333333,0.6093333333333333,0.6499780000000001,0.6499780000000001,0.6563386666666666,0.6563386666666666
2059,9,9,5,0.6284076666666666,0.6977086666666666,0.679822,0.699122,0.6978363333333334,0.6284076666666666,0.6284076666666666,0.6977086666666666,0.6977086666666666,0.679822,0.679822,0.699122,0.699122,0.6978363333333334,0.6978363333333334
2059,9,9,6,0.1991723333333333,0.364854,0.3195223333333333,0.32194433333333333,0.30783299999999997,0.1991723333333333,0.1991723333333333,0.364854,0.364854,0.3195223333333333,0.3195223333333333,0.32194433333333333,0.32194433333333333,0.30783299999999997,0.30783299999999997
2059,9,9,7,0.0,0.005239,0.001789,0.00016666666666666666,1.3666666666666666e-06,0.0,0.0,0.005239,0.005239,0.001789,0.001789,0.00016666666666666666,0.00016666666666666666,1.3666666666666666e-06,1.3666666666666666e-06
2059,9,9,8,0.0,0.0,0.0,0.0,0.0,0.0,0.0,0.0,0.0,0.0,0.0,0.0,0.0,0.0,0.0
2059,9,10,1,0.0,0.0,0.0,0.0,0.0,0.0,0.0,0.0,0.0,0.0,0.0,0.0,0.0,0.0,0.0
2059,9,10,2,0.0,0.0,0.0,0.0,0.0,0.0,0.0,0.0,0.0,0.0,0.0,0.0,0.0,0.0,0.0
2059,9,10,3,0.24773366666666666,0.12263866666666667,0.14542233333333332,0.18665566666666666,0.19051833333333335,0.24773366666666666,0.24773366666666666,0.12263866666666667,0.12263866666666667,0.14542233333333332,0.14542233333333332,0.18665566666666666,0.18665566666666666,0.19051833333333335,0.19051833333333335
2059,9,10,4,0.654269,0.5917406666666667,0.6093333333333333,0.6499780000000001,0.6563386666666666,0.654269,0.654269,0.5917406666666667,0.5917406666666667,0.6093333333333333,0.6093333333333333,0.6499780000000001,0.6499780000000001,0.6563386666666666,0.6563386666666666
2059,9,10,5,0.6284076666666666,0.6977086666666666,0.679822,0.699122,0.6978363333333334,0.6284076666666666,0.6284076666666666,0.6977086666666666,0.6977086666666666,0.679822,0.679822,0.699122,0.699122,0.6978363333333334,0.6978363333333334
2059,9,10,6,0.1991723333333333,0.364854,0.3195223333333333,0.32194433333333333,0.30783299999999997,0.1991723333333333,0.1991723333333333,0.364854,0.364854,0.3195223333333333,0.3195223333333333,0.32194433333333333,0.32194433333333333,0.30783299999999997,0.30783299999999997
2059,9,10,7,0.0,0.005239,0.001789,0.00016666666666666666,1.3666666666666666e-06,0.0,0.0,0.005239,0.005239,0.001789,0.001789,0.00016666666666666666,0.00016666666666666666,1.3666666666666666e-06,1.3666666666666666e-06
2059,9,10,8,0.0,0.0,0.0,0.0,0.0,0.0,0.0,0.0,0.0,0.0,0.0,0.0,0.0,0.0,0.0
2059,9,11,1,0.0,0.0,0.0,0.0,0.0,0.0,0.0,0.0,0.0,0.0,0.0,0.0,0.0,0.0,0.0
2059,9,11,2,0.0,0.0,0.0,0.0,0.0,0.0,0.0,0.0,0.0,0.0,0.0,0.0,0.0,0.0,0.0
2059,9,11,3,0.24773366666666666,0.12263866666666667,0.14542233333333332,0.18665566666666666,0.19051833333333335,0.24773366666666666,0.24773366666666666,0.12263866666666667,0.12263866666666667,0.14542233333333332,0.14542233333333332,0.18665566666666666,0.18665566666666666,0.19051833333333335,0.19051833333333335
2059,9,11,4,0.654269,0.5917406666666667,0.6093333333333333,0.6499780000000001,0.6563386666666666,0.654269,0.654269,0.5917406666666667,0.5917406666666667,0.6093333333333333,0.6093333333333333,0.6499780000000001,0.6499780000000001,0.6563386666666666,0.6563386666666666
2059,9,11,5,0.6284076666666666,0.6977086666666666,0.679822,0.699122,0.6978363333333334,0.6284076666666666,0.6284076666666666,0.6977086666666666,0.6977086666666666,0.679822,0.679822,0.699122,0.699122,0.6978363333333334,0.6978363333333334
2059,9,11,6,0.1991723333333333,0.364854,0.3195223333333333,0.32194433333333333,0.30783299999999997,0.1991723333333333,0.1991723333333333,0.364854,0.364854,0.3195223333333333,0.3195223333333333,0.32194433333333333,0.32194433333333333,0.30783299999999997,0.30783299999999997
2059,9,11,7,0.0,0.005239,0.001789,0.00016666666666666666,1.3666666666666666e-06,0.0,0.0,0.005239,0.005239,0.001789,0.001789,0.00016666666666666666,0.00016666666666666666,1.3666666666666666e-06,1.3666666666666666e-06
2059,9,11,8,0.0,0.0,0.0,0.0,0.0,0.0,0.0,0.0,0.0,0.0,0.0,0.0,0.0,0.0,0.0
2059,9,12,1,0.0,0.0,0.0,0.0,0.0,0.0,0.0,0.0,0.0,0.0,0.0,0.0,0.0,0.0,0.0
2059,9,12,2,0.0,0.0,0.0,0.0,0.0,0.0,0.0,0.0,0.0,0.0,0.0,0.0,0.0,0.0,0.0
2059,9,12,3,0.24773366666666666,0.12263866666666667,0.14542233333333332,0.18665566666666666,0.19051833333333335,0.24773366666666666,0.24773366666666666,0.12263866666666667,0.12263866666666667,0.14542233333333332,0.14542233333333332,0.18665566666666666,0.18665566666666666,0.19051833333333335,0.19051833333333335
2059,9,12,4,0.654269,0.5917406666666667,0.6093333333333333,0.6499780000000001,0.6563386666666666,0.654269,0.654269,0.5917406666666667,0.5917406666666667,0.6093333333333333,0.6093333333333333,0.6499780000000001,0.6499780000000001,0.6563386666666666,0.6563386666666666
2059,9,12,5,0.6284076666666666,0.6977086666666666,0.679822,0.699122,0.6978363333333334,0.6284076666666666,0.6284076666666666,0.6977086666666666,0.6977086666666666,0.679822,0.679822,0.699122,0.699122,0.6978363333333334,0.6978363333333334
2059,9,12,6,0.1991723333333333,0.364854,0.3195223333333333,0.32194433333333333,0.30783299999999997,0.1991723333333333,0.1991723333333333,0.364854,0.364854,0.3195223333333333,0.3195223333333333,0.32194433333333333,0.32194433333333333,0.30783299999999997,0.30783299999999997
2059,9,12,7,0.0,0.005239,0.001789,0.00016666666666666666,1.3666666666666666e-06,0.0,0.0,0.005239,0.005239,0.001789,0.001789,0.00016666666666666666,0.00016666666666666666,1.3666666666666666e-06,1.3666666666666666e-06
2059,9,12,8,0.0,0.0,0.0,0.0,0.0,0.0,0.0,0.0,0.0,0.0,0.0,0.0,0.0,0.0,0.0
2059,9,13,1,0.0,0.0,0.0,0.0,0.0,0.0,0.0,0.0,0.0,0.0,0.0,0.0,0.0,0.0,0.0
2059,9,13,2,0.0,0.0,0.0,0.0,0.0,0.0,0.0,0.0,0.0,0.0,0.0,0.0,0.0,0.0,0.0
2059,9,13,3,0.24773366666666666,0.12263866666666667,0.14542233333333332,0.18665566666666666,0.19051833333333335,0.24773366666666666,0.24773366666666666,0.12263866666666667,0.12263866666666667,0.14542233333333332,0.14542233333333332,0.18665566666666666,0.18665566666666666,0.19051833333333335,0.19051833333333335
2059,9,13,4,0.654269,0.5917406666666667,0.6093333333333333,0.6499780000000001,0.6563386666666666,0.654269,0.654269,0.5917406666666667,0.5917406666666667,0.6093333333333333,0.6093333333333333,0.6499780000000001,0.6499780000000001,0.6563386666666666,0.6563386666666666
2059,9,13,5,0.6284076666666666,0.6977086666666666,0.679822,0.699122,0.6978363333333334,0.6284076666666666,0.6284076666666666,0.6977086666666666,0.6977086666666666,0.679822,0.679822,0.699122,0.699122,0.6978363333333334,0.6978363333333334
2059,9,13,6,0.1991723333333333,0.364854,0.3195223333333333,0.32194433333333333,0.30783299999999997,0.1991723333333333,0.1991723333333333,0.364854,0.364854,0.3195223333333333,0.3195223333333333,0.32194433333333333,0.32194433333333333,0.30783299999999997,0.30783299999999997
2059,9,13,7,0.0,0.005239,0.001789,0.00016666666666666666,1.3666666666666666e-06,0.0,0.0,0.005239,0.005239,0.001789,0.001789,0.00016666666666666666,0.00016666666666666666,1.3666666666666666e-06,1.3666666666666666e-06
2059,9,13,8,0.0,0.0,0.0,0.0,0.0,0.0,0.0,0.0,0.0,0.0,0.0,0.0,0.0,0.0,0.0
2059,9,14,1,0.0,0.0,0.0,0.0,0.0,0.0,0.0,0.0,0.0,0.0,0.0,0.0,0.0,0.0,0.0
2059,9,14,2,0.0,0.0,0.0,0.0,0.0,0.0,0.0,0.0,0.0,0.0,0.0,0.0,0.0,0.0,0.0
2059,9,14,3,0.24773366666666666,0.12263866666666667,0.14542233333333332,0.18665566666666666,0.19051833333333335,0.24773366666666666,0.24773366666666666,0.12263866666666667,0.12263866666666667,0.14542233333333332,0.14542233333333332,0.18665566666666666,0.18665566666666666,0.19051833333333335,0.19051833333333335
2059,9,14,4,0.654269,0.5917406666666667,0.6093333333333333,0.6499780000000001,0.6563386666666666,0.654269,0.654269,0.5917406666666667,0.5917406666666667,0.6093333333333333,0.6093333333333333,0.6499780000000001,0.6499780000000001,0.6563386666666666,0.6563386666666666
2059,9,14,5,0.6284076666666666,0.6977086666666666,0.679822,0.699122,0.6978363333333334,0.6284076666666666,0.6284076666666666,0.6977086666666666,0.6977086666666666,0.679822,0.679822,0.699122,0.699122,0.6978363333333334,0.6978363333333334
2059,9,14,6,0.1991723333333333,0.364854,0.3195223333333333,0.32194433333333333,0.30783299999999997,0.1991723333333333,0.1991723333333333,0.364854,0.364854,0.3195223333333333,0.3195223333333333,0.32194433333333333,0.32194433333333333,0.30783299999999997,0.30783299999999997
2059,9,14,7,0.0,0.005239,0.001789,0.00016666666666666666,1.3666666666666666e-06,0.0,0.0,0.005239,0.005239,0.001789,0.001789,0.00016666666666666666,0.00016666666666666666,1.3666666666666666e-06,1.3666666666666666e-06
2059,9,14,8,0.0,0.0,0.0,0.0,0.0,0.0,0.0,0.0,0.0,0.0,0.0,0.0,0.0,0.0,0.0
2059,9,15,1,0.0,0.0,0.0,0.0,0.0,0.0,0.0,0.0,0.0,0.0,0.0,0.0,0.0,0.0,0.0
2059,9,15,2,0.0,0.0,0.0,0.0,0.0,0.0,0.0,0.0,0.0,0.0,0.0,0.0,0.0,0.0,0.0
2059,9,15,3,0.24773366666666666,0.12263866666666667,0.14542233333333332,0.18665566666666666,0.19051833333333335,0.24773366666666666,0.24773366666666666,0.12263866666666667,0.12263866666666667,0.14542233333333332,0.14542233333333332,0.18665566666666666,0.18665566666666666,0.19051833333333335,0.19051833333333335
2059,9,15,4,0.654269,0.5917406666666667,0.6093333333333333,0.6499780000000001,0.6563386666666666,0.654269,0.654269,0.5917406666666667,0.5917406666666667,0.6093333333333333,0.6093333333333333,0.6499780000000001,0.6499780000000001,0.6563386666666666,0.6563386666666666
2059,9,15,5,0.6284076666666666,0.6977086666666666,0.679822,0.699122,0.6978363333333334,0.6284076666666666,0.6284076666666666,0.6977086666666666,0.6977086666666666,0.679822,0.679822,0.699122,0.699122,0.6978363333333334,0.6978363333333334
2059,9,15,6,0.1991723333333333,0.364854,0.3195223333333333,0.32194433333333333,0.30783299999999997,0.1991723333333333,0.1991723333333333,0.364854,0.364854,0.3195223333333333,0.3195223333333333,0.32194433333333333,0.32194433333333333,0.30783299999999997,0.30783299999999997
2059,9,15,7,0.0,0.005239,0.001789,0.00016666666666666666,1.3666666666666666e-06,0.0,0.0,0.005239,0.005239,0.001789,0.001789,0.00016666666666666666,0.00016666666666666666,1.3666666666666666e-06,1.3666666666666666e-06
2059,9,15,8,0.0,0.0,0.0,0.0,0.0,0.0,0.0,0.0,0.0,0.0,0.0,0.0,0.0,0.0,0.0
2059,9,16,1,0.0,0.0,0.0,0.0,0.0,0.0,0.0,0.0,0.0,0.0,0.0,0.0,0.0,0.0,0.0
2059,9,16,2,0.0,0.0,0.0,0.0,0.0,0.0,0.0,0.0,0.0,0.0,0.0,0.0,0.0,0.0,0.0
2059,9,16,3,0.24773366666666666,0.12263866666666667,0.14542233333333332,0.18665566666666666,0.19051833333333335,0.24773366666666666,0.24773366666666666,0.12263866666666667,0.12263866666666667,0.14542233333333332,0.14542233333333332,0.18665566666666666,0.18665566666666666,0.19051833333333335,0.19051833333333335
2059,9,16,4,0.654269,0.5917406666666667,0.6093333333333333,0.6499780000000001,0.6563386666666666,0.654269,0.654269,0.5917406666666667,0.5917406666666667,0.6093333333333333,0.6093333333333333,0.6499780000000001,0.6499780000000001,0.6563386666666666,0.6563386666666666
2059,9,16,5,0.6284076666666666,0.6977086666666666,0.679822,0.699122,0.6978363333333334,0.6284076666666666,0.6284076666666666,0.6977086666666666,0.6977086666666666,0.679822,0.679822,0.699122,0.699122,0.6978363333333334,0.6978363333333334
2059,9,16,6,0.1991723333333333,0.364854,0.3195223333333333,0.32194433333333333,0.30783299999999997,0.1991723333333333,0.1991723333333333,0.364854,0.364854,0.3195223333333333,0.3195223333333333,0.32194433333333333,0.32194433333333333,0.30783299999999997,0.30783299999999997
2059,9,16,7,0.0,0.005239,0.001789,0.00016666666666666666,1.3666666666666666e-06,0.0,0.0,0.005239,0.005239,0.001789,0.001789,0.00016666666666666666,0.00016666666666666666,1.3666666666666666e-06,1.3666666666666666e-06
2059,9,16,8,0.0,0.0,0.0,0.0,0.0,0.0,0.0,0.0,0.0,0.0,0.0,0.0,0.0,0.0,0.0
2059,9,17,1,0.0,0.0,0.0,0.0,0.0,0.0,0.0,0.0,0.0,0.0,0.0,0.0,0.0,0.0,0.0
2059,9,17,2,0.0,0.0,0.0,0.0,0.0,0.0,0.0,0.0,0.0,0.0,0.0,0.0,0.0,0.0,0.0
2059,9,17,3,0.24773366666666666,0.12263866666666667,0.14542233333333332,0.18665566666666666,0.19051833333333335,0.24773366666666666,0.24773366666666666,0.12263866666666667,0.12263866666666667,0.14542233333333332,0.14542233333333332,0.18665566666666666,0.18665566666666666,0.19051833333333335,0.19051833333333335
2059,9,17,4,0.654269,0.5917406666666667,0.6093333333333333,0.6499780000000001,0.6563386666666666,0.654269,0.654269,0.5917406666666667,0.5917406666666667,0.6093333333333333,0.6093333333333333,0.6499780000000001,0.6499780000000001,0.6563386666666666,0.6563386666666666
2059,9,17,5,0.6284076666666666,0.6977086666666666,0.679822,0.699122,0.6978363333333334,0.6284076666666666,0.6284076666666666,0.6977086666666666,0.6977086666666666,0.679822,0.679822,0.699122,0.699122,0.6978363333333334,0.6978363333333334
2059,9,17,6,0.1991723333333333,0.364854,0.3195223333333333,0.32194433333333333,0.30783299999999997,0.1991723333333333,0.1991723333333333,0.364854,0.364854,0.3195223333333333,0.3195223333333333,0.32194433333333333,0.32194433333333333,0.30783299999999997,0.30783299999999997
2059,9,17,7,0.0,0.005239,0.001789,0.00016666666666666666,1.3666666666666666e-06,0.0,0.0,0.005239,0.005239,0.001789,0.001789,0.00016666666666666666,0.00016666666666666666,1.3666666666666666e-06,1.3666666666666666e-06
2059,9,17,8,0.0,0.0,0.0,0.0,0.0,0.0,0.0,0.0,0.0,0.0,0.0,0.0,0.0,0.0,0.0
2059,9,18,1,0.0,0.0,0.0,0.0,0.0,0.0,0.0,0.0,0.0,0.0,0.0,0.0,0.0,0.0,0.0
2059,9,18,2,0.0,0.0,0.0,0.0,0.0,0.0,0.0,0.0,0.0,0.0,0.0,0.0,0.0,0.0,0.0
2059,9,18,3,0.24773366666666666,0.12263866666666667,0.14542233333333332,0.18665566666666666,0.19051833333333335,0.24773366666666666,0.24773366666666666,0.12263866666666667,0.12263866666666667,0.14542233333333332,0.14542233333333332,0.18665566666666666,0.18665566666666666,0.19051833333333335,0.19051833333333335
2059,9,18,4,0.654269,0.5917406666666667,0.6093333333333333,0.6499780000000001,0.6563386666666666,0.654269,0.654269,0.5917406666666667,0.5917406666666667,0.6093333333333333,0.6093333333333333,0.6499780000000001,0.6499780000000001,0.6563386666666666,0.6563386666666666
2059,9,18,5,0.6284076666666666,0.6977086666666666,0.679822,0.699122,0.6978363333333334,0.6284076666666666,0.6284076666666666,0.6977086666666666,0.6977086666666666,0.679822,0.679822,0.699122,0.699122,0.6978363333333334,0.6978363333333334
2059,9,18,6,0.1991723333333333,0.364854,0.3195223333333333,0.32194433333333333,0.30783299999999997,0.1991723333333333,0.1991723333333333,0.364854,0.364854,0.3195223333333333,0.3195223333333333,0.32194433333333333,0.32194433333333333,0.30783299999999997,0.30783299999999997
2059,9,18,7,0.0,0.005239,0.001789,0.00016666666666666666,1.3666666666666666e-06,0.0,0.0,0.005239,0.005239,0.001789,0.001789,0.00016666666666666666,0.00016666666666666666,1.3666666666666666e-06,1.3666666666666666e-06
2059,9,18,8,0.0,0.0,0.0,0.0,0.0,0.0,0.0,0.0,0.0,0.0,0.0,0.0,0.0,0.0,0.0
2059,9,19,1,0.0,0.0,0.0,0.0,0.0,0.0,0.0,0.0,0.0,0.0,0.0,0.0,0.0,0.0,0.0
2059,9,19,2,0.0,0.0,0.0,0.0,0.0,0.0,0.0,0.0,0.0,0.0,0.0,0.0,0.0,0.0,0.0
2059,9,19,3,0.24773366666666666,0.12263866666666667,0.14542233333333332,0.18665566666666666,0.19051833333333335,0.24773366666666666,0.24773366666666666,0.12263866666666667,0.12263866666666667,0.14542233333333332,0.14542233333333332,0.18665566666666666,0.18665566666666666,0.19051833333333335,0.19051833333333335
2059,9,19,4,0.654269,0.5917406666666667,0.6093333333333333,0.6499780000000001,0.6563386666666666,0.654269,0.654269,0.5917406666666667,0.5917406666666667,0.6093333333333333,0.6093333333333333,0.6499780000000001,0.6499780000000001,0.6563386666666666,0.6563386666666666
2059,9,19,5,0.6284076666666666,0.6977086666666666,0.679822,0.699122,0.6978363333333334,0.6284076666666666,0.6284076666666666,0.6977086666666666,0.6977086666666666,0.679822,0.679822,0.699122,0.699122,0.6978363333333334,0.6978363333333334
2059,9,19,6,0.1991723333333333,0.364854,0.3195223333333333,0.32194433333333333,0.30783299999999997,0.1991723333333333,0.1991723333333333,0.364854,0.364854,0.3195223333333333,0.3195223333333333,0.32194433333333333,0.32194433333333333,0.30783299999999997,0.30783299999999997
2059,9,19,7,0.0,0.005239,0.001789,0.00016666666666666666,1.3666666666666666e-06,0.0,0.0,0.005239,0.005239,0.001789,0.001789,0.00016666666666666666,0.00016666666666666666,1.3666666666666666e-06,1.3666666666666666e-06
2059,9,19,8,0.0,0.0,0.0,0.0,0.0,0.0,0.0,0.0,0.0,0.0,0.0,0.0,0.0,0.0,0.0
2059,9,20,1,0.0,0.0,0.0,0.0,0.0,0.0,0.0,0.0,0.0,0.0,0.0,0.0,0.0,0.0,0.0
2059,9,20,2,0.0,0.0,0.0,0.0,0.0,0.0,0.0,0.0,0.0,0.0,0.0,0.0,0.0,0.0,0.0
2059,9,20,3,0.24773366666666666,0.12263866666666667,0.14542233333333332,0.18665566666666666,0.19051833333333335,0.24773366666666666,0.24773366666666666,0.12263866666666667,0.12263866666666667,0.14542233333333332,0.14542233333333332,0.18665566666666666,0.18665566666666666,0.19051833333333335,0.19051833333333335
2059,9,20,4,0.654269,0.5917406666666667,0.6093333333333333,0.6499780000000001,0.6563386666666666,0.654269,0.654269,0.5917406666666667,0.5917406666666667,0.6093333333333333,0.6093333333333333,0.6499780000000001,0.6499780000000001,0.6563386666666666,0.6563386666666666
2059,9,20,5,0.6284076666666666,0.6977086666666666,0.679822,0.699122,0.6978363333333334,0.6284076666666666,0.6284076666666666,0.6977086666666666,0.6977086666666666,0.679822,0.679822,0.699122,0.699122,0.6978363333333334,0.6978363333333334
2059,9,20,6,0.1991723333333333,0.364854,0.3195223333333333,0.32194433333333333,0.30783299999999997,0.1991723333333333,0.1991723333333333,0.364854,0.364854,0.3195223333333333,0.3195223333333333,0.32194433333333333,0.32194433333333333,0.30783299999999997,0.30783299999999997
2059,9,20,7,0.0,0.005239,0.001789,0.00016666666666666666,1.3666666666666666e-06,0.0,0.0,0.005239,0.005239,0.001789,0.001789,0.00016666666666666666,0.00016666666666666666,1.3666666666666666e-06,1.3666666666666666e-06
2059,9,20,8,0.0,0.0,0.0,0.0,0.0,0.0,0.0,0.0,0.0,0.0,0.0,0.0,0.0,0.0,0.0
2059,9,21,1,0.0,0.0,0.0,0.0,0.0,0.0,0.0,0.0,0.0,0.0,0.0,0.0,0.0,0.0,0.0
2059,9,21,2,0.0,0.0,0.0,0.0,0.0,0.0,0.0,0.0,0.0,0.0,0.0,0.0,0.0,0.0,0.0
2059,9,21,3,0.24773366666666666,0.12263866666666667,0.14542233333333332,0.18665566666666666,0.19051833333333335,0.24773366666666666,0.24773366666666666,0.12263866666666667,0.12263866666666667,0.14542233333333332,0.14542233333333332,0.18665566666666666,0.18665566666666666,0.19051833333333335,0.19051833333333335
2059,9,21,4,0.654269,0.5917406666666667,0.6093333333333333,0.6499780000000001,0.6563386666666666,0.654269,0.654269,0.5917406666666667,0.5917406666666667,0.6093333333333333,0.6093333333333333,0.6499780000000001,0.6499780000000001,0.6563386666666666,0.6563386666666666
2059,9,21,5,0.6284076666666666,0.6977086666666666,0.679822,0.699122,0.6978363333333334,0.6284076666666666,0.6284076666666666,0.6977086666666666,0.6977086666666666,0.679822,0.679822,0.699122,0.699122,0.6978363333333334,0.6978363333333334
2059,9,21,6,0.1991723333333333,0.364854,0.3195223333333333,0.32194433333333333,0.30783299999999997,0.1991723333333333,0.1991723333333333,0.364854,0.364854,0.3195223333333333,0.3195223333333333,0.32194433333333333,0.32194433333333333,0.30783299999999997,0.30783299999999997
2059,9,21,7,0.0,0.005239,0.001789,0.00016666666666666666,1.3666666666666666e-06,0.0,0.0,0.005239,0.005239,0.001789,0.001789,0.00016666666666666666,0.00016666666666666666,1.3666666666666666e-06,1.3666666666666666e-06
2059,9,21,8,0.0,0.0,0.0,0.0,0.0,0.0,0.0,0.0,0.0,0.0,0.0,0.0,0.0,0.0,0.0
2059,9,22,1,0.0,0.0,0.0,0.0,0.0,0.0,0.0,0.0,0.0,0.0,0.0,0.0,0.0,0.0,0.0
2059,9,22,2,0.0,0.0,0.0,0.0,0.0,0.0,0.0,0.0,0.0,0.0,0.0,0.0,0.0,0.0,0.0
2059,9,22,3,0.24773366666666666,0.12263866666666667,0.14542233333333332,0.18665566666666666,0.19051833333333335,0.24773366666666666,0.24773366666666666,0.12263866666666667,0.12263866666666667,0.14542233333333332,0.14542233333333332,0.18665566666666666,0.18665566666666666,0.19051833333333335,0.19051833333333335
2059,9,22,4,0.654269,0.5917406666666667,0.6093333333333333,0.6499780000000001,0.6563386666666666,0.654269,0.654269,0.5917406666666667,0.5917406666666667,0.6093333333333333,0.6093333333333333,0.6499780000000001,0.6499780000000001,0.6563386666666666,0.6563386666666666
2059,9,22,5,0.6284076666666666,0.6977086666666666,0.679822,0.699122,0.6978363333333334,0.6284076666666666,0.6284076666666666,0.6977086666666666,0.6977086666666666,0.679822,0.679822,0.699122,0.699122,0.6978363333333334,0.6978363333333334
2059,9,22,6,0.1991723333333333,0.364854,0.3195223333333333,0.32194433333333333,0.30783299999999997,0.1991723333333333,0.1991723333333333,0.364854,0.364854,0.3195223333333333,0.3195223333333333,0.32194433333333333,0.32194433333333333,0.30783299999999997,0.30783299999999997
2059,9,22,7,0.0,0.005239,0.001789,0.00016666666666666666,1.3666666666666666e-06,0.0,0.0,0.005239,0.005239,0.001789,0.001789,0.00016666666666666666,0.00016666666666666666,1.3666666666666666e-06,1.3666666666666666e-06
2059,9,22,8,0.0,0.0,0.0,0.0,0.0,0.0,0.0,0.0,0.0,0.0,0.0,0.0,0.0,0.0,0.0
2059,9,23,1,0.0,0.0,0.0,0.0,0.0,0.0,0.0,0.0,0.0,0.0,0.0,0.0,0.0,0.0,0.0
2059,9,23,2,0.0,0.0,0.0,0.0,0.0,0.0,0.0,0.0,0.0,0.0,0.0,0.0,0.0,0.0,0.0
2059,9,23,3,0.24773366666666666,0.12263866666666667,0.14542233333333332,0.18665566666666666,0.19051833333333335,0.24773366666666666,0.24773366666666666,0.12263866666666667,0.12263866666666667,0.14542233333333332,0.14542233333333332,0.18665566666666666,0.18665566666666666,0.19051833333333335,0.19051833333333335
2059,9,23,4,0.654269,0.5917406666666667,0.6093333333333333,0.6499780000000001,0.6563386666666666,0.654269,0.654269,0.5917406666666667,0.5917406666666667,0.6093333333333333,0.6093333333333333,0.6499780000000001,0.6499780000000001,0.6563386666666666,0.6563386666666666
2059,9,23,5,0.6284076666666666,0.6977086666666666,0.679822,0.699122,0.6978363333333334,0.6284076666666666,0.6284076666666666,0.6977086666666666,0.6977086666666666,0.679822,0.679822,0.699122,0.699122,0.6978363333333334,0.6978363333333334
2059,9,23,6,0.1991723333333333,0.364854,0.3195223333333333,0.32194433333333333,0.30783299999999997,0.1991723333333333,0.1991723333333333,0.364854,0.364854,0.3195223333333333,0.3195223333333333,0.32194433333333333,0.32194433333333333,0.30783299999999997,0.30783299999999997
2059,9,23,7,0.0,0.005239,0.001789,0.00016666666666666666,1.3666666666666666e-06,0.0,0.0,0.005239,0.005239,0.001789,0.001789,0.00016666666666666666,0.00016666666666666666,1.3666666666666666e-06,1.3666666666666666e-06
2059,9,23,8,0.0,0.0,0.0,0.0,0.0,0.0,0.0,0.0,0.0,0.0,0.0,0.0,0.0,0.0,0.0
2059,9,24,1,0.0,0.0,0.0,0.0,0.0,0.0,0.0,0.0,0.0,0.0,0.0,0.0,0.0,0.0,0.0
2059,9,24,2,0.0,0.0,0.0,0.0,0.0,0.0,0.0,0.0,0.0,0.0,0.0,0.0,0.0,0.0,0.0
2059,9,24,3,0.24773366666666666,0.12263866666666667,0.14542233333333332,0.18665566666666666,0.19051833333333335,0.24773366666666666,0.24773366666666666,0.12263866666666667,0.12263866666666667,0.14542233333333332,0.14542233333333332,0.18665566666666666,0.18665566666666666,0.19051833333333335,0.19051833333333335
2059,9,24,4,0.654269,0.5917406666666667,0.6093333333333333,0.6499780000000001,0.6563386666666666,0.654269,0.654269,0.5917406666666667,0.5917406666666667,0.6093333333333333,0.6093333333333333,0.6499780000000001,0.6499780000000001,0.6563386666666666,0.6563386666666666
2059,9,24,5,0.6284076666666666,0.6977086666666666,0.679822,0.699122,0.6978363333333334,0.6284076666666666,0.6284076666666666,0.6977086666666666,0.6977086666666666,0.679822,0.679822,0.699122,0.699122,0.6978363333333334,0.6978363333333334
2059,9,24,6,0.1991723333333333,0.364854,0.3195223333333333,0.32194433333333333,0.30783299999999997,0.1991723333333333,0.1991723333333333,0.364854,0.364854,0.3195223333333333,0.3195223333333333,0.32194433333333333,0.32194433333333333,0.30783299999999997,0.30783299999999997
2059,9,24,7,0.0,0.005239,0.001789,0.00016666666666666666,1.3666666666666666e-06,0.0,0.0,0.005239,0.005239,0.001789,0.001789,0.00016666666666666666,0.00016666666666666666,1.3666666666666666e-06,1.3666666666666666e-06
2059,9,24,8,0.0,0.0,0.0,0.0,0.0,0.0,0.0,0.0,0.0,0.0,0.0,0.0,0.0,0.0,0.0
2059,9,25,1,0.0,0.0,0.0,0.0,0.0,0.0,0.0,0.0,0.0,0.0,0.0,0.0,0.0,0.0,0.0
2059,9,25,2,0.0,0.0,0.0,0.0,0.0,0.0,0.0,0.0,0.0,0.0,0.0,0.0,0.0,0.0,0.0
2059,9,25,3,0.24773366666666666,0.12263866666666667,0.14542233333333332,0.18665566666666666,0.19051833333333335,0.24773366666666666,0.24773366666666666,0.12263866666666667,0.12263866666666667,0.14542233333333332,0.14542233333333332,0.18665566666666666,0.18665566666666666,0.19051833333333335,0.19051833333333335
2059,9,25,4,0.654269,0.5917406666666667,0.6093333333333333,0.6499780000000001,0.6563386666666666,0.654269,0.654269,0.5917406666666667,0.5917406666666667,0.6093333333333333,0.6093333333333333,0.6499780000000001,0.6499780000000001,0.6563386666666666,0.6563386666666666
2059,9,25,5,0.6284076666666666,0.6977086666666666,0.679822,0.699122,0.6978363333333334,0.6284076666666666,0.6284076666666666,0.6977086666666666,0.6977086666666666,0.679822,0.679822,0.699122,0.699122,0.6978363333333334,0.6978363333333334
2059,9,25,6,0.1991723333333333,0.364854,0.3195223333333333,0.32194433333333333,0.30783299999999997,0.1991723333333333,0.1991723333333333,0.364854,0.364854,0.3195223333333333,0.3195223333333333,0.32194433333333333,0.32194433333333333,0.30783299999999997,0.30783299999999997
2059,9,25,7,0.0,0.005239,0.001789,0.00016666666666666666,1.3666666666666666e-06,0.0,0.0,0.005239,0.005239,0.001789,0.001789,0.00016666666666666666,0.00016666666666666666,1.3666666666666666e-06,1.3666666666666666e-06
2059,9,25,8,0.0,0.0,0.0,0.0,0.0,0.0,0.0,0.0,0.0,0.0,0.0,0.0,0.0,0.0,0.0
2059,9,26,1,0.0,0.0,0.0,0.0,0.0,0.0,0.0,0.0,0.0,0.0,0.0,0.0,0.0,0.0,0.0
2059,9,26,2,0.0,0.0,0.0,0.0,0.0,0.0,0.0,0.0,0.0,0.0,0.0,0.0,0.0,0.0,0.0
2059,9,26,3,0.24773366666666666,0.12263866666666667,0.14542233333333332,0.18665566666666666,0.19051833333333335,0.24773366666666666,0.24773366666666666,0.12263866666666667,0.12263866666666667,0.14542233333333332,0.14542233333333332,0.18665566666666666,0.18665566666666666,0.19051833333333335,0.19051833333333335
2059,9,26,4,0.654269,0.5917406666666667,0.6093333333333333,0.6499780000000001,0.6563386666666666,0.654269,0.654269,0.5917406666666667,0.5917406666666667,0.6093333333333333,0.6093333333333333,0.6499780000000001,0.6499780000000001,0.6563386666666666,0.6563386666666666
2059,9,26,5,0.6284076666666666,0.6977086666666666,0.679822,0.699122,0.6978363333333334,0.6284076666666666,0.6284076666666666,0.6977086666666666,0.6977086666666666,0.679822,0.679822,0.699122,0.699122,0.6978363333333334,0.6978363333333334
2059,9,26,6,0.1991723333333333,0.364854,0.3195223333333333,0.32194433333333333,0.30783299999999997,0.1991723333333333,0.1991723333333333,0.364854,0.364854,0.3195223333333333,0.3195223333333333,0.32194433333333333,0.32194433333333333,0.30783299999999997,0.30783299999999997
2059,9,26,7,0.0,0.005239,0.001789,0.00016666666666666666,1.3666666666666666e-06,0.0,0.0,0.005239,0.005239,0.001789,0.001789,0.00016666666666666666,0.00016666666666666666,1.3666666666666666e-06,1.3666666666666666e-06
2059,9,26,8,0.0,0.0,0.0,0.0,0.0,0.0,0.0,0.0,0.0,0.0,0.0,0.0,0.0,0.0,0.0
2059,9,27,1,0.0,0.0,0.0,0.0,0.0,0.0,0.0,0.0,0.0,0.0,0.0,0.0,0.0,0.0,0.0
2059,9,27,2,0.0,0.0,0.0,0.0,0.0,0.0,0.0,0.0,0.0,0.0,0.0,0.0,0.0,0.0,0.0
2059,9,27,3,0.24773366666666666,0.12263866666666667,0.14542233333333332,0.18665566666666666,0.19051833333333335,0.24773366666666666,0.24773366666666666,0.12263866666666667,0.12263866666666667,0.14542233333333332,0.14542233333333332,0.18665566666666666,0.18665566666666666,0.19051833333333335,0.19051833333333335
2059,9,27,4,0.654269,0.5917406666666667,0.6093333333333333,0.6499780000000001,0.6563386666666666,0.654269,0.654269,0.5917406666666667,0.5917406666666667,0.6093333333333333,0.6093333333333333,0.6499780000000001,0.6499780000000001,0.6563386666666666,0.6563386666666666
2059,9,27,5,0.6284076666666666,0.6977086666666666,0.679822,0.699122,0.6978363333333334,0.6284076666666666,0.6284076666666666,0.6977086666666666,0.6977086666666666,0.679822,0.679822,0.699122,0.699122,0.6978363333333334,0.6978363333333334
2059,9,27,6,0.1991723333333333,0.364854,0.3195223333333333,0.32194433333333333,0.30783299999999997,0.1991723333333333,0.1991723333333333,0.364854,0.364854,0.3195223333333333,0.3195223333333333,0.32194433333333333,0.32194433333333333,0.30783299999999997,0.30783299999999997
2059,9,27,7,0.0,0.005239,0.001789,0.00016666666666666666,1.3666666666666666e-06,0.0,0.0,0.005239,0.005239,0.001789,0.001789,0.00016666666666666666,0.00016666666666666666,1.3666666666666666e-06,1.3666666666666666e-06
2059,9,27,8,0.0,0.0,0.0,0.0,0.0,0.0,0.0,0.0,0.0,0.0,0.0,0.0,0.0,0.0,0.0
2059,9,28,1,0.0,0.0,0.0,0.0,0.0,0.0,0.0,0.0,0.0,0.0,0.0,0.0,0.0,0.0,0.0
2059,9,28,2,0.0,0.0,0.0,0.0,0.0,0.0,0.0,0.0,0.0,0.0,0.0,0.0,0.0,0.0,0.0
2059,9,28,3,0.24773366666666666,0.12263866666666667,0.14542233333333332,0.18665566666666666,0.19051833333333335,0.24773366666666666,0.24773366666666666,0.12263866666666667,0.12263866666666667,0.14542233333333332,0.14542233333333332,0.18665566666666666,0.18665566666666666,0.19051833333333335,0.19051833333333335
2059,9,28,4,0.654269,0.5917406666666667,0.6093333333333333,0.6499780000000001,0.6563386666666666,0.654269,0.654269,0.5917406666666667,0.5917406666666667,0.6093333333333333,0.6093333333333333,0.6499780000000001,0.6499780000000001,0.6563386666666666,0.6563386666666666
2059,9,28,5,0.6284076666666666,0.6977086666666666,0.679822,0.699122,0.6978363333333334,0.6284076666666666,0.6284076666666666,0.6977086666666666,0.6977086666666666,0.679822,0.679822,0.699122,0.699122,0.6978363333333334,0.6978363333333334
2059,9,28,6,0.1991723333333333,0.364854,0.3195223333333333,0.32194433333333333,0.30783299999999997,0.1991723333333333,0.1991723333333333,0.364854,0.364854,0.3195223333333333,0.3195223333333333,0.32194433333333333,0.32194433333333333,0.30783299999999997,0.30783299999999997
2059,9,28,7,0.0,0.005239,0.001789,0.00016666666666666666,1.3666666666666666e-06,0.0,0.0,0.005239,0.005239,0.001789,0.001789,0.00016666666666666666,0.00016666666666666666,1.3666666666666666e-06,1.3666666666666666e-06
2059,9,28,8,0.0,0.0,0.0,0.0,0.0,0.0,0.0,0.0,0.0,0.0,0.0,0.0,0.0,0.0,0.0
2059,9,29,1,0.0,0.0,0.0,0.0,0.0,0.0,0.0,0.0,0.0,0.0,0.0,0.0,0.0,0.0,0.0
2059,9,29,2,0.0,0.0,0.0,0.0,0.0,0.0,0.0,0.0,0.0,0.0,0.0,0.0,0.0,0.0,0.0
2059,9,29,3,0.24773366666666666,0.12263866666666667,0.14542233333333332,0.18665566666666666,0.19051833333333335,0.24773366666666666,0.24773366666666666,0.12263866666666667,0.12263866666666667,0.14542233333333332,0.14542233333333332,0.18665566666666666,0.18665566666666666,0.19051833333333335,0.19051833333333335
2059,9,29,4,0.654269,0.5917406666666667,0.6093333333333333,0.6499780000000001,0.6563386666666666,0.654269,0.654269,0.5917406666666667,0.5917406666666667,0.6093333333333333,0.6093333333333333,0.6499780000000001,0.6499780000000001,0.6563386666666666,0.6563386666666666
2059,9,29,5,0.6284076666666666,0.6977086666666666,0.679822,0.699122,0.6978363333333334,0.6284076666666666,0.6284076666666666,0.6977086666666666,0.6977086666666666,0.679822,0.679822,0.699122,0.699122,0.6978363333333334,0.6978363333333334
2059,9,29,6,0.1991723333333333,0.364854,0.3195223333333333,0.32194433333333333,0.30783299999999997,0.1991723333333333,0.1991723333333333,0.364854,0.364854,0.3195223333333333,0.3195223333333333,0.32194433333333333,0.32194433333333333,0.30783299999999997,0.30783299999999997
2059,9,29,7,0.0,0.005239,0.001789,0.00016666666666666666,1.3666666666666666e-06,0.0,0.0,0.005239,0.005239,0.001789,0.001789,0.00016666666666666666,0.00016666666666666666,1.3666666666666666e-06,1.3666666666666666e-06
2059,9,29,8,0.0,0.0,0.0,0.0,0.0,0.0,0.0,0.0,0.0,0.0,0.0,0.0,0.0,0.0,0.0
2059,9,30,1,0.0,0.0,0.0,0.0,0.0,0.0,0.0,0.0,0.0,0.0,0.0,0.0,0.0,0.0,0.0
2059,9,30,2,0.0,0.0,0.0,0.0,0.0,0.0,0.0,0.0,0.0,0.0,0.0,0.0,0.0,0.0,0.0
2059,9,30,3,0.24773366666666666,0.12263866666666667,0.14542233333333332,0.18665566666666666,0.19051833333333335,0.24773366666666666,0.24773366666666666,0.12263866666666667,0.12263866666666667,0.14542233333333332,0.14542233333333332,0.18665566666666666,0.18665566666666666,0.19051833333333335,0.19051833333333335
2059,9,30,4,0.654269,0.5917406666666667,0.6093333333333333,0.6499780000000001,0.6563386666666666,0.654269,0.654269,0.5917406666666667,0.5917406666666667,0.6093333333333333,0.6093333333333333,0.6499780000000001,0.6499780000000001,0.6563386666666666,0.6563386666666666
2059,9,30,5,0.6284076666666666,0.6977086666666666,0.679822,0.699122,0.6978363333333334,0.6284076666666666,0.6284076666666666,0.6977086666666666,0.6977086666666666,0.679822,0.679822,0.699122,0.699122,0.6978363333333334,0.6978363333333334
2059,9,30,6,0.1991723333333333,0.364854,0.3195223333333333,0.32194433333333333,0.30783299999999997,0.1991723333333333,0.1991723333333333,0.364854,0.364854,0.3195223333333333,0.3195223333333333,0.32194433333333333,0.32194433333333333,0.30783299999999997,0.30783299999999997
2059,9,30,7,0.0,0.005239,0.001789,0.00016666666666666666,1.3666666666666666e-06,0.0,0.0,0.005239,0.005239,0.001789,0.001789,0.00016666666666666666,0.00016666666666666666,1.3666666666666666e-06,1.3666666666666666e-06
2059,9,30,8,0.0,0.0,0.0,0.0,0.0,0.0,0.0,0.0,0.0,0.0,0.0,0.0,0.0,0.0,0.0
2059,10,1,1,0.0,0.0,0.0,0.0,0.0,0.0,0.0,0.0,0.0,0.0,0.0,0.0,0.0,0.0,0.0
2059,10,1,2,0.0,0.0,0.0,0.0,0.0,0.0,0.0,0.0,0.0,0.0,0.0,0.0,0.0,0.0,0.0
2059,10,1,3,0.2521636666666667,0.13263919999999998,0.145043,0.18215033333333333,0.20597866666666667,0.2521636666666667,0.2521636666666667,0.13263919999999998,0.13263919999999998,0.145043,0.145043,0.18215033333333333,0.18215033333333333,0.20597866666666667,0.20597866666666667
2059,10,1,4,0.6492749999999999,0.598558,0.586817,0.6250326666666667,0.6678786666666667,0.6492749999999999,0.6492749999999999,0.598558,0.598558,0.586817,0.586817,0.6250326666666667,0.6250326666666667,0.6678786666666667,0.6678786666666667
2059,10,1,5,0.6230206666666667,0.6981473333333333,0.6498926666666667,0.6763656666666668,0.7118013333333333,0.6230206666666667,0.6230206666666667,0.6981473333333333,0.6981473333333333,0.6498926666666667,0.6498926666666667,0.6763656666666668,0.6763656666666668,0.7118013333333333,0.7118013333333333
2059,10,1,6,0.19970266666666667,0.36258666666666667,0.28173133333333333,0.3057203333333333,0.3240266666666667,0.19970266666666667,0.19970266666666667,0.36258666666666667,0.36258666666666667,0.28173133333333333,0.28173133333333333,0.3057203333333333,0.3057203333333333,0.3240266666666667,0.3240266666666667
2059,10,1,7,0.0,0.006624666666666667,0.0019676666666666666,0.0007096666666666666,0.0003286666666666666,0.0,0.0,0.006624666666666667,0.006624666666666667,0.0019676666666666666,0.0019676666666666666,0.0007096666666666666,0.0007096666666666666,0.0003286666666666666,0.0003286666666666666
2059,10,1,8,0.0,0.0,0.0,0.0,0.0,0.0,0.0,0.0,0.0,0.0,0.0,0.0,0.0,0.0,0.0
2059,10,2,1,0.0,0.0,0.0,0.0,0.0,0.0,0.0,0.0,0.0,0.0,0.0,0.0,0.0,0.0,0.0
2059,10,2,2,0.0,0.0,0.0,0.0,0.0,0.0,0.0,0.0,0.0,0.0,0.0,0.0,0.0,0.0,0.0
2059,10,2,3,0.2521636666666667,0.13263919999999998,0.145043,0.18215033333333333,0.20597866666666667,0.2521636666666667,0.2521636666666667,0.13263919999999998,0.13263919999999998,0.145043,0.145043,0.18215033333333333,0.18215033333333333,0.20597866666666667,0.20597866666666667
2059,10,2,4,0.6492749999999999,0.598558,0.586817,0.6250326666666667,0.6678786666666667,0.6492749999999999,0.6492749999999999,0.598558,0.598558,0.586817,0.586817,0.6250326666666667,0.6250326666666667,0.6678786666666667,0.6678786666666667
2059,10,2,5,0.6230206666666667,0.6981473333333333,0.6498926666666667,0.6763656666666668,0.7118013333333333,0.6230206666666667,0.6230206666666667,0.6981473333333333,0.6981473333333333,0.6498926666666667,0.6498926666666667,0.6763656666666668,0.6763656666666668,0.7118013333333333,0.7118013333333333
2059,10,2,6,0.19970266666666667,0.36258666666666667,0.28173133333333333,0.3057203333333333,0.3240266666666667,0.19970266666666667,0.19970266666666667,0.36258666666666667,0.36258666666666667,0.28173133333333333,0.28173133333333333,0.3057203333333333,0.3057203333333333,0.3240266666666667,0.3240266666666667
2059,10,2,7,0.0,0.006624666666666667,0.0019676666666666666,0.0007096666666666666,0.0003286666666666666,0.0,0.0,0.006624666666666667,0.006624666666666667,0.0019676666666666666,0.0019676666666666666,0.0007096666666666666,0.0007096666666666666,0.0003286666666666666,0.0003286666666666666
2059,10,2,8,0.0,0.0,0.0,0.0,0.0,0.0,0.0,0.0,0.0,0.0,0.0,0.0,0.0,0.0,0.0
2059,10,3,1,0.0,0.0,0.0,0.0,0.0,0.0,0.0,0.0,0.0,0.0,0.0,0.0,0.0,0.0,0.0
2059,10,3,2,0.0,0.0,0.0,0.0,0.0,0.0,0.0,0.0,0.0,0.0,0.0,0.0,0.0,0.0,0.0
2059,10,3,3,0.2521636666666667,0.13263919999999998,0.145043,0.18215033333333333,0.20597866666666667,0.2521636666666667,0.2521636666666667,0.13263919999999998,0.13263919999999998,0.145043,0.145043,0.18215033333333333,0.18215033333333333,0.20597866666666667,0.20597866666666667
2059,10,3,4,0.6492749999999999,0.598558,0.586817,0.6250326666666667,0.6678786666666667,0.6492749999999999,0.6492749999999999,0.598558,0.598558,0.586817,0.586817,0.6250326666666667,0.6250326666666667,0.6678786666666667,0.6678786666666667
2059,10,3,5,0.6230206666666667,0.6981473333333333,0.6498926666666667,0.6763656666666668,0.7118013333333333,0.6230206666666667,0.6230206666666667,0.6981473333333333,0.6981473333333333,0.6498926666666667,0.6498926666666667,0.6763656666666668,0.6763656666666668,0.7118013333333333,0.7118013333333333
2059,10,3,6,0.19970266666666667,0.36258666666666667,0.28173133333333333,0.3057203333333333,0.3240266666666667,0.19970266666666667,0.19970266666666667,0.36258666666666667,0.36258666666666667,0.28173133333333333,0.28173133333333333,0.3057203333333333,0.3057203333333333,0.3240266666666667,0.3240266666666667
2059,10,3,7,0.0,0.006624666666666667,0.0019676666666666666,0.0007096666666666666,0.0003286666666666666,0.0,0.0,0.006624666666666667,0.006624666666666667,0.0019676666666666666,0.0019676666666666666,0.0007096666666666666,0.0007096666666666666,0.0003286666666666666,0.0003286666666666666
2059,10,3,8,0.0,0.0,0.0,0.0,0.0,0.0,0.0,0.0,0.0,0.0,0.0,0.0,0.0,0.0,0.0
2059,10,4,1,0.0,0.0,0.0,0.0,0.0,0.0,0.0,0.0,0.0,0.0,0.0,0.0,0.0,0.0,0.0
2059,10,4,2,0.0,0.0,0.0,0.0,0.0,0.0,0.0,0.0,0.0,0.0,0.0,0.0,0.0,0.0,0.0
2059,10,4,3,0.2521636666666667,0.13263919999999998,0.145043,0.18215033333333333,0.20597866666666667,0.2521636666666667,0.2521636666666667,0.13263919999999998,0.13263919999999998,0.145043,0.145043,0.18215033333333333,0.18215033333333333,0.20597866666666667,0.20597866666666667
2059,10,4,4,0.6492749999999999,0.598558,0.586817,0.6250326666666667,0.6678786666666667,0.6492749999999999,0.6492749999999999,0.598558,0.598558,0.586817,0.586817,0.6250326666666667,0.6250326666666667,0.6678786666666667,0.6678786666666667
2059,10,4,5,0.6230206666666667,0.6981473333333333,0.6498926666666667,0.6763656666666668,0.7118013333333333,0.6230206666666667,0.6230206666666667,0.6981473333333333,0.6981473333333333,0.6498926666666667,0.6498926666666667,0.6763656666666668,0.6763656666666668,0.7118013333333333,0.7118013333333333
2059,10,4,6,0.19970266666666667,0.36258666666666667,0.28173133333333333,0.3057203333333333,0.3240266666666667,0.19970266666666667,0.19970266666666667,0.36258666666666667,0.36258666666666667,0.28173133333333333,0.28173133333333333,0.3057203333333333,0.3057203333333333,0.3240266666666667,0.3240266666666667
2059,10,4,7,0.0,0.006624666666666667,0.0019676666666666666,0.0007096666666666666,0.0003286666666666666,0.0,0.0,0.006624666666666667,0.006624666666666667,0.0019676666666666666,0.0019676666666666666,0.0007096666666666666,0.0007096666666666666,0.0003286666666666666,0.0003286666666666666
2059,10,4,8,0.0,0.0,0.0,0.0,0.0,0.0,0.0,0.0,0.0,0.0,0.0,0.0,0.0,0.0,0.0
2059,10,5,1,0.0,0.0,0.0,0.0,0.0,0.0,0.0,0.0,0.0,0.0,0.0,0.0,0.0,0.0,0.0
2059,10,5,2,0.0,0.0,0.0,0.0,0.0,0.0,0.0,0.0,0.0,0.0,0.0,0.0,0.0,0.0,0.0
2059,10,5,3,0.2521636666666667,0.13263919999999998,0.145043,0.18215033333333333,0.20597866666666667,0.2521636666666667,0.2521636666666667,0.13263919999999998,0.13263919999999998,0.145043,0.145043,0.18215033333333333,0.18215033333333333,0.20597866666666667,0.20597866666666667
2059,10,5,4,0.6492749999999999,0.598558,0.586817,0.6250326666666667,0.6678786666666667,0.6492749999999999,0.6492749999999999,0.598558,0.598558,0.586817,0.586817,0.6250326666666667,0.6250326666666667,0.6678786666666667,0.6678786666666667
2059,10,5,5,0.6230206666666667,0.6981473333333333,0.6498926666666667,0.6763656666666668,0.7118013333333333,0.6230206666666667,0.6230206666666667,0.6981473333333333,0.6981473333333333,0.6498926666666667,0.6498926666666667,0.6763656666666668,0.6763656666666668,0.7118013333333333,0.7118013333333333
2059,10,5,6,0.19970266666666667,0.36258666666666667,0.28173133333333333,0.3057203333333333,0.3240266666666667,0.19970266666666667,0.19970266666666667,0.36258666666666667,0.36258666666666667,0.28173133333333333,0.28173133333333333,0.3057203333333333,0.3057203333333333,0.3240266666666667,0.3240266666666667
2059,10,5,7,0.0,0.006624666666666667,0.0019676666666666666,0.0007096666666666666,0.0003286666666666666,0.0,0.0,0.006624666666666667,0.006624666666666667,0.0019676666666666666,0.0019676666666666666,0.0007096666666666666,0.0007096666666666666,0.0003286666666666666,0.0003286666666666666
2059,10,5,8,0.0,0.0,0.0,0.0,0.0,0.0,0.0,0.0,0.0,0.0,0.0,0.0,0.0,0.0,0.0
2059,10,6,1,0.0,0.0,0.0,0.0,0.0,0.0,0.0,0.0,0.0,0.0,0.0,0.0,0.0,0.0,0.0
2059,10,6,2,0.0,0.0,0.0,0.0,0.0,0.0,0.0,0.0,0.0,0.0,0.0,0.0,0.0,0.0,0.0
2059,10,6,3,0.2521636666666667,0.13263919999999998,0.145043,0.18215033333333333,0.20597866666666667,0.2521636666666667,0.2521636666666667,0.13263919999999998,0.13263919999999998,0.145043,0.145043,0.18215033333333333,0.18215033333333333,0.20597866666666667,0.20597866666666667
2059,10,6,4,0.6492749999999999,0.598558,0.586817,0.6250326666666667,0.6678786666666667,0.6492749999999999,0.6492749999999999,0.598558,0.598558,0.586817,0.586817,0.6250326666666667,0.6250326666666667,0.6678786666666667,0.6678786666666667
2059,10,6,5,0.6230206666666667,0.6981473333333333,0.6498926666666667,0.6763656666666668,0.7118013333333333,0.6230206666666667,0.6230206666666667,0.6981473333333333,0.6981473333333333,0.6498926666666667,0.6498926666666667,0.6763656666666668,0.6763656666666668,0.7118013333333333,0.7118013333333333
2059,10,6,6,0.19970266666666667,0.36258666666666667,0.28173133333333333,0.3057203333333333,0.3240266666666667,0.19970266666666667,0.19970266666666667,0.36258666666666667,0.36258666666666667,0.28173133333333333,0.28173133333333333,0.3057203333333333,0.3057203333333333,0.3240266666666667,0.3240266666666667
2059,10,6,7,0.0,0.006624666666666667,0.0019676666666666666,0.0007096666666666666,0.0003286666666666666,0.0,0.0,0.006624666666666667,0.006624666666666667,0.0019676666666666666,0.0019676666666666666,0.0007096666666666666,0.0007096666666666666,0.0003286666666666666,0.0003286666666666666
2059,10,6,8,0.0,0.0,0.0,0.0,0.0,0.0,0.0,0.0,0.0,0.0,0.0,0.0,0.0,0.0,0.0
2059,10,7,1,0.0,0.0,0.0,0.0,0.0,0.0,0.0,0.0,0.0,0.0,0.0,0.0,0.0,0.0,0.0
2059,10,7,2,0.0,0.0,0.0,0.0,0.0,0.0,0.0,0.0,0.0,0.0,0.0,0.0,0.0,0.0,0.0
2059,10,7,3,0.2521636666666667,0.13263919999999998,0.145043,0.18215033333333333,0.20597866666666667,0.2521636666666667,0.2521636666666667,0.13263919999999998,0.13263919999999998,0.145043,0.145043,0.18215033333333333,0.18215033333333333,0.20597866666666667,0.20597866666666667
2059,10,7,4,0.6492749999999999,0.598558,0.586817,0.6250326666666667,0.6678786666666667,0.6492749999999999,0.6492749999999999,0.598558,0.598558,0.586817,0.586817,0.6250326666666667,0.6250326666666667,0.6678786666666667,0.6678786666666667
2059,10,7,5,0.6230206666666667,0.6981473333333333,0.6498926666666667,0.6763656666666668,0.7118013333333333,0.6230206666666667,0.6230206666666667,0.6981473333333333,0.6981473333333333,0.6498926666666667,0.6498926666666667,0.6763656666666668,0.6763656666666668,0.7118013333333333,0.7118013333333333
2059,10,7,6,0.19970266666666667,0.36258666666666667,0.28173133333333333,0.3057203333333333,0.3240266666666667,0.19970266666666667,0.19970266666666667,0.36258666666666667,0.36258666666666667,0.28173133333333333,0.28173133333333333,0.3057203333333333,0.3057203333333333,0.3240266666666667,0.3240266666666667
2059,10,7,7,0.0,0.006624666666666667,0.0019676666666666666,0.0007096666666666666,0.0003286666666666666,0.0,0.0,0.006624666666666667,0.006624666666666667,0.0019676666666666666,0.0019676666666666666,0.0007096666666666666,0.0007096666666666666,0.0003286666666666666,0.0003286666666666666
2059,10,7,8,0.0,0.0,0.0,0.0,0.0,0.0,0.0,0.0,0.0,0.0,0.0,0.0,0.0,0.0,0.0
2059,10,8,1,0.0,0.0,0.0,0.0,0.0,0.0,0.0,0.0,0.0,0.0,0.0,0.0,0.0,0.0,0.0
2059,10,8,2,0.0,0.0,0.0,0.0,0.0,0.0,0.0,0.0,0.0,0.0,0.0,0.0,0.0,0.0,0.0
2059,10,8,3,0.2521636666666667,0.13263919999999998,0.145043,0.18215033333333333,0.20597866666666667,0.2521636666666667,0.2521636666666667,0.13263919999999998,0.13263919999999998,0.145043,0.145043,0.18215033333333333,0.18215033333333333,0.20597866666666667,0.20597866666666667
2059,10,8,4,0.6492749999999999,0.598558,0.586817,0.6250326666666667,0.6678786666666667,0.6492749999999999,0.6492749999999999,0.598558,0.598558,0.586817,0.586817,0.6250326666666667,0.6250326666666667,0.6678786666666667,0.6678786666666667
2059,10,8,5,0.6230206666666667,0.6981473333333333,0.6498926666666667,0.6763656666666668,0.7118013333333333,0.6230206666666667,0.6230206666666667,0.6981473333333333,0.6981473333333333,0.6498926666666667,0.6498926666666667,0.6763656666666668,0.6763656666666668,0.7118013333333333,0.7118013333333333
2059,10,8,6,0.19970266666666667,0.36258666666666667,0.28173133333333333,0.3057203333333333,0.3240266666666667,0.19970266666666667,0.19970266666666667,0.36258666666666667,0.36258666666666667,0.28173133333333333,0.28173133333333333,0.3057203333333333,0.3057203333333333,0.3240266666666667,0.3240266666666667
2059,10,8,7,0.0,0.006624666666666667,0.0019676666666666666,0.0007096666666666666,0.0003286666666666666,0.0,0.0,0.006624666666666667,0.006624666666666667,0.0019676666666666666,0.0019676666666666666,0.0007096666666666666,0.0007096666666666666,0.0003286666666666666,0.0003286666666666666
2059,10,8,8,0.0,0.0,0.0,0.0,0.0,0.0,0.0,0.0,0.0,0.0,0.0,0.0,0.0,0.0,0.0
2059,10,9,1,0.0,0.0,0.0,0.0,0.0,0.0,0.0,0.0,0.0,0.0,0.0,0.0,0.0,0.0,0.0
2059,10,9,2,0.0,0.0,0.0,0.0,0.0,0.0,0.0,0.0,0.0,0.0,0.0,0.0,0.0,0.0,0.0
2059,10,9,3,0.2521636666666667,0.13263919999999998,0.145043,0.18215033333333333,0.20597866666666667,0.2521636666666667,0.2521636666666667,0.13263919999999998,0.13263919999999998,0.145043,0.145043,0.18215033333333333,0.18215033333333333,0.20597866666666667,0.20597866666666667
2059,10,9,4,0.6492749999999999,0.598558,0.586817,0.6250326666666667,0.6678786666666667,0.6492749999999999,0.6492749999999999,0.598558,0.598558,0.586817,0.586817,0.6250326666666667,0.6250326666666667,0.6678786666666667,0.6678786666666667
2059,10,9,5,0.6230206666666667,0.6981473333333333,0.6498926666666667,0.6763656666666668,0.7118013333333333,0.6230206666666667,0.6230206666666667,0.6981473333333333,0.6981473333333333,0.6498926666666667,0.6498926666666667,0.6763656666666668,0.6763656666666668,0.7118013333333333,0.7118013333333333
2059,10,9,6,0.19970266666666667,0.36258666666666667,0.28173133333333333,0.3057203333333333,0.3240266666666667,0.19970266666666667,0.19970266666666667,0.36258666666666667,0.36258666666666667,0.28173133333333333,0.28173133333333333,0.3057203333333333,0.3057203333333333,0.3240266666666667,0.3240266666666667
2059,10,9,7,0.0,0.006624666666666667,0.0019676666666666666,0.0007096666666666666,0.0003286666666666666,0.0,0.0,0.006624666666666667,0.006624666666666667,0.0019676666666666666,0.0019676666666666666,0.0007096666666666666,0.0007096666666666666,0.0003286666666666666,0.0003286666666666666
2059,10,9,8,0.0,0.0,0.0,0.0,0.0,0.0,0.0,0.0,0.0,0.0,0.0,0.0,0.0,0.0,0.0
2059,10,10,1,0.0,0.0,0.0,0.0,0.0,0.0,0.0,0.0,0.0,0.0,0.0,0.0,0.0,0.0,0.0
2059,10,10,2,0.0,0.0,0.0,0.0,0.0,0.0,0.0,0.0,0.0,0.0,0.0,0.0,0.0,0.0,0.0
2059,10,10,3,0.2521636666666667,0.13263919999999998,0.145043,0.18215033333333333,0.20597866666666667,0.2521636666666667,0.2521636666666667,0.13263919999999998,0.13263919999999998,0.145043,0.145043,0.18215033333333333,0.18215033333333333,0.20597866666666667,0.20597866666666667
2059,10,10,4,0.6492749999999999,0.598558,0.586817,0.6250326666666667,0.6678786666666667,0.6492749999999999,0.6492749999999999,0.598558,0.598558,0.586817,0.586817,0.6250326666666667,0.6250326666666667,0.6678786666666667,0.6678786666666667
2059,10,10,5,0.6230206666666667,0.6981473333333333,0.6498926666666667,0.6763656666666668,0.7118013333333333,0.6230206666666667,0.6230206666666667,0.6981473333333333,0.6981473333333333,0.6498926666666667,0.6498926666666667,0.6763656666666668,0.6763656666666668,0.7118013333333333,0.7118013333333333
2059,10,10,6,0.19970266666666667,0.36258666666666667,0.28173133333333333,0.3057203333333333,0.3240266666666667,0.19970266666666667,0.19970266666666667,0.36258666666666667,0.36258666666666667,0.28173133333333333,0.28173133333333333,0.3057203333333333,0.3057203333333333,0.3240266666666667,0.3240266666666667
2059,10,10,7,0.0,0.006624666666666667,0.0019676666666666666,0.0007096666666666666,0.0003286666666666666,0.0,0.0,0.006624666666666667,0.006624666666666667,0.0019676666666666666,0.0019676666666666666,0.0007096666666666666,0.0007096666666666666,0.0003286666666666666,0.0003286666666666666
2059,10,10,8,0.0,0.0,0.0,0.0,0.0,0.0,0.0,0.0,0.0,0.0,0.0,0.0,0.0,0.0,0.0
2059,10,11,1,0.0,0.0,0.0,0.0,0.0,0.0,0.0,0.0,0.0,0.0,0.0,0.0,0.0,0.0,0.0
2059,10,11,2,0.0,0.0,0.0,0.0,0.0,0.0,0.0,0.0,0.0,0.0,0.0,0.0,0.0,0.0,0.0
2059,10,11,3,0.2521636666666667,0.13263919999999998,0.145043,0.18215033333333333,0.20597866666666667,0.2521636666666667,0.2521636666666667,0.13263919999999998,0.13263919999999998,0.145043,0.145043,0.18215033333333333,0.18215033333333333,0.20597866666666667,0.20597866666666667
2059,10,11,4,0.6492749999999999,0.598558,0.586817,0.6250326666666667,0.6678786666666667,0.6492749999999999,0.6492749999999999,0.598558,0.598558,0.586817,0.586817,0.6250326666666667,0.6250326666666667,0.6678786666666667,0.6678786666666667
2059,10,11,5,0.6230206666666667,0.6981473333333333,0.6498926666666667,0.6763656666666668,0.7118013333333333,0.6230206666666667,0.6230206666666667,0.6981473333333333,0.6981473333333333,0.6498926666666667,0.6498926666666667,0.6763656666666668,0.6763656666666668,0.7118013333333333,0.7118013333333333
2059,10,11,6,0.19970266666666667,0.36258666666666667,0.28173133333333333,0.3057203333333333,0.3240266666666667,0.19970266666666667,0.19970266666666667,0.36258666666666667,0.36258666666666667,0.28173133333333333,0.28173133333333333,0.3057203333333333,0.3057203333333333,0.3240266666666667,0.3240266666666667
2059,10,11,7,0.0,0.006624666666666667,0.0019676666666666666,0.0007096666666666666,0.0003286666666666666,0.0,0.0,0.006624666666666667,0.006624666666666667,0.0019676666666666666,0.0019676666666666666,0.0007096666666666666,0.0007096666666666666,0.0003286666666666666,0.0003286666666666666
2059,10,11,8,0.0,0.0,0.0,0.0,0.0,0.0,0.0,0.0,0.0,0.0,0.0,0.0,0.0,0.0,0.0
2059,10,12,1,0.0,0.0,0.0,0.0,0.0,0.0,0.0,0.0,0.0,0.0,0.0,0.0,0.0,0.0,0.0
2059,10,12,2,0.0,0.0,0.0,0.0,0.0,0.0,0.0,0.0,0.0,0.0,0.0,0.0,0.0,0.0,0.0
2059,10,12,3,0.2521636666666667,0.13263919999999998,0.145043,0.18215033333333333,0.20597866666666667,0.2521636666666667,0.2521636666666667,0.13263919999999998,0.13263919999999998,0.145043,0.145043,0.18215033333333333,0.18215033333333333,0.20597866666666667,0.20597866666666667
2059,10,12,4,0.6492749999999999,0.598558,0.586817,0.6250326666666667,0.6678786666666667,0.6492749999999999,0.6492749999999999,0.598558,0.598558,0.586817,0.586817,0.6250326666666667,0.6250326666666667,0.6678786666666667,0.6678786666666667
2059,10,12,5,0.6230206666666667,0.6981473333333333,0.6498926666666667,0.6763656666666668,0.7118013333333333,0.6230206666666667,0.6230206666666667,0.6981473333333333,0.6981473333333333,0.6498926666666667,0.6498926666666667,0.6763656666666668,0.6763656666666668,0.7118013333333333,0.7118013333333333
2059,10,12,6,0.19970266666666667,0.36258666666666667,0.28173133333333333,0.3057203333333333,0.3240266666666667,0.19970266666666667,0.19970266666666667,0.36258666666666667,0.36258666666666667,0.28173133333333333,0.28173133333333333,0.3057203333333333,0.3057203333333333,0.3240266666666667,0.3240266666666667
2059,10,12,7,0.0,0.006624666666666667,0.0019676666666666666,0.0007096666666666666,0.0003286666666666666,0.0,0.0,0.006624666666666667,0.006624666666666667,0.0019676666666666666,0.0019676666666666666,0.0007096666666666666,0.0007096666666666666,0.0003286666666666666,0.0003286666666666666
2059,10,12,8,0.0,0.0,0.0,0.0,0.0,0.0,0.0,0.0,0.0,0.0,0.0,0.0,0.0,0.0,0.0
2059,10,13,1,0.0,0.0,0.0,0.0,0.0,0.0,0.0,0.0,0.0,0.0,0.0,0.0,0.0,0.0,0.0
2059,10,13,2,0.0,0.0,0.0,0.0,0.0,0.0,0.0,0.0,0.0,0.0,0.0,0.0,0.0,0.0,0.0
2059,10,13,3,0.2521636666666667,0.13263919999999998,0.145043,0.18215033333333333,0.20597866666666667,0.2521636666666667,0.2521636666666667,0.13263919999999998,0.13263919999999998,0.145043,0.145043,0.18215033333333333,0.18215033333333333,0.20597866666666667,0.20597866666666667
2059,10,13,4,0.6492749999999999,0.598558,0.586817,0.6250326666666667,0.6678786666666667,0.6492749999999999,0.6492749999999999,0.598558,0.598558,0.586817,0.586817,0.6250326666666667,0.6250326666666667,0.6678786666666667,0.6678786666666667
2059,10,13,5,0.6230206666666667,0.6981473333333333,0.6498926666666667,0.6763656666666668,0.7118013333333333,0.6230206666666667,0.6230206666666667,0.6981473333333333,0.6981473333333333,0.6498926666666667,0.6498926666666667,0.6763656666666668,0.6763656666666668,0.7118013333333333,0.7118013333333333
2059,10,13,6,0.19970266666666667,0.36258666666666667,0.28173133333333333,0.3057203333333333,0.3240266666666667,0.19970266666666667,0.19970266666666667,0.36258666666666667,0.36258666666666667,0.28173133333333333,0.28173133333333333,0.3057203333333333,0.3057203333333333,0.3240266666666667,0.3240266666666667
2059,10,13,7,0.0,0.006624666666666667,0.0019676666666666666,0.0007096666666666666,0.0003286666666666666,0.0,0.0,0.006624666666666667,0.006624666666666667,0.0019676666666666666,0.0019676666666666666,0.0007096666666666666,0.0007096666666666666,0.0003286666666666666,0.0003286666666666666
2059,10,13,8,0.0,0.0,0.0,0.0,0.0,0.0,0.0,0.0,0.0,0.0,0.0,0.0,0.0,0.0,0.0
2059,10,14,1,0.0,0.0,0.0,0.0,0.0,0.0,0.0,0.0,0.0,0.0,0.0,0.0,0.0,0.0,0.0
2059,10,14,2,0.0,0.0,0.0,0.0,0.0,0.0,0.0,0.0,0.0,0.0,0.0,0.0,0.0,0.0,0.0
2059,10,14,3,0.2521636666666667,0.13263919999999998,0.145043,0.18215033333333333,0.20597866666666667,0.2521636666666667,0.2521636666666667,0.13263919999999998,0.13263919999999998,0.145043,0.145043,0.18215033333333333,0.18215033333333333,0.20597866666666667,0.20597866666666667
2059,10,14,4,0.6492749999999999,0.598558,0.586817,0.6250326666666667,0.6678786666666667,0.6492749999999999,0.6492749999999999,0.598558,0.598558,0.586817,0.586817,0.6250326666666667,0.6250326666666667,0.6678786666666667,0.6678786666666667
2059,10,14,5,0.6230206666666667,0.6981473333333333,0.6498926666666667,0.6763656666666668,0.7118013333333333,0.6230206666666667,0.6230206666666667,0.6981473333333333,0.6981473333333333,0.6498926666666667,0.6498926666666667,0.6763656666666668,0.6763656666666668,0.7118013333333333,0.7118013333333333
2059,10,14,6,0.19970266666666667,0.36258666666666667,0.28173133333333333,0.3057203333333333,0.3240266666666667,0.19970266666666667,0.19970266666666667,0.36258666666666667,0.36258666666666667,0.28173133333333333,0.28173133333333333,0.3057203333333333,0.3057203333333333,0.3240266666666667,0.3240266666666667
2059,10,14,7,0.0,0.006624666666666667,0.0019676666666666666,0.0007096666666666666,0.0003286666666666666,0.0,0.0,0.006624666666666667,0.006624666666666667,0.0019676666666666666,0.0019676666666666666,0.0007096666666666666,0.0007096666666666666,0.0003286666666666666,0.0003286666666666666
2059,10,14,8,0.0,0.0,0.0,0.0,0.0,0.0,0.0,0.0,0.0,0.0,0.0,0.0,0.0,0.0,0.0
2059,10,15,1,0.0,0.0,0.0,0.0,0.0,0.0,0.0,0.0,0.0,0.0,0.0,0.0,0.0,0.0,0.0
2059,10,15,2,0.0,0.0,0.0,0.0,0.0,0.0,0.0,0.0,0.0,0.0,0.0,0.0,0.0,0.0,0.0
2059,10,15,3,0.2521636666666667,0.13263919999999998,0.145043,0.18215033333333333,0.20597866666666667,0.2521636666666667,0.2521636666666667,0.13263919999999998,0.13263919999999998,0.145043,0.145043,0.18215033333333333,0.18215033333333333,0.20597866666666667,0.20597866666666667
2059,10,15,4,0.6492749999999999,0.598558,0.586817,0.6250326666666667,0.6678786666666667,0.6492749999999999,0.6492749999999999,0.598558,0.598558,0.586817,0.586817,0.6250326666666667,0.6250326666666667,0.6678786666666667,0.6678786666666667
2059,10,15,5,0.6230206666666667,0.6981473333333333,0.6498926666666667,0.6763656666666668,0.7118013333333333,0.6230206666666667,0.6230206666666667,0.6981473333333333,0.6981473333333333,0.6498926666666667,0.6498926666666667,0.6763656666666668,0.6763656666666668,0.7118013333333333,0.7118013333333333
2059,10,15,6,0.19970266666666667,0.36258666666666667,0.28173133333333333,0.3057203333333333,0.3240266666666667,0.19970266666666667,0.19970266666666667,0.36258666666666667,0.36258666666666667,0.28173133333333333,0.28173133333333333,0.3057203333333333,0.3057203333333333,0.3240266666666667,0.3240266666666667
2059,10,15,7,0.0,0.006624666666666667,0.0019676666666666666,0.0007096666666666666,0.0003286666666666666,0.0,0.0,0.006624666666666667,0.006624666666666667,0.0019676666666666666,0.0019676666666666666,0.0007096666666666666,0.0007096666666666666,0.0003286666666666666,0.0003286666666666666
2059,10,15,8,0.0,0.0,0.0,0.0,0.0,0.0,0.0,0.0,0.0,0.0,0.0,0.0,0.0,0.0,0.0
2059,10,16,1,0.0,0.0,0.0,0.0,0.0,0.0,0.0,0.0,0.0,0.0,0.0,0.0,0.0,0.0,0.0
2059,10,16,2,0.0,0.0,0.0,0.0,0.0,0.0,0.0,0.0,0.0,0.0,0.0,0.0,0.0,0.0,0.0
2059,10,16,3,0.2521636666666667,0.13263919999999998,0.145043,0.18215033333333333,0.20597866666666667,0.2521636666666667,0.2521636666666667,0.13263919999999998,0.13263919999999998,0.145043,0.145043,0.18215033333333333,0.18215033333333333,0.20597866666666667,0.20597866666666667
2059,10,16,4,0.6492749999999999,0.598558,0.586817,0.6250326666666667,0.6678786666666667,0.6492749999999999,0.6492749999999999,0.598558,0.598558,0.586817,0.586817,0.6250326666666667,0.6250326666666667,0.6678786666666667,0.6678786666666667
2059,10,16,5,0.6230206666666667,0.6981473333333333,0.6498926666666667,0.6763656666666668,0.7118013333333333,0.6230206666666667,0.6230206666666667,0.6981473333333333,0.6981473333333333,0.6498926666666667,0.6498926666666667,0.6763656666666668,0.6763656666666668,0.7118013333333333,0.7118013333333333
2059,10,16,6,0.19970266666666667,0.36258666666666667,0.28173133333333333,0.3057203333333333,0.3240266666666667,0.19970266666666667,0.19970266666666667,0.36258666666666667,0.36258666666666667,0.28173133333333333,0.28173133333333333,0.3057203333333333,0.3057203333333333,0.3240266666666667,0.3240266666666667
2059,10,16,7,0.0,0.006624666666666667,0.0019676666666666666,0.0007096666666666666,0.0003286666666666666,0.0,0.0,0.006624666666666667,0.006624666666666667,0.0019676666666666666,0.0019676666666666666,0.0007096666666666666,0.0007096666666666666,0.0003286666666666666,0.0003286666666666666
2059,10,16,8,0.0,0.0,0.0,0.0,0.0,0.0,0.0,0.0,0.0,0.0,0.0,0.0,0.0,0.0,0.0
2059,10,17,1,0.0,0.0,0.0,0.0,0.0,0.0,0.0,0.0,0.0,0.0,0.0,0.0,0.0,0.0,0.0
2059,10,17,2,0.0,0.0,0.0,0.0,0.0,0.0,0.0,0.0,0.0,0.0,0.0,0.0,0.0,0.0,0.0
2059,10,17,3,0.2521636666666667,0.13263919999999998,0.145043,0.18215033333333333,0.20597866666666667,0.2521636666666667,0.2521636666666667,0.13263919999999998,0.13263919999999998,0.145043,0.145043,0.18215033333333333,0.18215033333333333,0.20597866666666667,0.20597866666666667
2059,10,17,4,0.6492749999999999,0.598558,0.586817,0.6250326666666667,0.6678786666666667,0.6492749999999999,0.6492749999999999,0.598558,0.598558,0.586817,0.586817,0.6250326666666667,0.6250326666666667,0.6678786666666667,0.6678786666666667
2059,10,17,5,0.6230206666666667,0.6981473333333333,0.6498926666666667,0.6763656666666668,0.7118013333333333,0.6230206666666667,0.6230206666666667,0.6981473333333333,0.6981473333333333,0.6498926666666667,0.6498926666666667,0.6763656666666668,0.6763656666666668,0.7118013333333333,0.7118013333333333
2059,10,17,6,0.19970266666666667,0.36258666666666667,0.28173133333333333,0.3057203333333333,0.3240266666666667,0.19970266666666667,0.19970266666666667,0.36258666666666667,0.36258666666666667,0.28173133333333333,0.28173133333333333,0.3057203333333333,0.3057203333333333,0.3240266666666667,0.3240266666666667
2059,10,17,7,0.0,0.006624666666666667,0.0019676666666666666,0.0007096666666666666,0.0003286666666666666,0.0,0.0,0.006624666666666667,0.006624666666666667,0.0019676666666666666,0.0019676666666666666,0.0007096666666666666,0.0007096666666666666,0.0003286666666666666,0.0003286666666666666
2059,10,17,8,0.0,0.0,0.0,0.0,0.0,0.0,0.0,0.0,0.0,0.0,0.0,0.0,0.0,0.0,0.0
2059,10,18,1,0.0,0.0,0.0,0.0,0.0,0.0,0.0,0.0,0.0,0.0,0.0,0.0,0.0,0.0,0.0
2059,10,18,2,0.0,0.0,0.0,0.0,0.0,0.0,0.0,0.0,0.0,0.0,0.0,0.0,0.0,0.0,0.0
2059,10,18,3,0.2521636666666667,0.13263919999999998,0.145043,0.18215033333333333,0.20597866666666667,0.2521636666666667,0.2521636666666667,0.13263919999999998,0.13263919999999998,0.145043,0.145043,0.18215033333333333,0.18215033333333333,0.20597866666666667,0.20597866666666667
2059,10,18,4,0.6492749999999999,0.598558,0.586817,0.6250326666666667,0.6678786666666667,0.6492749999999999,0.6492749999999999,0.598558,0.598558,0.586817,0.586817,0.6250326666666667,0.6250326666666667,0.6678786666666667,0.6678786666666667
2059,10,18,5,0.6230206666666667,0.6981473333333333,0.6498926666666667,0.6763656666666668,0.7118013333333333,0.6230206666666667,0.6230206666666667,0.6981473333333333,0.6981473333333333,0.6498926666666667,0.6498926666666667,0.6763656666666668,0.6763656666666668,0.7118013333333333,0.7118013333333333
2059,10,18,6,0.19970266666666667,0.36258666666666667,0.28173133333333333,0.3057203333333333,0.3240266666666667,0.19970266666666667,0.19970266666666667,0.36258666666666667,0.36258666666666667,0.28173133333333333,0.28173133333333333,0.3057203333333333,0.3057203333333333,0.3240266666666667,0.3240266666666667
2059,10,18,7,0.0,0.006624666666666667,0.0019676666666666666,0.0007096666666666666,0.0003286666666666666,0.0,0.0,0.006624666666666667,0.006624666666666667,0.0019676666666666666,0.0019676666666666666,0.0007096666666666666,0.0007096666666666666,0.0003286666666666666,0.0003286666666666666
2059,10,18,8,0.0,0.0,0.0,0.0,0.0,0.0,0.0,0.0,0.0,0.0,0.0,0.0,0.0,0.0,0.0
2059,10,19,1,0.0,0.0,0.0,0.0,0.0,0.0,0.0,0.0,0.0,0.0,0.0,0.0,0.0,0.0,0.0
2059,10,19,2,0.0,0.0,0.0,0.0,0.0,0.0,0.0,0.0,0.0,0.0,0.0,0.0,0.0,0.0,0.0
2059,10,19,3,0.2521636666666667,0.13263919999999998,0.145043,0.18215033333333333,0.20597866666666667,0.2521636666666667,0.2521636666666667,0.13263919999999998,0.13263919999999998,0.145043,0.145043,0.18215033333333333,0.18215033333333333,0.20597866666666667,0.20597866666666667
2059,10,19,4,0.6492749999999999,0.598558,0.586817,0.6250326666666667,0.6678786666666667,0.6492749999999999,0.6492749999999999,0.598558,0.598558,0.586817,0.586817,0.6250326666666667,0.6250326666666667,0.6678786666666667,0.6678786666666667
2059,10,19,5,0.6230206666666667,0.6981473333333333,0.6498926666666667,0.6763656666666668,0.7118013333333333,0.6230206666666667,0.6230206666666667,0.6981473333333333,0.6981473333333333,0.6498926666666667,0.6498926666666667,0.6763656666666668,0.6763656666666668,0.7118013333333333,0.7118013333333333
2059,10,19,6,0.19970266666666667,0.36258666666666667,0.28173133333333333,0.3057203333333333,0.3240266666666667,0.19970266666666667,0.19970266666666667,0.36258666666666667,0.36258666666666667,0.28173133333333333,0.28173133333333333,0.3057203333333333,0.3057203333333333,0.3240266666666667,0.3240266666666667
2059,10,19,7,0.0,0.006624666666666667,0.0019676666666666666,0.0007096666666666666,0.0003286666666666666,0.0,0.0,0.006624666666666667,0.006624666666666667,0.0019676666666666666,0.0019676666666666666,0.0007096666666666666,0.0007096666666666666,0.0003286666666666666,0.0003286666666666666
2059,10,19,8,0.0,0.0,0.0,0.0,0.0,0.0,0.0,0.0,0.0,0.0,0.0,0.0,0.0,0.0,0.0
2059,10,20,1,0.0,0.0,0.0,0.0,0.0,0.0,0.0,0.0,0.0,0.0,0.0,0.0,0.0,0.0,0.0
2059,10,20,2,0.0,0.0,0.0,0.0,0.0,0.0,0.0,0.0,0.0,0.0,0.0,0.0,0.0,0.0,0.0
2059,10,20,3,0.2521636666666667,0.13263919999999998,0.145043,0.18215033333333333,0.20597866666666667,0.2521636666666667,0.2521636666666667,0.13263919999999998,0.13263919999999998,0.145043,0.145043,0.18215033333333333,0.18215033333333333,0.20597866666666667,0.20597866666666667
2059,10,20,4,0.6492749999999999,0.598558,0.586817,0.6250326666666667,0.6678786666666667,0.6492749999999999,0.6492749999999999,0.598558,0.598558,0.586817,0.586817,0.6250326666666667,0.6250326666666667,0.6678786666666667,0.6678786666666667
2059,10,20,5,0.6230206666666667,0.6981473333333333,0.6498926666666667,0.6763656666666668,0.7118013333333333,0.6230206666666667,0.6230206666666667,0.6981473333333333,0.6981473333333333,0.6498926666666667,0.6498926666666667,0.6763656666666668,0.6763656666666668,0.7118013333333333,0.7118013333333333
2059,10,20,6,0.19970266666666667,0.36258666666666667,0.28173133333333333,0.3057203333333333,0.3240266666666667,0.19970266666666667,0.19970266666666667,0.36258666666666667,0.36258666666666667,0.28173133333333333,0.28173133333333333,0.3057203333333333,0.3057203333333333,0.3240266666666667,0.3240266666666667
2059,10,20,7,0.0,0.006624666666666667,0.0019676666666666666,0.0007096666666666666,0.0003286666666666666,0.0,0.0,0.006624666666666667,0.006624666666666667,0.0019676666666666666,0.0019676666666666666,0.0007096666666666666,0.0007096666666666666,0.0003286666666666666,0.0003286666666666666
2059,10,20,8,0.0,0.0,0.0,0.0,0.0,0.0,0.0,0.0,0.0,0.0,0.0,0.0,0.0,0.0,0.0
2059,10,21,1,0.0,0.0,0.0,0.0,0.0,0.0,0.0,0.0,0.0,0.0,0.0,0.0,0.0,0.0,0.0
2059,10,21,2,0.0,0.0,0.0,0.0,0.0,0.0,0.0,0.0,0.0,0.0,0.0,0.0,0.0,0.0,0.0
2059,10,21,3,0.2521636666666667,0.13263919999999998,0.145043,0.18215033333333333,0.20597866666666667,0.2521636666666667,0.2521636666666667,0.13263919999999998,0.13263919999999998,0.145043,0.145043,0.18215033333333333,0.18215033333333333,0.20597866666666667,0.20597866666666667
2059,10,21,4,0.6492749999999999,0.598558,0.586817,0.6250326666666667,0.6678786666666667,0.6492749999999999,0.6492749999999999,0.598558,0.598558,0.586817,0.586817,0.6250326666666667,0.6250326666666667,0.6678786666666667,0.6678786666666667
2059,10,21,5,0.6230206666666667,0.6981473333333333,0.6498926666666667,0.6763656666666668,0.7118013333333333,0.6230206666666667,0.6230206666666667,0.6981473333333333,0.6981473333333333,0.6498926666666667,0.6498926666666667,0.6763656666666668,0.6763656666666668,0.7118013333333333,0.7118013333333333
2059,10,21,6,0.19970266666666667,0.36258666666666667,0.28173133333333333,0.3057203333333333,0.3240266666666667,0.19970266666666667,0.19970266666666667,0.36258666666666667,0.36258666666666667,0.28173133333333333,0.28173133333333333,0.3057203333333333,0.3057203333333333,0.3240266666666667,0.3240266666666667
2059,10,21,7,0.0,0.006624666666666667,0.0019676666666666666,0.0007096666666666666,0.0003286666666666666,0.0,0.0,0.006624666666666667,0.006624666666666667,0.0019676666666666666,0.0019676666666666666,0.0007096666666666666,0.0007096666666666666,0.0003286666666666666,0.0003286666666666666
2059,10,21,8,0.0,0.0,0.0,0.0,0.0,0.0,0.0,0.0,0.0,0.0,0.0,0.0,0.0,0.0,0.0
2059,10,22,1,0.0,0.0,0.0,0.0,0.0,0.0,0.0,0.0,0.0,0.0,0.0,0.0,0.0,0.0,0.0
2059,10,22,2,0.0,0.0,0.0,0.0,0.0,0.0,0.0,0.0,0.0,0.0,0.0,0.0,0.0,0.0,0.0
2059,10,22,3,0.2521636666666667,0.13263919999999998,0.145043,0.18215033333333333,0.20597866666666667,0.2521636666666667,0.2521636666666667,0.13263919999999998,0.13263919999999998,0.145043,0.145043,0.18215033333333333,0.18215033333333333,0.20597866666666667,0.20597866666666667
2059,10,22,4,0.6492749999999999,0.598558,0.586817,0.6250326666666667,0.6678786666666667,0.6492749999999999,0.6492749999999999,0.598558,0.598558,0.586817,0.586817,0.6250326666666667,0.6250326666666667,0.6678786666666667,0.6678786666666667
2059,10,22,5,0.6230206666666667,0.6981473333333333,0.6498926666666667,0.6763656666666668,0.7118013333333333,0.6230206666666667,0.6230206666666667,0.6981473333333333,0.6981473333333333,0.6498926666666667,0.6498926666666667,0.6763656666666668,0.6763656666666668,0.7118013333333333,0.7118013333333333
2059,10,22,6,0.19970266666666667,0.36258666666666667,0.28173133333333333,0.3057203333333333,0.3240266666666667,0.19970266666666667,0.19970266666666667,0.36258666666666667,0.36258666666666667,0.28173133333333333,0.28173133333333333,0.3057203333333333,0.3057203333333333,0.3240266666666667,0.3240266666666667
2059,10,22,7,0.0,0.006624666666666667,0.0019676666666666666,0.0007096666666666666,0.0003286666666666666,0.0,0.0,0.006624666666666667,0.006624666666666667,0.0019676666666666666,0.0019676666666666666,0.0007096666666666666,0.0007096666666666666,0.0003286666666666666,0.0003286666666666666
2059,10,22,8,0.0,0.0,0.0,0.0,0.0,0.0,0.0,0.0,0.0,0.0,0.0,0.0,0.0,0.0,0.0
2059,10,23,1,0.0,0.0,0.0,0.0,0.0,0.0,0.0,0.0,0.0,0.0,0.0,0.0,0.0,0.0,0.0
2059,10,23,2,0.0,0.0,0.0,0.0,0.0,0.0,0.0,0.0,0.0,0.0,0.0,0.0,0.0,0.0,0.0
2059,10,23,3,0.2521636666666667,0.13263919999999998,0.145043,0.18215033333333333,0.20597866666666667,0.2521636666666667,0.2521636666666667,0.13263919999999998,0.13263919999999998,0.145043,0.145043,0.18215033333333333,0.18215033333333333,0.20597866666666667,0.20597866666666667
2059,10,23,4,0.6492749999999999,0.598558,0.586817,0.6250326666666667,0.6678786666666667,0.6492749999999999,0.6492749999999999,0.598558,0.598558,0.586817,0.586817,0.6250326666666667,0.6250326666666667,0.6678786666666667,0.6678786666666667
2059,10,23,5,0.6230206666666667,0.6981473333333333,0.6498926666666667,0.6763656666666668,0.7118013333333333,0.6230206666666667,0.6230206666666667,0.6981473333333333,0.6981473333333333,0.6498926666666667,0.6498926666666667,0.6763656666666668,0.6763656666666668,0.7118013333333333,0.7118013333333333
2059,10,23,6,0.19970266666666667,0.36258666666666667,0.28173133333333333,0.3057203333333333,0.3240266666666667,0.19970266666666667,0.19970266666666667,0.36258666666666667,0.36258666666666667,0.28173133333333333,0.28173133333333333,0.3057203333333333,0.3057203333333333,0.3240266666666667,0.3240266666666667
2059,10,23,7,0.0,0.006624666666666667,0.0019676666666666666,0.0007096666666666666,0.0003286666666666666,0.0,0.0,0.006624666666666667,0.006624666666666667,0.0019676666666666666,0.0019676666666666666,0.0007096666666666666,0.0007096666666666666,0.0003286666666666666,0.0003286666666666666
2059,10,23,8,0.0,0.0,0.0,0.0,0.0,0.0,0.0,0.0,0.0,0.0,0.0,0.0,0.0,0.0,0.0
2059,10,24,1,0.0,0.0,0.0,0.0,0.0,0.0,0.0,0.0,0.0,0.0,0.0,0.0,0.0,0.0,0.0
2059,10,24,2,0.0,0.0,0.0,0.0,0.0,0.0,0.0,0.0,0.0,0.0,0.0,0.0,0.0,0.0,0.0
2059,10,24,3,0.2521636666666667,0.13263919999999998,0.145043,0.18215033333333333,0.20597866666666667,0.2521636666666667,0.2521636666666667,0.13263919999999998,0.13263919999999998,0.145043,0.145043,0.18215033333333333,0.18215033333333333,0.20597866666666667,0.20597866666666667
2059,10,24,4,0.6492749999999999,0.598558,0.586817,0.6250326666666667,0.6678786666666667,0.6492749999999999,0.6492749999999999,0.598558,0.598558,0.586817,0.586817,0.6250326666666667,0.6250326666666667,0.6678786666666667,0.6678786666666667
2059,10,24,5,0.6230206666666667,0.6981473333333333,0.6498926666666667,0.6763656666666668,0.7118013333333333,0.6230206666666667,0.6230206666666667,0.6981473333333333,0.6981473333333333,0.6498926666666667,0.6498926666666667,0.6763656666666668,0.6763656666666668,0.7118013333333333,0.7118013333333333
2059,10,24,6,0.19970266666666667,0.36258666666666667,0.28173133333333333,0.3057203333333333,0.3240266666666667,0.19970266666666667,0.19970266666666667,0.36258666666666667,0.36258666666666667,0.28173133333333333,0.28173133333333333,0.3057203333333333,0.3057203333333333,0.3240266666666667,0.3240266666666667
2059,10,24,7,0.0,0.006624666666666667,0.0019676666666666666,0.0007096666666666666,0.0003286666666666666,0.0,0.0,0.006624666666666667,0.006624666666666667,0.0019676666666666666,0.0019676666666666666,0.0007096666666666666,0.0007096666666666666,0.0003286666666666666,0.0003286666666666666
2059,10,24,8,0.0,0.0,0.0,0.0,0.0,0.0,0.0,0.0,0.0,0.0,0.0,0.0,0.0,0.0,0.0
2059,10,25,1,0.0,0.0,0.0,0.0,0.0,0.0,0.0,0.0,0.0,0.0,0.0,0.0,0.0,0.0,0.0
2059,10,25,2,0.0,0.0,0.0,0.0,0.0,0.0,0.0,0.0,0.0,0.0,0.0,0.0,0.0,0.0,0.0
2059,10,25,3,0.2521636666666667,0.13263919999999998,0.145043,0.18215033333333333,0.20597866666666667,0.2521636666666667,0.2521636666666667,0.13263919999999998,0.13263919999999998,0.145043,0.145043,0.18215033333333333,0.18215033333333333,0.20597866666666667,0.20597866666666667
2059,10,25,4,0.6492749999999999,0.598558,0.586817,0.6250326666666667,0.6678786666666667,0.6492749999999999,0.6492749999999999,0.598558,0.598558,0.586817,0.586817,0.6250326666666667,0.6250326666666667,0.6678786666666667,0.6678786666666667
2059,10,25,5,0.6230206666666667,0.6981473333333333,0.6498926666666667,0.6763656666666668,0.7118013333333333,0.6230206666666667,0.6230206666666667,0.6981473333333333,0.6981473333333333,0.6498926666666667,0.6498926666666667,0.6763656666666668,0.6763656666666668,0.7118013333333333,0.7118013333333333
2059,10,25,6,0.19970266666666667,0.36258666666666667,0.28173133333333333,0.3057203333333333,0.3240266666666667,0.19970266666666667,0.19970266666666667,0.36258666666666667,0.36258666666666667,0.28173133333333333,0.28173133333333333,0.3057203333333333,0.3057203333333333,0.3240266666666667,0.3240266666666667
2059,10,25,7,0.0,0.006624666666666667,0.0019676666666666666,0.0007096666666666666,0.0003286666666666666,0.0,0.0,0.006624666666666667,0.006624666666666667,0.0019676666666666666,0.0019676666666666666,0.0007096666666666666,0.0007096666666666666,0.0003286666666666666,0.0003286666666666666
2059,10,25,8,0.0,0.0,0.0,0.0,0.0,0.0,0.0,0.0,0.0,0.0,0.0,0.0,0.0,0.0,0.0
2059,10,26,1,0.0,0.0,0.0,0.0,0.0,0.0,0.0,0.0,0.0,0.0,0.0,0.0,0.0,0.0,0.0
2059,10,26,2,0.0,0.0,0.0,0.0,0.0,0.0,0.0,0.0,0.0,0.0,0.0,0.0,0.0,0.0,0.0
2059,10,26,3,0.2521636666666667,0.13263919999999998,0.145043,0.18215033333333333,0.20597866666666667,0.2521636666666667,0.2521636666666667,0.13263919999999998,0.13263919999999998,0.145043,0.145043,0.18215033333333333,0.18215033333333333,0.20597866666666667,0.20597866666666667
2059,10,26,4,0.6492749999999999,0.598558,0.586817,0.6250326666666667,0.6678786666666667,0.6492749999999999,0.6492749999999999,0.598558,0.598558,0.586817,0.586817,0.6250326666666667,0.6250326666666667,0.6678786666666667,0.6678786666666667
2059,10,26,5,0.6230206666666667,0.6981473333333333,0.6498926666666667,0.6763656666666668,0.7118013333333333,0.6230206666666667,0.6230206666666667,0.6981473333333333,0.6981473333333333,0.6498926666666667,0.6498926666666667,0.6763656666666668,0.6763656666666668,0.7118013333333333,0.7118013333333333
2059,10,26,6,0.19970266666666667,0.36258666666666667,0.28173133333333333,0.3057203333333333,0.3240266666666667,0.19970266666666667,0.19970266666666667,0.36258666666666667,0.36258666666666667,0.28173133333333333,0.28173133333333333,0.3057203333333333,0.3057203333333333,0.3240266666666667,0.3240266666666667
2059,10,26,7,0.0,0.006624666666666667,0.0019676666666666666,0.0007096666666666666,0.0003286666666666666,0.0,0.0,0.006624666666666667,0.006624666666666667,0.0019676666666666666,0.0019676666666666666,0.0007096666666666666,0.0007096666666666666,0.0003286666666666666,0.0003286666666666666
2059,10,26,8,0.0,0.0,0.0,0.0,0.0,0.0,0.0,0.0,0.0,0.0,0.0,0.0,0.0,0.0,0.0
2059,10,27,1,0.0,0.0,0.0,0.0,0.0,0.0,0.0,0.0,0.0,0.0,0.0,0.0,0.0,0.0,0.0
2059,10,27,2,0.0,0.0,0.0,0.0,0.0,0.0,0.0,0.0,0.0,0.0,0.0,0.0,0.0,0.0,0.0
2059,10,27,3,0.2521636666666667,0.13263919999999998,0.145043,0.18215033333333333,0.20597866666666667,0.2521636666666667,0.2521636666666667,0.13263919999999998,0.13263919999999998,0.145043,0.145043,0.18215033333333333,0.18215033333333333,0.20597866666666667,0.20597866666666667
2059,10,27,4,0.6492749999999999,0.598558,0.586817,0.6250326666666667,0.6678786666666667,0.6492749999999999,0.6492749999999999,0.598558,0.598558,0.586817,0.586817,0.6250326666666667,0.6250326666666667,0.6678786666666667,0.6678786666666667
2059,10,27,5,0.6230206666666667,0.6981473333333333,0.6498926666666667,0.6763656666666668,0.7118013333333333,0.6230206666666667,0.6230206666666667,0.6981473333333333,0.6981473333333333,0.6498926666666667,0.6498926666666667,0.6763656666666668,0.6763656666666668,0.7118013333333333,0.7118013333333333
2059,10,27,6,0.19970266666666667,0.36258666666666667,0.28173133333333333,0.3057203333333333,0.3240266666666667,0.19970266666666667,0.19970266666666667,0.36258666666666667,0.36258666666666667,0.28173133333333333,0.28173133333333333,0.3057203333333333,0.3057203333333333,0.3240266666666667,0.3240266666666667
2059,10,27,7,0.0,0.006624666666666667,0.0019676666666666666,0.0007096666666666666,0.0003286666666666666,0.0,0.0,0.006624666666666667,0.006624666666666667,0.0019676666666666666,0.0019676666666666666,0.0007096666666666666,0.0007096666666666666,0.0003286666666666666,0.0003286666666666666
2059,10,27,8,0.0,0.0,0.0,0.0,0.0,0.0,0.0,0.0,0.0,0.0,0.0,0.0,0.0,0.0,0.0
2059,10,28,1,0.0,0.0,0.0,0.0,0.0,0.0,0.0,0.0,0.0,0.0,0.0,0.0,0.0,0.0,0.0
2059,10,28,2,0.0,0.0,0.0,0.0,0.0,0.0,0.0,0.0,0.0,0.0,0.0,0.0,0.0,0.0,0.0
2059,10,28,3,0.2521636666666667,0.13263919999999998,0.145043,0.18215033333333333,0.20597866666666667,0.2521636666666667,0.2521636666666667,0.13263919999999998,0.13263919999999998,0.145043,0.145043,0.18215033333333333,0.18215033333333333,0.20597866666666667,0.20597866666666667
2059,10,28,4,0.6492749999999999,0.598558,0.586817,0.6250326666666667,0.6678786666666667,0.6492749999999999,0.6492749999999999,0.598558,0.598558,0.586817,0.586817,0.6250326666666667,0.6250326666666667,0.6678786666666667,0.6678786666666667
2059,10,28,5,0.6230206666666667,0.6981473333333333,0.6498926666666667,0.6763656666666668,0.7118013333333333,0.6230206666666667,0.6230206666666667,0.6981473333333333,0.6981473333333333,0.6498926666666667,0.6498926666666667,0.6763656666666668,0.6763656666666668,0.7118013333333333,0.7118013333333333
2059,10,28,6,0.19970266666666667,0.36258666666666667,0.28173133333333333,0.3057203333333333,0.3240266666666667,0.19970266666666667,0.19970266666666667,0.36258666666666667,0.36258666666666667,0.28173133333333333,0.28173133333333333,0.3057203333333333,0.3057203333333333,0.3240266666666667,0.3240266666666667
2059,10,28,7,0.0,0.006624666666666667,0.0019676666666666666,0.0007096666666666666,0.0003286666666666666,0.0,0.0,0.006624666666666667,0.006624666666666667,0.0019676666666666666,0.0019676666666666666,0.0007096666666666666,0.0007096666666666666,0.0003286666666666666,0.0003286666666666666
2059,10,28,8,0.0,0.0,0.0,0.0,0.0,0.0,0.0,0.0,0.0,0.0,0.0,0.0,0.0,0.0,0.0
2059,10,29,1,0.0,0.0,0.0,0.0,0.0,0.0,0.0,0.0,0.0,0.0,0.0,0.0,0.0,0.0,0.0
2059,10,29,2,0.0,0.0,0.0,0.0,0.0,0.0,0.0,0.0,0.0,0.0,0.0,0.0,0.0,0.0,0.0
2059,10,29,3,0.2521636666666667,0.13263919999999998,0.145043,0.18215033333333333,0.20597866666666667,0.2521636666666667,0.2521636666666667,0.13263919999999998,0.13263919999999998,0.145043,0.145043,0.18215033333333333,0.18215033333333333,0.20597866666666667,0.20597866666666667
2059,10,29,4,0.6492749999999999,0.598558,0.586817,0.6250326666666667,0.6678786666666667,0.6492749999999999,0.6492749999999999,0.598558,0.598558,0.586817,0.586817,0.6250326666666667,0.6250326666666667,0.6678786666666667,0.6678786666666667
2059,10,29,5,0.6230206666666667,0.6981473333333333,0.6498926666666667,0.6763656666666668,0.7118013333333333,0.6230206666666667,0.6230206666666667,0.6981473333333333,0.6981473333333333,0.6498926666666667,0.6498926666666667,0.6763656666666668,0.6763656666666668,0.7118013333333333,0.7118013333333333
2059,10,29,6,0.19970266666666667,0.36258666666666667,0.28173133333333333,0.3057203333333333,0.3240266666666667,0.19970266666666667,0.19970266666666667,0.36258666666666667,0.36258666666666667,0.28173133333333333,0.28173133333333333,0.3057203333333333,0.3057203333333333,0.3240266666666667,0.3240266666666667
2059,10,29,7,0.0,0.006624666666666667,0.0019676666666666666,0.0007096666666666666,0.0003286666666666666,0.0,0.0,0.006624666666666667,0.006624666666666667,0.0019676666666666666,0.0019676666666666666,0.0007096666666666666,0.0007096666666666666,0.0003286666666666666,0.0003286666666666666
2059,10,29,8,0.0,0.0,0.0,0.0,0.0,0.0,0.0,0.0,0.0,0.0,0.0,0.0,0.0,0.0,0.0
2059,10,30,1,0.0,0.0,0.0,0.0,0.0,0.0,0.0,0.0,0.0,0.0,0.0,0.0,0.0,0.0,0.0
2059,10,30,2,0.0,0.0,0.0,0.0,0.0,0.0,0.0,0.0,0.0,0.0,0.0,0.0,0.0,0.0,0.0
2059,10,30,3,0.2521636666666667,0.13263919999999998,0.145043,0.18215033333333333,0.20597866666666667,0.2521636666666667,0.2521636666666667,0.13263919999999998,0.13263919999999998,0.145043,0.145043,0.18215033333333333,0.18215033333333333,0.20597866666666667,0.20597866666666667
2059,10,30,4,0.6492749999999999,0.598558,0.586817,0.6250326666666667,0.6678786666666667,0.6492749999999999,0.6492749999999999,0.598558,0.598558,0.586817,0.586817,0.6250326666666667,0.6250326666666667,0.6678786666666667,0.6678786666666667
2059,10,30,5,0.6230206666666667,0.6981473333333333,0.6498926666666667,0.6763656666666668,0.7118013333333333,0.6230206666666667,0.6230206666666667,0.6981473333333333,0.6981473333333333,0.6498926666666667,0.6498926666666667,0.6763656666666668,0.6763656666666668,0.7118013333333333,0.7118013333333333
2059,10,30,6,0.19970266666666667,0.36258666666666667,0.28173133333333333,0.3057203333333333,0.3240266666666667,0.19970266666666667,0.19970266666666667,0.36258666666666667,0.36258666666666667,0.28173133333333333,0.28173133333333333,0.3057203333333333,0.3057203333333333,0.3240266666666667,0.3240266666666667
2059,10,30,7,0.0,0.006624666666666667,0.0019676666666666666,0.0007096666666666666,0.0003286666666666666,0.0,0.0,0.006624666666666667,0.006624666666666667,0.0019676666666666666,0.0019676666666666666,0.0007096666666666666,0.0007096666666666666,0.0003286666666666666,0.0003286666666666666
2059,10,30,8,0.0,0.0,0.0,0.0,0.0,0.0,0.0,0.0,0.0,0.0,0.0,0.0,0.0,0.0,0.0
2059,10,31,1,0.0,0.0,0.0,0.0,0.0,0.0,0.0,0.0,0.0,0.0,0.0,0.0,0.0,0.0,0.0
2059,10,31,2,0.0,0.0,0.0,0.0,0.0,0.0,0.0,0.0,0.0,0.0,0.0,0.0,0.0,0.0,0.0
2059,10,31,3,0.2521636666666667,0.13263919999999998,0.145043,0.18215033333333333,0.20597866666666667,0.2521636666666667,0.2521636666666667,0.13263919999999998,0.13263919999999998,0.145043,0.145043,0.18215033333333333,0.18215033333333333,0.20597866666666667,0.20597866666666667
2059,10,31,4,0.6492749999999999,0.598558,0.586817,0.6250326666666667,0.6678786666666667,0.6492749999999999,0.6492749999999999,0.598558,0.598558,0.586817,0.586817,0.6250326666666667,0.6250326666666667,0.6678786666666667,0.6678786666666667
2059,10,31,5,0.6230206666666667,0.6981473333333333,0.6498926666666667,0.6763656666666668,0.7118013333333333,0.6230206666666667,0.6230206666666667,0.6981473333333333,0.6981473333333333,0.6498926666666667,0.6498926666666667,0.6763656666666668,0.6763656666666668,0.7118013333333333,0.7118013333333333
2059,10,31,6,0.19970266666666667,0.36258666666666667,0.28173133333333333,0.3057203333333333,0.3240266666666667,0.19970266666666667,0.19970266666666667,0.36258666666666667,0.36258666666666667,0.28173133333333333,0.28173133333333333,0.3057203333333333,0.3057203333333333,0.3240266666666667,0.3240266666666667
2059,10,31,7,0.0,0.006624666666666667,0.0019676666666666666,0.0007096666666666666,0.0003286666666666666,0.0,0.0,0.006624666666666667,0.006624666666666667,0.0019676666666666666,0.0019676666666666666,0.0007096666666666666,0.0007096666666666666,0.0003286666666666666,0.0003286666666666666
2059,10,31,8,0.0,0.0,0.0,0.0,0.0,0.0,0.0,0.0,0.0,0.0,0.0,0.0,0.0,0.0,0.0
2059,11,1,1,0.0,0.0,0.0,0.0,0.0,0.0,0.0,0.0,0.0,0.0,0.0,0.0,0.0,0.0,0.0
2059,11,1,2,0.0,0.0,0.0,0.0,0.0,0.0,0.0,0.0,0.0,0.0,0.0,0.0,0.0,0.0,0.0
2059,11,1,3,0.20936466666666664,0.11657833333333333,0.12135566666666665,0.16460033333333332,0.20573799999999998,0.20936466666666664,0.20936466666666664,0.11657833333333333,0.11657833333333333,0.12135566666666665,0.12135566666666665,0.16460033333333332,0.16460033333333332,0.20573799999999998,0.20573799999999998
2059,11,1,4,0.553003,0.5197493333333333,0.504411,0.5690443333333334,0.6406566666666667,0.553003,0.553003,0.5197493333333333,0.5197493333333333,0.504411,0.504411,0.5690443333333334,0.5690443333333334,0.6406566666666667,0.6406566666666667
2059,11,1,5,0.525967,0.6108410000000001,0.5600223333333333,0.6214443333333334,0.6881436666666666,0.525967,0.525967,0.6108410000000001,0.6108410000000001,0.5600223333333333,0.5600223333333333,0.6214443333333334,0.6214443333333334,0.6881436666666666,0.6881436666666666
2059,11,1,6,0.16612666666666667,0.31034500000000004,0.23002233333333333,0.27296633333333337,0.32097166666666666,0.16612666666666667,0.16612666666666667,0.31034500000000004,0.31034500000000004,0.23002233333333333,0.23002233333333333,0.27296633333333337,0.27296633333333337,0.32097166666666666,0.32097166666666666
2059,11,1,7,0.0,0.006789666666666667,0.0024556666666666668,0.0014,0.0010973333333333332,0.0,0.0,0.006789666666666667,0.006789666666666667,0.0024556666666666668,0.0024556666666666668,0.0014,0.0014,0.0010973333333333332,0.0010973333333333332
2059,11,1,8,0.0,0.0,0.0,0.0,0.0,0.0,0.0,0.0,0.0,0.0,0.0,0.0,0.0,0.0,0.0
2059,11,2,1,0.0,0.0,0.0,0.0,0.0,0.0,0.0,0.0,0.0,0.0,0.0,0.0,0.0,0.0,0.0
2059,11,2,2,0.0,0.0,0.0,0.0,0.0,0.0,0.0,0.0,0.0,0.0,0.0,0.0,0.0,0.0,0.0
2059,11,2,3,0.20936466666666664,0.11657833333333333,0.12135566666666665,0.16460033333333332,0.20573799999999998,0.20936466666666664,0.20936466666666664,0.11657833333333333,0.11657833333333333,0.12135566666666665,0.12135566666666665,0.16460033333333332,0.16460033333333332,0.20573799999999998,0.20573799999999998
2059,11,2,4,0.553003,0.5197493333333333,0.504411,0.5690443333333334,0.6406566666666667,0.553003,0.553003,0.5197493333333333,0.5197493333333333,0.504411,0.504411,0.5690443333333334,0.5690443333333334,0.6406566666666667,0.6406566666666667
2059,11,2,5,0.525967,0.6108410000000001,0.5600223333333333,0.6214443333333334,0.6881436666666666,0.525967,0.525967,0.6108410000000001,0.6108410000000001,0.5600223333333333,0.5600223333333333,0.6214443333333334,0.6214443333333334,0.6881436666666666,0.6881436666666666
2059,11,2,6,0.16612666666666667,0.31034500000000004,0.23002233333333333,0.27296633333333337,0.32097166666666666,0.16612666666666667,0.16612666666666667,0.31034500000000004,0.31034500000000004,0.23002233333333333,0.23002233333333333,0.27296633333333337,0.27296633333333337,0.32097166666666666,0.32097166666666666
2059,11,2,7,0.0,0.006789666666666667,0.0024556666666666668,0.0014,0.0010973333333333332,0.0,0.0,0.006789666666666667,0.006789666666666667,0.0024556666666666668,0.0024556666666666668,0.0014,0.0014,0.0010973333333333332,0.0010973333333333332
2059,11,2,8,0.0,0.0,0.0,0.0,0.0,0.0,0.0,0.0,0.0,0.0,0.0,0.0,0.0,0.0,0.0
2059,11,3,1,0.0,0.0,0.0,0.0,0.0,0.0,0.0,0.0,0.0,0.0,0.0,0.0,0.0,0.0,0.0
2059,11,3,2,0.0,0.0,0.0,0.0,0.0,0.0,0.0,0.0,0.0,0.0,0.0,0.0,0.0,0.0,0.0
2059,11,3,3,0.20936466666666664,0.11657833333333333,0.12135566666666665,0.16460033333333332,0.20573799999999998,0.20936466666666664,0.20936466666666664,0.11657833333333333,0.11657833333333333,0.12135566666666665,0.12135566666666665,0.16460033333333332,0.16460033333333332,0.20573799999999998,0.20573799999999998
2059,11,3,4,0.553003,0.5197493333333333,0.504411,0.5690443333333334,0.6406566666666667,0.553003,0.553003,0.5197493333333333,0.5197493333333333,0.504411,0.504411,0.5690443333333334,0.5690443333333334,0.6406566666666667,0.6406566666666667
2059,11,3,5,0.525967,0.6108410000000001,0.5600223333333333,0.6214443333333334,0.6881436666666666,0.525967,0.525967,0.6108410000000001,0.6108410000000001,0.5600223333333333,0.5600223333333333,0.6214443333333334,0.6214443333333334,0.6881436666666666,0.6881436666666666
2059,11,3,6,0.16612666666666667,0.31034500000000004,0.23002233333333333,0.27296633333333337,0.32097166666666666,0.16612666666666667,0.16612666666666667,0.31034500000000004,0.31034500000000004,0.23002233333333333,0.23002233333333333,0.27296633333333337,0.27296633333333337,0.32097166666666666,0.32097166666666666
2059,11,3,7,0.0,0.006789666666666667,0.0024556666666666668,0.0014,0.0010973333333333332,0.0,0.0,0.006789666666666667,0.006789666666666667,0.0024556666666666668,0.0024556666666666668,0.0014,0.0014,0.0010973333333333332,0.0010973333333333332
2059,11,3,8,0.0,0.0,0.0,0.0,0.0,0.0,0.0,0.0,0.0,0.0,0.0,0.0,0.0,0.0,0.0
2059,11,4,1,0.0,0.0,0.0,0.0,0.0,0.0,0.0,0.0,0.0,0.0,0.0,0.0,0.0,0.0,0.0
2059,11,4,2,0.0,0.0,0.0,0.0,0.0,0.0,0.0,0.0,0.0,0.0,0.0,0.0,0.0,0.0,0.0
2059,11,4,3,0.20936466666666664,0.11657833333333333,0.12135566666666665,0.16460033333333332,0.20573799999999998,0.20936466666666664,0.20936466666666664,0.11657833333333333,0.11657833333333333,0.12135566666666665,0.12135566666666665,0.16460033333333332,0.16460033333333332,0.20573799999999998,0.20573799999999998
2059,11,4,4,0.553003,0.5197493333333333,0.504411,0.5690443333333334,0.6406566666666667,0.553003,0.553003,0.5197493333333333,0.5197493333333333,0.504411,0.504411,0.5690443333333334,0.5690443333333334,0.6406566666666667,0.6406566666666667
2059,11,4,5,0.525967,0.6108410000000001,0.5600223333333333,0.6214443333333334,0.6881436666666666,0.525967,0.525967,0.6108410000000001,0.6108410000000001,0.5600223333333333,0.5600223333333333,0.6214443333333334,0.6214443333333334,0.6881436666666666,0.6881436666666666
2059,11,4,6,0.16612666666666667,0.31034500000000004,0.23002233333333333,0.27296633333333337,0.32097166666666666,0.16612666666666667,0.16612666666666667,0.31034500000000004,0.31034500000000004,0.23002233333333333,0.23002233333333333,0.27296633333333337,0.27296633333333337,0.32097166666666666,0.32097166666666666
2059,11,4,7,0.0,0.006789666666666667,0.0024556666666666668,0.0014,0.0010973333333333332,0.0,0.0,0.006789666666666667,0.006789666666666667,0.0024556666666666668,0.0024556666666666668,0.0014,0.0014,0.0010973333333333332,0.0010973333333333332
2059,11,4,8,0.0,0.0,0.0,0.0,0.0,0.0,0.0,0.0,0.0,0.0,0.0,0.0,0.0,0.0,0.0
2059,11,5,1,0.0,0.0,0.0,0.0,0.0,0.0,0.0,0.0,0.0,0.0,0.0,0.0,0.0,0.0,0.0
2059,11,5,2,0.0,0.0,0.0,0.0,0.0,0.0,0.0,0.0,0.0,0.0,0.0,0.0,0.0,0.0,0.0
2059,11,5,3,0.20936466666666664,0.11657833333333333,0.12135566666666665,0.16460033333333332,0.20573799999999998,0.20936466666666664,0.20936466666666664,0.11657833333333333,0.11657833333333333,0.12135566666666665,0.12135566666666665,0.16460033333333332,0.16460033333333332,0.20573799999999998,0.20573799999999998
2059,11,5,4,0.553003,0.5197493333333333,0.504411,0.5690443333333334,0.6406566666666667,0.553003,0.553003,0.5197493333333333,0.5197493333333333,0.504411,0.504411,0.5690443333333334,0.5690443333333334,0.6406566666666667,0.6406566666666667
2059,11,5,5,0.525967,0.6108410000000001,0.5600223333333333,0.6214443333333334,0.6881436666666666,0.525967,0.525967,0.6108410000000001,0.6108410000000001,0.5600223333333333,0.5600223333333333,0.6214443333333334,0.6214443333333334,0.6881436666666666,0.6881436666666666
2059,11,5,6,0.16612666666666667,0.31034500000000004,0.23002233333333333,0.27296633333333337,0.32097166666666666,0.16612666666666667,0.16612666666666667,0.31034500000000004,0.31034500000000004,0.23002233333333333,0.23002233333333333,0.27296633333333337,0.27296633333333337,0.32097166666666666,0.32097166666666666
2059,11,5,7,0.0,0.006789666666666667,0.0024556666666666668,0.0014,0.0010973333333333332,0.0,0.0,0.006789666666666667,0.006789666666666667,0.0024556666666666668,0.0024556666666666668,0.0014,0.0014,0.0010973333333333332,0.0010973333333333332
2059,11,5,8,0.0,0.0,0.0,0.0,0.0,0.0,0.0,0.0,0.0,0.0,0.0,0.0,0.0,0.0,0.0
2059,11,6,1,0.0,0.0,0.0,0.0,0.0,0.0,0.0,0.0,0.0,0.0,0.0,0.0,0.0,0.0,0.0
2059,11,6,2,0.0,0.0,0.0,0.0,0.0,0.0,0.0,0.0,0.0,0.0,0.0,0.0,0.0,0.0,0.0
2059,11,6,3,0.20936466666666664,0.11657833333333333,0.12135566666666665,0.16460033333333332,0.20573799999999998,0.20936466666666664,0.20936466666666664,0.11657833333333333,0.11657833333333333,0.12135566666666665,0.12135566666666665,0.16460033333333332,0.16460033333333332,0.20573799999999998,0.20573799999999998
2059,11,6,4,0.553003,0.5197493333333333,0.504411,0.5690443333333334,0.6406566666666667,0.553003,0.553003,0.5197493333333333,0.5197493333333333,0.504411,0.504411,0.5690443333333334,0.5690443333333334,0.6406566666666667,0.6406566666666667
2059,11,6,5,0.525967,0.6108410000000001,0.5600223333333333,0.6214443333333334,0.6881436666666666,0.525967,0.525967,0.6108410000000001,0.6108410000000001,0.5600223333333333,0.5600223333333333,0.6214443333333334,0.6214443333333334,0.6881436666666666,0.6881436666666666
2059,11,6,6,0.16612666666666667,0.31034500000000004,0.23002233333333333,0.27296633333333337,0.32097166666666666,0.16612666666666667,0.16612666666666667,0.31034500000000004,0.31034500000000004,0.23002233333333333,0.23002233333333333,0.27296633333333337,0.27296633333333337,0.32097166666666666,0.32097166666666666
2059,11,6,7,0.0,0.006789666666666667,0.0024556666666666668,0.0014,0.0010973333333333332,0.0,0.0,0.006789666666666667,0.006789666666666667,0.0024556666666666668,0.0024556666666666668,0.0014,0.0014,0.0010973333333333332,0.0010973333333333332
2059,11,6,8,0.0,0.0,0.0,0.0,0.0,0.0,0.0,0.0,0.0,0.0,0.0,0.0,0.0,0.0,0.0
2059,11,7,1,0.0,0.0,0.0,0.0,0.0,0.0,0.0,0.0,0.0,0.0,0.0,0.0,0.0,0.0,0.0
2059,11,7,2,0.0,0.0,0.0,0.0,0.0,0.0,0.0,0.0,0.0,0.0,0.0,0.0,0.0,0.0,0.0
2059,11,7,3,0.20936466666666664,0.11657833333333333,0.12135566666666665,0.16460033333333332,0.20573799999999998,0.20936466666666664,0.20936466666666664,0.11657833333333333,0.11657833333333333,0.12135566666666665,0.12135566666666665,0.16460033333333332,0.16460033333333332,0.20573799999999998,0.20573799999999998
2059,11,7,4,0.553003,0.5197493333333333,0.504411,0.5690443333333334,0.6406566666666667,0.553003,0.553003,0.5197493333333333,0.5197493333333333,0.504411,0.504411,0.5690443333333334,0.5690443333333334,0.6406566666666667,0.6406566666666667
2059,11,7,5,0.525967,0.6108410000000001,0.5600223333333333,0.6214443333333334,0.6881436666666666,0.525967,0.525967,0.6108410000000001,0.6108410000000001,0.5600223333333333,0.5600223333333333,0.6214443333333334,0.6214443333333334,0.6881436666666666,0.6881436666666666
2059,11,7,6,0.16612666666666667,0.31034500000000004,0.23002233333333333,0.27296633333333337,0.32097166666666666,0.16612666666666667,0.16612666666666667,0.31034500000000004,0.31034500000000004,0.23002233333333333,0.23002233333333333,0.27296633333333337,0.27296633333333337,0.32097166666666666,0.32097166666666666
2059,11,7,7,0.0,0.006789666666666667,0.0024556666666666668,0.0014,0.0010973333333333332,0.0,0.0,0.006789666666666667,0.006789666666666667,0.0024556666666666668,0.0024556666666666668,0.0014,0.0014,0.0010973333333333332,0.0010973333333333332
2059,11,7,8,0.0,0.0,0.0,0.0,0.0,0.0,0.0,0.0,0.0,0.0,0.0,0.0,0.0,0.0,0.0
2059,11,8,1,0.0,0.0,0.0,0.0,0.0,0.0,0.0,0.0,0.0,0.0,0.0,0.0,0.0,0.0,0.0
2059,11,8,2,0.0,0.0,0.0,0.0,0.0,0.0,0.0,0.0,0.0,0.0,0.0,0.0,0.0,0.0,0.0
2059,11,8,3,0.20936466666666664,0.11657833333333333,0.12135566666666665,0.16460033333333332,0.20573799999999998,0.20936466666666664,0.20936466666666664,0.11657833333333333,0.11657833333333333,0.12135566666666665,0.12135566666666665,0.16460033333333332,0.16460033333333332,0.20573799999999998,0.20573799999999998
2059,11,8,4,0.553003,0.5197493333333333,0.504411,0.5690443333333334,0.6406566666666667,0.553003,0.553003,0.5197493333333333,0.5197493333333333,0.504411,0.504411,0.5690443333333334,0.5690443333333334,0.6406566666666667,0.6406566666666667
2059,11,8,5,0.525967,0.6108410000000001,0.5600223333333333,0.6214443333333334,0.6881436666666666,0.525967,0.525967,0.6108410000000001,0.6108410000000001,0.5600223333333333,0.5600223333333333,0.6214443333333334,0.6214443333333334,0.6881436666666666,0.6881436666666666
2059,11,8,6,0.16612666666666667,0.31034500000000004,0.23002233333333333,0.27296633333333337,0.32097166666666666,0.16612666666666667,0.16612666666666667,0.31034500000000004,0.31034500000000004,0.23002233333333333,0.23002233333333333,0.27296633333333337,0.27296633333333337,0.32097166666666666,0.32097166666666666
2059,11,8,7,0.0,0.006789666666666667,0.0024556666666666668,0.0014,0.0010973333333333332,0.0,0.0,0.006789666666666667,0.006789666666666667,0.0024556666666666668,0.0024556666666666668,0.0014,0.0014,0.0010973333333333332,0.0010973333333333332
2059,11,8,8,0.0,0.0,0.0,0.0,0.0,0.0,0.0,0.0,0.0,0.0,0.0,0.0,0.0,0.0,0.0
2059,11,9,1,0.0,0.0,0.0,0.0,0.0,0.0,0.0,0.0,0.0,0.0,0.0,0.0,0.0,0.0,0.0
2059,11,9,2,0.0,0.0,0.0,0.0,0.0,0.0,0.0,0.0,0.0,0.0,0.0,0.0,0.0,0.0,0.0
2059,11,9,3,0.20936466666666664,0.11657833333333333,0.12135566666666665,0.16460033333333332,0.20573799999999998,0.20936466666666664,0.20936466666666664,0.11657833333333333,0.11657833333333333,0.12135566666666665,0.12135566666666665,0.16460033333333332,0.16460033333333332,0.20573799999999998,0.20573799999999998
2059,11,9,4,0.553003,0.5197493333333333,0.504411,0.5690443333333334,0.6406566666666667,0.553003,0.553003,0.5197493333333333,0.5197493333333333,0.504411,0.504411,0.5690443333333334,0.5690443333333334,0.6406566666666667,0.6406566666666667
2059,11,9,5,0.525967,0.6108410000000001,0.5600223333333333,0.6214443333333334,0.6881436666666666,0.525967,0.525967,0.6108410000000001,0.6108410000000001,0.5600223333333333,0.5600223333333333,0.6214443333333334,0.6214443333333334,0.6881436666666666,0.6881436666666666
2059,11,9,6,0.16612666666666667,0.31034500000000004,0.23002233333333333,0.27296633333333337,0.32097166666666666,0.16612666666666667,0.16612666666666667,0.31034500000000004,0.31034500000000004,0.23002233333333333,0.23002233333333333,0.27296633333333337,0.27296633333333337,0.32097166666666666,0.32097166666666666
2059,11,9,7,0.0,0.006789666666666667,0.0024556666666666668,0.0014,0.0010973333333333332,0.0,0.0,0.006789666666666667,0.006789666666666667,0.0024556666666666668,0.0024556666666666668,0.0014,0.0014,0.0010973333333333332,0.0010973333333333332
2059,11,9,8,0.0,0.0,0.0,0.0,0.0,0.0,0.0,0.0,0.0,0.0,0.0,0.0,0.0,0.0,0.0
2059,11,10,1,0.0,0.0,0.0,0.0,0.0,0.0,0.0,0.0,0.0,0.0,0.0,0.0,0.0,0.0,0.0
2059,11,10,2,0.0,0.0,0.0,0.0,0.0,0.0,0.0,0.0,0.0,0.0,0.0,0.0,0.0,0.0,0.0
2059,11,10,3,0.20936466666666664,0.11657833333333333,0.12135566666666665,0.16460033333333332,0.20573799999999998,0.20936466666666664,0.20936466666666664,0.11657833333333333,0.11657833333333333,0.12135566666666665,0.12135566666666665,0.16460033333333332,0.16460033333333332,0.20573799999999998,0.20573799999999998
2059,11,10,4,0.553003,0.5197493333333333,0.504411,0.5690443333333334,0.6406566666666667,0.553003,0.553003,0.5197493333333333,0.5197493333333333,0.504411,0.504411,0.5690443333333334,0.5690443333333334,0.6406566666666667,0.6406566666666667
2059,11,10,5,0.525967,0.6108410000000001,0.5600223333333333,0.6214443333333334,0.6881436666666666,0.525967,0.525967,0.6108410000000001,0.6108410000000001,0.5600223333333333,0.5600223333333333,0.6214443333333334,0.6214443333333334,0.6881436666666666,0.6881436666666666
2059,11,10,6,0.16612666666666667,0.31034500000000004,0.23002233333333333,0.27296633333333337,0.32097166666666666,0.16612666666666667,0.16612666666666667,0.31034500000000004,0.31034500000000004,0.23002233333333333,0.23002233333333333,0.27296633333333337,0.27296633333333337,0.32097166666666666,0.32097166666666666
2059,11,10,7,0.0,0.006789666666666667,0.0024556666666666668,0.0014,0.0010973333333333332,0.0,0.0,0.006789666666666667,0.006789666666666667,0.0024556666666666668,0.0024556666666666668,0.0014,0.0014,0.0010973333333333332,0.0010973333333333332
2059,11,10,8,0.0,0.0,0.0,0.0,0.0,0.0,0.0,0.0,0.0,0.0,0.0,0.0,0.0,0.0,0.0
2059,11,11,1,0.0,0.0,0.0,0.0,0.0,0.0,0.0,0.0,0.0,0.0,0.0,0.0,0.0,0.0,0.0
2059,11,11,2,0.0,0.0,0.0,0.0,0.0,0.0,0.0,0.0,0.0,0.0,0.0,0.0,0.0,0.0,0.0
2059,11,11,3,0.20936466666666664,0.11657833333333333,0.12135566666666665,0.16460033333333332,0.20573799999999998,0.20936466666666664,0.20936466666666664,0.11657833333333333,0.11657833333333333,0.12135566666666665,0.12135566666666665,0.16460033333333332,0.16460033333333332,0.20573799999999998,0.20573799999999998
2059,11,11,4,0.553003,0.5197493333333333,0.504411,0.5690443333333334,0.6406566666666667,0.553003,0.553003,0.5197493333333333,0.5197493333333333,0.504411,0.504411,0.5690443333333334,0.5690443333333334,0.6406566666666667,0.6406566666666667
2059,11,11,5,0.525967,0.6108410000000001,0.5600223333333333,0.6214443333333334,0.6881436666666666,0.525967,0.525967,0.6108410000000001,0.6108410000000001,0.5600223333333333,0.5600223333333333,0.6214443333333334,0.6214443333333334,0.6881436666666666,0.6881436666666666
2059,11,11,6,0.16612666666666667,0.31034500000000004,0.23002233333333333,0.27296633333333337,0.32097166666666666,0.16612666666666667,0.16612666666666667,0.31034500000000004,0.31034500000000004,0.23002233333333333,0.23002233333333333,0.27296633333333337,0.27296633333333337,0.32097166666666666,0.32097166666666666
2059,11,11,7,0.0,0.006789666666666667,0.0024556666666666668,0.0014,0.0010973333333333332,0.0,0.0,0.006789666666666667,0.006789666666666667,0.0024556666666666668,0.0024556666666666668,0.0014,0.0014,0.0010973333333333332,0.0010973333333333332
2059,11,11,8,0.0,0.0,0.0,0.0,0.0,0.0,0.0,0.0,0.0,0.0,0.0,0.0,0.0,0.0,0.0
2059,11,12,1,0.0,0.0,0.0,0.0,0.0,0.0,0.0,0.0,0.0,0.0,0.0,0.0,0.0,0.0,0.0
2059,11,12,2,0.0,0.0,0.0,0.0,0.0,0.0,0.0,0.0,0.0,0.0,0.0,0.0,0.0,0.0,0.0
2059,11,12,3,0.20936466666666664,0.11657833333333333,0.12135566666666665,0.16460033333333332,0.20573799999999998,0.20936466666666664,0.20936466666666664,0.11657833333333333,0.11657833333333333,0.12135566666666665,0.12135566666666665,0.16460033333333332,0.16460033333333332,0.20573799999999998,0.20573799999999998
2059,11,12,4,0.553003,0.5197493333333333,0.504411,0.5690443333333334,0.6406566666666667,0.553003,0.553003,0.5197493333333333,0.5197493333333333,0.504411,0.504411,0.5690443333333334,0.5690443333333334,0.6406566666666667,0.6406566666666667
2059,11,12,5,0.525967,0.6108410000000001,0.5600223333333333,0.6214443333333334,0.6881436666666666,0.525967,0.525967,0.6108410000000001,0.6108410000000001,0.5600223333333333,0.5600223333333333,0.6214443333333334,0.6214443333333334,0.6881436666666666,0.6881436666666666
2059,11,12,6,0.16612666666666667,0.31034500000000004,0.23002233333333333,0.27296633333333337,0.32097166666666666,0.16612666666666667,0.16612666666666667,0.31034500000000004,0.31034500000000004,0.23002233333333333,0.23002233333333333,0.27296633333333337,0.27296633333333337,0.32097166666666666,0.32097166666666666
2059,11,12,7,0.0,0.006789666666666667,0.0024556666666666668,0.0014,0.0010973333333333332,0.0,0.0,0.006789666666666667,0.006789666666666667,0.0024556666666666668,0.0024556666666666668,0.0014,0.0014,0.0010973333333333332,0.0010973333333333332
2059,11,12,8,0.0,0.0,0.0,0.0,0.0,0.0,0.0,0.0,0.0,0.0,0.0,0.0,0.0,0.0,0.0
2059,11,13,1,0.0,0.0,0.0,0.0,0.0,0.0,0.0,0.0,0.0,0.0,0.0,0.0,0.0,0.0,0.0
2059,11,13,2,0.0,0.0,0.0,0.0,0.0,0.0,0.0,0.0,0.0,0.0,0.0,0.0,0.0,0.0,0.0
2059,11,13,3,0.20936466666666664,0.11657833333333333,0.12135566666666665,0.16460033333333332,0.20573799999999998,0.20936466666666664,0.20936466666666664,0.11657833333333333,0.11657833333333333,0.12135566666666665,0.12135566666666665,0.16460033333333332,0.16460033333333332,0.20573799999999998,0.20573799999999998
2059,11,13,4,0.553003,0.5197493333333333,0.504411,0.5690443333333334,0.6406566666666667,0.553003,0.553003,0.5197493333333333,0.5197493333333333,0.504411,0.504411,0.5690443333333334,0.5690443333333334,0.6406566666666667,0.6406566666666667
2059,11,13,5,0.525967,0.6108410000000001,0.5600223333333333,0.6214443333333334,0.6881436666666666,0.525967,0.525967,0.6108410000000001,0.6108410000000001,0.5600223333333333,0.5600223333333333,0.6214443333333334,0.6214443333333334,0.6881436666666666,0.6881436666666666
2059,11,13,6,0.16612666666666667,0.31034500000000004,0.23002233333333333,0.27296633333333337,0.32097166666666666,0.16612666666666667,0.16612666666666667,0.31034500000000004,0.31034500000000004,0.23002233333333333,0.23002233333333333,0.27296633333333337,0.27296633333333337,0.32097166666666666,0.32097166666666666
2059,11,13,7,0.0,0.006789666666666667,0.0024556666666666668,0.0014,0.0010973333333333332,0.0,0.0,0.006789666666666667,0.006789666666666667,0.0024556666666666668,0.0024556666666666668,0.0014,0.0014,0.0010973333333333332,0.0010973333333333332
2059,11,13,8,0.0,0.0,0.0,0.0,0.0,0.0,0.0,0.0,0.0,0.0,0.0,0.0,0.0,0.0,0.0
2059,11,14,1,0.0,0.0,0.0,0.0,0.0,0.0,0.0,0.0,0.0,0.0,0.0,0.0,0.0,0.0,0.0
2059,11,14,2,0.0,0.0,0.0,0.0,0.0,0.0,0.0,0.0,0.0,0.0,0.0,0.0,0.0,0.0,0.0
2059,11,14,3,0.20936466666666664,0.11657833333333333,0.12135566666666665,0.16460033333333332,0.20573799999999998,0.20936466666666664,0.20936466666666664,0.11657833333333333,0.11657833333333333,0.12135566666666665,0.12135566666666665,0.16460033333333332,0.16460033333333332,0.20573799999999998,0.20573799999999998
2059,11,14,4,0.553003,0.5197493333333333,0.504411,0.5690443333333334,0.6406566666666667,0.553003,0.553003,0.5197493333333333,0.5197493333333333,0.504411,0.504411,0.5690443333333334,0.5690443333333334,0.6406566666666667,0.6406566666666667
2059,11,14,5,0.525967,0.6108410000000001,0.5600223333333333,0.6214443333333334,0.6881436666666666,0.525967,0.525967,0.6108410000000001,0.6108410000000001,0.5600223333333333,0.5600223333333333,0.6214443333333334,0.6214443333333334,0.6881436666666666,0.6881436666666666
2059,11,14,6,0.16612666666666667,0.31034500000000004,0.23002233333333333,0.27296633333333337,0.32097166666666666,0.16612666666666667,0.16612666666666667,0.31034500000000004,0.31034500000000004,0.23002233333333333,0.23002233333333333,0.27296633333333337,0.27296633333333337,0.32097166666666666,0.32097166666666666
2059,11,14,7,0.0,0.006789666666666667,0.0024556666666666668,0.0014,0.0010973333333333332,0.0,0.0,0.006789666666666667,0.006789666666666667,0.0024556666666666668,0.0024556666666666668,0.0014,0.0014,0.0010973333333333332,0.0010973333333333332
2059,11,14,8,0.0,0.0,0.0,0.0,0.0,0.0,0.0,0.0,0.0,0.0,0.0,0.0,0.0,0.0,0.0
2059,11,15,1,0.0,0.0,0.0,0.0,0.0,0.0,0.0,0.0,0.0,0.0,0.0,0.0,0.0,0.0,0.0
2059,11,15,2,0.0,0.0,0.0,0.0,0.0,0.0,0.0,0.0,0.0,0.0,0.0,0.0,0.0,0.0,0.0
2059,11,15,3,0.20936466666666664,0.11657833333333333,0.12135566666666665,0.16460033333333332,0.20573799999999998,0.20936466666666664,0.20936466666666664,0.11657833333333333,0.11657833333333333,0.12135566666666665,0.12135566666666665,0.16460033333333332,0.16460033333333332,0.20573799999999998,0.20573799999999998
2059,11,15,4,0.553003,0.5197493333333333,0.504411,0.5690443333333334,0.6406566666666667,0.553003,0.553003,0.5197493333333333,0.5197493333333333,0.504411,0.504411,0.5690443333333334,0.5690443333333334,0.6406566666666667,0.6406566666666667
2059,11,15,5,0.525967,0.6108410000000001,0.5600223333333333,0.6214443333333334,0.6881436666666666,0.525967,0.525967,0.6108410000000001,0.6108410000000001,0.5600223333333333,0.5600223333333333,0.6214443333333334,0.6214443333333334,0.6881436666666666,0.6881436666666666
2059,11,15,6,0.16612666666666667,0.31034500000000004,0.23002233333333333,0.27296633333333337,0.32097166666666666,0.16612666666666667,0.16612666666666667,0.31034500000000004,0.31034500000000004,0.23002233333333333,0.23002233333333333,0.27296633333333337,0.27296633333333337,0.32097166666666666,0.32097166666666666
2059,11,15,7,0.0,0.006789666666666667,0.0024556666666666668,0.0014,0.0010973333333333332,0.0,0.0,0.006789666666666667,0.006789666666666667,0.0024556666666666668,0.0024556666666666668,0.0014,0.0014,0.0010973333333333332,0.0010973333333333332
2059,11,15,8,0.0,0.0,0.0,0.0,0.0,0.0,0.0,0.0,0.0,0.0,0.0,0.0,0.0,0.0,0.0
2059,11,16,1,0.0,0.0,0.0,0.0,0.0,0.0,0.0,0.0,0.0,0.0,0.0,0.0,0.0,0.0,0.0
2059,11,16,2,0.0,0.0,0.0,0.0,0.0,0.0,0.0,0.0,0.0,0.0,0.0,0.0,0.0,0.0,0.0
2059,11,16,3,0.20936466666666664,0.11657833333333333,0.12135566666666665,0.16460033333333332,0.20573799999999998,0.20936466666666664,0.20936466666666664,0.11657833333333333,0.11657833333333333,0.12135566666666665,0.12135566666666665,0.16460033333333332,0.16460033333333332,0.20573799999999998,0.20573799999999998
2059,11,16,4,0.553003,0.5197493333333333,0.504411,0.5690443333333334,0.6406566666666667,0.553003,0.553003,0.5197493333333333,0.5197493333333333,0.504411,0.504411,0.5690443333333334,0.5690443333333334,0.6406566666666667,0.6406566666666667
2059,11,16,5,0.525967,0.6108410000000001,0.5600223333333333,0.6214443333333334,0.6881436666666666,0.525967,0.525967,0.6108410000000001,0.6108410000000001,0.5600223333333333,0.5600223333333333,0.6214443333333334,0.6214443333333334,0.6881436666666666,0.6881436666666666
2059,11,16,6,0.16612666666666667,0.31034500000000004,0.23002233333333333,0.27296633333333337,0.32097166666666666,0.16612666666666667,0.16612666666666667,0.31034500000000004,0.31034500000000004,0.23002233333333333,0.23002233333333333,0.27296633333333337,0.27296633333333337,0.32097166666666666,0.32097166666666666
2059,11,16,7,0.0,0.006789666666666667,0.0024556666666666668,0.0014,0.0010973333333333332,0.0,0.0,0.006789666666666667,0.006789666666666667,0.0024556666666666668,0.0024556666666666668,0.0014,0.0014,0.0010973333333333332,0.0010973333333333332
2059,11,16,8,0.0,0.0,0.0,0.0,0.0,0.0,0.0,0.0,0.0,0.0,0.0,0.0,0.0,0.0,0.0
2059,11,17,1,0.0,0.0,0.0,0.0,0.0,0.0,0.0,0.0,0.0,0.0,0.0,0.0,0.0,0.0,0.0
2059,11,17,2,0.0,0.0,0.0,0.0,0.0,0.0,0.0,0.0,0.0,0.0,0.0,0.0,0.0,0.0,0.0
2059,11,17,3,0.20936466666666664,0.11657833333333333,0.12135566666666665,0.16460033333333332,0.20573799999999998,0.20936466666666664,0.20936466666666664,0.11657833333333333,0.11657833333333333,0.12135566666666665,0.12135566666666665,0.16460033333333332,0.16460033333333332,0.20573799999999998,0.20573799999999998
2059,11,17,4,0.553003,0.5197493333333333,0.504411,0.5690443333333334,0.6406566666666667,0.553003,0.553003,0.5197493333333333,0.5197493333333333,0.504411,0.504411,0.5690443333333334,0.5690443333333334,0.6406566666666667,0.6406566666666667
2059,11,17,5,0.525967,0.6108410000000001,0.5600223333333333,0.6214443333333334,0.6881436666666666,0.525967,0.525967,0.6108410000000001,0.6108410000000001,0.5600223333333333,0.5600223333333333,0.6214443333333334,0.6214443333333334,0.6881436666666666,0.6881436666666666
2059,11,17,6,0.16612666666666667,0.31034500000000004,0.23002233333333333,0.27296633333333337,0.32097166666666666,0.16612666666666667,0.16612666666666667,0.31034500000000004,0.31034500000000004,0.23002233333333333,0.23002233333333333,0.27296633333333337,0.27296633333333337,0.32097166666666666,0.32097166666666666
2059,11,17,7,0.0,0.006789666666666667,0.0024556666666666668,0.0014,0.0010973333333333332,0.0,0.0,0.006789666666666667,0.006789666666666667,0.0024556666666666668,0.0024556666666666668,0.0014,0.0014,0.0010973333333333332,0.0010973333333333332
2059,11,17,8,0.0,0.0,0.0,0.0,0.0,0.0,0.0,0.0,0.0,0.0,0.0,0.0,0.0,0.0,0.0
2059,11,18,1,0.0,0.0,0.0,0.0,0.0,0.0,0.0,0.0,0.0,0.0,0.0,0.0,0.0,0.0,0.0
2059,11,18,2,0.0,0.0,0.0,0.0,0.0,0.0,0.0,0.0,0.0,0.0,0.0,0.0,0.0,0.0,0.0
2059,11,18,3,0.20936466666666664,0.11657833333333333,0.12135566666666665,0.16460033333333332,0.20573799999999998,0.20936466666666664,0.20936466666666664,0.11657833333333333,0.11657833333333333,0.12135566666666665,0.12135566666666665,0.16460033333333332,0.16460033333333332,0.20573799999999998,0.20573799999999998
2059,11,18,4,0.553003,0.5197493333333333,0.504411,0.5690443333333334,0.6406566666666667,0.553003,0.553003,0.5197493333333333,0.5197493333333333,0.504411,0.504411,0.5690443333333334,0.5690443333333334,0.6406566666666667,0.6406566666666667
2059,11,18,5,0.525967,0.6108410000000001,0.5600223333333333,0.6214443333333334,0.6881436666666666,0.525967,0.525967,0.6108410000000001,0.6108410000000001,0.5600223333333333,0.5600223333333333,0.6214443333333334,0.6214443333333334,0.6881436666666666,0.6881436666666666
2059,11,18,6,0.16612666666666667,0.31034500000000004,0.23002233333333333,0.27296633333333337,0.32097166666666666,0.16612666666666667,0.16612666666666667,0.31034500000000004,0.31034500000000004,0.23002233333333333,0.23002233333333333,0.27296633333333337,0.27296633333333337,0.32097166666666666,0.32097166666666666
2059,11,18,7,0.0,0.006789666666666667,0.0024556666666666668,0.0014,0.0010973333333333332,0.0,0.0,0.006789666666666667,0.006789666666666667,0.0024556666666666668,0.0024556666666666668,0.0014,0.0014,0.0010973333333333332,0.0010973333333333332
2059,11,18,8,0.0,0.0,0.0,0.0,0.0,0.0,0.0,0.0,0.0,0.0,0.0,0.0,0.0,0.0,0.0
2059,11,19,1,0.0,0.0,0.0,0.0,0.0,0.0,0.0,0.0,0.0,0.0,0.0,0.0,0.0,0.0,0.0
2059,11,19,2,0.0,0.0,0.0,0.0,0.0,0.0,0.0,0.0,0.0,0.0,0.0,0.0,0.0,0.0,0.0
2059,11,19,3,0.20936466666666664,0.11657833333333333,0.12135566666666665,0.16460033333333332,0.20573799999999998,0.20936466666666664,0.20936466666666664,0.11657833333333333,0.11657833333333333,0.12135566666666665,0.12135566666666665,0.16460033333333332,0.16460033333333332,0.20573799999999998,0.20573799999999998
2059,11,19,4,0.553003,0.5197493333333333,0.504411,0.5690443333333334,0.6406566666666667,0.553003,0.553003,0.5197493333333333,0.5197493333333333,0.504411,0.504411,0.5690443333333334,0.5690443333333334,0.6406566666666667,0.6406566666666667
2059,11,19,5,0.525967,0.6108410000000001,0.5600223333333333,0.6214443333333334,0.6881436666666666,0.525967,0.525967,0.6108410000000001,0.6108410000000001,0.5600223333333333,0.5600223333333333,0.6214443333333334,0.6214443333333334,0.6881436666666666,0.6881436666666666
2059,11,19,6,0.16612666666666667,0.31034500000000004,0.23002233333333333,0.27296633333333337,0.32097166666666666,0.16612666666666667,0.16612666666666667,0.31034500000000004,0.31034500000000004,0.23002233333333333,0.23002233333333333,0.27296633333333337,0.27296633333333337,0.32097166666666666,0.32097166666666666
2059,11,19,7,0.0,0.006789666666666667,0.0024556666666666668,0.0014,0.0010973333333333332,0.0,0.0,0.006789666666666667,0.006789666666666667,0.0024556666666666668,0.0024556666666666668,0.0014,0.0014,0.0010973333333333332,0.0010973333333333332
2059,11,19,8,0.0,0.0,0.0,0.0,0.0,0.0,0.0,0.0,0.0,0.0,0.0,0.0,0.0,0.0,0.0
2059,11,20,1,0.0,0.0,0.0,0.0,0.0,0.0,0.0,0.0,0.0,0.0,0.0,0.0,0.0,0.0,0.0
2059,11,20,2,0.0,0.0,0.0,0.0,0.0,0.0,0.0,0.0,0.0,0.0,0.0,0.0,0.0,0.0,0.0
2059,11,20,3,0.20936466666666664,0.11657833333333333,0.12135566666666665,0.16460033333333332,0.20573799999999998,0.20936466666666664,0.20936466666666664,0.11657833333333333,0.11657833333333333,0.12135566666666665,0.12135566666666665,0.16460033333333332,0.16460033333333332,0.20573799999999998,0.20573799999999998
2059,11,20,4,0.553003,0.5197493333333333,0.504411,0.5690443333333334,0.6406566666666667,0.553003,0.553003,0.5197493333333333,0.5197493333333333,0.504411,0.504411,0.5690443333333334,0.5690443333333334,0.6406566666666667,0.6406566666666667
2059,11,20,5,0.525967,0.6108410000000001,0.5600223333333333,0.6214443333333334,0.6881436666666666,0.525967,0.525967,0.6108410000000001,0.6108410000000001,0.5600223333333333,0.5600223333333333,0.6214443333333334,0.6214443333333334,0.6881436666666666,0.6881436666666666
2059,11,20,6,0.16612666666666667,0.31034500000000004,0.23002233333333333,0.27296633333333337,0.32097166666666666,0.16612666666666667,0.16612666666666667,0.31034500000000004,0.31034500000000004,0.23002233333333333,0.23002233333333333,0.27296633333333337,0.27296633333333337,0.32097166666666666,0.32097166666666666
2059,11,20,7,0.0,0.006789666666666667,0.0024556666666666668,0.0014,0.0010973333333333332,0.0,0.0,0.006789666666666667,0.006789666666666667,0.0024556666666666668,0.0024556666666666668,0.0014,0.0014,0.0010973333333333332,0.0010973333333333332
2059,11,20,8,0.0,0.0,0.0,0.0,0.0,0.0,0.0,0.0,0.0,0.0,0.0,0.0,0.0,0.0,0.0
2059,11,21,1,0.0,0.0,0.0,0.0,0.0,0.0,0.0,0.0,0.0,0.0,0.0,0.0,0.0,0.0,0.0
2059,11,21,2,0.0,0.0,0.0,0.0,0.0,0.0,0.0,0.0,0.0,0.0,0.0,0.0,0.0,0.0,0.0
2059,11,21,3,0.20936466666666664,0.11657833333333333,0.12135566666666665,0.16460033333333332,0.20573799999999998,0.20936466666666664,0.20936466666666664,0.11657833333333333,0.11657833333333333,0.12135566666666665,0.12135566666666665,0.16460033333333332,0.16460033333333332,0.20573799999999998,0.20573799999999998
2059,11,21,4,0.553003,0.5197493333333333,0.504411,0.5690443333333334,0.6406566666666667,0.553003,0.553003,0.5197493333333333,0.5197493333333333,0.504411,0.504411,0.5690443333333334,0.5690443333333334,0.6406566666666667,0.6406566666666667
2059,11,21,5,0.525967,0.6108410000000001,0.5600223333333333,0.6214443333333334,0.6881436666666666,0.525967,0.525967,0.6108410000000001,0.6108410000000001,0.5600223333333333,0.5600223333333333,0.6214443333333334,0.6214443333333334,0.6881436666666666,0.6881436666666666
2059,11,21,6,0.16612666666666667,0.31034500000000004,0.23002233333333333,0.27296633333333337,0.32097166666666666,0.16612666666666667,0.16612666666666667,0.31034500000000004,0.31034500000000004,0.23002233333333333,0.23002233333333333,0.27296633333333337,0.27296633333333337,0.32097166666666666,0.32097166666666666
2059,11,21,7,0.0,0.006789666666666667,0.0024556666666666668,0.0014,0.0010973333333333332,0.0,0.0,0.006789666666666667,0.006789666666666667,0.0024556666666666668,0.0024556666666666668,0.0014,0.0014,0.0010973333333333332,0.0010973333333333332
2059,11,21,8,0.0,0.0,0.0,0.0,0.0,0.0,0.0,0.0,0.0,0.0,0.0,0.0,0.0,0.0,0.0
2059,11,22,1,0.0,0.0,0.0,0.0,0.0,0.0,0.0,0.0,0.0,0.0,0.0,0.0,0.0,0.0,0.0
2059,11,22,2,0.0,0.0,0.0,0.0,0.0,0.0,0.0,0.0,0.0,0.0,0.0,0.0,0.0,0.0,0.0
2059,11,22,3,0.20936466666666664,0.11657833333333333,0.12135566666666665,0.16460033333333332,0.20573799999999998,0.20936466666666664,0.20936466666666664,0.11657833333333333,0.11657833333333333,0.12135566666666665,0.12135566666666665,0.16460033333333332,0.16460033333333332,0.20573799999999998,0.20573799999999998
2059,11,22,4,0.553003,0.5197493333333333,0.504411,0.5690443333333334,0.6406566666666667,0.553003,0.553003,0.5197493333333333,0.5197493333333333,0.504411,0.504411,0.5690443333333334,0.5690443333333334,0.6406566666666667,0.6406566666666667
2059,11,22,5,0.525967,0.6108410000000001,0.5600223333333333,0.6214443333333334,0.6881436666666666,0.525967,0.525967,0.6108410000000001,0.6108410000000001,0.5600223333333333,0.5600223333333333,0.6214443333333334,0.6214443333333334,0.6881436666666666,0.6881436666666666
2059,11,22,6,0.16612666666666667,0.31034500000000004,0.23002233333333333,0.27296633333333337,0.32097166666666666,0.16612666666666667,0.16612666666666667,0.31034500000000004,0.31034500000000004,0.23002233333333333,0.23002233333333333,0.27296633333333337,0.27296633333333337,0.32097166666666666,0.32097166666666666
2059,11,22,7,0.0,0.006789666666666667,0.0024556666666666668,0.0014,0.0010973333333333332,0.0,0.0,0.006789666666666667,0.006789666666666667,0.0024556666666666668,0.0024556666666666668,0.0014,0.0014,0.0010973333333333332,0.0010973333333333332
2059,11,22,8,0.0,0.0,0.0,0.0,0.0,0.0,0.0,0.0,0.0,0.0,0.0,0.0,0.0,0.0,0.0
2059,11,23,1,0.0,0.0,0.0,0.0,0.0,0.0,0.0,0.0,0.0,0.0,0.0,0.0,0.0,0.0,0.0
2059,11,23,2,0.0,0.0,0.0,0.0,0.0,0.0,0.0,0.0,0.0,0.0,0.0,0.0,0.0,0.0,0.0
2059,11,23,3,0.20936466666666664,0.11657833333333333,0.12135566666666665,0.16460033333333332,0.20573799999999998,0.20936466666666664,0.20936466666666664,0.11657833333333333,0.11657833333333333,0.12135566666666665,0.12135566666666665,0.16460033333333332,0.16460033333333332,0.20573799999999998,0.20573799999999998
2059,11,23,4,0.553003,0.5197493333333333,0.504411,0.5690443333333334,0.6406566666666667,0.553003,0.553003,0.5197493333333333,0.5197493333333333,0.504411,0.504411,0.5690443333333334,0.5690443333333334,0.6406566666666667,0.6406566666666667
2059,11,23,5,0.525967,0.6108410000000001,0.5600223333333333,0.6214443333333334,0.6881436666666666,0.525967,0.525967,0.6108410000000001,0.6108410000000001,0.5600223333333333,0.5600223333333333,0.6214443333333334,0.6214443333333334,0.6881436666666666,0.6881436666666666
2059,11,23,6,0.16612666666666667,0.31034500000000004,0.23002233333333333,0.27296633333333337,0.32097166666666666,0.16612666666666667,0.16612666666666667,0.31034500000000004,0.31034500000000004,0.23002233333333333,0.23002233333333333,0.27296633333333337,0.27296633333333337,0.32097166666666666,0.32097166666666666
2059,11,23,7,0.0,0.006789666666666667,0.0024556666666666668,0.0014,0.0010973333333333332,0.0,0.0,0.006789666666666667,0.006789666666666667,0.0024556666666666668,0.0024556666666666668,0.0014,0.0014,0.0010973333333333332,0.0010973333333333332
2059,11,23,8,0.0,0.0,0.0,0.0,0.0,0.0,0.0,0.0,0.0,0.0,0.0,0.0,0.0,0.0,0.0
2059,11,24,1,0.0,0.0,0.0,0.0,0.0,0.0,0.0,0.0,0.0,0.0,0.0,0.0,0.0,0.0,0.0
2059,11,24,2,0.0,0.0,0.0,0.0,0.0,0.0,0.0,0.0,0.0,0.0,0.0,0.0,0.0,0.0,0.0
2059,11,24,3,0.20936466666666664,0.11657833333333333,0.12135566666666665,0.16460033333333332,0.20573799999999998,0.20936466666666664,0.20936466666666664,0.11657833333333333,0.11657833333333333,0.12135566666666665,0.12135566666666665,0.16460033333333332,0.16460033333333332,0.20573799999999998,0.20573799999999998
2059,11,24,4,0.553003,0.5197493333333333,0.504411,0.5690443333333334,0.6406566666666667,0.553003,0.553003,0.5197493333333333,0.5197493333333333,0.504411,0.504411,0.5690443333333334,0.5690443333333334,0.6406566666666667,0.6406566666666667
2059,11,24,5,0.525967,0.6108410000000001,0.5600223333333333,0.6214443333333334,0.6881436666666666,0.525967,0.525967,0.6108410000000001,0.6108410000000001,0.5600223333333333,0.5600223333333333,0.6214443333333334,0.6214443333333334,0.6881436666666666,0.6881436666666666
2059,11,24,6,0.16612666666666667,0.31034500000000004,0.23002233333333333,0.27296633333333337,0.32097166666666666,0.16612666666666667,0.16612666666666667,0.31034500000000004,0.31034500000000004,0.23002233333333333,0.23002233333333333,0.27296633333333337,0.27296633333333337,0.32097166666666666,0.32097166666666666
2059,11,24,7,0.0,0.006789666666666667,0.0024556666666666668,0.0014,0.0010973333333333332,0.0,0.0,0.006789666666666667,0.006789666666666667,0.0024556666666666668,0.0024556666666666668,0.0014,0.0014,0.0010973333333333332,0.0010973333333333332
2059,11,24,8,0.0,0.0,0.0,0.0,0.0,0.0,0.0,0.0,0.0,0.0,0.0,0.0,0.0,0.0,0.0
2059,11,25,1,0.0,0.0,0.0,0.0,0.0,0.0,0.0,0.0,0.0,0.0,0.0,0.0,0.0,0.0,0.0
2059,11,25,2,0.0,0.0,0.0,0.0,0.0,0.0,0.0,0.0,0.0,0.0,0.0,0.0,0.0,0.0,0.0
2059,11,25,3,0.20936466666666664,0.11657833333333333,0.12135566666666665,0.16460033333333332,0.20573799999999998,0.20936466666666664,0.20936466666666664,0.11657833333333333,0.11657833333333333,0.12135566666666665,0.12135566666666665,0.16460033333333332,0.16460033333333332,0.20573799999999998,0.20573799999999998
2059,11,25,4,0.553003,0.5197493333333333,0.504411,0.5690443333333334,0.6406566666666667,0.553003,0.553003,0.5197493333333333,0.5197493333333333,0.504411,0.504411,0.5690443333333334,0.5690443333333334,0.6406566666666667,0.6406566666666667
2059,11,25,5,0.525967,0.6108410000000001,0.5600223333333333,0.6214443333333334,0.6881436666666666,0.525967,0.525967,0.6108410000000001,0.6108410000000001,0.5600223333333333,0.5600223333333333,0.6214443333333334,0.6214443333333334,0.6881436666666666,0.6881436666666666
2059,11,25,6,0.16612666666666667,0.31034500000000004,0.23002233333333333,0.27296633333333337,0.32097166666666666,0.16612666666666667,0.16612666666666667,0.31034500000000004,0.31034500000000004,0.23002233333333333,0.23002233333333333,0.27296633333333337,0.27296633333333337,0.32097166666666666,0.32097166666666666
2059,11,25,7,0.0,0.006789666666666667,0.0024556666666666668,0.0014,0.0010973333333333332,0.0,0.0,0.006789666666666667,0.006789666666666667,0.0024556666666666668,0.0024556666666666668,0.0014,0.0014,0.0010973333333333332,0.0010973333333333332
2059,11,25,8,0.0,0.0,0.0,0.0,0.0,0.0,0.0,0.0,0.0,0.0,0.0,0.0,0.0,0.0,0.0
2059,11,26,1,0.0,0.0,0.0,0.0,0.0,0.0,0.0,0.0,0.0,0.0,0.0,0.0,0.0,0.0,0.0
2059,11,26,2,0.0,0.0,0.0,0.0,0.0,0.0,0.0,0.0,0.0,0.0,0.0,0.0,0.0,0.0,0.0
2059,11,26,3,0.20936466666666664,0.11657833333333333,0.12135566666666665,0.16460033333333332,0.20573799999999998,0.20936466666666664,0.20936466666666664,0.11657833333333333,0.11657833333333333,0.12135566666666665,0.12135566666666665,0.16460033333333332,0.16460033333333332,0.20573799999999998,0.20573799999999998
2059,11,26,4,0.553003,0.5197493333333333,0.504411,0.5690443333333334,0.6406566666666667,0.553003,0.553003,0.5197493333333333,0.5197493333333333,0.504411,0.504411,0.5690443333333334,0.5690443333333334,0.6406566666666667,0.6406566666666667
2059,11,26,5,0.525967,0.6108410000000001,0.5600223333333333,0.6214443333333334,0.6881436666666666,0.525967,0.525967,0.6108410000000001,0.6108410000000001,0.5600223333333333,0.5600223333333333,0.6214443333333334,0.6214443333333334,0.6881436666666666,0.6881436666666666
2059,11,26,6,0.16612666666666667,0.31034500000000004,0.23002233333333333,0.27296633333333337,0.32097166666666666,0.16612666666666667,0.16612666666666667,0.31034500000000004,0.31034500000000004,0.23002233333333333,0.23002233333333333,0.27296633333333337,0.27296633333333337,0.32097166666666666,0.32097166666666666
2059,11,26,7,0.0,0.006789666666666667,0.0024556666666666668,0.0014,0.0010973333333333332,0.0,0.0,0.006789666666666667,0.006789666666666667,0.0024556666666666668,0.0024556666666666668,0.0014,0.0014,0.0010973333333333332,0.0010973333333333332
2059,11,26,8,0.0,0.0,0.0,0.0,0.0,0.0,0.0,0.0,0.0,0.0,0.0,0.0,0.0,0.0,0.0
2059,11,27,1,0.0,0.0,0.0,0.0,0.0,0.0,0.0,0.0,0.0,0.0,0.0,0.0,0.0,0.0,0.0
2059,11,27,2,0.0,0.0,0.0,0.0,0.0,0.0,0.0,0.0,0.0,0.0,0.0,0.0,0.0,0.0,0.0
2059,11,27,3,0.20936466666666664,0.11657833333333333,0.12135566666666665,0.16460033333333332,0.20573799999999998,0.20936466666666664,0.20936466666666664,0.11657833333333333,0.11657833333333333,0.12135566666666665,0.12135566666666665,0.16460033333333332,0.16460033333333332,0.20573799999999998,0.20573799999999998
2059,11,27,4,0.553003,0.5197493333333333,0.504411,0.5690443333333334,0.6406566666666667,0.553003,0.553003,0.5197493333333333,0.5197493333333333,0.504411,0.504411,0.5690443333333334,0.5690443333333334,0.6406566666666667,0.6406566666666667
2059,11,27,5,0.525967,0.6108410000000001,0.5600223333333333,0.6214443333333334,0.6881436666666666,0.525967,0.525967,0.6108410000000001,0.6108410000000001,0.5600223333333333,0.5600223333333333,0.6214443333333334,0.6214443333333334,0.6881436666666666,0.6881436666666666
2059,11,27,6,0.16612666666666667,0.31034500000000004,0.23002233333333333,0.27296633333333337,0.32097166666666666,0.16612666666666667,0.16612666666666667,0.31034500000000004,0.31034500000000004,0.23002233333333333,0.23002233333333333,0.27296633333333337,0.27296633333333337,0.32097166666666666,0.32097166666666666
2059,11,27,7,0.0,0.006789666666666667,0.0024556666666666668,0.0014,0.0010973333333333332,0.0,0.0,0.006789666666666667,0.006789666666666667,0.0024556666666666668,0.0024556666666666668,0.0014,0.0014,0.0010973333333333332,0.0010973333333333332
2059,11,27,8,0.0,0.0,0.0,0.0,0.0,0.0,0.0,0.0,0.0,0.0,0.0,0.0,0.0,0.0,0.0
2059,11,28,1,0.0,0.0,0.0,0.0,0.0,0.0,0.0,0.0,0.0,0.0,0.0,0.0,0.0,0.0,0.0
2059,11,28,2,0.0,0.0,0.0,0.0,0.0,0.0,0.0,0.0,0.0,0.0,0.0,0.0,0.0,0.0,0.0
2059,11,28,3,0.20936466666666664,0.11657833333333333,0.12135566666666665,0.16460033333333332,0.20573799999999998,0.20936466666666664,0.20936466666666664,0.11657833333333333,0.11657833333333333,0.12135566666666665,0.12135566666666665,0.16460033333333332,0.16460033333333332,0.20573799999999998,0.20573799999999998
2059,11,28,4,0.553003,0.5197493333333333,0.504411,0.5690443333333334,0.6406566666666667,0.553003,0.553003,0.5197493333333333,0.5197493333333333,0.504411,0.504411,0.5690443333333334,0.5690443333333334,0.6406566666666667,0.6406566666666667
2059,11,28,5,0.525967,0.6108410000000001,0.5600223333333333,0.6214443333333334,0.6881436666666666,0.525967,0.525967,0.6108410000000001,0.6108410000000001,0.5600223333333333,0.5600223333333333,0.6214443333333334,0.6214443333333334,0.6881436666666666,0.6881436666666666
2059,11,28,6,0.16612666666666667,0.31034500000000004,0.23002233333333333,0.27296633333333337,0.32097166666666666,0.16612666666666667,0.16612666666666667,0.31034500000000004,0.31034500000000004,0.23002233333333333,0.23002233333333333,0.27296633333333337,0.27296633333333337,0.32097166666666666,0.32097166666666666
2059,11,28,7,0.0,0.006789666666666667,0.0024556666666666668,0.0014,0.0010973333333333332,0.0,0.0,0.006789666666666667,0.006789666666666667,0.0024556666666666668,0.0024556666666666668,0.0014,0.0014,0.0010973333333333332,0.0010973333333333332
2059,11,28,8,0.0,0.0,0.0,0.0,0.0,0.0,0.0,0.0,0.0,0.0,0.0,0.0,0.0,0.0,0.0
2059,11,29,1,0.0,0.0,0.0,0.0,0.0,0.0,0.0,0.0,0.0,0.0,0.0,0.0,0.0,0.0,0.0
2059,11,29,2,0.0,0.0,0.0,0.0,0.0,0.0,0.0,0.0,0.0,0.0,0.0,0.0,0.0,0.0,0.0
2059,11,29,3,0.20936466666666664,0.11657833333333333,0.12135566666666665,0.16460033333333332,0.20573799999999998,0.20936466666666664,0.20936466666666664,0.11657833333333333,0.11657833333333333,0.12135566666666665,0.12135566666666665,0.16460033333333332,0.16460033333333332,0.20573799999999998,0.20573799999999998
2059,11,29,4,0.553003,0.5197493333333333,0.504411,0.5690443333333334,0.6406566666666667,0.553003,0.553003,0.5197493333333333,0.5197493333333333,0.504411,0.504411,0.5690443333333334,0.5690443333333334,0.6406566666666667,0.6406566666666667
2059,11,29,5,0.525967,0.6108410000000001,0.5600223333333333,0.6214443333333334,0.6881436666666666,0.525967,0.525967,0.6108410000000001,0.6108410000000001,0.5600223333333333,0.5600223333333333,0.6214443333333334,0.6214443333333334,0.6881436666666666,0.6881436666666666
2059,11,29,6,0.16612666666666667,0.31034500000000004,0.23002233333333333,0.27296633333333337,0.32097166666666666,0.16612666666666667,0.16612666666666667,0.31034500000000004,0.31034500000000004,0.23002233333333333,0.23002233333333333,0.27296633333333337,0.27296633333333337,0.32097166666666666,0.32097166666666666
2059,11,29,7,0.0,0.006789666666666667,0.0024556666666666668,0.0014,0.0010973333333333332,0.0,0.0,0.006789666666666667,0.006789666666666667,0.0024556666666666668,0.0024556666666666668,0.0014,0.0014,0.0010973333333333332,0.0010973333333333332
2059,11,29,8,0.0,0.0,0.0,0.0,0.0,0.0,0.0,0.0,0.0,0.0,0.0,0.0,0.0,0.0,0.0
2059,11,30,1,0.0,0.0,0.0,0.0,0.0,0.0,0.0,0.0,0.0,0.0,0.0,0.0,0.0,0.0,0.0
2059,11,30,2,0.0,0.0,0.0,0.0,0.0,0.0,0.0,0.0,0.0,0.0,0.0,0.0,0.0,0.0,0.0
2059,11,30,3,0.20936466666666664,0.11657833333333333,0.12135566666666665,0.16460033333333332,0.20573799999999998,0.20936466666666664,0.20936466666666664,0.11657833333333333,0.11657833333333333,0.12135566666666665,0.12135566666666665,0.16460033333333332,0.16460033333333332,0.20573799999999998,0.20573799999999998
2059,11,30,4,0.553003,0.5197493333333333,0.504411,0.5690443333333334,0.6406566666666667,0.553003,0.553003,0.5197493333333333,0.5197493333333333,0.504411,0.504411,0.5690443333333334,0.5690443333333334,0.6406566666666667,0.6406566666666667
2059,11,30,5,0.525967,0.6108410000000001,0.5600223333333333,0.6214443333333334,0.6881436666666666,0.525967,0.525967,0.6108410000000001,0.6108410000000001,0.5600223333333333,0.5600223333333333,0.6214443333333334,0.6214443333333334,0.6881436666666666,0.6881436666666666
2059,11,30,6,0.16612666666666667,0.31034500000000004,0.23002233333333333,0.27296633333333337,0.32097166666666666,0.16612666666666667,0.16612666666666667,0.31034500000000004,0.31034500000000004,0.23002233333333333,0.23002233333333333,0.27296633333333337,0.27296633333333337,0.32097166666666666,0.32097166666666666
2059,11,30,7,0.0,0.006789666666666667,0.0024556666666666668,0.0014,0.0010973333333333332,0.0,0.0,0.006789666666666667,0.006789666666666667,0.0024556666666666668,0.0024556666666666668,0.0014,0.0014,0.0010973333333333332,0.0010973333333333332
2059,11,30,8,0.0,0.0,0.0,0.0,0.0,0.0,0.0,0.0,0.0,0.0,0.0,0.0,0.0,0.0,0.0
2059,12,1,1,0.0,0.0,0.0,0.0,0.0,0.0,0.0,0.0,0.0,0.0,0.0,0.0,0.0,0.0,0.0
2059,12,1,2,0.0,0.0,0.0,0.0,0.0,0.0,0.0,0.0,0.0,0.0,0.0,0.0,0.0,0.0,0.0
2059,12,1,3,0.16632733333333335,0.08439366666666666,0.09190333333333334,0.102785,0.12853466666666666,0.16632733333333335,0.16632733333333335,0.08439366666666666,0.08439366666666666,0.09190333333333334,0.09190333333333334,0.102785,0.102785,0.12853466666666666,0.12853466666666666
2059,12,1,4,0.44113966666666665,0.38409566666666667,0.38367766666666664,0.3807203333333333,0.43412466666666666,0.44113966666666665,0.44113966666666665,0.38409566666666667,0.38409566666666667,0.38367766666666664,0.38367766666666664,0.3807203333333333,0.3807203333333333,0.43412466666666666,0.43412466666666666
2059,12,1,5,0.42063866666666666,0.4620086666666667,0.4139676666666667,0.41520433333333334,0.47260133333333326,0.42063866666666666,0.42063866666666666,0.4620086666666667,0.4620086666666667,0.4139676666666667,0.4139676666666667,0.41520433333333334,0.41520433333333334,0.47260133333333326,0.47260133333333326
2059,12,1,6,0.13266433333333333,0.223683,0.17638733333333334,0.181613,0.20612633333333333,0.13266433333333333,0.13266433333333333,0.223683,0.223683,0.17638733333333334,0.17638733333333334,0.181613,0.181613,0.20612633333333333,0.20612633333333333
2059,12,1,7,0.0,0.0052446666666666674,0.0023333333333333335,0.001,0.0008886666666666666,0.0,0.0,0.0052446666666666674,0.0052446666666666674,0.0023333333333333335,0.0023333333333333335,0.001,0.001,0.0008886666666666666,0.0008886666666666666
2059,12,1,8,0.0,0.0,0.0,0.0,0.0,0.0,0.0,0.0,0.0,0.0,0.0,0.0,0.0,0.0,0.0
2059,12,2,1,0.0,0.0,0.0,0.0,0.0,0.0,0.0,0.0,0.0,0.0,0.0,0.0,0.0,0.0,0.0
2059,12,2,2,0.0,0.0,0.0,0.0,0.0,0.0,0.0,0.0,0.0,0.0,0.0,0.0,0.0,0.0,0.0
2059,12,2,3,0.16632733333333335,0.08439366666666666,0.09190333333333334,0.102785,0.12853466666666666,0.16632733333333335,0.16632733333333335,0.08439366666666666,0.08439366666666666,0.09190333333333334,0.09190333333333334,0.102785,0.102785,0.12853466666666666,0.12853466666666666
2059,12,2,4,0.44113966666666665,0.38409566666666667,0.38367766666666664,0.3807203333333333,0.43412466666666666,0.44113966666666665,0.44113966666666665,0.38409566666666667,0.38409566666666667,0.38367766666666664,0.38367766666666664,0.3807203333333333,0.3807203333333333,0.43412466666666666,0.43412466666666666
2059,12,2,5,0.42063866666666666,0.4620086666666667,0.4139676666666667,0.41520433333333334,0.47260133333333326,0.42063866666666666,0.42063866666666666,0.4620086666666667,0.4620086666666667,0.4139676666666667,0.4139676666666667,0.41520433333333334,0.41520433333333334,0.47260133333333326,0.47260133333333326
2059,12,2,6,0.13266433333333333,0.223683,0.17638733333333334,0.181613,0.20612633333333333,0.13266433333333333,0.13266433333333333,0.223683,0.223683,0.17638733333333334,0.17638733333333334,0.181613,0.181613,0.20612633333333333,0.20612633333333333
2059,12,2,7,0.0,0.0052446666666666674,0.0023333333333333335,0.001,0.0008886666666666666,0.0,0.0,0.0052446666666666674,0.0052446666666666674,0.0023333333333333335,0.0023333333333333335,0.001,0.001,0.0008886666666666666,0.0008886666666666666
2059,12,2,8,0.0,0.0,0.0,0.0,0.0,0.0,0.0,0.0,0.0,0.0,0.0,0.0,0.0,0.0,0.0
2059,12,3,1,0.0,0.0,0.0,0.0,0.0,0.0,0.0,0.0,0.0,0.0,0.0,0.0,0.0,0.0,0.0
2059,12,3,2,0.0,0.0,0.0,0.0,0.0,0.0,0.0,0.0,0.0,0.0,0.0,0.0,0.0,0.0,0.0
2059,12,3,3,0.16632733333333335,0.08439366666666666,0.09190333333333334,0.102785,0.12853466666666666,0.16632733333333335,0.16632733333333335,0.08439366666666666,0.08439366666666666,0.09190333333333334,0.09190333333333334,0.102785,0.102785,0.12853466666666666,0.12853466666666666
2059,12,3,4,0.44113966666666665,0.38409566666666667,0.38367766666666664,0.3807203333333333,0.43412466666666666,0.44113966666666665,0.44113966666666665,0.38409566666666667,0.38409566666666667,0.38367766666666664,0.38367766666666664,0.3807203333333333,0.3807203333333333,0.43412466666666666,0.43412466666666666
2059,12,3,5,0.42063866666666666,0.4620086666666667,0.4139676666666667,0.41520433333333334,0.47260133333333326,0.42063866666666666,0.42063866666666666,0.4620086666666667,0.4620086666666667,0.4139676666666667,0.4139676666666667,0.41520433333333334,0.41520433333333334,0.47260133333333326,0.47260133333333326
2059,12,3,6,0.13266433333333333,0.223683,0.17638733333333334,0.181613,0.20612633333333333,0.13266433333333333,0.13266433333333333,0.223683,0.223683,0.17638733333333334,0.17638733333333334,0.181613,0.181613,0.20612633333333333,0.20612633333333333
2059,12,3,7,0.0,0.0052446666666666674,0.0023333333333333335,0.001,0.0008886666666666666,0.0,0.0,0.0052446666666666674,0.0052446666666666674,0.0023333333333333335,0.0023333333333333335,0.001,0.001,0.0008886666666666666,0.0008886666666666666
2059,12,3,8,0.0,0.0,0.0,0.0,0.0,0.0,0.0,0.0,0.0,0.0,0.0,0.0,0.0,0.0,0.0
2059,12,4,1,0.0,0.0,0.0,0.0,0.0,0.0,0.0,0.0,0.0,0.0,0.0,0.0,0.0,0.0,0.0
2059,12,4,2,0.0,0.0,0.0,0.0,0.0,0.0,0.0,0.0,0.0,0.0,0.0,0.0,0.0,0.0,0.0
2059,12,4,3,0.16632733333333335,0.08439366666666666,0.09190333333333334,0.102785,0.12853466666666666,0.16632733333333335,0.16632733333333335,0.08439366666666666,0.08439366666666666,0.09190333333333334,0.09190333333333334,0.102785,0.102785,0.12853466666666666,0.12853466666666666
2059,12,4,4,0.44113966666666665,0.38409566666666667,0.38367766666666664,0.3807203333333333,0.43412466666666666,0.44113966666666665,0.44113966666666665,0.38409566666666667,0.38409566666666667,0.38367766666666664,0.38367766666666664,0.3807203333333333,0.3807203333333333,0.43412466666666666,0.43412466666666666
2059,12,4,5,0.42063866666666666,0.4620086666666667,0.4139676666666667,0.41520433333333334,0.47260133333333326,0.42063866666666666,0.42063866666666666,0.4620086666666667,0.4620086666666667,0.4139676666666667,0.4139676666666667,0.41520433333333334,0.41520433333333334,0.47260133333333326,0.47260133333333326
2059,12,4,6,0.13266433333333333,0.223683,0.17638733333333334,0.181613,0.20612633333333333,0.13266433333333333,0.13266433333333333,0.223683,0.223683,0.17638733333333334,0.17638733333333334,0.181613,0.181613,0.20612633333333333,0.20612633333333333
2059,12,4,7,0.0,0.0052446666666666674,0.0023333333333333335,0.001,0.0008886666666666666,0.0,0.0,0.0052446666666666674,0.0052446666666666674,0.0023333333333333335,0.0023333333333333335,0.001,0.001,0.0008886666666666666,0.0008886666666666666
2059,12,4,8,0.0,0.0,0.0,0.0,0.0,0.0,0.0,0.0,0.0,0.0,0.0,0.0,0.0,0.0,0.0
2059,12,5,1,0.0,0.0,0.0,0.0,0.0,0.0,0.0,0.0,0.0,0.0,0.0,0.0,0.0,0.0,0.0
2059,12,5,2,0.0,0.0,0.0,0.0,0.0,0.0,0.0,0.0,0.0,0.0,0.0,0.0,0.0,0.0,0.0
2059,12,5,3,0.16632733333333335,0.08439366666666666,0.09190333333333334,0.102785,0.12853466666666666,0.16632733333333335,0.16632733333333335,0.08439366666666666,0.08439366666666666,0.09190333333333334,0.09190333333333334,0.102785,0.102785,0.12853466666666666,0.12853466666666666
2059,12,5,4,0.44113966666666665,0.38409566666666667,0.38367766666666664,0.3807203333333333,0.43412466666666666,0.44113966666666665,0.44113966666666665,0.38409566666666667,0.38409566666666667,0.38367766666666664,0.38367766666666664,0.3807203333333333,0.3807203333333333,0.43412466666666666,0.43412466666666666
2059,12,5,5,0.42063866666666666,0.4620086666666667,0.4139676666666667,0.41520433333333334,0.47260133333333326,0.42063866666666666,0.42063866666666666,0.4620086666666667,0.4620086666666667,0.4139676666666667,0.4139676666666667,0.41520433333333334,0.41520433333333334,0.47260133333333326,0.47260133333333326
2059,12,5,6,0.13266433333333333,0.223683,0.17638733333333334,0.181613,0.20612633333333333,0.13266433333333333,0.13266433333333333,0.223683,0.223683,0.17638733333333334,0.17638733333333334,0.181613,0.181613,0.20612633333333333,0.20612633333333333
2059,12,5,7,0.0,0.0052446666666666674,0.0023333333333333335,0.001,0.0008886666666666666,0.0,0.0,0.0052446666666666674,0.0052446666666666674,0.0023333333333333335,0.0023333333333333335,0.001,0.001,0.0008886666666666666,0.0008886666666666666
2059,12,5,8,0.0,0.0,0.0,0.0,0.0,0.0,0.0,0.0,0.0,0.0,0.0,0.0,0.0,0.0,0.0
2059,12,6,1,0.0,0.0,0.0,0.0,0.0,0.0,0.0,0.0,0.0,0.0,0.0,0.0,0.0,0.0,0.0
2059,12,6,2,0.0,0.0,0.0,0.0,0.0,0.0,0.0,0.0,0.0,0.0,0.0,0.0,0.0,0.0,0.0
2059,12,6,3,0.16632733333333335,0.08439366666666666,0.09190333333333334,0.102785,0.12853466666666666,0.16632733333333335,0.16632733333333335,0.08439366666666666,0.08439366666666666,0.09190333333333334,0.09190333333333334,0.102785,0.102785,0.12853466666666666,0.12853466666666666
2059,12,6,4,0.44113966666666665,0.38409566666666667,0.38367766666666664,0.3807203333333333,0.43412466666666666,0.44113966666666665,0.44113966666666665,0.38409566666666667,0.38409566666666667,0.38367766666666664,0.38367766666666664,0.3807203333333333,0.3807203333333333,0.43412466666666666,0.43412466666666666
2059,12,6,5,0.42063866666666666,0.4620086666666667,0.4139676666666667,0.41520433333333334,0.47260133333333326,0.42063866666666666,0.42063866666666666,0.4620086666666667,0.4620086666666667,0.4139676666666667,0.4139676666666667,0.41520433333333334,0.41520433333333334,0.47260133333333326,0.47260133333333326
2059,12,6,6,0.13266433333333333,0.223683,0.17638733333333334,0.181613,0.20612633333333333,0.13266433333333333,0.13266433333333333,0.223683,0.223683,0.17638733333333334,0.17638733333333334,0.181613,0.181613,0.20612633333333333,0.20612633333333333
2059,12,6,7,0.0,0.0052446666666666674,0.0023333333333333335,0.001,0.0008886666666666666,0.0,0.0,0.0052446666666666674,0.0052446666666666674,0.0023333333333333335,0.0023333333333333335,0.001,0.001,0.0008886666666666666,0.0008886666666666666
2059,12,6,8,0.0,0.0,0.0,0.0,0.0,0.0,0.0,0.0,0.0,0.0,0.0,0.0,0.0,0.0,0.0
2059,12,7,1,0.0,0.0,0.0,0.0,0.0,0.0,0.0,0.0,0.0,0.0,0.0,0.0,0.0,0.0,0.0
2059,12,7,2,0.0,0.0,0.0,0.0,0.0,0.0,0.0,0.0,0.0,0.0,0.0,0.0,0.0,0.0,0.0
2059,12,7,3,0.16632733333333335,0.08439366666666666,0.09190333333333334,0.102785,0.12853466666666666,0.16632733333333335,0.16632733333333335,0.08439366666666666,0.08439366666666666,0.09190333333333334,0.09190333333333334,0.102785,0.102785,0.12853466666666666,0.12853466666666666
2059,12,7,4,0.44113966666666665,0.38409566666666667,0.38367766666666664,0.3807203333333333,0.43412466666666666,0.44113966666666665,0.44113966666666665,0.38409566666666667,0.38409566666666667,0.38367766666666664,0.38367766666666664,0.3807203333333333,0.3807203333333333,0.43412466666666666,0.43412466666666666
2059,12,7,5,0.42063866666666666,0.4620086666666667,0.4139676666666667,0.41520433333333334,0.47260133333333326,0.42063866666666666,0.42063866666666666,0.4620086666666667,0.4620086666666667,0.4139676666666667,0.4139676666666667,0.41520433333333334,0.41520433333333334,0.47260133333333326,0.47260133333333326
2059,12,7,6,0.13266433333333333,0.223683,0.17638733333333334,0.181613,0.20612633333333333,0.13266433333333333,0.13266433333333333,0.223683,0.223683,0.17638733333333334,0.17638733333333334,0.181613,0.181613,0.20612633333333333,0.20612633333333333
2059,12,7,7,0.0,0.0052446666666666674,0.0023333333333333335,0.001,0.0008886666666666666,0.0,0.0,0.0052446666666666674,0.0052446666666666674,0.0023333333333333335,0.0023333333333333335,0.001,0.001,0.0008886666666666666,0.0008886666666666666
2059,12,7,8,0.0,0.0,0.0,0.0,0.0,0.0,0.0,0.0,0.0,0.0,0.0,0.0,0.0,0.0,0.0
2059,12,8,1,0.0,0.0,0.0,0.0,0.0,0.0,0.0,0.0,0.0,0.0,0.0,0.0,0.0,0.0,0.0
2059,12,8,2,0.0,0.0,0.0,0.0,0.0,0.0,0.0,0.0,0.0,0.0,0.0,0.0,0.0,0.0,0.0
2059,12,8,3,0.16632733333333335,0.08439366666666666,0.09190333333333334,0.102785,0.12853466666666666,0.16632733333333335,0.16632733333333335,0.08439366666666666,0.08439366666666666,0.09190333333333334,0.09190333333333334,0.102785,0.102785,0.12853466666666666,0.12853466666666666
2059,12,8,4,0.44113966666666665,0.38409566666666667,0.38367766666666664,0.3807203333333333,0.43412466666666666,0.44113966666666665,0.44113966666666665,0.38409566666666667,0.38409566666666667,0.38367766666666664,0.38367766666666664,0.3807203333333333,0.3807203333333333,0.43412466666666666,0.43412466666666666
2059,12,8,5,0.42063866666666666,0.4620086666666667,0.4139676666666667,0.41520433333333334,0.47260133333333326,0.42063866666666666,0.42063866666666666,0.4620086666666667,0.4620086666666667,0.4139676666666667,0.4139676666666667,0.41520433333333334,0.41520433333333334,0.47260133333333326,0.47260133333333326
2059,12,8,6,0.13266433333333333,0.223683,0.17638733333333334,0.181613,0.20612633333333333,0.13266433333333333,0.13266433333333333,0.223683,0.223683,0.17638733333333334,0.17638733333333334,0.181613,0.181613,0.20612633333333333,0.20612633333333333
2059,12,8,7,0.0,0.0052446666666666674,0.0023333333333333335,0.001,0.0008886666666666666,0.0,0.0,0.0052446666666666674,0.0052446666666666674,0.0023333333333333335,0.0023333333333333335,0.001,0.001,0.0008886666666666666,0.0008886666666666666
2059,12,8,8,0.0,0.0,0.0,0.0,0.0,0.0,0.0,0.0,0.0,0.0,0.0,0.0,0.0,0.0,0.0
2059,12,9,1,0.0,0.0,0.0,0.0,0.0,0.0,0.0,0.0,0.0,0.0,0.0,0.0,0.0,0.0,0.0
2059,12,9,2,0.0,0.0,0.0,0.0,0.0,0.0,0.0,0.0,0.0,0.0,0.0,0.0,0.0,0.0,0.0
2059,12,9,3,0.16632733333333335,0.08439366666666666,0.09190333333333334,0.102785,0.12853466666666666,0.16632733333333335,0.16632733333333335,0.08439366666666666,0.08439366666666666,0.09190333333333334,0.09190333333333334,0.102785,0.102785,0.12853466666666666,0.12853466666666666
2059,12,9,4,0.44113966666666665,0.38409566666666667,0.38367766666666664,0.3807203333333333,0.43412466666666666,0.44113966666666665,0.44113966666666665,0.38409566666666667,0.38409566666666667,0.38367766666666664,0.38367766666666664,0.3807203333333333,0.3807203333333333,0.43412466666666666,0.43412466666666666
2059,12,9,5,0.42063866666666666,0.4620086666666667,0.4139676666666667,0.41520433333333334,0.47260133333333326,0.42063866666666666,0.42063866666666666,0.4620086666666667,0.4620086666666667,0.4139676666666667,0.4139676666666667,0.41520433333333334,0.41520433333333334,0.47260133333333326,0.47260133333333326
2059,12,9,6,0.13266433333333333,0.223683,0.17638733333333334,0.181613,0.20612633333333333,0.13266433333333333,0.13266433333333333,0.223683,0.223683,0.17638733333333334,0.17638733333333334,0.181613,0.181613,0.20612633333333333,0.20612633333333333
2059,12,9,7,0.0,0.0052446666666666674,0.0023333333333333335,0.001,0.0008886666666666666,0.0,0.0,0.0052446666666666674,0.0052446666666666674,0.0023333333333333335,0.0023333333333333335,0.001,0.001,0.0008886666666666666,0.0008886666666666666
2059,12,9,8,0.0,0.0,0.0,0.0,0.0,0.0,0.0,0.0,0.0,0.0,0.0,0.0,0.0,0.0,0.0
2059,12,10,1,0.0,0.0,0.0,0.0,0.0,0.0,0.0,0.0,0.0,0.0,0.0,0.0,0.0,0.0,0.0
2059,12,10,2,0.0,0.0,0.0,0.0,0.0,0.0,0.0,0.0,0.0,0.0,0.0,0.0,0.0,0.0,0.0
2059,12,10,3,0.16632733333333335,0.08439366666666666,0.09190333333333334,0.102785,0.12853466666666666,0.16632733333333335,0.16632733333333335,0.08439366666666666,0.08439366666666666,0.09190333333333334,0.09190333333333334,0.102785,0.102785,0.12853466666666666,0.12853466666666666
2059,12,10,4,0.44113966666666665,0.38409566666666667,0.38367766666666664,0.3807203333333333,0.43412466666666666,0.44113966666666665,0.44113966666666665,0.38409566666666667,0.38409566666666667,0.38367766666666664,0.38367766666666664,0.3807203333333333,0.3807203333333333,0.43412466666666666,0.43412466666666666
2059,12,10,5,0.42063866666666666,0.4620086666666667,0.4139676666666667,0.41520433333333334,0.47260133333333326,0.42063866666666666,0.42063866666666666,0.4620086666666667,0.4620086666666667,0.4139676666666667,0.4139676666666667,0.41520433333333334,0.41520433333333334,0.47260133333333326,0.47260133333333326
2059,12,10,6,0.13266433333333333,0.223683,0.17638733333333334,0.181613,0.20612633333333333,0.13266433333333333,0.13266433333333333,0.223683,0.223683,0.17638733333333334,0.17638733333333334,0.181613,0.181613,0.20612633333333333,0.20612633333333333
2059,12,10,7,0.0,0.0052446666666666674,0.0023333333333333335,0.001,0.0008886666666666666,0.0,0.0,0.0052446666666666674,0.0052446666666666674,0.0023333333333333335,0.0023333333333333335,0.001,0.001,0.0008886666666666666,0.0008886666666666666
2059,12,10,8,0.0,0.0,0.0,0.0,0.0,0.0,0.0,0.0,0.0,0.0,0.0,0.0,0.0,0.0,0.0
2059,12,11,1,0.0,0.0,0.0,0.0,0.0,0.0,0.0,0.0,0.0,0.0,0.0,0.0,0.0,0.0,0.0
2059,12,11,2,0.0,0.0,0.0,0.0,0.0,0.0,0.0,0.0,0.0,0.0,0.0,0.0,0.0,0.0,0.0
2059,12,11,3,0.16632733333333335,0.08439366666666666,0.09190333333333334,0.102785,0.12853466666666666,0.16632733333333335,0.16632733333333335,0.08439366666666666,0.08439366666666666,0.09190333333333334,0.09190333333333334,0.102785,0.102785,0.12853466666666666,0.12853466666666666
2059,12,11,4,0.44113966666666665,0.38409566666666667,0.38367766666666664,0.3807203333333333,0.43412466666666666,0.44113966666666665,0.44113966666666665,0.38409566666666667,0.38409566666666667,0.38367766666666664,0.38367766666666664,0.3807203333333333,0.3807203333333333,0.43412466666666666,0.43412466666666666
2059,12,11,5,0.42063866666666666,0.4620086666666667,0.4139676666666667,0.41520433333333334,0.47260133333333326,0.42063866666666666,0.42063866666666666,0.4620086666666667,0.4620086666666667,0.4139676666666667,0.4139676666666667,0.41520433333333334,0.41520433333333334,0.47260133333333326,0.47260133333333326
2059,12,11,6,0.13266433333333333,0.223683,0.17638733333333334,0.181613,0.20612633333333333,0.13266433333333333,0.13266433333333333,0.223683,0.223683,0.17638733333333334,0.17638733333333334,0.181613,0.181613,0.20612633333333333,0.20612633333333333
2059,12,11,7,0.0,0.0052446666666666674,0.0023333333333333335,0.001,0.0008886666666666666,0.0,0.0,0.0052446666666666674,0.0052446666666666674,0.0023333333333333335,0.0023333333333333335,0.001,0.001,0.0008886666666666666,0.0008886666666666666
2059,12,11,8,0.0,0.0,0.0,0.0,0.0,0.0,0.0,0.0,0.0,0.0,0.0,0.0,0.0,0.0,0.0
2059,12,12,1,0.0,0.0,0.0,0.0,0.0,0.0,0.0,0.0,0.0,0.0,0.0,0.0,0.0,0.0,0.0
2059,12,12,2,0.0,0.0,0.0,0.0,0.0,0.0,0.0,0.0,0.0,0.0,0.0,0.0,0.0,0.0,0.0
2059,12,12,3,0.16632733333333335,0.08439366666666666,0.09190333333333334,0.102785,0.12853466666666666,0.16632733333333335,0.16632733333333335,0.08439366666666666,0.08439366666666666,0.09190333333333334,0.09190333333333334,0.102785,0.102785,0.12853466666666666,0.12853466666666666
2059,12,12,4,0.44113966666666665,0.38409566666666667,0.38367766666666664,0.3807203333333333,0.43412466666666666,0.44113966666666665,0.44113966666666665,0.38409566666666667,0.38409566666666667,0.38367766666666664,0.38367766666666664,0.3807203333333333,0.3807203333333333,0.43412466666666666,0.43412466666666666
2059,12,12,5,0.42063866666666666,0.4620086666666667,0.4139676666666667,0.41520433333333334,0.47260133333333326,0.42063866666666666,0.42063866666666666,0.4620086666666667,0.4620086666666667,0.4139676666666667,0.4139676666666667,0.41520433333333334,0.41520433333333334,0.47260133333333326,0.47260133333333326
2059,12,12,6,0.13266433333333333,0.223683,0.17638733333333334,0.181613,0.20612633333333333,0.13266433333333333,0.13266433333333333,0.223683,0.223683,0.17638733333333334,0.17638733333333334,0.181613,0.181613,0.20612633333333333,0.20612633333333333
2059,12,12,7,0.0,0.0052446666666666674,0.0023333333333333335,0.001,0.0008886666666666666,0.0,0.0,0.0052446666666666674,0.0052446666666666674,0.0023333333333333335,0.0023333333333333335,0.001,0.001,0.0008886666666666666,0.0008886666666666666
2059,12,12,8,0.0,0.0,0.0,0.0,0.0,0.0,0.0,0.0,0.0,0.0,0.0,0.0,0.0,0.0,0.0
2059,12,13,1,0.0,0.0,0.0,0.0,0.0,0.0,0.0,0.0,0.0,0.0,0.0,0.0,0.0,0.0,0.0
2059,12,13,2,0.0,0.0,0.0,0.0,0.0,0.0,0.0,0.0,0.0,0.0,0.0,0.0,0.0,0.0,0.0
2059,12,13,3,0.16632733333333335,0.08439366666666666,0.09190333333333334,0.102785,0.12853466666666666,0.16632733333333335,0.16632733333333335,0.08439366666666666,0.08439366666666666,0.09190333333333334,0.09190333333333334,0.102785,0.102785,0.12853466666666666,0.12853466666666666
2059,12,13,4,0.44113966666666665,0.38409566666666667,0.38367766666666664,0.3807203333333333,0.43412466666666666,0.44113966666666665,0.44113966666666665,0.38409566666666667,0.38409566666666667,0.38367766666666664,0.38367766666666664,0.3807203333333333,0.3807203333333333,0.43412466666666666,0.43412466666666666
2059,12,13,5,0.42063866666666666,0.4620086666666667,0.4139676666666667,0.41520433333333334,0.47260133333333326,0.42063866666666666,0.42063866666666666,0.4620086666666667,0.4620086666666667,0.4139676666666667,0.4139676666666667,0.41520433333333334,0.41520433333333334,0.47260133333333326,0.47260133333333326
2059,12,13,6,0.13266433333333333,0.223683,0.17638733333333334,0.181613,0.20612633333333333,0.13266433333333333,0.13266433333333333,0.223683,0.223683,0.17638733333333334,0.17638733333333334,0.181613,0.181613,0.20612633333333333,0.20612633333333333
2059,12,13,7,0.0,0.0052446666666666674,0.0023333333333333335,0.001,0.0008886666666666666,0.0,0.0,0.0052446666666666674,0.0052446666666666674,0.0023333333333333335,0.0023333333333333335,0.001,0.001,0.0008886666666666666,0.0008886666666666666
2059,12,13,8,0.0,0.0,0.0,0.0,0.0,0.0,0.0,0.0,0.0,0.0,0.0,0.0,0.0,0.0,0.0
2059,12,14,1,0.0,0.0,0.0,0.0,0.0,0.0,0.0,0.0,0.0,0.0,0.0,0.0,0.0,0.0,0.0
2059,12,14,2,0.0,0.0,0.0,0.0,0.0,0.0,0.0,0.0,0.0,0.0,0.0,0.0,0.0,0.0,0.0
2059,12,14,3,0.16632733333333335,0.08439366666666666,0.09190333333333334,0.102785,0.12853466666666666,0.16632733333333335,0.16632733333333335,0.08439366666666666,0.08439366666666666,0.09190333333333334,0.09190333333333334,0.102785,0.102785,0.12853466666666666,0.12853466666666666
2059,12,14,4,0.44113966666666665,0.38409566666666667,0.38367766666666664,0.3807203333333333,0.43412466666666666,0.44113966666666665,0.44113966666666665,0.38409566666666667,0.38409566666666667,0.38367766666666664,0.38367766666666664,0.3807203333333333,0.3807203333333333,0.43412466666666666,0.43412466666666666
2059,12,14,5,0.42063866666666666,0.4620086666666667,0.4139676666666667,0.41520433333333334,0.47260133333333326,0.42063866666666666,0.42063866666666666,0.4620086666666667,0.4620086666666667,0.4139676666666667,0.4139676666666667,0.41520433333333334,0.41520433333333334,0.47260133333333326,0.47260133333333326
2059,12,14,6,0.13266433333333333,0.223683,0.17638733333333334,0.181613,0.20612633333333333,0.13266433333333333,0.13266433333333333,0.223683,0.223683,0.17638733333333334,0.17638733333333334,0.181613,0.181613,0.20612633333333333,0.20612633333333333
2059,12,14,7,0.0,0.0052446666666666674,0.0023333333333333335,0.001,0.0008886666666666666,0.0,0.0,0.0052446666666666674,0.0052446666666666674,0.0023333333333333335,0.0023333333333333335,0.001,0.001,0.0008886666666666666,0.0008886666666666666
2059,12,14,8,0.0,0.0,0.0,0.0,0.0,0.0,0.0,0.0,0.0,0.0,0.0,0.0,0.0,0.0,0.0
2059,12,15,1,0.0,0.0,0.0,0.0,0.0,0.0,0.0,0.0,0.0,0.0,0.0,0.0,0.0,0.0,0.0
2059,12,15,2,0.0,0.0,0.0,0.0,0.0,0.0,0.0,0.0,0.0,0.0,0.0,0.0,0.0,0.0,0.0
2059,12,15,3,0.16632733333333335,0.08439366666666666,0.09190333333333334,0.102785,0.12853466666666666,0.16632733333333335,0.16632733333333335,0.08439366666666666,0.08439366666666666,0.09190333333333334,0.09190333333333334,0.102785,0.102785,0.12853466666666666,0.12853466666666666
2059,12,15,4,0.44113966666666665,0.38409566666666667,0.38367766666666664,0.3807203333333333,0.43412466666666666,0.44113966666666665,0.44113966666666665,0.38409566666666667,0.38409566666666667,0.38367766666666664,0.38367766666666664,0.3807203333333333,0.3807203333333333,0.43412466666666666,0.43412466666666666
2059,12,15,5,0.42063866666666666,0.4620086666666667,0.4139676666666667,0.41520433333333334,0.47260133333333326,0.42063866666666666,0.42063866666666666,0.4620086666666667,0.4620086666666667,0.4139676666666667,0.4139676666666667,0.41520433333333334,0.41520433333333334,0.47260133333333326,0.47260133333333326
2059,12,15,6,0.13266433333333333,0.223683,0.17638733333333334,0.181613,0.20612633333333333,0.13266433333333333,0.13266433333333333,0.223683,0.223683,0.17638733333333334,0.17638733333333334,0.181613,0.181613,0.20612633333333333,0.20612633333333333
2059,12,15,7,0.0,0.0052446666666666674,0.0023333333333333335,0.001,0.0008886666666666666,0.0,0.0,0.0052446666666666674,0.0052446666666666674,0.0023333333333333335,0.0023333333333333335,0.001,0.001,0.0008886666666666666,0.0008886666666666666
2059,12,15,8,0.0,0.0,0.0,0.0,0.0,0.0,0.0,0.0,0.0,0.0,0.0,0.0,0.0,0.0,0.0
2059,12,16,1,0.0,0.0,0.0,0.0,0.0,0.0,0.0,0.0,0.0,0.0,0.0,0.0,0.0,0.0,0.0
2059,12,16,2,0.0,0.0,0.0,0.0,0.0,0.0,0.0,0.0,0.0,0.0,0.0,0.0,0.0,0.0,0.0
2059,12,16,3,0.16632733333333335,0.08439366666666666,0.09190333333333334,0.102785,0.12853466666666666,0.16632733333333335,0.16632733333333335,0.08439366666666666,0.08439366666666666,0.09190333333333334,0.09190333333333334,0.102785,0.102785,0.12853466666666666,0.12853466666666666
2059,12,16,4,0.44113966666666665,0.38409566666666667,0.38367766666666664,0.3807203333333333,0.43412466666666666,0.44113966666666665,0.44113966666666665,0.38409566666666667,0.38409566666666667,0.38367766666666664,0.38367766666666664,0.3807203333333333,0.3807203333333333,0.43412466666666666,0.43412466666666666
2059,12,16,5,0.42063866666666666,0.4620086666666667,0.4139676666666667,0.41520433333333334,0.47260133333333326,0.42063866666666666,0.42063866666666666,0.4620086666666667,0.4620086666666667,0.4139676666666667,0.4139676666666667,0.41520433333333334,0.41520433333333334,0.47260133333333326,0.47260133333333326
2059,12,16,6,0.13266433333333333,0.223683,0.17638733333333334,0.181613,0.20612633333333333,0.13266433333333333,0.13266433333333333,0.223683,0.223683,0.17638733333333334,0.17638733333333334,0.181613,0.181613,0.20612633333333333,0.20612633333333333
2059,12,16,7,0.0,0.0052446666666666674,0.0023333333333333335,0.001,0.0008886666666666666,0.0,0.0,0.0052446666666666674,0.0052446666666666674,0.0023333333333333335,0.0023333333333333335,0.001,0.001,0.0008886666666666666,0.0008886666666666666
2059,12,16,8,0.0,0.0,0.0,0.0,0.0,0.0,0.0,0.0,0.0,0.0,0.0,0.0,0.0,0.0,0.0
2059,12,17,1,0.0,0.0,0.0,0.0,0.0,0.0,0.0,0.0,0.0,0.0,0.0,0.0,0.0,0.0,0.0
2059,12,17,2,0.0,0.0,0.0,0.0,0.0,0.0,0.0,0.0,0.0,0.0,0.0,0.0,0.0,0.0,0.0
2059,12,17,3,0.16632733333333335,0.08439366666666666,0.09190333333333334,0.102785,0.12853466666666666,0.16632733333333335,0.16632733333333335,0.08439366666666666,0.08439366666666666,0.09190333333333334,0.09190333333333334,0.102785,0.102785,0.12853466666666666,0.12853466666666666
2059,12,17,4,0.44113966666666665,0.38409566666666667,0.38367766666666664,0.3807203333333333,0.43412466666666666,0.44113966666666665,0.44113966666666665,0.38409566666666667,0.38409566666666667,0.38367766666666664,0.38367766666666664,0.3807203333333333,0.3807203333333333,0.43412466666666666,0.43412466666666666
2059,12,17,5,0.42063866666666666,0.4620086666666667,0.4139676666666667,0.41520433333333334,0.47260133333333326,0.42063866666666666,0.42063866666666666,0.4620086666666667,0.4620086666666667,0.4139676666666667,0.4139676666666667,0.41520433333333334,0.41520433333333334,0.47260133333333326,0.47260133333333326
2059,12,17,6,0.13266433333333333,0.223683,0.17638733333333334,0.181613,0.20612633333333333,0.13266433333333333,0.13266433333333333,0.223683,0.223683,0.17638733333333334,0.17638733333333334,0.181613,0.181613,0.20612633333333333,0.20612633333333333
2059,12,17,7,0.0,0.0052446666666666674,0.0023333333333333335,0.001,0.0008886666666666666,0.0,0.0,0.0052446666666666674,0.0052446666666666674,0.0023333333333333335,0.0023333333333333335,0.001,0.001,0.0008886666666666666,0.0008886666666666666
2059,12,17,8,0.0,0.0,0.0,0.0,0.0,0.0,0.0,0.0,0.0,0.0,0.0,0.0,0.0,0.0,0.0
2059,12,18,1,0.0,0.0,0.0,0.0,0.0,0.0,0.0,0.0,0.0,0.0,0.0,0.0,0.0,0.0,0.0
2059,12,18,2,0.0,0.0,0.0,0.0,0.0,0.0,0.0,0.0,0.0,0.0,0.0,0.0,0.0,0.0,0.0
2059,12,18,3,0.16632733333333335,0.08439366666666666,0.09190333333333334,0.102785,0.12853466666666666,0.16632733333333335,0.16632733333333335,0.08439366666666666,0.08439366666666666,0.09190333333333334,0.09190333333333334,0.102785,0.102785,0.12853466666666666,0.12853466666666666
2059,12,18,4,0.44113966666666665,0.38409566666666667,0.38367766666666664,0.3807203333333333,0.43412466666666666,0.44113966666666665,0.44113966666666665,0.38409566666666667,0.38409566666666667,0.38367766666666664,0.38367766666666664,0.3807203333333333,0.3807203333333333,0.43412466666666666,0.43412466666666666
2059,12,18,5,0.42063866666666666,0.4620086666666667,0.4139676666666667,0.41520433333333334,0.47260133333333326,0.42063866666666666,0.42063866666666666,0.4620086666666667,0.4620086666666667,0.4139676666666667,0.4139676666666667,0.41520433333333334,0.41520433333333334,0.47260133333333326,0.47260133333333326
2059,12,18,6,0.13266433333333333,0.223683,0.17638733333333334,0.181613,0.20612633333333333,0.13266433333333333,0.13266433333333333,0.223683,0.223683,0.17638733333333334,0.17638733333333334,0.181613,0.181613,0.20612633333333333,0.20612633333333333
2059,12,18,7,0.0,0.0052446666666666674,0.0023333333333333335,0.001,0.0008886666666666666,0.0,0.0,0.0052446666666666674,0.0052446666666666674,0.0023333333333333335,0.0023333333333333335,0.001,0.001,0.0008886666666666666,0.0008886666666666666
2059,12,18,8,0.0,0.0,0.0,0.0,0.0,0.0,0.0,0.0,0.0,0.0,0.0,0.0,0.0,0.0,0.0
2059,12,19,1,0.0,0.0,0.0,0.0,0.0,0.0,0.0,0.0,0.0,0.0,0.0,0.0,0.0,0.0,0.0
2059,12,19,2,0.0,0.0,0.0,0.0,0.0,0.0,0.0,0.0,0.0,0.0,0.0,0.0,0.0,0.0,0.0
2059,12,19,3,0.16632733333333335,0.08439366666666666,0.09190333333333334,0.102785,0.12853466666666666,0.16632733333333335,0.16632733333333335,0.08439366666666666,0.08439366666666666,0.09190333333333334,0.09190333333333334,0.102785,0.102785,0.12853466666666666,0.12853466666666666
2059,12,19,4,0.44113966666666665,0.38409566666666667,0.38367766666666664,0.3807203333333333,0.43412466666666666,0.44113966666666665,0.44113966666666665,0.38409566666666667,0.38409566666666667,0.38367766666666664,0.38367766666666664,0.3807203333333333,0.3807203333333333,0.43412466666666666,0.43412466666666666
2059,12,19,5,0.42063866666666666,0.4620086666666667,0.4139676666666667,0.41520433333333334,0.47260133333333326,0.42063866666666666,0.42063866666666666,0.4620086666666667,0.4620086666666667,0.4139676666666667,0.4139676666666667,0.41520433333333334,0.41520433333333334,0.47260133333333326,0.47260133333333326
2059,12,19,6,0.13266433333333333,0.223683,0.17638733333333334,0.181613,0.20612633333333333,0.13266433333333333,0.13266433333333333,0.223683,0.223683,0.17638733333333334,0.17638733333333334,0.181613,0.181613,0.20612633333333333,0.20612633333333333
2059,12,19,7,0.0,0.0052446666666666674,0.0023333333333333335,0.001,0.0008886666666666666,0.0,0.0,0.0052446666666666674,0.0052446666666666674,0.0023333333333333335,0.0023333333333333335,0.001,0.001,0.0008886666666666666,0.0008886666666666666
2059,12,19,8,0.0,0.0,0.0,0.0,0.0,0.0,0.0,0.0,0.0,0.0,0.0,0.0,0.0,0.0,0.0
2059,12,20,1,0.0,0.0,0.0,0.0,0.0,0.0,0.0,0.0,0.0,0.0,0.0,0.0,0.0,0.0,0.0
2059,12,20,2,0.0,0.0,0.0,0.0,0.0,0.0,0.0,0.0,0.0,0.0,0.0,0.0,0.0,0.0,0.0
2059,12,20,3,0.16632733333333335,0.08439366666666666,0.09190333333333334,0.102785,0.12853466666666666,0.16632733333333335,0.16632733333333335,0.08439366666666666,0.08439366666666666,0.09190333333333334,0.09190333333333334,0.102785,0.102785,0.12853466666666666,0.12853466666666666
2059,12,20,4,0.44113966666666665,0.38409566666666667,0.38367766666666664,0.3807203333333333,0.43412466666666666,0.44113966666666665,0.44113966666666665,0.38409566666666667,0.38409566666666667,0.38367766666666664,0.38367766666666664,0.3807203333333333,0.3807203333333333,0.43412466666666666,0.43412466666666666
2059,12,20,5,0.42063866666666666,0.4620086666666667,0.4139676666666667,0.41520433333333334,0.47260133333333326,0.42063866666666666,0.42063866666666666,0.4620086666666667,0.4620086666666667,0.4139676666666667,0.4139676666666667,0.41520433333333334,0.41520433333333334,0.47260133333333326,0.47260133333333326
2059,12,20,6,0.13266433333333333,0.223683,0.17638733333333334,0.181613,0.20612633333333333,0.13266433333333333,0.13266433333333333,0.223683,0.223683,0.17638733333333334,0.17638733333333334,0.181613,0.181613,0.20612633333333333,0.20612633333333333
2059,12,20,7,0.0,0.0052446666666666674,0.0023333333333333335,0.001,0.0008886666666666666,0.0,0.0,0.0052446666666666674,0.0052446666666666674,0.0023333333333333335,0.0023333333333333335,0.001,0.001,0.0008886666666666666,0.0008886666666666666
2059,12,20,8,0.0,0.0,0.0,0.0,0.0,0.0,0.0,0.0,0.0,0.0,0.0,0.0,0.0,0.0,0.0
2059,12,21,1,0.0,0.0,0.0,0.0,0.0,0.0,0.0,0.0,0.0,0.0,0.0,0.0,0.0,0.0,0.0
2059,12,21,2,0.0,0.0,0.0,0.0,0.0,0.0,0.0,0.0,0.0,0.0,0.0,0.0,0.0,0.0,0.0
2059,12,21,3,0.16632733333333335,0.08439366666666666,0.09190333333333334,0.102785,0.12853466666666666,0.16632733333333335,0.16632733333333335,0.08439366666666666,0.08439366666666666,0.09190333333333334,0.09190333333333334,0.102785,0.102785,0.12853466666666666,0.12853466666666666
2059,12,21,4,0.44113966666666665,0.38409566666666667,0.38367766666666664,0.3807203333333333,0.43412466666666666,0.44113966666666665,0.44113966666666665,0.38409566666666667,0.38409566666666667,0.38367766666666664,0.38367766666666664,0.3807203333333333,0.3807203333333333,0.43412466666666666,0.43412466666666666
2059,12,21,5,0.42063866666666666,0.4620086666666667,0.4139676666666667,0.41520433333333334,0.47260133333333326,0.42063866666666666,0.42063866666666666,0.4620086666666667,0.4620086666666667,0.4139676666666667,0.4139676666666667,0.41520433333333334,0.41520433333333334,0.47260133333333326,0.47260133333333326
2059,12,21,6,0.13266433333333333,0.223683,0.17638733333333334,0.181613,0.20612633333333333,0.13266433333333333,0.13266433333333333,0.223683,0.223683,0.17638733333333334,0.17638733333333334,0.181613,0.181613,0.20612633333333333,0.20612633333333333
2059,12,21,7,0.0,0.0052446666666666674,0.0023333333333333335,0.001,0.0008886666666666666,0.0,0.0,0.0052446666666666674,0.0052446666666666674,0.0023333333333333335,0.0023333333333333335,0.001,0.001,0.0008886666666666666,0.0008886666666666666
2059,12,21,8,0.0,0.0,0.0,0.0,0.0,0.0,0.0,0.0,0.0,0.0,0.0,0.0,0.0,0.0,0.0
2059,12,22,1,0.0,0.0,0.0,0.0,0.0,0.0,0.0,0.0,0.0,0.0,0.0,0.0,0.0,0.0,0.0
2059,12,22,2,0.0,0.0,0.0,0.0,0.0,0.0,0.0,0.0,0.0,0.0,0.0,0.0,0.0,0.0,0.0
2059,12,22,3,0.16632733333333335,0.08439366666666666,0.09190333333333334,0.102785,0.12853466666666666,0.16632733333333335,0.16632733333333335,0.08439366666666666,0.08439366666666666,0.09190333333333334,0.09190333333333334,0.102785,0.102785,0.12853466666666666,0.12853466666666666
2059,12,22,4,0.44113966666666665,0.38409566666666667,0.38367766666666664,0.3807203333333333,0.43412466666666666,0.44113966666666665,0.44113966666666665,0.38409566666666667,0.38409566666666667,0.38367766666666664,0.38367766666666664,0.3807203333333333,0.3807203333333333,0.43412466666666666,0.43412466666666666
2059,12,22,5,0.42063866666666666,0.4620086666666667,0.4139676666666667,0.41520433333333334,0.47260133333333326,0.42063866666666666,0.42063866666666666,0.4620086666666667,0.4620086666666667,0.4139676666666667,0.4139676666666667,0.41520433333333334,0.41520433333333334,0.47260133333333326,0.47260133333333326
2059,12,22,6,0.13266433333333333,0.223683,0.17638733333333334,0.181613,0.20612633333333333,0.13266433333333333,0.13266433333333333,0.223683,0.223683,0.17638733333333334,0.17638733333333334,0.181613,0.181613,0.20612633333333333,0.20612633333333333
2059,12,22,7,0.0,0.0052446666666666674,0.0023333333333333335,0.001,0.0008886666666666666,0.0,0.0,0.0052446666666666674,0.0052446666666666674,0.0023333333333333335,0.0023333333333333335,0.001,0.001,0.0008886666666666666,0.0008886666666666666
2059,12,22,8,0.0,0.0,0.0,0.0,0.0,0.0,0.0,0.0,0.0,0.0,0.0,0.0,0.0,0.0,0.0
2059,12,23,1,0.0,0.0,0.0,0.0,0.0,0.0,0.0,0.0,0.0,0.0,0.0,0.0,0.0,0.0,0.0
2059,12,23,2,0.0,0.0,0.0,0.0,0.0,0.0,0.0,0.0,0.0,0.0,0.0,0.0,0.0,0.0,0.0
2059,12,23,3,0.16632733333333335,0.08439366666666666,0.09190333333333334,0.102785,0.12853466666666666,0.16632733333333335,0.16632733333333335,0.08439366666666666,0.08439366666666666,0.09190333333333334,0.09190333333333334,0.102785,0.102785,0.12853466666666666,0.12853466666666666
2059,12,23,4,0.44113966666666665,0.38409566666666667,0.38367766666666664,0.3807203333333333,0.43412466666666666,0.44113966666666665,0.44113966666666665,0.38409566666666667,0.38409566666666667,0.38367766666666664,0.38367766666666664,0.3807203333333333,0.3807203333333333,0.43412466666666666,0.43412466666666666
2059,12,23,5,0.42063866666666666,0.4620086666666667,0.4139676666666667,0.41520433333333334,0.47260133333333326,0.42063866666666666,0.42063866666666666,0.4620086666666667,0.4620086666666667,0.4139676666666667,0.4139676666666667,0.41520433333333334,0.41520433333333334,0.47260133333333326,0.47260133333333326
2059,12,23,6,0.13266433333333333,0.223683,0.17638733333333334,0.181613,0.20612633333333333,0.13266433333333333,0.13266433333333333,0.223683,0.223683,0.17638733333333334,0.17638733333333334,0.181613,0.181613,0.20612633333333333,0.20612633333333333
2059,12,23,7,0.0,0.0052446666666666674,0.0023333333333333335,0.001,0.0008886666666666666,0.0,0.0,0.0052446666666666674,0.0052446666666666674,0.0023333333333333335,0.0023333333333333335,0.001,0.001,0.0008886666666666666,0.0008886666666666666
2059,12,23,8,0.0,0.0,0.0,0.0,0.0,0.0,0.0,0.0,0.0,0.0,0.0,0.0,0.0,0.0,0.0
2059,12,24,1,0.0,0.0,0.0,0.0,0.0,0.0,0.0,0.0,0.0,0.0,0.0,0.0,0.0,0.0,0.0
2059,12,24,2,0.0,0.0,0.0,0.0,0.0,0.0,0.0,0.0,0.0,0.0,0.0,0.0,0.0,0.0,0.0
2059,12,24,3,0.16632733333333335,0.08439366666666666,0.09190333333333334,0.102785,0.12853466666666666,0.16632733333333335,0.16632733333333335,0.08439366666666666,0.08439366666666666,0.09190333333333334,0.09190333333333334,0.102785,0.102785,0.12853466666666666,0.12853466666666666
2059,12,24,4,0.44113966666666665,0.38409566666666667,0.38367766666666664,0.3807203333333333,0.43412466666666666,0.44113966666666665,0.44113966666666665,0.38409566666666667,0.38409566666666667,0.38367766666666664,0.38367766666666664,0.3807203333333333,0.3807203333333333,0.43412466666666666,0.43412466666666666
2059,12,24,5,0.42063866666666666,0.4620086666666667,0.4139676666666667,0.41520433333333334,0.47260133333333326,0.42063866666666666,0.42063866666666666,0.4620086666666667,0.4620086666666667,0.4139676666666667,0.4139676666666667,0.41520433333333334,0.41520433333333334,0.47260133333333326,0.47260133333333326
2059,12,24,6,0.13266433333333333,0.223683,0.17638733333333334,0.181613,0.20612633333333333,0.13266433333333333,0.13266433333333333,0.223683,0.223683,0.17638733333333334,0.17638733333333334,0.181613,0.181613,0.20612633333333333,0.20612633333333333
2059,12,24,7,0.0,0.0052446666666666674,0.0023333333333333335,0.001,0.0008886666666666666,0.0,0.0,0.0052446666666666674,0.0052446666666666674,0.0023333333333333335,0.0023333333333333335,0.001,0.001,0.0008886666666666666,0.0008886666666666666
2059,12,24,8,0.0,0.0,0.0,0.0,0.0,0.0,0.0,0.0,0.0,0.0,0.0,0.0,0.0,0.0,0.0
2059,12,25,1,0.0,0.0,0.0,0.0,0.0,0.0,0.0,0.0,0.0,0.0,0.0,0.0,0.0,0.0,0.0
2059,12,25,2,0.0,0.0,0.0,0.0,0.0,0.0,0.0,0.0,0.0,0.0,0.0,0.0,0.0,0.0,0.0
2059,12,25,3,0.16632733333333335,0.08439366666666666,0.09190333333333334,0.102785,0.12853466666666666,0.16632733333333335,0.16632733333333335,0.08439366666666666,0.08439366666666666,0.09190333333333334,0.09190333333333334,0.102785,0.102785,0.12853466666666666,0.12853466666666666
2059,12,25,4,0.44113966666666665,0.38409566666666667,0.38367766666666664,0.3807203333333333,0.43412466666666666,0.44113966666666665,0.44113966666666665,0.38409566666666667,0.38409566666666667,0.38367766666666664,0.38367766666666664,0.3807203333333333,0.3807203333333333,0.43412466666666666,0.43412466666666666
2059,12,25,5,0.42063866666666666,0.4620086666666667,0.4139676666666667,0.41520433333333334,0.47260133333333326,0.42063866666666666,0.42063866666666666,0.4620086666666667,0.4620086666666667,0.4139676666666667,0.4139676666666667,0.41520433333333334,0.41520433333333334,0.47260133333333326,0.47260133333333326
2059,12,25,6,0.13266433333333333,0.223683,0.17638733333333334,0.181613,0.20612633333333333,0.13266433333333333,0.13266433333333333,0.223683,0.223683,0.17638733333333334,0.17638733333333334,0.181613,0.181613,0.20612633333333333,0.20612633333333333
2059,12,25,7,0.0,0.0052446666666666674,0.0023333333333333335,0.001,0.0008886666666666666,0.0,0.0,0.0052446666666666674,0.0052446666666666674,0.0023333333333333335,0.0023333333333333335,0.001,0.001,0.0008886666666666666,0.0008886666666666666
2059,12,25,8,0.0,0.0,0.0,0.0,0.0,0.0,0.0,0.0,0.0,0.0,0.0,0.0,0.0,0.0,0.0
2059,12,26,1,0.0,0.0,0.0,0.0,0.0,0.0,0.0,0.0,0.0,0.0,0.0,0.0,0.0,0.0,0.0
2059,12,26,2,0.0,0.0,0.0,0.0,0.0,0.0,0.0,0.0,0.0,0.0,0.0,0.0,0.0,0.0,0.0
2059,12,26,3,0.16632733333333335,0.08439366666666666,0.09190333333333334,0.102785,0.12853466666666666,0.16632733333333335,0.16632733333333335,0.08439366666666666,0.08439366666666666,0.09190333333333334,0.09190333333333334,0.102785,0.102785,0.12853466666666666,0.12853466666666666
2059,12,26,4,0.44113966666666665,0.38409566666666667,0.38367766666666664,0.3807203333333333,0.43412466666666666,0.44113966666666665,0.44113966666666665,0.38409566666666667,0.38409566666666667,0.38367766666666664,0.38367766666666664,0.3807203333333333,0.3807203333333333,0.43412466666666666,0.43412466666666666
2059,12,26,5,0.42063866666666666,0.4620086666666667,0.4139676666666667,0.41520433333333334,0.47260133333333326,0.42063866666666666,0.42063866666666666,0.4620086666666667,0.4620086666666667,0.4139676666666667,0.4139676666666667,0.41520433333333334,0.41520433333333334,0.47260133333333326,0.47260133333333326
2059,12,26,6,0.13266433333333333,0.223683,0.17638733333333334,0.181613,0.20612633333333333,0.13266433333333333,0.13266433333333333,0.223683,0.223683,0.17638733333333334,0.17638733333333334,0.181613,0.181613,0.20612633333333333,0.20612633333333333
2059,12,26,7,0.0,0.0052446666666666674,0.0023333333333333335,0.001,0.0008886666666666666,0.0,0.0,0.0052446666666666674,0.0052446666666666674,0.0023333333333333335,0.0023333333333333335,0.001,0.001,0.0008886666666666666,0.0008886666666666666
2059,12,26,8,0.0,0.0,0.0,0.0,0.0,0.0,0.0,0.0,0.0,0.0,0.0,0.0,0.0,0.0,0.0
2059,12,27,1,0.0,0.0,0.0,0.0,0.0,0.0,0.0,0.0,0.0,0.0,0.0,0.0,0.0,0.0,0.0
2059,12,27,2,0.0,0.0,0.0,0.0,0.0,0.0,0.0,0.0,0.0,0.0,0.0,0.0,0.0,0.0,0.0
2059,12,27,3,0.16632733333333335,0.08439366666666666,0.09190333333333334,0.102785,0.12853466666666666,0.16632733333333335,0.16632733333333335,0.08439366666666666,0.08439366666666666,0.09190333333333334,0.09190333333333334,0.102785,0.102785,0.12853466666666666,0.12853466666666666
2059,12,27,4,0.44113966666666665,0.38409566666666667,0.38367766666666664,0.3807203333333333,0.43412466666666666,0.44113966666666665,0.44113966666666665,0.38409566666666667,0.38409566666666667,0.38367766666666664,0.38367766666666664,0.3807203333333333,0.3807203333333333,0.43412466666666666,0.43412466666666666
2059,12,27,5,0.42063866666666666,0.4620086666666667,0.4139676666666667,0.41520433333333334,0.47260133333333326,0.42063866666666666,0.42063866666666666,0.4620086666666667,0.4620086666666667,0.4139676666666667,0.4139676666666667,0.41520433333333334,0.41520433333333334,0.47260133333333326,0.47260133333333326
2059,12,27,6,0.13266433333333333,0.223683,0.17638733333333334,0.181613,0.20612633333333333,0.13266433333333333,0.13266433333333333,0.223683,0.223683,0.17638733333333334,0.17638733333333334,0.181613,0.181613,0.20612633333333333,0.20612633333333333
2059,12,27,7,0.0,0.0052446666666666674,0.0023333333333333335,0.001,0.0008886666666666666,0.0,0.0,0.0052446666666666674,0.0052446666666666674,0.0023333333333333335,0.0023333333333333335,0.001,0.001,0.0008886666666666666,0.0008886666666666666
2059,12,27,8,0.0,0.0,0.0,0.0,0.0,0.0,0.0,0.0,0.0,0.0,0.0,0.0,0.0,0.0,0.0
2059,12,28,1,0.0,0.0,0.0,0.0,0.0,0.0,0.0,0.0,0.0,0.0,0.0,0.0,0.0,0.0,0.0
2059,12,28,2,0.0,0.0,0.0,0.0,0.0,0.0,0.0,0.0,0.0,0.0,0.0,0.0,0.0,0.0,0.0
2059,12,28,3,0.16632733333333335,0.08439366666666666,0.09190333333333334,0.102785,0.12853466666666666,0.16632733333333335,0.16632733333333335,0.08439366666666666,0.08439366666666666,0.09190333333333334,0.09190333333333334,0.102785,0.102785,0.12853466666666666,0.12853466666666666
2059,12,28,4,0.44113966666666665,0.38409566666666667,0.38367766666666664,0.3807203333333333,0.43412466666666666,0.44113966666666665,0.44113966666666665,0.38409566666666667,0.38409566666666667,0.38367766666666664,0.38367766666666664,0.3807203333333333,0.3807203333333333,0.43412466666666666,0.43412466666666666
2059,12,28,5,0.42063866666666666,0.4620086666666667,0.4139676666666667,0.41520433333333334,0.47260133333333326,0.42063866666666666,0.42063866666666666,0.4620086666666667,0.4620086666666667,0.4139676666666667,0.4139676666666667,0.41520433333333334,0.41520433333333334,0.47260133333333326,0.47260133333333326
2059,12,28,6,0.13266433333333333,0.223683,0.17638733333333334,0.181613,0.20612633333333333,0.13266433333333333,0.13266433333333333,0.223683,0.223683,0.17638733333333334,0.17638733333333334,0.181613,0.181613,0.20612633333333333,0.20612633333333333
2059,12,28,7,0.0,0.0052446666666666674,0.0023333333333333335,0.001,0.0008886666666666666,0.0,0.0,0.0052446666666666674,0.0052446666666666674,0.0023333333333333335,0.0023333333333333335,0.001,0.001,0.0008886666666666666,0.0008886666666666666
2059,12,28,8,0.0,0.0,0.0,0.0,0.0,0.0,0.0,0.0,0.0,0.0,0.0,0.0,0.0,0.0,0.0
2059,12,29,1,0.0,0.0,0.0,0.0,0.0,0.0,0.0,0.0,0.0,0.0,0.0,0.0,0.0,0.0,0.0
2059,12,29,2,0.0,0.0,0.0,0.0,0.0,0.0,0.0,0.0,0.0,0.0,0.0,0.0,0.0,0.0,0.0
2059,12,29,3,0.16632733333333335,0.08439366666666666,0.09190333333333334,0.102785,0.12853466666666666,0.16632733333333335,0.16632733333333335,0.08439366666666666,0.08439366666666666,0.09190333333333334,0.09190333333333334,0.102785,0.102785,0.12853466666666666,0.12853466666666666
2059,12,29,4,0.44113966666666665,0.38409566666666667,0.38367766666666664,0.3807203333333333,0.43412466666666666,0.44113966666666665,0.44113966666666665,0.38409566666666667,0.38409566666666667,0.38367766666666664,0.38367766666666664,0.3807203333333333,0.3807203333333333,0.43412466666666666,0.43412466666666666
2059,12,29,5,0.42063866666666666,0.4620086666666667,0.4139676666666667,0.41520433333333334,0.47260133333333326,0.42063866666666666,0.42063866666666666,0.4620086666666667,0.4620086666666667,0.4139676666666667,0.4139676666666667,0.41520433333333334,0.41520433333333334,0.47260133333333326,0.47260133333333326
2059,12,29,6,0.13266433333333333,0.223683,0.17638733333333334,0.181613,0.20612633333333333,0.13266433333333333,0.13266433333333333,0.223683,0.223683,0.17638733333333334,0.17638733333333334,0.181613,0.181613,0.20612633333333333,0.20612633333333333
2059,12,29,7,0.0,0.0052446666666666674,0.0023333333333333335,0.001,0.0008886666666666666,0.0,0.0,0.0052446666666666674,0.0052446666666666674,0.0023333333333333335,0.0023333333333333335,0.001,0.001,0.0008886666666666666,0.0008886666666666666
2059,12,29,8,0.0,0.0,0.0,0.0,0.0,0.0,0.0,0.0,0.0,0.0,0.0,0.0,0.0,0.0,0.0
2059,12,30,1,0.0,0.0,0.0,0.0,0.0,0.0,0.0,0.0,0.0,0.0,0.0,0.0,0.0,0.0,0.0
2059,12,30,2,0.0,0.0,0.0,0.0,0.0,0.0,0.0,0.0,0.0,0.0,0.0,0.0,0.0,0.0,0.0
2059,12,30,3,0.16632733333333335,0.08439366666666666,0.09190333333333334,0.102785,0.12853466666666666,0.16632733333333335,0.16632733333333335,0.08439366666666666,0.08439366666666666,0.09190333333333334,0.09190333333333334,0.102785,0.102785,0.12853466666666666,0.12853466666666666
2059,12,30,4,0.44113966666666665,0.38409566666666667,0.38367766666666664,0.3807203333333333,0.43412466666666666,0.44113966666666665,0.44113966666666665,0.38409566666666667,0.38409566666666667,0.38367766666666664,0.38367766666666664,0.3807203333333333,0.3807203333333333,0.43412466666666666,0.43412466666666666
2059,12,30,5,0.42063866666666666,0.4620086666666667,0.4139676666666667,0.41520433333333334,0.47260133333333326,0.42063866666666666,0.42063866666666666,0.4620086666666667,0.4620086666666667,0.4139676666666667,0.4139676666666667,0.41520433333333334,0.41520433333333334,0.47260133333333326,0.47260133333333326
2059,12,30,6,0.13266433333333333,0.223683,0.17638733333333334,0.181613,0.20612633333333333,0.13266433333333333,0.13266433333333333,0.223683,0.223683,0.17638733333333334,0.17638733333333334,0.181613,0.181613,0.20612633333333333,0.20612633333333333
2059,12,30,7,0.0,0.0052446666666666674,0.0023333333333333335,0.001,0.0008886666666666666,0.0,0.0,0.0052446666666666674,0.0052446666666666674,0.0023333333333333335,0.0023333333333333335,0.001,0.001,0.0008886666666666666,0.0008886666666666666
2059,12,30,8,0.0,0.0,0.0,0.0,0.0,0.0,0.0,0.0,0.0,0.0,0.0,0.0,0.0,0.0,0.0
2059,12,31,1,0.0,0.0,0.0,0.0,0.0,0.0,0.0,0.0,0.0,0.0,0.0,0.0,0.0,0.0,0.0
2059,12,31,2,0.0,0.0,0.0,0.0,0.0,0.0,0.0,0.0,0.0,0.0,0.0,0.0,0.0,0.0,0.0
2059,12,31,3,0.16632733333333335,0.08439366666666666,0.09190333333333334,0.102785,0.12853466666666666,0.16632733333333335,0.16632733333333335,0.08439366666666666,0.08439366666666666,0.09190333333333334,0.09190333333333334,0.102785,0.102785,0.12853466666666666,0.12853466666666666
2059,12,31,4,0.44113966666666665,0.38409566666666667,0.38367766666666664,0.3807203333333333,0.43412466666666666,0.44113966666666665,0.44113966666666665,0.38409566666666667,0.38409566666666667,0.38367766666666664,0.38367766666666664,0.3807203333333333,0.3807203333333333,0.43412466666666666,0.43412466666666666
2059,12,31,5,0.42063866666666666,0.4620086666666667,0.4139676666666667,0.41520433333333334,0.47260133333333326,0.42063866666666666,0.42063866666666666,0.4620086666666667,0.4620086666666667,0.4139676666666667,0.4139676666666667,0.41520433333333334,0.41520433333333334,0.47260133333333326,0.47260133333333326
2059,12,31,6,0.13266433333333333,0.223683,0.17638733333333334,0.181613,0.20612633333333333,0.13266433333333333,0.13266433333333333,0.223683,0.223683,0.17638733333333334,0.17638733333333334,0.181613,0.181613,0.20612633333333333,0.20612633333333333
2059,12,31,7,0.0,0.0052446666666666674,0.0023333333333333335,0.001,0.0008886666666666666,0.0,0.0,0.0052446666666666674,0.0052446666666666674,0.0023333333333333335,0.0023333333333333335,0.001,0.001,0.0008886666666666666,0.0008886666666666666
2059,12,31,8,0.0,0.0,0.0,0.0,0.0,0.0,0.0,0.0,0.0,0.0,0.0,0.0,0.0,0.0,0.0
