Year,Month,Day,Interval,wind_apb1,wind_apb2,wind_apb3,wind_apb4,wind_apb5
2060,1,1,1,0.0,0.0,0.067034945,0.0,0.0
2060,1,1,2,0.0,0.0,0.15110890899999999,0.000640375,0.008287847666666666
2060,1,1,3,0.0,0.0,0.204917079,0.007990716666666666,0.009627096333333333
2060,1,1,4,0.0,0.0,0.10931281466666666,0.0,0.009477712333333334
2060,1,1,5,0.0,0.0,0.047088771,0.0012593356666666666,0.028420440333333335
2060,1,1,6,0.0,0.0,0.056157435666666665,0.0,0.008987337333333333
2060,1,1,7,0.0,0.0,0.08298380233333334,0.0,0.017491284
2060,1,1,8,0.0,0.0,0.106708443,0.0,0.018705431999999998
2060,1,2,1,0.0,0.0,0.067034945,0.0,0.0
2060,1,2,2,0.0,0.0,0.15110890899999999,0.000640375,0.008287847666666666
2060,1,2,3,0.0,0.0,0.204917079,0.007990716666666666,0.009627096333333333
2060,1,2,4,0.0,0.0,0.10931281466666666,0.0,0.009477712333333334
2060,1,2,5,0.0,0.0,0.047088771,0.0012593356666666666,0.028420440333333335
2060,1,2,6,0.0,0.0,0.056157435666666665,0.0,0.008987337333333333
2060,1,2,7,0.0,0.0,0.08298380233333334,0.0,0.017491284
2060,1,2,8,0.0,0.0,0.106708443,0.0,0.018705431999999998
2060,1,3,1,0.0,0.0,0.067034945,0.0,0.0
2060,1,3,2,0.0,0.0,0.15110890899999999,0.000640375,0.008287847666666666
2060,1,3,3,0.0,0.0,0.204917079,0.007990716666666666,0.009627096333333333
2060,1,3,4,0.0,0.0,0.10931281466666666,0.0,0.009477712333333334
2060,1,3,5,0.0,0.0,0.047088771,0.0012593356666666666,0.028420440333333335
2060,1,3,6,0.0,0.0,0.056157435666666665,0.0,0.008987337333333333
2060,1,3,7,0.0,0.0,0.08298380233333334,0.0,0.017491284
2060,1,3,8,0.0,0.0,0.106708443,0.0,0.018705431999999998
2060,1,4,1,0.0,0.0,0.067034945,0.0,0.0
2060,1,4,2,0.0,0.0,0.15110890899999999,0.000640375,0.008287847666666666
2060,1,4,3,0.0,0.0,0.204917079,0.007990716666666666,0.009627096333333333
2060,1,4,4,0.0,0.0,0.10931281466666666,0.0,0.009477712333333334
2060,1,4,5,0.0,0.0,0.047088771,0.0012593356666666666,0.028420440333333335
2060,1,4,6,0.0,0.0,0.056157435666666665,0.0,0.008987337333333333
2060,1,4,7,0.0,0.0,0.08298380233333334,0.0,0.017491284
2060,1,4,8,0.0,0.0,0.106708443,0.0,0.018705431999999998
2060,1,5,1,0.0,0.0,0.067034945,0.0,0.0
2060,1,5,2,0.0,0.0,0.15110890899999999,0.000640375,0.008287847666666666
2060,1,5,3,0.0,0.0,0.204917079,0.007990716666666666,0.009627096333333333
2060,1,5,4,0.0,0.0,0.10931281466666666,0.0,0.009477712333333334
2060,1,5,5,0.0,0.0,0.047088771,0.0012593356666666666,0.028420440333333335
2060,1,5,6,0.0,0.0,0.056157435666666665,0.0,0.008987337333333333
2060,1,5,7,0.0,0.0,0.08298380233333334,0.0,0.017491284
2060,1,5,8,0.0,0.0,0.106708443,0.0,0.018705431999999998
2060,1,6,1,0.0,0.0,0.067034945,0.0,0.0
2060,1,6,2,0.0,0.0,0.15110890899999999,0.000640375,0.008287847666666666
2060,1,6,3,0.0,0.0,0.204917079,0.007990716666666666,0.009627096333333333
2060,1,6,4,0.0,0.0,0.10931281466666666,0.0,0.009477712333333334
2060,1,6,5,0.0,0.0,0.047088771,0.0012593356666666666,0.028420440333333335
2060,1,6,6,0.0,0.0,0.056157435666666665,0.0,0.008987337333333333
2060,1,6,7,0.0,0.0,0.08298380233333334,0.0,0.017491284
2060,1,6,8,0.0,0.0,0.106708443,0.0,0.018705431999999998
2060,1,7,1,0.0,0.0,0.067034945,0.0,0.0
2060,1,7,2,0.0,0.0,0.15110890899999999,0.000640375,0.008287847666666666
2060,1,7,3,0.0,0.0,0.204917079,0.007990716666666666,0.009627096333333333
2060,1,7,4,0.0,0.0,0.10931281466666666,0.0,0.009477712333333334
2060,1,7,5,0.0,0.0,0.047088771,0.0012593356666666666,0.028420440333333335
2060,1,7,6,0.0,0.0,0.056157435666666665,0.0,0.008987337333333333
2060,1,7,7,0.0,0.0,0.08298380233333334,0.0,0.017491284
2060,1,7,8,0.0,0.0,0.106708443,0.0,0.018705431999999998
2060,1,8,1,0.0,0.0,0.067034945,0.0,0.0
2060,1,8,2,0.0,0.0,0.15110890899999999,0.000640375,0.008287847666666666
2060,1,8,3,0.0,0.0,0.204917079,0.007990716666666666,0.009627096333333333
2060,1,8,4,0.0,0.0,0.10931281466666666,0.0,0.009477712333333334
2060,1,8,5,0.0,0.0,0.047088771,0.0012593356666666666,0.028420440333333335
2060,1,8,6,0.0,0.0,0.056157435666666665,0.0,0.008987337333333333
2060,1,8,7,0.0,0.0,0.08298380233333334,0.0,0.017491284
2060,1,8,8,0.0,0.0,0.106708443,0.0,0.018705431999999998
2060,1,9,1,0.0,0.0,0.067034945,0.0,0.0
2060,1,9,2,0.0,0.0,0.15110890899999999,0.000640375,0.008287847666666666
2060,1,9,3,0.0,0.0,0.204917079,0.007990716666666666,0.009627096333333333
2060,1,9,4,0.0,0.0,0.10931281466666666,0.0,0.009477712333333334
2060,1,9,5,0.0,0.0,0.047088771,0.0012593356666666666,0.028420440333333335
2060,1,9,6,0.0,0.0,0.056157435666666665,0.0,0.008987337333333333
2060,1,9,7,0.0,0.0,0.08298380233333334,0.0,0.017491284
2060,1,9,8,0.0,0.0,0.106708443,0.0,0.018705431999999998
2060,1,10,1,0.0,0.0,0.067034945,0.0,0.0
2060,1,10,2,0.0,0.0,0.15110890899999999,0.000640375,0.008287847666666666
2060,1,10,3,0.0,0.0,0.204917079,0.007990716666666666,0.009627096333333333
2060,1,10,4,0.0,0.0,0.10931281466666666,0.0,0.009477712333333334
2060,1,10,5,0.0,0.0,0.047088771,0.0012593356666666666,0.028420440333333335
2060,1,10,6,0.0,0.0,0.056157435666666665,0.0,0.008987337333333333
2060,1,10,7,0.0,0.0,0.08298380233333334,0.0,0.017491284
2060,1,10,8,0.0,0.0,0.106708443,0.0,0.018705431999999998
2060,1,11,1,0.0,0.0,0.067034945,0.0,0.0
2060,1,11,2,0.0,0.0,0.15110890899999999,0.000640375,0.008287847666666666
2060,1,11,3,0.0,0.0,0.204917079,0.007990716666666666,0.009627096333333333
2060,1,11,4,0.0,0.0,0.10931281466666666,0.0,0.009477712333333334
2060,1,11,5,0.0,0.0,0.047088771,0.0012593356666666666,0.028420440333333335
2060,1,11,6,0.0,0.0,0.056157435666666665,0.0,0.008987337333333333
2060,1,11,7,0.0,0.0,0.08298380233333334,0.0,0.017491284
2060,1,11,8,0.0,0.0,0.106708443,0.0,0.018705431999999998
2060,1,12,1,0.0,0.0,0.067034945,0.0,0.0
2060,1,12,2,0.0,0.0,0.15110890899999999,0.000640375,0.008287847666666666
2060,1,12,3,0.0,0.0,0.204917079,0.007990716666666666,0.009627096333333333
2060,1,12,4,0.0,0.0,0.10931281466666666,0.0,0.009477712333333334
2060,1,12,5,0.0,0.0,0.047088771,0.0012593356666666666,0.028420440333333335
2060,1,12,6,0.0,0.0,0.056157435666666665,0.0,0.008987337333333333
2060,1,12,7,0.0,0.0,0.08298380233333334,0.0,0.017491284
2060,1,12,8,0.0,0.0,0.106708443,0.0,0.018705431999999998
2060,1,13,1,0.0,0.0,0.067034945,0.0,0.0
2060,1,13,2,0.0,0.0,0.15110890899999999,0.000640375,0.008287847666666666
2060,1,13,3,0.0,0.0,0.204917079,0.007990716666666666,0.009627096333333333
2060,1,13,4,0.0,0.0,0.10931281466666666,0.0,0.009477712333333334
2060,1,13,5,0.0,0.0,0.047088771,0.0012593356666666666,0.028420440333333335
2060,1,13,6,0.0,0.0,0.056157435666666665,0.0,0.008987337333333333
2060,1,13,7,0.0,0.0,0.08298380233333334,0.0,0.017491284
2060,1,13,8,0.0,0.0,0.106708443,0.0,0.018705431999999998
2060,1,14,1,0.0,0.0,0.067034945,0.0,0.0
2060,1,14,2,0.0,0.0,0.15110890899999999,0.000640375,0.008287847666666666
2060,1,14,3,0.0,0.0,0.204917079,0.007990716666666666,0.009627096333333333
2060,1,14,4,0.0,0.0,0.10931281466666666,0.0,0.009477712333333334
2060,1,14,5,0.0,0.0,0.047088771,0.0012593356666666666,0.028420440333333335
2060,1,14,6,0.0,0.0,0.056157435666666665,0.0,0.008987337333333333
2060,1,14,7,0.0,0.0,0.08298380233333334,0.0,0.017491284
2060,1,14,8,0.0,0.0,0.106708443,0.0,0.018705431999999998
2060,1,15,1,0.0,0.0,0.067034945,0.0,0.0
2060,1,15,2,0.0,0.0,0.15110890899999999,0.000640375,0.008287847666666666
2060,1,15,3,0.0,0.0,0.204917079,0.007990716666666666,0.009627096333333333
2060,1,15,4,0.0,0.0,0.10931281466666666,0.0,0.009477712333333334
2060,1,15,5,0.0,0.0,0.047088771,0.0012593356666666666,0.028420440333333335
2060,1,15,6,0.0,0.0,0.056157435666666665,0.0,0.008987337333333333
2060,1,15,7,0.0,0.0,0.08298380233333334,0.0,0.017491284
2060,1,15,8,0.0,0.0,0.106708443,0.0,0.018705431999999998
2060,1,16,1,0.0,0.0,0.067034945,0.0,0.0
2060,1,16,2,0.0,0.0,0.15110890899999999,0.000640375,0.008287847666666666
2060,1,16,3,0.0,0.0,0.204917079,0.007990716666666666,0.009627096333333333
2060,1,16,4,0.0,0.0,0.10931281466666666,0.0,0.009477712333333334
2060,1,16,5,0.0,0.0,0.047088771,0.0012593356666666666,0.028420440333333335
2060,1,16,6,0.0,0.0,0.056157435666666665,0.0,0.008987337333333333
2060,1,16,7,0.0,0.0,0.08298380233333334,0.0,0.017491284
2060,1,16,8,0.0,0.0,0.106708443,0.0,0.018705431999999998
2060,1,17,1,0.0,0.0,0.067034945,0.0,0.0
2060,1,17,2,0.0,0.0,0.15110890899999999,0.000640375,0.008287847666666666
2060,1,17,3,0.0,0.0,0.204917079,0.007990716666666666,0.009627096333333333
2060,1,17,4,0.0,0.0,0.10931281466666666,0.0,0.009477712333333334
2060,1,17,5,0.0,0.0,0.047088771,0.0012593356666666666,0.028420440333333335
2060,1,17,6,0.0,0.0,0.056157435666666665,0.0,0.008987337333333333
2060,1,17,7,0.0,0.0,0.08298380233333334,0.0,0.017491284
2060,1,17,8,0.0,0.0,0.106708443,0.0,0.018705431999999998
2060,1,18,1,0.0,0.0,0.067034945,0.0,0.0
2060,1,18,2,0.0,0.0,0.15110890899999999,0.000640375,0.008287847666666666
2060,1,18,3,0.0,0.0,0.204917079,0.007990716666666666,0.009627096333333333
2060,1,18,4,0.0,0.0,0.10931281466666666,0.0,0.009477712333333334
2060,1,18,5,0.0,0.0,0.047088771,0.0012593356666666666,0.028420440333333335
2060,1,18,6,0.0,0.0,0.056157435666666665,0.0,0.008987337333333333
2060,1,18,7,0.0,0.0,0.08298380233333334,0.0,0.017491284
2060,1,18,8,0.0,0.0,0.106708443,0.0,0.018705431999999998
2060,1,19,1,0.0,0.0,0.067034945,0.0,0.0
2060,1,19,2,0.0,0.0,0.15110890899999999,0.000640375,0.008287847666666666
2060,1,19,3,0.0,0.0,0.204917079,0.007990716666666666,0.009627096333333333
2060,1,19,4,0.0,0.0,0.10931281466666666,0.0,0.009477712333333334
2060,1,19,5,0.0,0.0,0.047088771,0.0012593356666666666,0.028420440333333335
2060,1,19,6,0.0,0.0,0.056157435666666665,0.0,0.008987337333333333
2060,1,19,7,0.0,0.0,0.08298380233333334,0.0,0.017491284
2060,1,19,8,0.0,0.0,0.106708443,0.0,0.018705431999999998
2060,1,20,1,0.0,0.0,0.067034945,0.0,0.0
2060,1,20,2,0.0,0.0,0.15110890899999999,0.000640375,0.008287847666666666
2060,1,20,3,0.0,0.0,0.204917079,0.007990716666666666,0.009627096333333333
2060,1,20,4,0.0,0.0,0.10931281466666666,0.0,0.009477712333333334
2060,1,20,5,0.0,0.0,0.047088771,0.0012593356666666666,0.028420440333333335
2060,1,20,6,0.0,0.0,0.056157435666666665,0.0,0.008987337333333333
2060,1,20,7,0.0,0.0,0.08298380233333334,0.0,0.017491284
2060,1,20,8,0.0,0.0,0.106708443,0.0,0.018705431999999998
2060,1,21,1,0.0,0.0,0.067034945,0.0,0.0
2060,1,21,2,0.0,0.0,0.15110890899999999,0.000640375,0.008287847666666666
2060,1,21,3,0.0,0.0,0.204917079,0.007990716666666666,0.009627096333333333
2060,1,21,4,0.0,0.0,0.10931281466666666,0.0,0.009477712333333334
2060,1,21,5,0.0,0.0,0.047088771,0.0012593356666666666,0.028420440333333335
2060,1,21,6,0.0,0.0,0.056157435666666665,0.0,0.008987337333333333
2060,1,21,7,0.0,0.0,0.08298380233333334,0.0,0.017491284
2060,1,21,8,0.0,0.0,0.106708443,0.0,0.018705431999999998
2060,1,22,1,0.0,0.0,0.067034945,0.0,0.0
2060,1,22,2,0.0,0.0,0.15110890899999999,0.000640375,0.008287847666666666
2060,1,22,3,0.0,0.0,0.204917079,0.007990716666666666,0.009627096333333333
2060,1,22,4,0.0,0.0,0.10931281466666666,0.0,0.009477712333333334
2060,1,22,5,0.0,0.0,0.047088771,0.0012593356666666666,0.028420440333333335
2060,1,22,6,0.0,0.0,0.056157435666666665,0.0,0.008987337333333333
2060,1,22,7,0.0,0.0,0.08298380233333334,0.0,0.017491284
2060,1,22,8,0.0,0.0,0.106708443,0.0,0.018705431999999998
2060,1,23,1,0.0,0.0,0.067034945,0.0,0.0
2060,1,23,2,0.0,0.0,0.15110890899999999,0.000640375,0.008287847666666666
2060,1,23,3,0.0,0.0,0.204917079,0.007990716666666666,0.009627096333333333
2060,1,23,4,0.0,0.0,0.10931281466666666,0.0,0.009477712333333334
2060,1,23,5,0.0,0.0,0.047088771,0.0012593356666666666,0.028420440333333335
2060,1,23,6,0.0,0.0,0.056157435666666665,0.0,0.008987337333333333
2060,1,23,7,0.0,0.0,0.08298380233333334,0.0,0.017491284
2060,1,23,8,0.0,0.0,0.106708443,0.0,0.018705431999999998
2060,1,24,1,0.0,0.0,0.067034945,0.0,0.0
2060,1,24,2,0.0,0.0,0.15110890899999999,0.000640375,0.008287847666666666
2060,1,24,3,0.0,0.0,0.204917079,0.007990716666666666,0.009627096333333333
2060,1,24,4,0.0,0.0,0.10931281466666666,0.0,0.009477712333333334
2060,1,24,5,0.0,0.0,0.047088771,0.0012593356666666666,0.028420440333333335
2060,1,24,6,0.0,0.0,0.056157435666666665,0.0,0.008987337333333333
2060,1,24,7,0.0,0.0,0.08298380233333334,0.0,0.017491284
2060,1,24,8,0.0,0.0,0.106708443,0.0,0.018705431999999998
2060,1,25,1,0.0,0.0,0.067034945,0.0,0.0
2060,1,25,2,0.0,0.0,0.15110890899999999,0.000640375,0.008287847666666666
2060,1,25,3,0.0,0.0,0.204917079,0.007990716666666666,0.009627096333333333
2060,1,25,4,0.0,0.0,0.10931281466666666,0.0,0.009477712333333334
2060,1,25,5,0.0,0.0,0.047088771,0.0012593356666666666,0.028420440333333335
2060,1,25,6,0.0,0.0,0.056157435666666665,0.0,0.008987337333333333
2060,1,25,7,0.0,0.0,0.08298380233333334,0.0,0.017491284
2060,1,25,8,0.0,0.0,0.106708443,0.0,0.018705431999999998
2060,1,26,1,0.0,0.0,0.067034945,0.0,0.0
2060,1,26,2,0.0,0.0,0.15110890899999999,0.000640375,0.008287847666666666
2060,1,26,3,0.0,0.0,0.204917079,0.007990716666666666,0.009627096333333333
2060,1,26,4,0.0,0.0,0.10931281466666666,0.0,0.009477712333333334
2060,1,26,5,0.0,0.0,0.047088771,0.0012593356666666666,0.028420440333333335
2060,1,26,6,0.0,0.0,0.056157435666666665,0.0,0.008987337333333333
2060,1,26,7,0.0,0.0,0.08298380233333334,0.0,0.017491284
2060,1,26,8,0.0,0.0,0.106708443,0.0,0.018705431999999998
2060,1,27,1,0.0,0.0,0.067034945,0.0,0.0
2060,1,27,2,0.0,0.0,0.15110890899999999,0.000640375,0.008287847666666666
2060,1,27,3,0.0,0.0,0.204917079,0.007990716666666666,0.009627096333333333
2060,1,27,4,0.0,0.0,0.10931281466666666,0.0,0.009477712333333334
2060,1,27,5,0.0,0.0,0.047088771,0.0012593356666666666,0.028420440333333335
2060,1,27,6,0.0,0.0,0.056157435666666665,0.0,0.008987337333333333
2060,1,27,7,0.0,0.0,0.08298380233333334,0.0,0.017491284
2060,1,27,8,0.0,0.0,0.106708443,0.0,0.018705431999999998
2060,1,28,1,0.0,0.0,0.067034945,0.0,0.0
2060,1,28,2,0.0,0.0,0.15110890899999999,0.000640375,0.008287847666666666
2060,1,28,3,0.0,0.0,0.204917079,0.007990716666666666,0.009627096333333333
2060,1,28,4,0.0,0.0,0.10931281466666666,0.0,0.009477712333333334
2060,1,28,5,0.0,0.0,0.047088771,0.0012593356666666666,0.028420440333333335
2060,1,28,6,0.0,0.0,0.056157435666666665,0.0,0.008987337333333333
2060,1,28,7,0.0,0.0,0.08298380233333334,0.0,0.017491284
2060,1,28,8,0.0,0.0,0.106708443,0.0,0.018705431999999998
2060,1,29,1,0.0,0.0,0.067034945,0.0,0.0
2060,1,29,2,0.0,0.0,0.15110890899999999,0.000640375,0.008287847666666666
2060,1,29,3,0.0,0.0,0.204917079,0.007990716666666666,0.009627096333333333
2060,1,29,4,0.0,0.0,0.10931281466666666,0.0,0.009477712333333334
2060,1,29,5,0.0,0.0,0.047088771,0.0012593356666666666,0.028420440333333335
2060,1,29,6,0.0,0.0,0.056157435666666665,0.0,0.008987337333333333
2060,1,29,7,0.0,0.0,0.08298380233333334,0.0,0.017491284
2060,1,29,8,0.0,0.0,0.106708443,0.0,0.018705431999999998
2060,1,30,1,0.0,0.0,0.067034945,0.0,0.0
2060,1,30,2,0.0,0.0,0.15110890899999999,0.000640375,0.008287847666666666
2060,1,30,3,0.0,0.0,0.204917079,0.007990716666666666,0.009627096333333333
2060,1,30,4,0.0,0.0,0.10931281466666666,0.0,0.009477712333333334
2060,1,30,5,0.0,0.0,0.047088771,0.0012593356666666666,0.028420440333333335
2060,1,30,6,0.0,0.0,0.056157435666666665,0.0,0.008987337333333333
2060,1,30,7,0.0,0.0,0.08298380233333334,0.0,0.017491284
2060,1,30,8,0.0,0.0,0.106708443,0.0,0.018705431999999998
2060,1,31,1,0.0,0.0,0.067034945,0.0,0.0
2060,1,31,2,0.0,0.0,0.15110890899999999,0.000640375,0.008287847666666666
2060,1,31,3,0.0,0.0,0.204917079,0.007990716666666666,0.009627096333333333
2060,1,31,4,0.0,0.0,0.10931281466666666,0.0,0.009477712333333334
2060,1,31,5,0.0,0.0,0.047088771,0.0012593356666666666,0.028420440333333335
2060,1,31,6,0.0,0.0,0.056157435666666665,0.0,0.008987337333333333
2060,1,31,7,0.0,0.0,0.08298380233333334,0.0,0.017491284
2060,1,31,8,0.0,0.0,0.106708443,0.0,0.018705431999999998
2060,2,1,1,0.0,0.0,0.012911693333333333,0.0,0.0011088419999999999
2060,2,1,2,0.0,0.0,0.05481019233333334,0.017589935,0.030242832666666664
2060,2,1,3,0.0,0.0,0.08451155133333334,0.015709845333333333,0.02419077633333333
2060,2,1,4,0.0,0.0,0.04090075666666667,0.0017558950000000002,0.008269274666666666
2060,2,1,5,0.0,0.0,0.010519030333333332,0.0,0.006172739666666666
2060,2,1,6,0.0,0.0,0.015520855666666666,0.0,0.006795307333333334
2060,2,1,7,0.0,0.0,0.011042773666666667,0.0,0.010096572666666666
2060,2,1,8,0.0,0.0,0.01485994,0.0,0.012763116333333333
2060,2,2,1,0.0,0.0,0.012911693333333333,0.0,0.0011088419999999999
2060,2,2,2,0.0,0.0,0.05481019233333334,0.017589935,0.030242832666666664
2060,2,2,3,0.0,0.0,0.08451155133333334,0.015709845333333333,0.02419077633333333
2060,2,2,4,0.0,0.0,0.04090075666666667,0.0017558950000000002,0.008269274666666666
2060,2,2,5,0.0,0.0,0.010519030333333332,0.0,0.006172739666666666
2060,2,2,6,0.0,0.0,0.015520855666666666,0.0,0.006795307333333334
2060,2,2,7,0.0,0.0,0.011042773666666667,0.0,0.010096572666666666
2060,2,2,8,0.0,0.0,0.01485994,0.0,0.012763116333333333
2060,2,3,1,0.0,0.0,0.012911693333333333,0.0,0.0011088419999999999
2060,2,3,2,0.0,0.0,0.05481019233333334,0.017589935,0.030242832666666664
2060,2,3,3,0.0,0.0,0.08451155133333334,0.015709845333333333,0.02419077633333333
2060,2,3,4,0.0,0.0,0.04090075666666667,0.0017558950000000002,0.008269274666666666
2060,2,3,5,0.0,0.0,0.010519030333333332,0.0,0.006172739666666666
2060,2,3,6,0.0,0.0,0.015520855666666666,0.0,0.006795307333333334
2060,2,3,7,0.0,0.0,0.011042773666666667,0.0,0.010096572666666666
2060,2,3,8,0.0,0.0,0.01485994,0.0,0.012763116333333333
2060,2,4,1,0.0,0.0,0.012911693333333333,0.0,0.0011088419999999999
2060,2,4,2,0.0,0.0,0.05481019233333334,0.017589935,0.030242832666666664
2060,2,4,3,0.0,0.0,0.08451155133333334,0.015709845333333333,0.02419077633333333
2060,2,4,4,0.0,0.0,0.04090075666666667,0.0017558950000000002,0.008269274666666666
2060,2,4,5,0.0,0.0,0.010519030333333332,0.0,0.006172739666666666
2060,2,4,6,0.0,0.0,0.015520855666666666,0.0,0.006795307333333334
2060,2,4,7,0.0,0.0,0.011042773666666667,0.0,0.010096572666666666
2060,2,4,8,0.0,0.0,0.01485994,0.0,0.012763116333333333
2060,2,5,1,0.0,0.0,0.012911693333333333,0.0,0.0011088419999999999
2060,2,5,2,0.0,0.0,0.05481019233333334,0.017589935,0.030242832666666664
2060,2,5,3,0.0,0.0,0.08451155133333334,0.015709845333333333,0.02419077633333333
2060,2,5,4,0.0,0.0,0.04090075666666667,0.0017558950000000002,0.008269274666666666
2060,2,5,5,0.0,0.0,0.010519030333333332,0.0,0.006172739666666666
2060,2,5,6,0.0,0.0,0.015520855666666666,0.0,0.006795307333333334
2060,2,5,7,0.0,0.0,0.011042773666666667,0.0,0.010096572666666666
2060,2,5,8,0.0,0.0,0.01485994,0.0,0.012763116333333333
2060,2,6,1,0.0,0.0,0.012911693333333333,0.0,0.0011088419999999999
2060,2,6,2,0.0,0.0,0.05481019233333334,0.017589935,0.030242832666666664
2060,2,6,3,0.0,0.0,0.08451155133333334,0.015709845333333333,0.02419077633333333
2060,2,6,4,0.0,0.0,0.04090075666666667,0.0017558950000000002,0.008269274666666666
2060,2,6,5,0.0,0.0,0.010519030333333332,0.0,0.006172739666666666
2060,2,6,6,0.0,0.0,0.015520855666666666,0.0,0.006795307333333334
2060,2,6,7,0.0,0.0,0.011042773666666667,0.0,0.010096572666666666
2060,2,6,8,0.0,0.0,0.01485994,0.0,0.012763116333333333
2060,2,7,1,0.0,0.0,0.012911693333333333,0.0,0.0011088419999999999
2060,2,7,2,0.0,0.0,0.05481019233333334,0.017589935,0.030242832666666664
2060,2,7,3,0.0,0.0,0.08451155133333334,0.015709845333333333,0.02419077633333333
2060,2,7,4,0.0,0.0,0.04090075666666667,0.0017558950000000002,0.008269274666666666
2060,2,7,5,0.0,0.0,0.010519030333333332,0.0,0.006172739666666666
2060,2,7,6,0.0,0.0,0.015520855666666666,0.0,0.006795307333333334
2060,2,7,7,0.0,0.0,0.011042773666666667,0.0,0.010096572666666666
2060,2,7,8,0.0,0.0,0.01485994,0.0,0.012763116333333333
2060,2,8,1,0.0,0.0,0.012911693333333333,0.0,0.0011088419999999999
2060,2,8,2,0.0,0.0,0.05481019233333334,0.017589935,0.030242832666666664
2060,2,8,3,0.0,0.0,0.08451155133333334,0.015709845333333333,0.02419077633333333
2060,2,8,4,0.0,0.0,0.04090075666666667,0.0017558950000000002,0.008269274666666666
2060,2,8,5,0.0,0.0,0.010519030333333332,0.0,0.006172739666666666
2060,2,8,6,0.0,0.0,0.015520855666666666,0.0,0.006795307333333334
2060,2,8,7,0.0,0.0,0.011042773666666667,0.0,0.010096572666666666
2060,2,8,8,0.0,0.0,0.01485994,0.0,0.012763116333333333
2060,2,9,1,0.0,0.0,0.012911693333333333,0.0,0.0011088419999999999
2060,2,9,2,0.0,0.0,0.05481019233333334,0.017589935,0.030242832666666664
2060,2,9,3,0.0,0.0,0.08451155133333334,0.015709845333333333,0.02419077633333333
2060,2,9,4,0.0,0.0,0.04090075666666667,0.0017558950000000002,0.008269274666666666
2060,2,9,5,0.0,0.0,0.010519030333333332,0.0,0.006172739666666666
2060,2,9,6,0.0,0.0,0.015520855666666666,0.0,0.006795307333333334
2060,2,9,7,0.0,0.0,0.011042773666666667,0.0,0.010096572666666666
2060,2,9,8,0.0,0.0,0.01485994,0.0,0.012763116333333333
2060,2,10,1,0.0,0.0,0.012911693333333333,0.0,0.0011088419999999999
2060,2,10,2,0.0,0.0,0.05481019233333334,0.017589935,0.030242832666666664
2060,2,10,3,0.0,0.0,0.08451155133333334,0.015709845333333333,0.02419077633333333
2060,2,10,4,0.0,0.0,0.04090075666666667,0.0017558950000000002,0.008269274666666666
2060,2,10,5,0.0,0.0,0.010519030333333332,0.0,0.006172739666666666
2060,2,10,6,0.0,0.0,0.015520855666666666,0.0,0.006795307333333334
2060,2,10,7,0.0,0.0,0.011042773666666667,0.0,0.010096572666666666
2060,2,10,8,0.0,0.0,0.01485994,0.0,0.012763116333333333
2060,2,11,1,0.0,0.0,0.012911693333333333,0.0,0.0011088419999999999
2060,2,11,2,0.0,0.0,0.05481019233333334,0.017589935,0.030242832666666664
2060,2,11,3,0.0,0.0,0.08451155133333334,0.015709845333333333,0.02419077633333333
2060,2,11,4,0.0,0.0,0.04090075666666667,0.0017558950000000002,0.008269274666666666
2060,2,11,5,0.0,0.0,0.010519030333333332,0.0,0.006172739666666666
2060,2,11,6,0.0,0.0,0.015520855666666666,0.0,0.006795307333333334
2060,2,11,7,0.0,0.0,0.011042773666666667,0.0,0.010096572666666666
2060,2,11,8,0.0,0.0,0.01485994,0.0,0.012763116333333333
2060,2,12,1,0.0,0.0,0.012911693333333333,0.0,0.0011088419999999999
2060,2,12,2,0.0,0.0,0.05481019233333334,0.017589935,0.030242832666666664
2060,2,12,3,0.0,0.0,0.08451155133333334,0.015709845333333333,0.02419077633333333
2060,2,12,4,0.0,0.0,0.04090075666666667,0.0017558950000000002,0.008269274666666666
2060,2,12,5,0.0,0.0,0.010519030333333332,0.0,0.006172739666666666
2060,2,12,6,0.0,0.0,0.015520855666666666,0.0,0.006795307333333334
2060,2,12,7,0.0,0.0,0.011042773666666667,0.0,0.010096572666666666
2060,2,12,8,0.0,0.0,0.01485994,0.0,0.012763116333333333
2060,2,13,1,0.0,0.0,0.012911693333333333,0.0,0.0011088419999999999
2060,2,13,2,0.0,0.0,0.05481019233333334,0.017589935,0.030242832666666664
2060,2,13,3,0.0,0.0,0.08451155133333334,0.015709845333333333,0.02419077633333333
2060,2,13,4,0.0,0.0,0.04090075666666667,0.0017558950000000002,0.008269274666666666
2060,2,13,5,0.0,0.0,0.010519030333333332,0.0,0.006172739666666666
2060,2,13,6,0.0,0.0,0.015520855666666666,0.0,0.006795307333333334
2060,2,13,7,0.0,0.0,0.011042773666666667,0.0,0.010096572666666666
2060,2,13,8,0.0,0.0,0.01485994,0.0,0.012763116333333333
2060,2,14,1,0.0,0.0,0.012911693333333333,0.0,0.0011088419999999999
2060,2,14,2,0.0,0.0,0.05481019233333334,0.017589935,0.030242832666666664
2060,2,14,3,0.0,0.0,0.08451155133333334,0.015709845333333333,0.02419077633333333
2060,2,14,4,0.0,0.0,0.04090075666666667,0.0017558950000000002,0.008269274666666666
2060,2,14,5,0.0,0.0,0.010519030333333332,0.0,0.006172739666666666
2060,2,14,6,0.0,0.0,0.015520855666666666,0.0,0.006795307333333334
2060,2,14,7,0.0,0.0,0.011042773666666667,0.0,0.010096572666666666
2060,2,14,8,0.0,0.0,0.01485994,0.0,0.012763116333333333
2060,2,15,1,0.0,0.0,0.012911693333333333,0.0,0.0011088419999999999
2060,2,15,2,0.0,0.0,0.05481019233333334,0.017589935,0.030242832666666664
2060,2,15,3,0.0,0.0,0.08451155133333334,0.015709845333333333,0.02419077633333333
2060,2,15,4,0.0,0.0,0.04090075666666667,0.0017558950000000002,0.008269274666666666
2060,2,15,5,0.0,0.0,0.010519030333333332,0.0,0.006172739666666666
2060,2,15,6,0.0,0.0,0.015520855666666666,0.0,0.006795307333333334
2060,2,15,7,0.0,0.0,0.011042773666666667,0.0,0.010096572666666666
2060,2,15,8,0.0,0.0,0.01485994,0.0,0.012763116333333333
2060,2,16,1,0.0,0.0,0.012911693333333333,0.0,0.0011088419999999999
2060,2,16,2,0.0,0.0,0.05481019233333334,0.017589935,0.030242832666666664
2060,2,16,3,0.0,0.0,0.08451155133333334,0.015709845333333333,0.02419077633333333
2060,2,16,4,0.0,0.0,0.04090075666666667,0.0017558950000000002,0.008269274666666666
2060,2,16,5,0.0,0.0,0.010519030333333332,0.0,0.006172739666666666
2060,2,16,6,0.0,0.0,0.015520855666666666,0.0,0.006795307333333334
2060,2,16,7,0.0,0.0,0.011042773666666667,0.0,0.010096572666666666
2060,2,16,8,0.0,0.0,0.01485994,0.0,0.012763116333333333
2060,2,17,1,0.0,0.0,0.012911693333333333,0.0,0.0011088419999999999
2060,2,17,2,0.0,0.0,0.05481019233333334,0.017589935,0.030242832666666664
2060,2,17,3,0.0,0.0,0.08451155133333334,0.015709845333333333,0.02419077633333333
2060,2,17,4,0.0,0.0,0.04090075666666667,0.0017558950000000002,0.008269274666666666
2060,2,17,5,0.0,0.0,0.010519030333333332,0.0,0.006172739666666666
2060,2,17,6,0.0,0.0,0.015520855666666666,0.0,0.006795307333333334
2060,2,17,7,0.0,0.0,0.011042773666666667,0.0,0.010096572666666666
2060,2,17,8,0.0,0.0,0.01485994,0.0,0.012763116333333333
2060,2,18,1,0.0,0.0,0.012911693333333333,0.0,0.0011088419999999999
2060,2,18,2,0.0,0.0,0.05481019233333334,0.017589935,0.030242832666666664
2060,2,18,3,0.0,0.0,0.08451155133333334,0.015709845333333333,0.02419077633333333
2060,2,18,4,0.0,0.0,0.04090075666666667,0.0017558950000000002,0.008269274666666666
2060,2,18,5,0.0,0.0,0.010519030333333332,0.0,0.006172739666666666
2060,2,18,6,0.0,0.0,0.015520855666666666,0.0,0.006795307333333334
2060,2,18,7,0.0,0.0,0.011042773666666667,0.0,0.010096572666666666
2060,2,18,8,0.0,0.0,0.01485994,0.0,0.012763116333333333
2060,2,19,1,0.0,0.0,0.012911693333333333,0.0,0.0011088419999999999
2060,2,19,2,0.0,0.0,0.05481019233333334,0.017589935,0.030242832666666664
2060,2,19,3,0.0,0.0,0.08451155133333334,0.015709845333333333,0.02419077633333333
2060,2,19,4,0.0,0.0,0.04090075666666667,0.0017558950000000002,0.008269274666666666
2060,2,19,5,0.0,0.0,0.010519030333333332,0.0,0.006172739666666666
2060,2,19,6,0.0,0.0,0.015520855666666666,0.0,0.006795307333333334
2060,2,19,7,0.0,0.0,0.011042773666666667,0.0,0.010096572666666666
2060,2,19,8,0.0,0.0,0.01485994,0.0,0.012763116333333333
2060,2,20,1,0.0,0.0,0.012911693333333333,0.0,0.0011088419999999999
2060,2,20,2,0.0,0.0,0.05481019233333334,0.017589935,0.030242832666666664
2060,2,20,3,0.0,0.0,0.08451155133333334,0.015709845333333333,0.02419077633333333
2060,2,20,4,0.0,0.0,0.04090075666666667,0.0017558950000000002,0.008269274666666666
2060,2,20,5,0.0,0.0,0.010519030333333332,0.0,0.006172739666666666
2060,2,20,6,0.0,0.0,0.015520855666666666,0.0,0.006795307333333334
2060,2,20,7,0.0,0.0,0.011042773666666667,0.0,0.010096572666666666
2060,2,20,8,0.0,0.0,0.01485994,0.0,0.012763116333333333
2060,2,21,1,0.0,0.0,0.012911693333333333,0.0,0.0011088419999999999
2060,2,21,2,0.0,0.0,0.05481019233333334,0.017589935,0.030242832666666664
2060,2,21,3,0.0,0.0,0.08451155133333334,0.015709845333333333,0.02419077633333333
2060,2,21,4,0.0,0.0,0.04090075666666667,0.0017558950000000002,0.008269274666666666
2060,2,21,5,0.0,0.0,0.010519030333333332,0.0,0.006172739666666666
2060,2,21,6,0.0,0.0,0.015520855666666666,0.0,0.006795307333333334
2060,2,21,7,0.0,0.0,0.011042773666666667,0.0,0.010096572666666666
2060,2,21,8,0.0,0.0,0.01485994,0.0,0.012763116333333333
2060,2,22,1,0.0,0.0,0.012911693333333333,0.0,0.0011088419999999999
2060,2,22,2,0.0,0.0,0.05481019233333334,0.017589935,0.030242832666666664
2060,2,22,3,0.0,0.0,0.08451155133333334,0.015709845333333333,0.02419077633333333
2060,2,22,4,0.0,0.0,0.04090075666666667,0.0017558950000000002,0.008269274666666666
2060,2,22,5,0.0,0.0,0.010519030333333332,0.0,0.006172739666666666
2060,2,22,6,0.0,0.0,0.015520855666666666,0.0,0.006795307333333334
2060,2,22,7,0.0,0.0,0.011042773666666667,0.0,0.010096572666666666
2060,2,22,8,0.0,0.0,0.01485994,0.0,0.012763116333333333
2060,2,23,1,0.0,0.0,0.012911693333333333,0.0,0.0011088419999999999
2060,2,23,2,0.0,0.0,0.05481019233333334,0.017589935,0.030242832666666664
2060,2,23,3,0.0,0.0,0.08451155133333334,0.015709845333333333,0.02419077633333333
2060,2,23,4,0.0,0.0,0.04090075666666667,0.0017558950000000002,0.008269274666666666
2060,2,23,5,0.0,0.0,0.010519030333333332,0.0,0.006172739666666666
2060,2,23,6,0.0,0.0,0.015520855666666666,0.0,0.006795307333333334
2060,2,23,7,0.0,0.0,0.011042773666666667,0.0,0.010096572666666666
2060,2,23,8,0.0,0.0,0.01485994,0.0,0.012763116333333333
2060,2,24,1,0.0,0.0,0.012911693333333333,0.0,0.0011088419999999999
2060,2,24,2,0.0,0.0,0.05481019233333334,0.017589935,0.030242832666666664
2060,2,24,3,0.0,0.0,0.08451155133333334,0.015709845333333333,0.02419077633333333
2060,2,24,4,0.0,0.0,0.04090075666666667,0.0017558950000000002,0.008269274666666666
2060,2,24,5,0.0,0.0,0.010519030333333332,0.0,0.006172739666666666
2060,2,24,6,0.0,0.0,0.015520855666666666,0.0,0.006795307333333334
2060,2,24,7,0.0,0.0,0.011042773666666667,0.0,0.010096572666666666
2060,2,24,8,0.0,0.0,0.01485994,0.0,0.012763116333333333
2060,2,25,1,0.0,0.0,0.012911693333333333,0.0,0.0011088419999999999
2060,2,25,2,0.0,0.0,0.05481019233333334,0.017589935,0.030242832666666664
2060,2,25,3,0.0,0.0,0.08451155133333334,0.015709845333333333,0.02419077633333333
2060,2,25,4,0.0,0.0,0.04090075666666667,0.0017558950000000002,0.008269274666666666
2060,2,25,5,0.0,0.0,0.010519030333333332,0.0,0.006172739666666666
2060,2,25,6,0.0,0.0,0.015520855666666666,0.0,0.006795307333333334
2060,2,25,7,0.0,0.0,0.011042773666666667,0.0,0.010096572666666666
2060,2,25,8,0.0,0.0,0.01485994,0.0,0.012763116333333333
2060,2,26,1,0.0,0.0,0.012911693333333333,0.0,0.0011088419999999999
2060,2,26,2,0.0,0.0,0.05481019233333334,0.017589935,0.030242832666666664
2060,2,26,3,0.0,0.0,0.08451155133333334,0.015709845333333333,0.02419077633333333
2060,2,26,4,0.0,0.0,0.04090075666666667,0.0017558950000000002,0.008269274666666666
2060,2,26,5,0.0,0.0,0.010519030333333332,0.0,0.006172739666666666
2060,2,26,6,0.0,0.0,0.015520855666666666,0.0,0.006795307333333334
2060,2,26,7,0.0,0.0,0.011042773666666667,0.0,0.010096572666666666
2060,2,26,8,0.0,0.0,0.01485994,0.0,0.012763116333333333
2060,2,27,1,0.0,0.0,0.012911693333333333,0.0,0.0011088419999999999
2060,2,27,2,0.0,0.0,0.05481019233333334,0.017589935,0.030242832666666664
2060,2,27,3,0.0,0.0,0.08451155133333334,0.015709845333333333,0.02419077633333333
2060,2,27,4,0.0,0.0,0.04090075666666667,0.0017558950000000002,0.008269274666666666
2060,2,27,5,0.0,0.0,0.010519030333333332,0.0,0.006172739666666666
2060,2,27,6,0.0,0.0,0.015520855666666666,0.0,0.006795307333333334
2060,2,27,7,0.0,0.0,0.011042773666666667,0.0,0.010096572666666666
2060,2,27,8,0.0,0.0,0.01485994,0.0,0.012763116333333333
2060,2,28,1,0.0,0.0,0.012911693333333333,0.0,0.0011088419999999999
2060,2,28,2,0.0,0.0,0.05481019233333334,0.017589935,0.030242832666666664
2060,2,28,3,0.0,0.0,0.08451155133333334,0.015709845333333333,0.02419077633333333
2060,2,28,4,0.0,0.0,0.04090075666666667,0.0017558950000000002,0.008269274666666666
2060,2,28,5,0.0,0.0,0.010519030333333332,0.0,0.006172739666666666
2060,2,28,6,0.0,0.0,0.015520855666666666,0.0,0.006795307333333334
2060,2,28,7,0.0,0.0,0.011042773666666667,0.0,0.010096572666666666
2060,2,28,8,0.0,0.0,0.01485994,0.0,0.012763116333333333
2060,3,1,1,0.0,0.0,0.003004993666666667,0.0026660026666666665,0.0041901970000000005
2060,3,1,2,0.0,0.0,0.07715164133333334,0.029053931333333335,0.041384377666666666
2060,3,1,3,0.0,0.0,0.143361711,0.028023818000000002,0.03328386166666667
2060,3,1,4,0.0,0.0,0.05655858033333333,0.0,0.002976698333333333
2060,3,1,5,0.0,0.0,0.027612672666666668,0.003676506333333333,0.005132015333333333
2060,3,1,6,0.0,0.0,0.016302013,0.004199812666666667,0.007817565
2060,3,1,7,0.0,0.0,0.014018217,0.0,0.004855801666666667
2060,3,1,8,0.0,0.0,0.018769954333333335,0.0,0.002084948
2060,3,2,1,0.0,0.0,0.003004993666666667,0.0026660026666666665,0.0041901970000000005
2060,3,2,2,0.0,0.0,0.07715164133333334,0.029053931333333335,0.041384377666666666
2060,3,2,3,0.0,0.0,0.143361711,0.028023818000000002,0.03328386166666667
2060,3,2,4,0.0,0.0,0.05655858033333333,0.0,0.002976698333333333
2060,3,2,5,0.0,0.0,0.027612672666666668,0.003676506333333333,0.005132015333333333
2060,3,2,6,0.0,0.0,0.016302013,0.004199812666666667,0.007817565
2060,3,2,7,0.0,0.0,0.014018217,0.0,0.004855801666666667
2060,3,2,8,0.0,0.0,0.018769954333333335,0.0,0.002084948
2060,3,3,1,0.0,0.0,0.003004993666666667,0.0026660026666666665,0.0041901970000000005
2060,3,3,2,0.0,0.0,0.07715164133333334,0.029053931333333335,0.041384377666666666
2060,3,3,3,0.0,0.0,0.143361711,0.028023818000000002,0.03328386166666667
2060,3,3,4,0.0,0.0,0.05655858033333333,0.0,0.002976698333333333
2060,3,3,5,0.0,0.0,0.027612672666666668,0.003676506333333333,0.005132015333333333
2060,3,3,6,0.0,0.0,0.016302013,0.004199812666666667,0.007817565
2060,3,3,7,0.0,0.0,0.014018217,0.0,0.004855801666666667
2060,3,3,8,0.0,0.0,0.018769954333333335,0.0,0.002084948
2060,3,4,1,0.0,0.0,0.003004993666666667,0.0026660026666666665,0.0041901970000000005
2060,3,4,2,0.0,0.0,0.07715164133333334,0.029053931333333335,0.041384377666666666
2060,3,4,3,0.0,0.0,0.143361711,0.028023818000000002,0.03328386166666667
2060,3,4,4,0.0,0.0,0.05655858033333333,0.0,0.002976698333333333
2060,3,4,5,0.0,0.0,0.027612672666666668,0.003676506333333333,0.005132015333333333
2060,3,4,6,0.0,0.0,0.016302013,0.004199812666666667,0.007817565
2060,3,4,7,0.0,0.0,0.014018217,0.0,0.004855801666666667
2060,3,4,8,0.0,0.0,0.018769954333333335,0.0,0.002084948
2060,3,5,1,0.0,0.0,0.003004993666666667,0.0026660026666666665,0.0041901970000000005
2060,3,5,2,0.0,0.0,0.07715164133333334,0.029053931333333335,0.041384377666666666
2060,3,5,3,0.0,0.0,0.143361711,0.028023818000000002,0.03328386166666667
2060,3,5,4,0.0,0.0,0.05655858033333333,0.0,0.002976698333333333
2060,3,5,5,0.0,0.0,0.027612672666666668,0.003676506333333333,0.005132015333333333
2060,3,5,6,0.0,0.0,0.016302013,0.004199812666666667,0.007817565
2060,3,5,7,0.0,0.0,0.014018217,0.0,0.004855801666666667
2060,3,5,8,0.0,0.0,0.018769954333333335,0.0,0.002084948
2060,3,6,1,0.0,0.0,0.003004993666666667,0.0026660026666666665,0.0041901970000000005
2060,3,6,2,0.0,0.0,0.07715164133333334,0.029053931333333335,0.041384377666666666
2060,3,6,3,0.0,0.0,0.143361711,0.028023818000000002,0.03328386166666667
2060,3,6,4,0.0,0.0,0.05655858033333333,0.0,0.002976698333333333
2060,3,6,5,0.0,0.0,0.027612672666666668,0.003676506333333333,0.005132015333333333
2060,3,6,6,0.0,0.0,0.016302013,0.004199812666666667,0.007817565
2060,3,6,7,0.0,0.0,0.014018217,0.0,0.004855801666666667
2060,3,6,8,0.0,0.0,0.018769954333333335,0.0,0.002084948
2060,3,7,1,0.0,0.0,0.003004993666666667,0.0026660026666666665,0.0041901970000000005
2060,3,7,2,0.0,0.0,0.07715164133333334,0.029053931333333335,0.041384377666666666
2060,3,7,3,0.0,0.0,0.143361711,0.028023818000000002,0.03328386166666667
2060,3,7,4,0.0,0.0,0.05655858033333333,0.0,0.002976698333333333
2060,3,7,5,0.0,0.0,0.027612672666666668,0.003676506333333333,0.005132015333333333
2060,3,7,6,0.0,0.0,0.016302013,0.004199812666666667,0.007817565
2060,3,7,7,0.0,0.0,0.014018217,0.0,0.004855801666666667
2060,3,7,8,0.0,0.0,0.018769954333333335,0.0,0.002084948
2060,3,8,1,0.0,0.0,0.003004993666666667,0.0026660026666666665,0.0041901970000000005
2060,3,8,2,0.0,0.0,0.07715164133333334,0.029053931333333335,0.041384377666666666
2060,3,8,3,0.0,0.0,0.143361711,0.028023818000000002,0.03328386166666667
2060,3,8,4,0.0,0.0,0.05655858033333333,0.0,0.002976698333333333
2060,3,8,5,0.0,0.0,0.027612672666666668,0.003676506333333333,0.005132015333333333
2060,3,8,6,0.0,0.0,0.016302013,0.004199812666666667,0.007817565
2060,3,8,7,0.0,0.0,0.014018217,0.0,0.004855801666666667
2060,3,8,8,0.0,0.0,0.018769954333333335,0.0,0.002084948
2060,3,9,1,0.0,0.0,0.003004993666666667,0.0026660026666666665,0.0041901970000000005
2060,3,9,2,0.0,0.0,0.07715164133333334,0.029053931333333335,0.041384377666666666
2060,3,9,3,0.0,0.0,0.143361711,0.028023818000000002,0.03328386166666667
2060,3,9,4,0.0,0.0,0.05655858033333333,0.0,0.002976698333333333
2060,3,9,5,0.0,0.0,0.027612672666666668,0.003676506333333333,0.005132015333333333
2060,3,9,6,0.0,0.0,0.016302013,0.004199812666666667,0.007817565
2060,3,9,7,0.0,0.0,0.014018217,0.0,0.004855801666666667
2060,3,9,8,0.0,0.0,0.018769954333333335,0.0,0.002084948
2060,3,10,1,0.0,0.0,0.003004993666666667,0.0026660026666666665,0.0041901970000000005
2060,3,10,2,0.0,0.0,0.07715164133333334,0.029053931333333335,0.041384377666666666
2060,3,10,3,0.0,0.0,0.143361711,0.028023818000000002,0.03328386166666667
2060,3,10,4,0.0,0.0,0.05655858033333333,0.0,0.002976698333333333
2060,3,10,5,0.0,0.0,0.027612672666666668,0.003676506333333333,0.005132015333333333
2060,3,10,6,0.0,0.0,0.016302013,0.004199812666666667,0.007817565
2060,3,10,7,0.0,0.0,0.014018217,0.0,0.004855801666666667
2060,3,10,8,0.0,0.0,0.018769954333333335,0.0,0.002084948
2060,3,11,1,0.0,0.0,0.003004993666666667,0.0026660026666666665,0.0041901970000000005
2060,3,11,2,0.0,0.0,0.07715164133333334,0.029053931333333335,0.041384377666666666
2060,3,11,3,0.0,0.0,0.143361711,0.028023818000000002,0.03328386166666667
2060,3,11,4,0.0,0.0,0.05655858033333333,0.0,0.002976698333333333
2060,3,11,5,0.0,0.0,0.027612672666666668,0.003676506333333333,0.005132015333333333
2060,3,11,6,0.0,0.0,0.016302013,0.004199812666666667,0.007817565
2060,3,11,7,0.0,0.0,0.014018217,0.0,0.004855801666666667
2060,3,11,8,0.0,0.0,0.018769954333333335,0.0,0.002084948
2060,3,12,1,0.0,0.0,0.003004993666666667,0.0026660026666666665,0.0041901970000000005
2060,3,12,2,0.0,0.0,0.07715164133333334,0.029053931333333335,0.041384377666666666
2060,3,12,3,0.0,0.0,0.143361711,0.028023818000000002,0.03328386166666667
2060,3,12,4,0.0,0.0,0.05655858033333333,0.0,0.002976698333333333
2060,3,12,5,0.0,0.0,0.027612672666666668,0.003676506333333333,0.005132015333333333
2060,3,12,6,0.0,0.0,0.016302013,0.004199812666666667,0.007817565
2060,3,12,7,0.0,0.0,0.014018217,0.0,0.004855801666666667
2060,3,12,8,0.0,0.0,0.018769954333333335,0.0,0.002084948
2060,3,13,1,0.0,0.0,0.003004993666666667,0.0026660026666666665,0.0041901970000000005
2060,3,13,2,0.0,0.0,0.07715164133333334,0.029053931333333335,0.041384377666666666
2060,3,13,3,0.0,0.0,0.143361711,0.028023818000000002,0.03328386166666667
2060,3,13,4,0.0,0.0,0.05655858033333333,0.0,0.002976698333333333
2060,3,13,5,0.0,0.0,0.027612672666666668,0.003676506333333333,0.005132015333333333
2060,3,13,6,0.0,0.0,0.016302013,0.004199812666666667,0.007817565
2060,3,13,7,0.0,0.0,0.014018217,0.0,0.004855801666666667
2060,3,13,8,0.0,0.0,0.018769954333333335,0.0,0.002084948
2060,3,14,1,0.0,0.0,0.003004993666666667,0.0026660026666666665,0.0041901970000000005
2060,3,14,2,0.0,0.0,0.07715164133333334,0.029053931333333335,0.041384377666666666
2060,3,14,3,0.0,0.0,0.143361711,0.028023818000000002,0.03328386166666667
2060,3,14,4,0.0,0.0,0.05655858033333333,0.0,0.002976698333333333
2060,3,14,5,0.0,0.0,0.027612672666666668,0.003676506333333333,0.005132015333333333
2060,3,14,6,0.0,0.0,0.016302013,0.004199812666666667,0.007817565
2060,3,14,7,0.0,0.0,0.014018217,0.0,0.004855801666666667
2060,3,14,8,0.0,0.0,0.018769954333333335,0.0,0.002084948
2060,3,15,1,0.0,0.0,0.003004993666666667,0.0026660026666666665,0.0041901970000000005
2060,3,15,2,0.0,0.0,0.07715164133333334,0.029053931333333335,0.041384377666666666
2060,3,15,3,0.0,0.0,0.143361711,0.028023818000000002,0.03328386166666667
2060,3,15,4,0.0,0.0,0.05655858033333333,0.0,0.002976698333333333
2060,3,15,5,0.0,0.0,0.027612672666666668,0.003676506333333333,0.005132015333333333
2060,3,15,6,0.0,0.0,0.016302013,0.004199812666666667,0.007817565
2060,3,15,7,0.0,0.0,0.014018217,0.0,0.004855801666666667
2060,3,15,8,0.0,0.0,0.018769954333333335,0.0,0.002084948
2060,3,16,1,0.0,0.0,0.003004993666666667,0.0026660026666666665,0.0041901970000000005
2060,3,16,2,0.0,0.0,0.07715164133333334,0.029053931333333335,0.041384377666666666
2060,3,16,3,0.0,0.0,0.143361711,0.028023818000000002,0.03328386166666667
2060,3,16,4,0.0,0.0,0.05655858033333333,0.0,0.002976698333333333
2060,3,16,5,0.0,0.0,0.027612672666666668,0.003676506333333333,0.005132015333333333
2060,3,16,6,0.0,0.0,0.016302013,0.004199812666666667,0.007817565
2060,3,16,7,0.0,0.0,0.014018217,0.0,0.004855801666666667
2060,3,16,8,0.0,0.0,0.018769954333333335,0.0,0.002084948
2060,3,17,1,0.0,0.0,0.003004993666666667,0.0026660026666666665,0.0041901970000000005
2060,3,17,2,0.0,0.0,0.07715164133333334,0.029053931333333335,0.041384377666666666
2060,3,17,3,0.0,0.0,0.143361711,0.028023818000000002,0.03328386166666667
2060,3,17,4,0.0,0.0,0.05655858033333333,0.0,0.002976698333333333
2060,3,17,5,0.0,0.0,0.027612672666666668,0.003676506333333333,0.005132015333333333
2060,3,17,6,0.0,0.0,0.016302013,0.004199812666666667,0.007817565
2060,3,17,7,0.0,0.0,0.014018217,0.0,0.004855801666666667
2060,3,17,8,0.0,0.0,0.018769954333333335,0.0,0.002084948
2060,3,18,1,0.0,0.0,0.003004993666666667,0.0026660026666666665,0.0041901970000000005
2060,3,18,2,0.0,0.0,0.07715164133333334,0.029053931333333335,0.041384377666666666
2060,3,18,3,0.0,0.0,0.143361711,0.028023818000000002,0.03328386166666667
2060,3,18,4,0.0,0.0,0.05655858033333333,0.0,0.002976698333333333
2060,3,18,5,0.0,0.0,0.027612672666666668,0.003676506333333333,0.005132015333333333
2060,3,18,6,0.0,0.0,0.016302013,0.004199812666666667,0.007817565
2060,3,18,7,0.0,0.0,0.014018217,0.0,0.004855801666666667
2060,3,18,8,0.0,0.0,0.018769954333333335,0.0,0.002084948
2060,3,19,1,0.0,0.0,0.003004993666666667,0.0026660026666666665,0.0041901970000000005
2060,3,19,2,0.0,0.0,0.07715164133333334,0.029053931333333335,0.041384377666666666
2060,3,19,3,0.0,0.0,0.143361711,0.028023818000000002,0.03328386166666667
2060,3,19,4,0.0,0.0,0.05655858033333333,0.0,0.002976698333333333
2060,3,19,5,0.0,0.0,0.027612672666666668,0.003676506333333333,0.005132015333333333
2060,3,19,6,0.0,0.0,0.016302013,0.004199812666666667,0.007817565
2060,3,19,7,0.0,0.0,0.014018217,0.0,0.004855801666666667
2060,3,19,8,0.0,0.0,0.018769954333333335,0.0,0.002084948
2060,3,20,1,0.0,0.0,0.003004993666666667,0.0026660026666666665,0.0041901970000000005
2060,3,20,2,0.0,0.0,0.07715164133333334,0.029053931333333335,0.041384377666666666
2060,3,20,3,0.0,0.0,0.143361711,0.028023818000000002,0.03328386166666667
2060,3,20,4,0.0,0.0,0.05655858033333333,0.0,0.002976698333333333
2060,3,20,5,0.0,0.0,0.027612672666666668,0.003676506333333333,0.005132015333333333
2060,3,20,6,0.0,0.0,0.016302013,0.004199812666666667,0.007817565
2060,3,20,7,0.0,0.0,0.014018217,0.0,0.004855801666666667
2060,3,20,8,0.0,0.0,0.018769954333333335,0.0,0.002084948
2060,3,21,1,0.0,0.0,0.003004993666666667,0.0026660026666666665,0.0041901970000000005
2060,3,21,2,0.0,0.0,0.07715164133333334,0.029053931333333335,0.041384377666666666
2060,3,21,3,0.0,0.0,0.143361711,0.028023818000000002,0.03328386166666667
2060,3,21,4,0.0,0.0,0.05655858033333333,0.0,0.002976698333333333
2060,3,21,5,0.0,0.0,0.027612672666666668,0.003676506333333333,0.005132015333333333
2060,3,21,6,0.0,0.0,0.016302013,0.004199812666666667,0.007817565
2060,3,21,7,0.0,0.0,0.014018217,0.0,0.004855801666666667
2060,3,21,8,0.0,0.0,0.018769954333333335,0.0,0.002084948
2060,3,22,1,0.0,0.0,0.003004993666666667,0.0026660026666666665,0.0041901970000000005
2060,3,22,2,0.0,0.0,0.07715164133333334,0.029053931333333335,0.041384377666666666
2060,3,22,3,0.0,0.0,0.143361711,0.028023818000000002,0.03328386166666667
2060,3,22,4,0.0,0.0,0.05655858033333333,0.0,0.002976698333333333
2060,3,22,5,0.0,0.0,0.027612672666666668,0.003676506333333333,0.005132015333333333
2060,3,22,6,0.0,0.0,0.016302013,0.004199812666666667,0.007817565
2060,3,22,7,0.0,0.0,0.014018217,0.0,0.004855801666666667
2060,3,22,8,0.0,0.0,0.018769954333333335,0.0,0.002084948
2060,3,23,1,0.0,0.0,0.003004993666666667,0.0026660026666666665,0.0041901970000000005
2060,3,23,2,0.0,0.0,0.07715164133333334,0.029053931333333335,0.041384377666666666
2060,3,23,3,0.0,0.0,0.143361711,0.028023818000000002,0.03328386166666667
2060,3,23,4,0.0,0.0,0.05655858033333333,0.0,0.002976698333333333
2060,3,23,5,0.0,0.0,0.027612672666666668,0.003676506333333333,0.005132015333333333
2060,3,23,6,0.0,0.0,0.016302013,0.004199812666666667,0.007817565
2060,3,23,7,0.0,0.0,0.014018217,0.0,0.004855801666666667
2060,3,23,8,0.0,0.0,0.018769954333333335,0.0,0.002084948
2060,3,24,1,0.0,0.0,0.003004993666666667,0.0026660026666666665,0.0041901970000000005
2060,3,24,2,0.0,0.0,0.07715164133333334,0.029053931333333335,0.041384377666666666
2060,3,24,3,0.0,0.0,0.143361711,0.028023818000000002,0.03328386166666667
2060,3,24,4,0.0,0.0,0.05655858033333333,0.0,0.002976698333333333
2060,3,24,5,0.0,0.0,0.027612672666666668,0.003676506333333333,0.005132015333333333
2060,3,24,6,0.0,0.0,0.016302013,0.004199812666666667,0.007817565
2060,3,24,7,0.0,0.0,0.014018217,0.0,0.004855801666666667
2060,3,24,8,0.0,0.0,0.018769954333333335,0.0,0.002084948
2060,3,25,1,0.0,0.0,0.003004993666666667,0.0026660026666666665,0.0041901970000000005
2060,3,25,2,0.0,0.0,0.07715164133333334,0.029053931333333335,0.041384377666666666
2060,3,25,3,0.0,0.0,0.143361711,0.028023818000000002,0.03328386166666667
2060,3,25,4,0.0,0.0,0.05655858033333333,0.0,0.002976698333333333
2060,3,25,5,0.0,0.0,0.027612672666666668,0.003676506333333333,0.005132015333333333
2060,3,25,6,0.0,0.0,0.016302013,0.004199812666666667,0.007817565
2060,3,25,7,0.0,0.0,0.014018217,0.0,0.004855801666666667
2060,3,25,8,0.0,0.0,0.018769954333333335,0.0,0.002084948
2060,3,26,1,0.0,0.0,0.003004993666666667,0.0026660026666666665,0.0041901970000000005
2060,3,26,2,0.0,0.0,0.07715164133333334,0.029053931333333335,0.041384377666666666
2060,3,26,3,0.0,0.0,0.143361711,0.028023818000000002,0.03328386166666667
2060,3,26,4,0.0,0.0,0.05655858033333333,0.0,0.002976698333333333
2060,3,26,5,0.0,0.0,0.027612672666666668,0.003676506333333333,0.005132015333333333
2060,3,26,6,0.0,0.0,0.016302013,0.004199812666666667,0.007817565
2060,3,26,7,0.0,0.0,0.014018217,0.0,0.004855801666666667
2060,3,26,8,0.0,0.0,0.018769954333333335,0.0,0.002084948
2060,3,27,1,0.0,0.0,0.003004993666666667,0.0026660026666666665,0.0041901970000000005
2060,3,27,2,0.0,0.0,0.07715164133333334,0.029053931333333335,0.041384377666666666
2060,3,27,3,0.0,0.0,0.143361711,0.028023818000000002,0.03328386166666667
2060,3,27,4,0.0,0.0,0.05655858033333333,0.0,0.002976698333333333
2060,3,27,5,0.0,0.0,0.027612672666666668,0.003676506333333333,0.005132015333333333
2060,3,27,6,0.0,0.0,0.016302013,0.004199812666666667,0.007817565
2060,3,27,7,0.0,0.0,0.014018217,0.0,0.004855801666666667
2060,3,27,8,0.0,0.0,0.018769954333333335,0.0,0.002084948
2060,3,28,1,0.0,0.0,0.003004993666666667,0.0026660026666666665,0.0041901970000000005
2060,3,28,2,0.0,0.0,0.07715164133333334,0.029053931333333335,0.041384377666666666
2060,3,28,3,0.0,0.0,0.143361711,0.028023818000000002,0.03328386166666667
2060,3,28,4,0.0,0.0,0.05655858033333333,0.0,0.002976698333333333
2060,3,28,5,0.0,0.0,0.027612672666666668,0.003676506333333333,0.005132015333333333
2060,3,28,6,0.0,0.0,0.016302013,0.004199812666666667,0.007817565
2060,3,28,7,0.0,0.0,0.014018217,0.0,0.004855801666666667
2060,3,28,8,0.0,0.0,0.018769954333333335,0.0,0.002084948
2060,3,29,1,0.0,0.0,0.003004993666666667,0.0026660026666666665,0.0041901970000000005
2060,3,29,2,0.0,0.0,0.07715164133333334,0.029053931333333335,0.041384377666666666
2060,3,29,3,0.0,0.0,0.143361711,0.028023818000000002,0.03328386166666667
2060,3,29,4,0.0,0.0,0.05655858033333333,0.0,0.002976698333333333
2060,3,29,5,0.0,0.0,0.027612672666666668,0.003676506333333333,0.005132015333333333
2060,3,29,6,0.0,0.0,0.016302013,0.004199812666666667,0.007817565
2060,3,29,7,0.0,0.0,0.014018217,0.0,0.004855801666666667
2060,3,29,8,0.0,0.0,0.018769954333333335,0.0,0.002084948
2060,3,30,1,0.0,0.0,0.003004993666666667,0.0026660026666666665,0.0041901970000000005
2060,3,30,2,0.0,0.0,0.07715164133333334,0.029053931333333335,0.041384377666666666
2060,3,30,3,0.0,0.0,0.143361711,0.028023818000000002,0.03328386166666667
2060,3,30,4,0.0,0.0,0.05655858033333333,0.0,0.002976698333333333
2060,3,30,5,0.0,0.0,0.027612672666666668,0.003676506333333333,0.005132015333333333
2060,3,30,6,0.0,0.0,0.016302013,0.004199812666666667,0.007817565
2060,3,30,7,0.0,0.0,0.014018217,0.0,0.004855801666666667
2060,3,30,8,0.0,0.0,0.018769954333333335,0.0,0.002084948
2060,3,31,1,0.0,0.0,0.003004993666666667,0.0026660026666666665,0.0041901970000000005
2060,3,31,2,0.0,0.0,0.07715164133333334,0.029053931333333335,0.041384377666666666
2060,3,31,3,0.0,0.0,0.143361711,0.028023818000000002,0.03328386166666667
2060,3,31,4,0.0,0.0,0.05655858033333333,0.0,0.002976698333333333
2060,3,31,5,0.0,0.0,0.027612672666666668,0.003676506333333333,0.005132015333333333
2060,3,31,6,0.0,0.0,0.016302013,0.004199812666666667,0.007817565
2060,3,31,7,0.0,0.0,0.014018217,0.0,0.004855801666666667
2060,3,31,8,0.0,0.0,0.018769954333333335,0.0,0.002084948
2060,4,1,1,0.0,0.0,0.0,0.0,0.0007065556666666666
2060,4,1,2,0.0,0.0,0.025505113,0.016121652666666667,0.030361173333333335
2060,4,1,3,0.0,0.0,0.09546998033333333,0.015766371666666668,0.031436627
2060,4,1,4,0.0,0.0,0.07997947266666666,0.0,0.00043466833333333335
2060,4,1,5,0.0,0.0,0.05855643133333333,0.006897759333333334,0.007134814
2060,4,1,6,0.0,0.0,0.029726933333333334,0.018571810666666667,0.012963392999999998
2060,4,1,7,0.0,0.0,0.014712072000000001,0.0036676309999999998,0.003747130333333333
2060,4,1,8,0.0,0.0,0.013289764,0.00035918666666666664,0.0020129133333333334
2060,4,2,1,0.0,0.0,0.0,0.0,0.0007065556666666666
2060,4,2,2,0.0,0.0,0.025505113,0.016121652666666667,0.030361173333333335
2060,4,2,3,0.0,0.0,0.09546998033333333,0.015766371666666668,0.031436627
2060,4,2,4,0.0,0.0,0.07997947266666666,0.0,0.00043466833333333335
2060,4,2,5,0.0,0.0,0.05855643133333333,0.006897759333333334,0.007134814
2060,4,2,6,0.0,0.0,0.029726933333333334,0.018571810666666667,0.012963392999999998
2060,4,2,7,0.0,0.0,0.014712072000000001,0.0036676309999999998,0.003747130333333333
2060,4,2,8,0.0,0.0,0.013289764,0.00035918666666666664,0.0020129133333333334
2060,4,3,1,0.0,0.0,0.0,0.0,0.0007065556666666666
2060,4,3,2,0.0,0.0,0.025505113,0.016121652666666667,0.030361173333333335
2060,4,3,3,0.0,0.0,0.09546998033333333,0.015766371666666668,0.031436627
2060,4,3,4,0.0,0.0,0.07997947266666666,0.0,0.00043466833333333335
2060,4,3,5,0.0,0.0,0.05855643133333333,0.006897759333333334,0.007134814
2060,4,3,6,0.0,0.0,0.029726933333333334,0.018571810666666667,0.012963392999999998
2060,4,3,7,0.0,0.0,0.014712072000000001,0.0036676309999999998,0.003747130333333333
2060,4,3,8,0.0,0.0,0.013289764,0.00035918666666666664,0.0020129133333333334
2060,4,4,1,0.0,0.0,0.0,0.0,0.0007065556666666666
2060,4,4,2,0.0,0.0,0.025505113,0.016121652666666667,0.030361173333333335
2060,4,4,3,0.0,0.0,0.09546998033333333,0.015766371666666668,0.031436627
2060,4,4,4,0.0,0.0,0.07997947266666666,0.0,0.00043466833333333335
2060,4,4,5,0.0,0.0,0.05855643133333333,0.006897759333333334,0.007134814
2060,4,4,6,0.0,0.0,0.029726933333333334,0.018571810666666667,0.012963392999999998
2060,4,4,7,0.0,0.0,0.014712072000000001,0.0036676309999999998,0.003747130333333333
2060,4,4,8,0.0,0.0,0.013289764,0.00035918666666666664,0.0020129133333333334
2060,4,5,1,0.0,0.0,0.0,0.0,0.0007065556666666666
2060,4,5,2,0.0,0.0,0.025505113,0.016121652666666667,0.030361173333333335
2060,4,5,3,0.0,0.0,0.09546998033333333,0.015766371666666668,0.031436627
2060,4,5,4,0.0,0.0,0.07997947266666666,0.0,0.00043466833333333335
2060,4,5,5,0.0,0.0,0.05855643133333333,0.006897759333333334,0.007134814
2060,4,5,6,0.0,0.0,0.029726933333333334,0.018571810666666667,0.012963392999999998
2060,4,5,7,0.0,0.0,0.014712072000000001,0.0036676309999999998,0.003747130333333333
2060,4,5,8,0.0,0.0,0.013289764,0.00035918666666666664,0.0020129133333333334
2060,4,6,1,0.0,0.0,0.0,0.0,0.0007065556666666666
2060,4,6,2,0.0,0.0,0.025505113,0.016121652666666667,0.030361173333333335
2060,4,6,3,0.0,0.0,0.09546998033333333,0.015766371666666668,0.031436627
2060,4,6,4,0.0,0.0,0.07997947266666666,0.0,0.00043466833333333335
2060,4,6,5,0.0,0.0,0.05855643133333333,0.006897759333333334,0.007134814
2060,4,6,6,0.0,0.0,0.029726933333333334,0.018571810666666667,0.012963392999999998
2060,4,6,7,0.0,0.0,0.014712072000000001,0.0036676309999999998,0.003747130333333333
2060,4,6,8,0.0,0.0,0.013289764,0.00035918666666666664,0.0020129133333333334
2060,4,7,1,0.0,0.0,0.0,0.0,0.0007065556666666666
2060,4,7,2,0.0,0.0,0.025505113,0.016121652666666667,0.030361173333333335
2060,4,7,3,0.0,0.0,0.09546998033333333,0.015766371666666668,0.031436627
2060,4,7,4,0.0,0.0,0.07997947266666666,0.0,0.00043466833333333335
2060,4,7,5,0.0,0.0,0.05855643133333333,0.006897759333333334,0.007134814
2060,4,7,6,0.0,0.0,0.029726933333333334,0.018571810666666667,0.012963392999999998
2060,4,7,7,0.0,0.0,0.014712072000000001,0.0036676309999999998,0.003747130333333333
2060,4,7,8,0.0,0.0,0.013289764,0.00035918666666666664,0.0020129133333333334
2060,4,8,1,0.0,0.0,0.0,0.0,0.0007065556666666666
2060,4,8,2,0.0,0.0,0.025505113,0.016121652666666667,0.030361173333333335
2060,4,8,3,0.0,0.0,0.09546998033333333,0.015766371666666668,0.031436627
2060,4,8,4,0.0,0.0,0.07997947266666666,0.0,0.00043466833333333335
2060,4,8,5,0.0,0.0,0.05855643133333333,0.006897759333333334,0.007134814
2060,4,8,6,0.0,0.0,0.029726933333333334,0.018571810666666667,0.012963392999999998
2060,4,8,7,0.0,0.0,0.014712072000000001,0.0036676309999999998,0.003747130333333333
2060,4,8,8,0.0,0.0,0.013289764,0.00035918666666666664,0.0020129133333333334
2060,4,9,1,0.0,0.0,0.0,0.0,0.0007065556666666666
2060,4,9,2,0.0,0.0,0.025505113,0.016121652666666667,0.030361173333333335
2060,4,9,3,0.0,0.0,0.09546998033333333,0.015766371666666668,0.031436627
2060,4,9,4,0.0,0.0,0.07997947266666666,0.0,0.00043466833333333335
2060,4,9,5,0.0,0.0,0.05855643133333333,0.006897759333333334,0.007134814
2060,4,9,6,0.0,0.0,0.029726933333333334,0.018571810666666667,0.012963392999999998
2060,4,9,7,0.0,0.0,0.014712072000000001,0.0036676309999999998,0.003747130333333333
2060,4,9,8,0.0,0.0,0.013289764,0.00035918666666666664,0.0020129133333333334
2060,4,10,1,0.0,0.0,0.0,0.0,0.0007065556666666666
2060,4,10,2,0.0,0.0,0.025505113,0.016121652666666667,0.030361173333333335
2060,4,10,3,0.0,0.0,0.09546998033333333,0.015766371666666668,0.031436627
2060,4,10,4,0.0,0.0,0.07997947266666666,0.0,0.00043466833333333335
2060,4,10,5,0.0,0.0,0.05855643133333333,0.006897759333333334,0.007134814
2060,4,10,6,0.0,0.0,0.029726933333333334,0.018571810666666667,0.012963392999999998
2060,4,10,7,0.0,0.0,0.014712072000000001,0.0036676309999999998,0.003747130333333333
2060,4,10,8,0.0,0.0,0.013289764,0.00035918666666666664,0.0020129133333333334
2060,4,11,1,0.0,0.0,0.0,0.0,0.0007065556666666666
2060,4,11,2,0.0,0.0,0.025505113,0.016121652666666667,0.030361173333333335
2060,4,11,3,0.0,0.0,0.09546998033333333,0.015766371666666668,0.031436627
2060,4,11,4,0.0,0.0,0.07997947266666666,0.0,0.00043466833333333335
2060,4,11,5,0.0,0.0,0.05855643133333333,0.006897759333333334,0.007134814
2060,4,11,6,0.0,0.0,0.029726933333333334,0.018571810666666667,0.012963392999999998
2060,4,11,7,0.0,0.0,0.014712072000000001,0.0036676309999999998,0.003747130333333333
2060,4,11,8,0.0,0.0,0.013289764,0.00035918666666666664,0.0020129133333333334
2060,4,12,1,0.0,0.0,0.0,0.0,0.0007065556666666666
2060,4,12,2,0.0,0.0,0.025505113,0.016121652666666667,0.030361173333333335
2060,4,12,3,0.0,0.0,0.09546998033333333,0.015766371666666668,0.031436627
2060,4,12,4,0.0,0.0,0.07997947266666666,0.0,0.00043466833333333335
2060,4,12,5,0.0,0.0,0.05855643133333333,0.006897759333333334,0.007134814
2060,4,12,6,0.0,0.0,0.029726933333333334,0.018571810666666667,0.012963392999999998
2060,4,12,7,0.0,0.0,0.014712072000000001,0.0036676309999999998,0.003747130333333333
2060,4,12,8,0.0,0.0,0.013289764,0.00035918666666666664,0.0020129133333333334
2060,4,13,1,0.0,0.0,0.0,0.0,0.0007065556666666666
2060,4,13,2,0.0,0.0,0.025505113,0.016121652666666667,0.030361173333333335
2060,4,13,3,0.0,0.0,0.09546998033333333,0.015766371666666668,0.031436627
2060,4,13,4,0.0,0.0,0.07997947266666666,0.0,0.00043466833333333335
2060,4,13,5,0.0,0.0,0.05855643133333333,0.006897759333333334,0.007134814
2060,4,13,6,0.0,0.0,0.029726933333333334,0.018571810666666667,0.012963392999999998
2060,4,13,7,0.0,0.0,0.014712072000000001,0.0036676309999999998,0.003747130333333333
2060,4,13,8,0.0,0.0,0.013289764,0.00035918666666666664,0.0020129133333333334
2060,4,14,1,0.0,0.0,0.0,0.0,0.0007065556666666666
2060,4,14,2,0.0,0.0,0.025505113,0.016121652666666667,0.030361173333333335
2060,4,14,3,0.0,0.0,0.09546998033333333,0.015766371666666668,0.031436627
2060,4,14,4,0.0,0.0,0.07997947266666666,0.0,0.00043466833333333335
2060,4,14,5,0.0,0.0,0.05855643133333333,0.006897759333333334,0.007134814
2060,4,14,6,0.0,0.0,0.029726933333333334,0.018571810666666667,0.012963392999999998
2060,4,14,7,0.0,0.0,0.014712072000000001,0.0036676309999999998,0.003747130333333333
2060,4,14,8,0.0,0.0,0.013289764,0.00035918666666666664,0.0020129133333333334
2060,4,15,1,0.0,0.0,0.0,0.0,0.0007065556666666666
2060,4,15,2,0.0,0.0,0.025505113,0.016121652666666667,0.030361173333333335
2060,4,15,3,0.0,0.0,0.09546998033333333,0.015766371666666668,0.031436627
2060,4,15,4,0.0,0.0,0.07997947266666666,0.0,0.00043466833333333335
2060,4,15,5,0.0,0.0,0.05855643133333333,0.006897759333333334,0.007134814
2060,4,15,6,0.0,0.0,0.029726933333333334,0.018571810666666667,0.012963392999999998
2060,4,15,7,0.0,0.0,0.014712072000000001,0.0036676309999999998,0.003747130333333333
2060,4,15,8,0.0,0.0,0.013289764,0.00035918666666666664,0.0020129133333333334
2060,4,16,1,0.0,0.0,0.0,0.0,0.0007065556666666666
2060,4,16,2,0.0,0.0,0.025505113,0.016121652666666667,0.030361173333333335
2060,4,16,3,0.0,0.0,0.09546998033333333,0.015766371666666668,0.031436627
2060,4,16,4,0.0,0.0,0.07997947266666666,0.0,0.00043466833333333335
2060,4,16,5,0.0,0.0,0.05855643133333333,0.006897759333333334,0.007134814
2060,4,16,6,0.0,0.0,0.029726933333333334,0.018571810666666667,0.012963392999999998
2060,4,16,7,0.0,0.0,0.014712072000000001,0.0036676309999999998,0.003747130333333333
2060,4,16,8,0.0,0.0,0.013289764,0.00035918666666666664,0.0020129133333333334
2060,4,17,1,0.0,0.0,0.0,0.0,0.0007065556666666666
2060,4,17,2,0.0,0.0,0.025505113,0.016121652666666667,0.030361173333333335
2060,4,17,3,0.0,0.0,0.09546998033333333,0.015766371666666668,0.031436627
2060,4,17,4,0.0,0.0,0.07997947266666666,0.0,0.00043466833333333335
2060,4,17,5,0.0,0.0,0.05855643133333333,0.006897759333333334,0.007134814
2060,4,17,6,0.0,0.0,0.029726933333333334,0.018571810666666667,0.012963392999999998
2060,4,17,7,0.0,0.0,0.014712072000000001,0.0036676309999999998,0.003747130333333333
2060,4,17,8,0.0,0.0,0.013289764,0.00035918666666666664,0.0020129133333333334
2060,4,18,1,0.0,0.0,0.0,0.0,0.0007065556666666666
2060,4,18,2,0.0,0.0,0.025505113,0.016121652666666667,0.030361173333333335
2060,4,18,3,0.0,0.0,0.09546998033333333,0.015766371666666668,0.031436627
2060,4,18,4,0.0,0.0,0.07997947266666666,0.0,0.00043466833333333335
2060,4,18,5,0.0,0.0,0.05855643133333333,0.006897759333333334,0.007134814
2060,4,18,6,0.0,0.0,0.029726933333333334,0.018571810666666667,0.012963392999999998
2060,4,18,7,0.0,0.0,0.014712072000000001,0.0036676309999999998,0.003747130333333333
2060,4,18,8,0.0,0.0,0.013289764,0.00035918666666666664,0.0020129133333333334
2060,4,19,1,0.0,0.0,0.0,0.0,0.0007065556666666666
2060,4,19,2,0.0,0.0,0.025505113,0.016121652666666667,0.030361173333333335
2060,4,19,3,0.0,0.0,0.09546998033333333,0.015766371666666668,0.031436627
2060,4,19,4,0.0,0.0,0.07997947266666666,0.0,0.00043466833333333335
2060,4,19,5,0.0,0.0,0.05855643133333333,0.006897759333333334,0.007134814
2060,4,19,6,0.0,0.0,0.029726933333333334,0.018571810666666667,0.012963392999999998
2060,4,19,7,0.0,0.0,0.014712072000000001,0.0036676309999999998,0.003747130333333333
2060,4,19,8,0.0,0.0,0.013289764,0.00035918666666666664,0.0020129133333333334
2060,4,20,1,0.0,0.0,0.0,0.0,0.0007065556666666666
2060,4,20,2,0.0,0.0,0.025505113,0.016121652666666667,0.030361173333333335
2060,4,20,3,0.0,0.0,0.09546998033333333,0.015766371666666668,0.031436627
2060,4,20,4,0.0,0.0,0.07997947266666666,0.0,0.00043466833333333335
2060,4,20,5,0.0,0.0,0.05855643133333333,0.006897759333333334,0.007134814
2060,4,20,6,0.0,0.0,0.029726933333333334,0.018571810666666667,0.012963392999999998
2060,4,20,7,0.0,0.0,0.014712072000000001,0.0036676309999999998,0.003747130333333333
2060,4,20,8,0.0,0.0,0.013289764,0.00035918666666666664,0.0020129133333333334
2060,4,21,1,0.0,0.0,0.0,0.0,0.0007065556666666666
2060,4,21,2,0.0,0.0,0.025505113,0.016121652666666667,0.030361173333333335
2060,4,21,3,0.0,0.0,0.09546998033333333,0.015766371666666668,0.031436627
2060,4,21,4,0.0,0.0,0.07997947266666666,0.0,0.00043466833333333335
2060,4,21,5,0.0,0.0,0.05855643133333333,0.006897759333333334,0.007134814
2060,4,21,6,0.0,0.0,0.029726933333333334,0.018571810666666667,0.012963392999999998
2060,4,21,7,0.0,0.0,0.014712072000000001,0.0036676309999999998,0.003747130333333333
2060,4,21,8,0.0,0.0,0.013289764,0.00035918666666666664,0.0020129133333333334
2060,4,22,1,0.0,0.0,0.0,0.0,0.0007065556666666666
2060,4,22,2,0.0,0.0,0.025505113,0.016121652666666667,0.030361173333333335
2060,4,22,3,0.0,0.0,0.09546998033333333,0.015766371666666668,0.031436627
2060,4,22,4,0.0,0.0,0.07997947266666666,0.0,0.00043466833333333335
2060,4,22,5,0.0,0.0,0.05855643133333333,0.006897759333333334,0.007134814
2060,4,22,6,0.0,0.0,0.029726933333333334,0.018571810666666667,0.012963392999999998
2060,4,22,7,0.0,0.0,0.014712072000000001,0.0036676309999999998,0.003747130333333333
2060,4,22,8,0.0,0.0,0.013289764,0.00035918666666666664,0.0020129133333333334
2060,4,23,1,0.0,0.0,0.0,0.0,0.0007065556666666666
2060,4,23,2,0.0,0.0,0.025505113,0.016121652666666667,0.030361173333333335
2060,4,23,3,0.0,0.0,0.09546998033333333,0.015766371666666668,0.031436627
2060,4,23,4,0.0,0.0,0.07997947266666666,0.0,0.00043466833333333335
2060,4,23,5,0.0,0.0,0.05855643133333333,0.006897759333333334,0.007134814
2060,4,23,6,0.0,0.0,0.029726933333333334,0.018571810666666667,0.012963392999999998
2060,4,23,7,0.0,0.0,0.014712072000000001,0.0036676309999999998,0.003747130333333333
2060,4,23,8,0.0,0.0,0.013289764,0.00035918666666666664,0.0020129133333333334
2060,4,24,1,0.0,0.0,0.0,0.0,0.0007065556666666666
2060,4,24,2,0.0,0.0,0.025505113,0.016121652666666667,0.030361173333333335
2060,4,24,3,0.0,0.0,0.09546998033333333,0.015766371666666668,0.031436627
2060,4,24,4,0.0,0.0,0.07997947266666666,0.0,0.00043466833333333335
2060,4,24,5,0.0,0.0,0.05855643133333333,0.006897759333333334,0.007134814
2060,4,24,6,0.0,0.0,0.029726933333333334,0.018571810666666667,0.012963392999999998
2060,4,24,7,0.0,0.0,0.014712072000000001,0.0036676309999999998,0.003747130333333333
2060,4,24,8,0.0,0.0,0.013289764,0.00035918666666666664,0.0020129133333333334
2060,4,25,1,0.0,0.0,0.0,0.0,0.0007065556666666666
2060,4,25,2,0.0,0.0,0.025505113,0.016121652666666667,0.030361173333333335
2060,4,25,3,0.0,0.0,0.09546998033333333,0.015766371666666668,0.031436627
2060,4,25,4,0.0,0.0,0.07997947266666666,0.0,0.00043466833333333335
2060,4,25,5,0.0,0.0,0.05855643133333333,0.006897759333333334,0.007134814
2060,4,25,6,0.0,0.0,0.029726933333333334,0.018571810666666667,0.012963392999999998
2060,4,25,7,0.0,0.0,0.014712072000000001,0.0036676309999999998,0.003747130333333333
2060,4,25,8,0.0,0.0,0.013289764,0.00035918666666666664,0.0020129133333333334
2060,4,26,1,0.0,0.0,0.0,0.0,0.0007065556666666666
2060,4,26,2,0.0,0.0,0.025505113,0.016121652666666667,0.030361173333333335
2060,4,26,3,0.0,0.0,0.09546998033333333,0.015766371666666668,0.031436627
2060,4,26,4,0.0,0.0,0.07997947266666666,0.0,0.00043466833333333335
2060,4,26,5,0.0,0.0,0.05855643133333333,0.006897759333333334,0.007134814
2060,4,26,6,0.0,0.0,0.029726933333333334,0.018571810666666667,0.012963392999999998
2060,4,26,7,0.0,0.0,0.014712072000000001,0.0036676309999999998,0.003747130333333333
2060,4,26,8,0.0,0.0,0.013289764,0.00035918666666666664,0.0020129133333333334
2060,4,27,1,0.0,0.0,0.0,0.0,0.0007065556666666666
2060,4,27,2,0.0,0.0,0.025505113,0.016121652666666667,0.030361173333333335
2060,4,27,3,0.0,0.0,0.09546998033333333,0.015766371666666668,0.031436627
2060,4,27,4,0.0,0.0,0.07997947266666666,0.0,0.00043466833333333335
2060,4,27,5,0.0,0.0,0.05855643133333333,0.006897759333333334,0.007134814
2060,4,27,6,0.0,0.0,0.029726933333333334,0.018571810666666667,0.012963392999999998
2060,4,27,7,0.0,0.0,0.014712072000000001,0.0036676309999999998,0.003747130333333333
2060,4,27,8,0.0,0.0,0.013289764,0.00035918666666666664,0.0020129133333333334
2060,4,28,1,0.0,0.0,0.0,0.0,0.0007065556666666666
2060,4,28,2,0.0,0.0,0.025505113,0.016121652666666667,0.030361173333333335
2060,4,28,3,0.0,0.0,0.09546998033333333,0.015766371666666668,0.031436627
2060,4,28,4,0.0,0.0,0.07997947266666666,0.0,0.00043466833333333335
2060,4,28,5,0.0,0.0,0.05855643133333333,0.006897759333333334,0.007134814
2060,4,28,6,0.0,0.0,0.029726933333333334,0.018571810666666667,0.012963392999999998
2060,4,28,7,0.0,0.0,0.014712072000000001,0.0036676309999999998,0.003747130333333333
2060,4,28,8,0.0,0.0,0.013289764,0.00035918666666666664,0.0020129133333333334
2060,4,29,1,0.0,0.0,0.0,0.0,0.0007065556666666666
2060,4,29,2,0.0,0.0,0.025505113,0.016121652666666667,0.030361173333333335
2060,4,29,3,0.0,0.0,0.09546998033333333,0.015766371666666668,0.031436627
2060,4,29,4,0.0,0.0,0.07997947266666666,0.0,0.00043466833333333335
2060,4,29,5,0.0,0.0,0.05855643133333333,0.006897759333333334,0.007134814
2060,4,29,6,0.0,0.0,0.029726933333333334,0.018571810666666667,0.012963392999999998
2060,4,29,7,0.0,0.0,0.014712072000000001,0.0036676309999999998,0.003747130333333333
2060,4,29,8,0.0,0.0,0.013289764,0.00035918666666666664,0.0020129133333333334
2060,4,30,1,0.0,0.0,0.0,0.0,0.0007065556666666666
2060,4,30,2,0.0,0.0,0.025505113,0.016121652666666667,0.030361173333333335
2060,4,30,3,0.0,0.0,0.09546998033333333,0.015766371666666668,0.031436627
2060,4,30,4,0.0,0.0,0.07997947266666666,0.0,0.00043466833333333335
2060,4,30,5,0.0,0.0,0.05855643133333333,0.006897759333333334,0.007134814
2060,4,30,6,0.0,0.0,0.029726933333333334,0.018571810666666667,0.012963392999999998
2060,4,30,7,0.0,0.0,0.014712072000000001,0.0036676309999999998,0.003747130333333333
2060,4,30,8,0.0,0.0,0.013289764,0.00035918666666666664,0.0020129133333333334
2060,5,1,1,0.0,0.0,0.005647383666666666,0.09081827466666666,0.04700655
2060,5,1,2,0.0,0.0,0.043069251333333336,0.025339957666666666,0.021400898666666668
2060,5,1,3,0.0,0.0,0.07975955033333333,0.057137483999999995,0.020553750666666665
2060,5,1,4,0.0,0.0,0.07108986299999999,0.15921394033333333,0.06961933833333334
2060,5,1,5,0.0,0.0,0.06634125733333333,0.384454058,0.19884431300000002
2060,5,1,6,0.0,0.0,0.066182577,0.4538908066666667,0.24848690133333332
2060,5,1,7,0.0,0.0,0.039251324666666663,0.47066098366666664,0.288108083
2060,5,1,8,0.0,0.0,0.019077992333333335,0.396301196,0.2753704753333333
2060,5,2,1,0.0,0.0,0.005647383666666666,0.09081827466666666,0.04700655
2060,5,2,2,0.0,0.0,0.043069251333333336,0.025339957666666666,0.021400898666666668
2060,5,2,3,0.0,0.0,0.07975955033333333,0.057137483999999995,0.020553750666666665
2060,5,2,4,0.0,0.0,0.07108986299999999,0.15921394033333333,0.06961933833333334
2060,5,2,5,0.0,0.0,0.06634125733333333,0.384454058,0.19884431300000002
2060,5,2,6,0.0,0.0,0.066182577,0.4538908066666667,0.24848690133333332
2060,5,2,7,0.0,0.0,0.039251324666666663,0.47066098366666664,0.288108083
2060,5,2,8,0.0,0.0,0.019077992333333335,0.396301196,0.2753704753333333
2060,5,3,1,0.0,0.0,0.005647383666666666,0.09081827466666666,0.04700655
2060,5,3,2,0.0,0.0,0.043069251333333336,0.025339957666666666,0.021400898666666668
2060,5,3,3,0.0,0.0,0.07975955033333333,0.057137483999999995,0.020553750666666665
2060,5,3,4,0.0,0.0,0.07108986299999999,0.15921394033333333,0.06961933833333334
2060,5,3,5,0.0,0.0,0.06634125733333333,0.384454058,0.19884431300000002
2060,5,3,6,0.0,0.0,0.066182577,0.4538908066666667,0.24848690133333332
2060,5,3,7,0.0,0.0,0.039251324666666663,0.47066098366666664,0.288108083
2060,5,3,8,0.0,0.0,0.019077992333333335,0.396301196,0.2753704753333333
2060,5,4,1,0.0,0.0,0.005647383666666666,0.09081827466666666,0.04700655
2060,5,4,2,0.0,0.0,0.043069251333333336,0.025339957666666666,0.021400898666666668
2060,5,4,3,0.0,0.0,0.07975955033333333,0.057137483999999995,0.020553750666666665
2060,5,4,4,0.0,0.0,0.07108986299999999,0.15921394033333333,0.06961933833333334
2060,5,4,5,0.0,0.0,0.06634125733333333,0.384454058,0.19884431300000002
2060,5,4,6,0.0,0.0,0.066182577,0.4538908066666667,0.24848690133333332
2060,5,4,7,0.0,0.0,0.039251324666666663,0.47066098366666664,0.288108083
2060,5,4,8,0.0,0.0,0.019077992333333335,0.396301196,0.2753704753333333
2060,5,5,1,0.0,0.0,0.005647383666666666,0.09081827466666666,0.04700655
2060,5,5,2,0.0,0.0,0.043069251333333336,0.025339957666666666,0.021400898666666668
2060,5,5,3,0.0,0.0,0.07975955033333333,0.057137483999999995,0.020553750666666665
2060,5,5,4,0.0,0.0,0.07108986299999999,0.15921394033333333,0.06961933833333334
2060,5,5,5,0.0,0.0,0.06634125733333333,0.384454058,0.19884431300000002
2060,5,5,6,0.0,0.0,0.066182577,0.4538908066666667,0.24848690133333332
2060,5,5,7,0.0,0.0,0.039251324666666663,0.47066098366666664,0.288108083
2060,5,5,8,0.0,0.0,0.019077992333333335,0.396301196,0.2753704753333333
2060,5,6,1,0.0,0.0,0.005647383666666666,0.09081827466666666,0.04700655
2060,5,6,2,0.0,0.0,0.043069251333333336,0.025339957666666666,0.021400898666666668
2060,5,6,3,0.0,0.0,0.07975955033333333,0.057137483999999995,0.020553750666666665
2060,5,6,4,0.0,0.0,0.07108986299999999,0.15921394033333333,0.06961933833333334
2060,5,6,5,0.0,0.0,0.06634125733333333,0.384454058,0.19884431300000002
2060,5,6,6,0.0,0.0,0.066182577,0.4538908066666667,0.24848690133333332
2060,5,6,7,0.0,0.0,0.039251324666666663,0.47066098366666664,0.288108083
2060,5,6,8,0.0,0.0,0.019077992333333335,0.396301196,0.2753704753333333
2060,5,7,1,0.0,0.0,0.005647383666666666,0.09081827466666666,0.04700655
2060,5,7,2,0.0,0.0,0.043069251333333336,0.025339957666666666,0.021400898666666668
2060,5,7,3,0.0,0.0,0.07975955033333333,0.057137483999999995,0.020553750666666665
2060,5,7,4,0.0,0.0,0.07108986299999999,0.15921394033333333,0.06961933833333334
2060,5,7,5,0.0,0.0,0.06634125733333333,0.384454058,0.19884431300000002
2060,5,7,6,0.0,0.0,0.066182577,0.4538908066666667,0.24848690133333332
2060,5,7,7,0.0,0.0,0.039251324666666663,0.47066098366666664,0.288108083
2060,5,7,8,0.0,0.0,0.019077992333333335,0.396301196,0.2753704753333333
2060,5,8,1,0.0,0.0,0.005647383666666666,0.09081827466666666,0.04700655
2060,5,8,2,0.0,0.0,0.043069251333333336,0.025339957666666666,0.021400898666666668
2060,5,8,3,0.0,0.0,0.07975955033333333,0.057137483999999995,0.020553750666666665
2060,5,8,4,0.0,0.0,0.07108986299999999,0.15921394033333333,0.06961933833333334
2060,5,8,5,0.0,0.0,0.06634125733333333,0.384454058,0.19884431300000002
2060,5,8,6,0.0,0.0,0.066182577,0.4538908066666667,0.24848690133333332
2060,5,8,7,0.0,0.0,0.039251324666666663,0.47066098366666664,0.288108083
2060,5,8,8,0.0,0.0,0.019077992333333335,0.396301196,0.2753704753333333
2060,5,9,1,0.0,0.0,0.005647383666666666,0.09081827466666666,0.04700655
2060,5,9,2,0.0,0.0,0.043069251333333336,0.025339957666666666,0.021400898666666668
2060,5,9,3,0.0,0.0,0.07975955033333333,0.057137483999999995,0.020553750666666665
2060,5,9,4,0.0,0.0,0.07108986299999999,0.15921394033333333,0.06961933833333334
2060,5,9,5,0.0,0.0,0.06634125733333333,0.384454058,0.19884431300000002
2060,5,9,6,0.0,0.0,0.066182577,0.4538908066666667,0.24848690133333332
2060,5,9,7,0.0,0.0,0.039251324666666663,0.47066098366666664,0.288108083
2060,5,9,8,0.0,0.0,0.019077992333333335,0.396301196,0.2753704753333333
2060,5,10,1,0.0,0.0,0.005647383666666666,0.09081827466666666,0.04700655
2060,5,10,2,0.0,0.0,0.043069251333333336,0.025339957666666666,0.021400898666666668
2060,5,10,3,0.0,0.0,0.07975955033333333,0.057137483999999995,0.020553750666666665
2060,5,10,4,0.0,0.0,0.07108986299999999,0.15921394033333333,0.06961933833333334
2060,5,10,5,0.0,0.0,0.06634125733333333,0.384454058,0.19884431300000002
2060,5,10,6,0.0,0.0,0.066182577,0.4538908066666667,0.24848690133333332
2060,5,10,7,0.0,0.0,0.039251324666666663,0.47066098366666664,0.288108083
2060,5,10,8,0.0,0.0,0.019077992333333335,0.396301196,0.2753704753333333
2060,5,11,1,0.0,0.0,0.005647383666666666,0.09081827466666666,0.04700655
2060,5,11,2,0.0,0.0,0.043069251333333336,0.025339957666666666,0.021400898666666668
2060,5,11,3,0.0,0.0,0.07975955033333333,0.057137483999999995,0.020553750666666665
2060,5,11,4,0.0,0.0,0.07108986299999999,0.15921394033333333,0.06961933833333334
2060,5,11,5,0.0,0.0,0.06634125733333333,0.384454058,0.19884431300000002
2060,5,11,6,0.0,0.0,0.066182577,0.4538908066666667,0.24848690133333332
2060,5,11,7,0.0,0.0,0.039251324666666663,0.47066098366666664,0.288108083
2060,5,11,8,0.0,0.0,0.019077992333333335,0.396301196,0.2753704753333333
2060,5,12,1,0.0,0.0,0.005647383666666666,0.09081827466666666,0.04700655
2060,5,12,2,0.0,0.0,0.043069251333333336,0.025339957666666666,0.021400898666666668
2060,5,12,3,0.0,0.0,0.07975955033333333,0.057137483999999995,0.020553750666666665
2060,5,12,4,0.0,0.0,0.07108986299999999,0.15921394033333333,0.06961933833333334
2060,5,12,5,0.0,0.0,0.06634125733333333,0.384454058,0.19884431300000002
2060,5,12,6,0.0,0.0,0.066182577,0.4538908066666667,0.24848690133333332
2060,5,12,7,0.0,0.0,0.039251324666666663,0.47066098366666664,0.288108083
2060,5,12,8,0.0,0.0,0.019077992333333335,0.396301196,0.2753704753333333
2060,5,13,1,0.0,0.0,0.005647383666666666,0.09081827466666666,0.04700655
2060,5,13,2,0.0,0.0,0.043069251333333336,0.025339957666666666,0.021400898666666668
2060,5,13,3,0.0,0.0,0.07975955033333333,0.057137483999999995,0.020553750666666665
2060,5,13,4,0.0,0.0,0.07108986299999999,0.15921394033333333,0.06961933833333334
2060,5,13,5,0.0,0.0,0.06634125733333333,0.384454058,0.19884431300000002
2060,5,13,6,0.0,0.0,0.066182577,0.4538908066666667,0.24848690133333332
2060,5,13,7,0.0,0.0,0.039251324666666663,0.47066098366666664,0.288108083
2060,5,13,8,0.0,0.0,0.019077992333333335,0.396301196,0.2753704753333333
2060,5,14,1,0.0,0.0,0.005647383666666666,0.09081827466666666,0.04700655
2060,5,14,2,0.0,0.0,0.043069251333333336,0.025339957666666666,0.021400898666666668
2060,5,14,3,0.0,0.0,0.07975955033333333,0.057137483999999995,0.020553750666666665
2060,5,14,4,0.0,0.0,0.07108986299999999,0.15921394033333333,0.06961933833333334
2060,5,14,5,0.0,0.0,0.06634125733333333,0.384454058,0.19884431300000002
2060,5,14,6,0.0,0.0,0.066182577,0.4538908066666667,0.24848690133333332
2060,5,14,7,0.0,0.0,0.039251324666666663,0.47066098366666664,0.288108083
2060,5,14,8,0.0,0.0,0.019077992333333335,0.396301196,0.2753704753333333
2060,5,15,1,0.0,0.0,0.005647383666666666,0.09081827466666666,0.04700655
2060,5,15,2,0.0,0.0,0.043069251333333336,0.025339957666666666,0.021400898666666668
2060,5,15,3,0.0,0.0,0.07975955033333333,0.057137483999999995,0.020553750666666665
2060,5,15,4,0.0,0.0,0.07108986299999999,0.15921394033333333,0.06961933833333334
2060,5,15,5,0.0,0.0,0.06634125733333333,0.384454058,0.19884431300000002
2060,5,15,6,0.0,0.0,0.066182577,0.4538908066666667,0.24848690133333332
2060,5,15,7,0.0,0.0,0.039251324666666663,0.47066098366666664,0.288108083
2060,5,15,8,0.0,0.0,0.019077992333333335,0.396301196,0.2753704753333333
2060,5,16,1,0.0,0.0,0.005647383666666666,0.09081827466666666,0.04700655
2060,5,16,2,0.0,0.0,0.043069251333333336,0.025339957666666666,0.021400898666666668
2060,5,16,3,0.0,0.0,0.07975955033333333,0.057137483999999995,0.020553750666666665
2060,5,16,4,0.0,0.0,0.07108986299999999,0.15921394033333333,0.06961933833333334
2060,5,16,5,0.0,0.0,0.06634125733333333,0.384454058,0.19884431300000002
2060,5,16,6,0.0,0.0,0.066182577,0.4538908066666667,0.24848690133333332
2060,5,16,7,0.0,0.0,0.039251324666666663,0.47066098366666664,0.288108083
2060,5,16,8,0.0,0.0,0.019077992333333335,0.396301196,0.2753704753333333
2060,5,17,1,0.0,0.0,0.005647383666666666,0.09081827466666666,0.04700655
2060,5,17,2,0.0,0.0,0.043069251333333336,0.025339957666666666,0.021400898666666668
2060,5,17,3,0.0,0.0,0.07975955033333333,0.057137483999999995,0.020553750666666665
2060,5,17,4,0.0,0.0,0.07108986299999999,0.15921394033333333,0.06961933833333334
2060,5,17,5,0.0,0.0,0.06634125733333333,0.384454058,0.19884431300000002
2060,5,17,6,0.0,0.0,0.066182577,0.4538908066666667,0.24848690133333332
2060,5,17,7,0.0,0.0,0.039251324666666663,0.47066098366666664,0.288108083
2060,5,17,8,0.0,0.0,0.019077992333333335,0.396301196,0.2753704753333333
2060,5,18,1,0.0,0.0,0.005647383666666666,0.09081827466666666,0.04700655
2060,5,18,2,0.0,0.0,0.043069251333333336,0.025339957666666666,0.021400898666666668
2060,5,18,3,0.0,0.0,0.07975955033333333,0.057137483999999995,0.020553750666666665
2060,5,18,4,0.0,0.0,0.07108986299999999,0.15921394033333333,0.06961933833333334
2060,5,18,5,0.0,0.0,0.06634125733333333,0.384454058,0.19884431300000002
2060,5,18,6,0.0,0.0,0.066182577,0.4538908066666667,0.24848690133333332
2060,5,18,7,0.0,0.0,0.039251324666666663,0.47066098366666664,0.288108083
2060,5,18,8,0.0,0.0,0.019077992333333335,0.396301196,0.2753704753333333
2060,5,19,1,0.0,0.0,0.005647383666666666,0.09081827466666666,0.04700655
2060,5,19,2,0.0,0.0,0.043069251333333336,0.025339957666666666,0.021400898666666668
2060,5,19,3,0.0,0.0,0.07975955033333333,0.057137483999999995,0.020553750666666665
2060,5,19,4,0.0,0.0,0.07108986299999999,0.15921394033333333,0.06961933833333334
2060,5,19,5,0.0,0.0,0.06634125733333333,0.384454058,0.19884431300000002
2060,5,19,6,0.0,0.0,0.066182577,0.4538908066666667,0.24848690133333332
2060,5,19,7,0.0,0.0,0.039251324666666663,0.47066098366666664,0.288108083
2060,5,19,8,0.0,0.0,0.019077992333333335,0.396301196,0.2753704753333333
2060,5,20,1,0.0,0.0,0.005647383666666666,0.09081827466666666,0.04700655
2060,5,20,2,0.0,0.0,0.043069251333333336,0.025339957666666666,0.021400898666666668
2060,5,20,3,0.0,0.0,0.07975955033333333,0.057137483999999995,0.020553750666666665
2060,5,20,4,0.0,0.0,0.07108986299999999,0.15921394033333333,0.06961933833333334
2060,5,20,5,0.0,0.0,0.06634125733333333,0.384454058,0.19884431300000002
2060,5,20,6,0.0,0.0,0.066182577,0.4538908066666667,0.24848690133333332
2060,5,20,7,0.0,0.0,0.039251324666666663,0.47066098366666664,0.288108083
2060,5,20,8,0.0,0.0,0.019077992333333335,0.396301196,0.2753704753333333
2060,5,21,1,0.0,0.0,0.005647383666666666,0.09081827466666666,0.04700655
2060,5,21,2,0.0,0.0,0.043069251333333336,0.025339957666666666,0.021400898666666668
2060,5,21,3,0.0,0.0,0.07975955033333333,0.057137483999999995,0.020553750666666665
2060,5,21,4,0.0,0.0,0.07108986299999999,0.15921394033333333,0.06961933833333334
2060,5,21,5,0.0,0.0,0.06634125733333333,0.384454058,0.19884431300000002
2060,5,21,6,0.0,0.0,0.066182577,0.4538908066666667,0.24848690133333332
2060,5,21,7,0.0,0.0,0.039251324666666663,0.47066098366666664,0.288108083
2060,5,21,8,0.0,0.0,0.019077992333333335,0.396301196,0.2753704753333333
2060,5,22,1,0.0,0.0,0.005647383666666666,0.09081827466666666,0.04700655
2060,5,22,2,0.0,0.0,0.043069251333333336,0.025339957666666666,0.021400898666666668
2060,5,22,3,0.0,0.0,0.07975955033333333,0.057137483999999995,0.020553750666666665
2060,5,22,4,0.0,0.0,0.07108986299999999,0.15921394033333333,0.06961933833333334
2060,5,22,5,0.0,0.0,0.06634125733333333,0.384454058,0.19884431300000002
2060,5,22,6,0.0,0.0,0.066182577,0.4538908066666667,0.24848690133333332
2060,5,22,7,0.0,0.0,0.039251324666666663,0.47066098366666664,0.288108083
2060,5,22,8,0.0,0.0,0.019077992333333335,0.396301196,0.2753704753333333
2060,5,23,1,0.0,0.0,0.005647383666666666,0.09081827466666666,0.04700655
2060,5,23,2,0.0,0.0,0.043069251333333336,0.025339957666666666,0.021400898666666668
2060,5,23,3,0.0,0.0,0.07975955033333333,0.057137483999999995,0.020553750666666665
2060,5,23,4,0.0,0.0,0.07108986299999999,0.15921394033333333,0.06961933833333334
2060,5,23,5,0.0,0.0,0.06634125733333333,0.384454058,0.19884431300000002
2060,5,23,6,0.0,0.0,0.066182577,0.4538908066666667,0.24848690133333332
2060,5,23,7,0.0,0.0,0.039251324666666663,0.47066098366666664,0.288108083
2060,5,23,8,0.0,0.0,0.019077992333333335,0.396301196,0.2753704753333333
2060,5,24,1,0.0,0.0,0.005647383666666666,0.09081827466666666,0.04700655
2060,5,24,2,0.0,0.0,0.043069251333333336,0.025339957666666666,0.021400898666666668
2060,5,24,3,0.0,0.0,0.07975955033333333,0.057137483999999995,0.020553750666666665
2060,5,24,4,0.0,0.0,0.07108986299999999,0.15921394033333333,0.06961933833333334
2060,5,24,5,0.0,0.0,0.06634125733333333,0.384454058,0.19884431300000002
2060,5,24,6,0.0,0.0,0.066182577,0.4538908066666667,0.24848690133333332
2060,5,24,7,0.0,0.0,0.039251324666666663,0.47066098366666664,0.288108083
2060,5,24,8,0.0,0.0,0.019077992333333335,0.396301196,0.2753704753333333
2060,5,25,1,0.0,0.0,0.005647383666666666,0.09081827466666666,0.04700655
2060,5,25,2,0.0,0.0,0.043069251333333336,0.025339957666666666,0.021400898666666668
2060,5,25,3,0.0,0.0,0.07975955033333333,0.057137483999999995,0.020553750666666665
2060,5,25,4,0.0,0.0,0.07108986299999999,0.15921394033333333,0.06961933833333334
2060,5,25,5,0.0,0.0,0.06634125733333333,0.384454058,0.19884431300000002
2060,5,25,6,0.0,0.0,0.066182577,0.4538908066666667,0.24848690133333332
2060,5,25,7,0.0,0.0,0.039251324666666663,0.47066098366666664,0.288108083
2060,5,25,8,0.0,0.0,0.019077992333333335,0.396301196,0.2753704753333333
2060,5,26,1,0.0,0.0,0.005647383666666666,0.09081827466666666,0.04700655
2060,5,26,2,0.0,0.0,0.043069251333333336,0.025339957666666666,0.021400898666666668
2060,5,26,3,0.0,0.0,0.07975955033333333,0.057137483999999995,0.020553750666666665
2060,5,26,4,0.0,0.0,0.07108986299999999,0.15921394033333333,0.06961933833333334
2060,5,26,5,0.0,0.0,0.06634125733333333,0.384454058,0.19884431300000002
2060,5,26,6,0.0,0.0,0.066182577,0.4538908066666667,0.24848690133333332
2060,5,26,7,0.0,0.0,0.039251324666666663,0.47066098366666664,0.288108083
2060,5,26,8,0.0,0.0,0.019077992333333335,0.396301196,0.2753704753333333
2060,5,27,1,0.0,0.0,0.005647383666666666,0.09081827466666666,0.04700655
2060,5,27,2,0.0,0.0,0.043069251333333336,0.025339957666666666,0.021400898666666668
2060,5,27,3,0.0,0.0,0.07975955033333333,0.057137483999999995,0.020553750666666665
2060,5,27,4,0.0,0.0,0.07108986299999999,0.15921394033333333,0.06961933833333334
2060,5,27,5,0.0,0.0,0.06634125733333333,0.384454058,0.19884431300000002
2060,5,27,6,0.0,0.0,0.066182577,0.4538908066666667,0.24848690133333332
2060,5,27,7,0.0,0.0,0.039251324666666663,0.47066098366666664,0.288108083
2060,5,27,8,0.0,0.0,0.019077992333333335,0.396301196,0.2753704753333333
2060,5,28,1,0.0,0.0,0.005647383666666666,0.09081827466666666,0.04700655
2060,5,28,2,0.0,0.0,0.043069251333333336,0.025339957666666666,0.021400898666666668
2060,5,28,3,0.0,0.0,0.07975955033333333,0.057137483999999995,0.020553750666666665
2060,5,28,4,0.0,0.0,0.07108986299999999,0.15921394033333333,0.06961933833333334
2060,5,28,5,0.0,0.0,0.06634125733333333,0.384454058,0.19884431300000002
2060,5,28,6,0.0,0.0,0.066182577,0.4538908066666667,0.24848690133333332
2060,5,28,7,0.0,0.0,0.039251324666666663,0.47066098366666664,0.288108083
2060,5,28,8,0.0,0.0,0.019077992333333335,0.396301196,0.2753704753333333
2060,5,29,1,0.0,0.0,0.005647383666666666,0.09081827466666666,0.04700655
2060,5,29,2,0.0,0.0,0.043069251333333336,0.025339957666666666,0.021400898666666668
2060,5,29,3,0.0,0.0,0.07975955033333333,0.057137483999999995,0.020553750666666665
2060,5,29,4,0.0,0.0,0.07108986299999999,0.15921394033333333,0.06961933833333334
2060,5,29,5,0.0,0.0,0.06634125733333333,0.384454058,0.19884431300000002
2060,5,29,6,0.0,0.0,0.066182577,0.4538908066666667,0.24848690133333332
2060,5,29,7,0.0,0.0,0.039251324666666663,0.47066098366666664,0.288108083
2060,5,29,8,0.0,0.0,0.019077992333333335,0.396301196,0.2753704753333333
2060,5,30,1,0.0,0.0,0.005647383666666666,0.09081827466666666,0.04700655
2060,5,30,2,0.0,0.0,0.043069251333333336,0.025339957666666666,0.021400898666666668
2060,5,30,3,0.0,0.0,0.07975955033333333,0.057137483999999995,0.020553750666666665
2060,5,30,4,0.0,0.0,0.07108986299999999,0.15921394033333333,0.06961933833333334
2060,5,30,5,0.0,0.0,0.06634125733333333,0.384454058,0.19884431300000002
2060,5,30,6,0.0,0.0,0.066182577,0.4538908066666667,0.24848690133333332
2060,5,30,7,0.0,0.0,0.039251324666666663,0.47066098366666664,0.288108083
2060,5,30,8,0.0,0.0,0.019077992333333335,0.396301196,0.2753704753333333
2060,5,31,1,0.0,0.0,0.005647383666666666,0.09081827466666666,0.04700655
2060,5,31,2,0.0,0.0,0.043069251333333336,0.025339957666666666,0.021400898666666668
2060,5,31,3,0.0,0.0,0.07975955033333333,0.057137483999999995,0.020553750666666665
2060,5,31,4,0.0,0.0,0.07108986299999999,0.15921394033333333,0.06961933833333334
2060,5,31,5,0.0,0.0,0.06634125733333333,0.384454058,0.19884431300000002
2060,5,31,6,0.0,0.0,0.066182577,0.4538908066666667,0.24848690133333332
2060,5,31,7,0.0,0.0,0.039251324666666663,0.47066098366666664,0.288108083
2060,5,31,8,0.0,0.0,0.019077992333333335,0.396301196,0.2753704753333333
2060,6,1,1,0.0,0.0,0.003957452333333333,0.3015736603333333,0.18571958166666666
2060,6,1,2,0.0,0.0,0.023576637333333334,0.18163944966666667,0.14344341233333333
2060,6,1,3,0.0,0.0,0.05401004166666667,0.276698726,0.13289149433333333
2060,6,1,4,0.0,0.0,0.04813569933333334,0.5801744016666667,0.3178492783333333
2060,6,1,5,0.0,0.0,0.051374389666666666,0.865226013,0.4390330843333334
2060,6,1,6,0.0,0.0,0.04114874533333334,0.8812530156666667,0.444647093
2060,6,1,7,0.0,0.0,0.027795187666666665,0.8804318153333334,0.47547890133333337
2060,6,1,8,0.0,0.0,0.025655183999999998,0.7741530613333333,0.46145961599999996
2060,6,2,1,0.0,0.0,0.003957452333333333,0.3015736603333333,0.18571958166666666
2060,6,2,2,0.0,0.0,0.023576637333333334,0.18163944966666667,0.14344341233333333
2060,6,2,3,0.0,0.0,0.05401004166666667,0.276698726,0.13289149433333333
2060,6,2,4,0.0,0.0,0.04813569933333334,0.5801744016666667,0.3178492783333333
2060,6,2,5,0.0,0.0,0.051374389666666666,0.865226013,0.4390330843333334
2060,6,2,6,0.0,0.0,0.04114874533333334,0.8812530156666667,0.444647093
2060,6,2,7,0.0,0.0,0.027795187666666665,0.8804318153333334,0.47547890133333337
2060,6,2,8,0.0,0.0,0.025655183999999998,0.7741530613333333,0.46145961599999996
2060,6,3,1,0.0,0.0,0.003957452333333333,0.3015736603333333,0.18571958166666666
2060,6,3,2,0.0,0.0,0.023576637333333334,0.18163944966666667,0.14344341233333333
2060,6,3,3,0.0,0.0,0.05401004166666667,0.276698726,0.13289149433333333
2060,6,3,4,0.0,0.0,0.04813569933333334,0.5801744016666667,0.3178492783333333
2060,6,3,5,0.0,0.0,0.051374389666666666,0.865226013,0.4390330843333334
2060,6,3,6,0.0,0.0,0.04114874533333334,0.8812530156666667,0.444647093
2060,6,3,7,0.0,0.0,0.027795187666666665,0.8804318153333334,0.47547890133333337
2060,6,3,8,0.0,0.0,0.025655183999999998,0.7741530613333333,0.46145961599999996
2060,6,4,1,0.0,0.0,0.003957452333333333,0.3015736603333333,0.18571958166666666
2060,6,4,2,0.0,0.0,0.023576637333333334,0.18163944966666667,0.14344341233333333
2060,6,4,3,0.0,0.0,0.05401004166666667,0.276698726,0.13289149433333333
2060,6,4,4,0.0,0.0,0.04813569933333334,0.5801744016666667,0.3178492783333333
2060,6,4,5,0.0,0.0,0.051374389666666666,0.865226013,0.4390330843333334
2060,6,4,6,0.0,0.0,0.04114874533333334,0.8812530156666667,0.444647093
2060,6,4,7,0.0,0.0,0.027795187666666665,0.8804318153333334,0.47547890133333337
2060,6,4,8,0.0,0.0,0.025655183999999998,0.7741530613333333,0.46145961599999996
2060,6,5,1,0.0,0.0,0.003957452333333333,0.3015736603333333,0.18571958166666666
2060,6,5,2,0.0,0.0,0.023576637333333334,0.18163944966666667,0.14344341233333333
2060,6,5,3,0.0,0.0,0.05401004166666667,0.276698726,0.13289149433333333
2060,6,5,4,0.0,0.0,0.04813569933333334,0.5801744016666667,0.3178492783333333
2060,6,5,5,0.0,0.0,0.051374389666666666,0.865226013,0.4390330843333334
2060,6,5,6,0.0,0.0,0.04114874533333334,0.8812530156666667,0.444647093
2060,6,5,7,0.0,0.0,0.027795187666666665,0.8804318153333334,0.47547890133333337
2060,6,5,8,0.0,0.0,0.025655183999999998,0.7741530613333333,0.46145961599999996
2060,6,6,1,0.0,0.0,0.003957452333333333,0.3015736603333333,0.18571958166666666
2060,6,6,2,0.0,0.0,0.023576637333333334,0.18163944966666667,0.14344341233333333
2060,6,6,3,0.0,0.0,0.05401004166666667,0.276698726,0.13289149433333333
2060,6,6,4,0.0,0.0,0.04813569933333334,0.5801744016666667,0.3178492783333333
2060,6,6,5,0.0,0.0,0.051374389666666666,0.865226013,0.4390330843333334
2060,6,6,6,0.0,0.0,0.04114874533333334,0.8812530156666667,0.444647093
2060,6,6,7,0.0,0.0,0.027795187666666665,0.8804318153333334,0.47547890133333337
2060,6,6,8,0.0,0.0,0.025655183999999998,0.7741530613333333,0.46145961599999996
2060,6,7,1,0.0,0.0,0.003957452333333333,0.3015736603333333,0.18571958166666666
2060,6,7,2,0.0,0.0,0.023576637333333334,0.18163944966666667,0.14344341233333333
2060,6,7,3,0.0,0.0,0.05401004166666667,0.276698726,0.13289149433333333
2060,6,7,4,0.0,0.0,0.04813569933333334,0.5801744016666667,0.3178492783333333
2060,6,7,5,0.0,0.0,0.051374389666666666,0.865226013,0.4390330843333334
2060,6,7,6,0.0,0.0,0.04114874533333334,0.8812530156666667,0.444647093
2060,6,7,7,0.0,0.0,0.027795187666666665,0.8804318153333334,0.47547890133333337
2060,6,7,8,0.0,0.0,0.025655183999999998,0.7741530613333333,0.46145961599999996
2060,6,8,1,0.0,0.0,0.003957452333333333,0.3015736603333333,0.18571958166666666
2060,6,8,2,0.0,0.0,0.023576637333333334,0.18163944966666667,0.14344341233333333
2060,6,8,3,0.0,0.0,0.05401004166666667,0.276698726,0.13289149433333333
2060,6,8,4,0.0,0.0,0.04813569933333334,0.5801744016666667,0.3178492783333333
2060,6,8,5,0.0,0.0,0.051374389666666666,0.865226013,0.4390330843333334
2060,6,8,6,0.0,0.0,0.04114874533333334,0.8812530156666667,0.444647093
2060,6,8,7,0.0,0.0,0.027795187666666665,0.8804318153333334,0.47547890133333337
2060,6,8,8,0.0,0.0,0.025655183999999998,0.7741530613333333,0.46145961599999996
2060,6,9,1,0.0,0.0,0.003957452333333333,0.3015736603333333,0.18571958166666666
2060,6,9,2,0.0,0.0,0.023576637333333334,0.18163944966666667,0.14344341233333333
2060,6,9,3,0.0,0.0,0.05401004166666667,0.276698726,0.13289149433333333
2060,6,9,4,0.0,0.0,0.04813569933333334,0.5801744016666667,0.3178492783333333
2060,6,9,5,0.0,0.0,0.051374389666666666,0.865226013,0.4390330843333334
2060,6,9,6,0.0,0.0,0.04114874533333334,0.8812530156666667,0.444647093
2060,6,9,7,0.0,0.0,0.027795187666666665,0.8804318153333334,0.47547890133333337
2060,6,9,8,0.0,0.0,0.025655183999999998,0.7741530613333333,0.46145961599999996
2060,6,10,1,0.0,0.0,0.003957452333333333,0.3015736603333333,0.18571958166666666
2060,6,10,2,0.0,0.0,0.023576637333333334,0.18163944966666667,0.14344341233333333
2060,6,10,3,0.0,0.0,0.05401004166666667,0.276698726,0.13289149433333333
2060,6,10,4,0.0,0.0,0.04813569933333334,0.5801744016666667,0.3178492783333333
2060,6,10,5,0.0,0.0,0.051374389666666666,0.865226013,0.4390330843333334
2060,6,10,6,0.0,0.0,0.04114874533333334,0.8812530156666667,0.444647093
2060,6,10,7,0.0,0.0,0.027795187666666665,0.8804318153333334,0.47547890133333337
2060,6,10,8,0.0,0.0,0.025655183999999998,0.7741530613333333,0.46145961599999996
2060,6,11,1,0.0,0.0,0.003957452333333333,0.3015736603333333,0.18571958166666666
2060,6,11,2,0.0,0.0,0.023576637333333334,0.18163944966666667,0.14344341233333333
2060,6,11,3,0.0,0.0,0.05401004166666667,0.276698726,0.13289149433333333
2060,6,11,4,0.0,0.0,0.04813569933333334,0.5801744016666667,0.3178492783333333
2060,6,11,5,0.0,0.0,0.051374389666666666,0.865226013,0.4390330843333334
2060,6,11,6,0.0,0.0,0.04114874533333334,0.8812530156666667,0.444647093
2060,6,11,7,0.0,0.0,0.027795187666666665,0.8804318153333334,0.47547890133333337
2060,6,11,8,0.0,0.0,0.025655183999999998,0.7741530613333333,0.46145961599999996
2060,6,12,1,0.0,0.0,0.003957452333333333,0.3015736603333333,0.18571958166666666
2060,6,12,2,0.0,0.0,0.023576637333333334,0.18163944966666667,0.14344341233333333
2060,6,12,3,0.0,0.0,0.05401004166666667,0.276698726,0.13289149433333333
2060,6,12,4,0.0,0.0,0.04813569933333334,0.5801744016666667,0.3178492783333333
2060,6,12,5,0.0,0.0,0.051374389666666666,0.865226013,0.4390330843333334
2060,6,12,6,0.0,0.0,0.04114874533333334,0.8812530156666667,0.444647093
2060,6,12,7,0.0,0.0,0.027795187666666665,0.8804318153333334,0.47547890133333337
2060,6,12,8,0.0,0.0,0.025655183999999998,0.7741530613333333,0.46145961599999996
2060,6,13,1,0.0,0.0,0.003957452333333333,0.3015736603333333,0.18571958166666666
2060,6,13,2,0.0,0.0,0.023576637333333334,0.18163944966666667,0.14344341233333333
2060,6,13,3,0.0,0.0,0.05401004166666667,0.276698726,0.13289149433333333
2060,6,13,4,0.0,0.0,0.04813569933333334,0.5801744016666667,0.3178492783333333
2060,6,13,5,0.0,0.0,0.051374389666666666,0.865226013,0.4390330843333334
2060,6,13,6,0.0,0.0,0.04114874533333334,0.8812530156666667,0.444647093
2060,6,13,7,0.0,0.0,0.027795187666666665,0.8804318153333334,0.47547890133333337
2060,6,13,8,0.0,0.0,0.025655183999999998,0.7741530613333333,0.46145961599999996
2060,6,14,1,0.0,0.0,0.003957452333333333,0.3015736603333333,0.18571958166666666
2060,6,14,2,0.0,0.0,0.023576637333333334,0.18163944966666667,0.14344341233333333
2060,6,14,3,0.0,0.0,0.05401004166666667,0.276698726,0.13289149433333333
2060,6,14,4,0.0,0.0,0.04813569933333334,0.5801744016666667,0.3178492783333333
2060,6,14,5,0.0,0.0,0.051374389666666666,0.865226013,0.4390330843333334
2060,6,14,6,0.0,0.0,0.04114874533333334,0.8812530156666667,0.444647093
2060,6,14,7,0.0,0.0,0.027795187666666665,0.8804318153333334,0.47547890133333337
2060,6,14,8,0.0,0.0,0.025655183999999998,0.7741530613333333,0.46145961599999996
2060,6,15,1,0.0,0.0,0.003957452333333333,0.3015736603333333,0.18571958166666666
2060,6,15,2,0.0,0.0,0.023576637333333334,0.18163944966666667,0.14344341233333333
2060,6,15,3,0.0,0.0,0.05401004166666667,0.276698726,0.13289149433333333
2060,6,15,4,0.0,0.0,0.04813569933333334,0.5801744016666667,0.3178492783333333
2060,6,15,5,0.0,0.0,0.051374389666666666,0.865226013,0.4390330843333334
2060,6,15,6,0.0,0.0,0.04114874533333334,0.8812530156666667,0.444647093
2060,6,15,7,0.0,0.0,0.027795187666666665,0.8804318153333334,0.47547890133333337
2060,6,15,8,0.0,0.0,0.025655183999999998,0.7741530613333333,0.46145961599999996
2060,6,16,1,0.0,0.0,0.003957452333333333,0.3015736603333333,0.18571958166666666
2060,6,16,2,0.0,0.0,0.023576637333333334,0.18163944966666667,0.14344341233333333
2060,6,16,3,0.0,0.0,0.05401004166666667,0.276698726,0.13289149433333333
2060,6,16,4,0.0,0.0,0.04813569933333334,0.5801744016666667,0.3178492783333333
2060,6,16,5,0.0,0.0,0.051374389666666666,0.865226013,0.4390330843333334
2060,6,16,6,0.0,0.0,0.04114874533333334,0.8812530156666667,0.444647093
2060,6,16,7,0.0,0.0,0.027795187666666665,0.8804318153333334,0.47547890133333337
2060,6,16,8,0.0,0.0,0.025655183999999998,0.7741530613333333,0.46145961599999996
2060,6,17,1,0.0,0.0,0.003957452333333333,0.3015736603333333,0.18571958166666666
2060,6,17,2,0.0,0.0,0.023576637333333334,0.18163944966666667,0.14344341233333333
2060,6,17,3,0.0,0.0,0.05401004166666667,0.276698726,0.13289149433333333
2060,6,17,4,0.0,0.0,0.04813569933333334,0.5801744016666667,0.3178492783333333
2060,6,17,5,0.0,0.0,0.051374389666666666,0.865226013,0.4390330843333334
2060,6,17,6,0.0,0.0,0.04114874533333334,0.8812530156666667,0.444647093
2060,6,17,7,0.0,0.0,0.027795187666666665,0.8804318153333334,0.47547890133333337
2060,6,17,8,0.0,0.0,0.025655183999999998,0.7741530613333333,0.46145961599999996
2060,6,18,1,0.0,0.0,0.003957452333333333,0.3015736603333333,0.18571958166666666
2060,6,18,2,0.0,0.0,0.023576637333333334,0.18163944966666667,0.14344341233333333
2060,6,18,3,0.0,0.0,0.05401004166666667,0.276698726,0.13289149433333333
2060,6,18,4,0.0,0.0,0.04813569933333334,0.5801744016666667,0.3178492783333333
2060,6,18,5,0.0,0.0,0.051374389666666666,0.865226013,0.4390330843333334
2060,6,18,6,0.0,0.0,0.04114874533333334,0.8812530156666667,0.444647093
2060,6,18,7,0.0,0.0,0.027795187666666665,0.8804318153333334,0.47547890133333337
2060,6,18,8,0.0,0.0,0.025655183999999998,0.7741530613333333,0.46145961599999996
2060,6,19,1,0.0,0.0,0.003957452333333333,0.3015736603333333,0.18571958166666666
2060,6,19,2,0.0,0.0,0.023576637333333334,0.18163944966666667,0.14344341233333333
2060,6,19,3,0.0,0.0,0.05401004166666667,0.276698726,0.13289149433333333
2060,6,19,4,0.0,0.0,0.04813569933333334,0.5801744016666667,0.3178492783333333
2060,6,19,5,0.0,0.0,0.051374389666666666,0.865226013,0.4390330843333334
2060,6,19,6,0.0,0.0,0.04114874533333334,0.8812530156666667,0.444647093
2060,6,19,7,0.0,0.0,0.027795187666666665,0.8804318153333334,0.47547890133333337
2060,6,19,8,0.0,0.0,0.025655183999999998,0.7741530613333333,0.46145961599999996
2060,6,20,1,0.0,0.0,0.003957452333333333,0.3015736603333333,0.18571958166666666
2060,6,20,2,0.0,0.0,0.023576637333333334,0.18163944966666667,0.14344341233333333
2060,6,20,3,0.0,0.0,0.05401004166666667,0.276698726,0.13289149433333333
2060,6,20,4,0.0,0.0,0.04813569933333334,0.5801744016666667,0.3178492783333333
2060,6,20,5,0.0,0.0,0.051374389666666666,0.865226013,0.4390330843333334
2060,6,20,6,0.0,0.0,0.04114874533333334,0.8812530156666667,0.444647093
2060,6,20,7,0.0,0.0,0.027795187666666665,0.8804318153333334,0.47547890133333337
2060,6,20,8,0.0,0.0,0.025655183999999998,0.7741530613333333,0.46145961599999996
2060,6,21,1,0.0,0.0,0.003957452333333333,0.3015736603333333,0.18571958166666666
2060,6,21,2,0.0,0.0,0.023576637333333334,0.18163944966666667,0.14344341233333333
2060,6,21,3,0.0,0.0,0.05401004166666667,0.276698726,0.13289149433333333
2060,6,21,4,0.0,0.0,0.04813569933333334,0.5801744016666667,0.3178492783333333
2060,6,21,5,0.0,0.0,0.051374389666666666,0.865226013,0.4390330843333334
2060,6,21,6,0.0,0.0,0.04114874533333334,0.8812530156666667,0.444647093
2060,6,21,7,0.0,0.0,0.027795187666666665,0.8804318153333334,0.47547890133333337
2060,6,21,8,0.0,0.0,0.025655183999999998,0.7741530613333333,0.46145961599999996
2060,6,22,1,0.0,0.0,0.003957452333333333,0.3015736603333333,0.18571958166666666
2060,6,22,2,0.0,0.0,0.023576637333333334,0.18163944966666667,0.14344341233333333
2060,6,22,3,0.0,0.0,0.05401004166666667,0.276698726,0.13289149433333333
2060,6,22,4,0.0,0.0,0.04813569933333334,0.5801744016666667,0.3178492783333333
2060,6,22,5,0.0,0.0,0.051374389666666666,0.865226013,0.4390330843333334
2060,6,22,6,0.0,0.0,0.04114874533333334,0.8812530156666667,0.444647093
2060,6,22,7,0.0,0.0,0.027795187666666665,0.8804318153333334,0.47547890133333337
2060,6,22,8,0.0,0.0,0.025655183999999998,0.7741530613333333,0.46145961599999996
2060,6,23,1,0.0,0.0,0.003957452333333333,0.3015736603333333,0.18571958166666666
2060,6,23,2,0.0,0.0,0.023576637333333334,0.18163944966666667,0.14344341233333333
2060,6,23,3,0.0,0.0,0.05401004166666667,0.276698726,0.13289149433333333
2060,6,23,4,0.0,0.0,0.04813569933333334,0.5801744016666667,0.3178492783333333
2060,6,23,5,0.0,0.0,0.051374389666666666,0.865226013,0.4390330843333334
2060,6,23,6,0.0,0.0,0.04114874533333334,0.8812530156666667,0.444647093
2060,6,23,7,0.0,0.0,0.027795187666666665,0.8804318153333334,0.47547890133333337
2060,6,23,8,0.0,0.0,0.025655183999999998,0.7741530613333333,0.46145961599999996
2060,6,24,1,0.0,0.0,0.003957452333333333,0.3015736603333333,0.18571958166666666
2060,6,24,2,0.0,0.0,0.023576637333333334,0.18163944966666667,0.14344341233333333
2060,6,24,3,0.0,0.0,0.05401004166666667,0.276698726,0.13289149433333333
2060,6,24,4,0.0,0.0,0.04813569933333334,0.5801744016666667,0.3178492783333333
2060,6,24,5,0.0,0.0,0.051374389666666666,0.865226013,0.4390330843333334
2060,6,24,6,0.0,0.0,0.04114874533333334,0.8812530156666667,0.444647093
2060,6,24,7,0.0,0.0,0.027795187666666665,0.8804318153333334,0.47547890133333337
2060,6,24,8,0.0,0.0,0.025655183999999998,0.7741530613333333,0.46145961599999996
2060,6,25,1,0.0,0.0,0.003957452333333333,0.3015736603333333,0.18571958166666666
2060,6,25,2,0.0,0.0,0.023576637333333334,0.18163944966666667,0.14344341233333333
2060,6,25,3,0.0,0.0,0.05401004166666667,0.276698726,0.13289149433333333
2060,6,25,4,0.0,0.0,0.04813569933333334,0.5801744016666667,0.3178492783333333
2060,6,25,5,0.0,0.0,0.051374389666666666,0.865226013,0.4390330843333334
2060,6,25,6,0.0,0.0,0.04114874533333334,0.8812530156666667,0.444647093
2060,6,25,7,0.0,0.0,0.027795187666666665,0.8804318153333334,0.47547890133333337
2060,6,25,8,0.0,0.0,0.025655183999999998,0.7741530613333333,0.46145961599999996
2060,6,26,1,0.0,0.0,0.003957452333333333,0.3015736603333333,0.18571958166666666
2060,6,26,2,0.0,0.0,0.023576637333333334,0.18163944966666667,0.14344341233333333
2060,6,26,3,0.0,0.0,0.05401004166666667,0.276698726,0.13289149433333333
2060,6,26,4,0.0,0.0,0.04813569933333334,0.5801744016666667,0.3178492783333333
2060,6,26,5,0.0,0.0,0.051374389666666666,0.865226013,0.4390330843333334
2060,6,26,6,0.0,0.0,0.04114874533333334,0.8812530156666667,0.444647093
2060,6,26,7,0.0,0.0,0.027795187666666665,0.8804318153333334,0.47547890133333337
2060,6,26,8,0.0,0.0,0.025655183999999998,0.7741530613333333,0.46145961599999996
2060,6,27,1,0.0,0.0,0.003957452333333333,0.3015736603333333,0.18571958166666666
2060,6,27,2,0.0,0.0,0.023576637333333334,0.18163944966666667,0.14344341233333333
2060,6,27,3,0.0,0.0,0.05401004166666667,0.276698726,0.13289149433333333
2060,6,27,4,0.0,0.0,0.04813569933333334,0.5801744016666667,0.3178492783333333
2060,6,27,5,0.0,0.0,0.051374389666666666,0.865226013,0.4390330843333334
2060,6,27,6,0.0,0.0,0.04114874533333334,0.8812530156666667,0.444647093
2060,6,27,7,0.0,0.0,0.027795187666666665,0.8804318153333334,0.47547890133333337
2060,6,27,8,0.0,0.0,0.025655183999999998,0.7741530613333333,0.46145961599999996
2060,6,28,1,0.0,0.0,0.003957452333333333,0.3015736603333333,0.18571958166666666
2060,6,28,2,0.0,0.0,0.023576637333333334,0.18163944966666667,0.14344341233333333
2060,6,28,3,0.0,0.0,0.05401004166666667,0.276698726,0.13289149433333333
2060,6,28,4,0.0,0.0,0.04813569933333334,0.5801744016666667,0.3178492783333333
2060,6,28,5,0.0,0.0,0.051374389666666666,0.865226013,0.4390330843333334
2060,6,28,6,0.0,0.0,0.04114874533333334,0.8812530156666667,0.444647093
2060,6,28,7,0.0,0.0,0.027795187666666665,0.8804318153333334,0.47547890133333337
2060,6,28,8,0.0,0.0,0.025655183999999998,0.7741530613333333,0.46145961599999996
2060,6,29,1,0.0,0.0,0.003957452333333333,0.3015736603333333,0.18571958166666666
2060,6,29,2,0.0,0.0,0.023576637333333334,0.18163944966666667,0.14344341233333333
2060,6,29,3,0.0,0.0,0.05401004166666667,0.276698726,0.13289149433333333
2060,6,29,4,0.0,0.0,0.04813569933333334,0.5801744016666667,0.3178492783333333
2060,6,29,5,0.0,0.0,0.051374389666666666,0.865226013,0.4390330843333334
2060,6,29,6,0.0,0.0,0.04114874533333334,0.8812530156666667,0.444647093
2060,6,29,7,0.0,0.0,0.027795187666666665,0.8804318153333334,0.47547890133333337
2060,6,29,8,0.0,0.0,0.025655183999999998,0.7741530613333333,0.46145961599999996
2060,6,30,1,0.0,0.0,0.003957452333333333,0.3015736603333333,0.18571958166666666
2060,6,30,2,0.0,0.0,0.023576637333333334,0.18163944966666667,0.14344341233333333
2060,6,30,3,0.0,0.0,0.05401004166666667,0.276698726,0.13289149433333333
2060,6,30,4,0.0,0.0,0.04813569933333334,0.5801744016666667,0.3178492783333333
2060,6,30,5,0.0,0.0,0.051374389666666666,0.865226013,0.4390330843333334
2060,6,30,6,0.0,0.0,0.04114874533333334,0.8812530156666667,0.444647093
2060,6,30,7,0.0,0.0,0.027795187666666665,0.8804318153333334,0.47547890133333337
2060,6,30,8,0.0,0.0,0.025655183999999998,0.7741530613333333,0.46145961599999996
2060,7,1,1,0.0,0.0,0.13860484766666667,0.17455206766666667,0.12334669599999999
2060,7,1,2,0.0,0.0,0.2646498796666667,0.09061532433333334,0.09910149833333333
2060,7,1,3,0.0,0.0,0.458320426,0.11318341933333333,0.054080118
2060,7,1,4,0.0,0.0,0.49698248399999995,0.20102017766666666,0.11480758733333334
2060,7,1,5,0.0,0.0,0.42349198633333335,0.4217408596666667,0.24477756566666664
2060,7,1,6,0.0,0.0,0.26625134066666667,0.476022121,0.2536541193333333
2060,7,1,7,0.0,0.0,0.22978248,0.425587581,0.277145239
2060,7,1,8,0.0,0.0,0.21591558966666669,0.38625748333333326,0.282484348
2060,7,2,1,0.0,0.0,0.13860484766666667,0.17455206766666667,0.12334669599999999
2060,7,2,2,0.0,0.0,0.2646498796666667,0.09061532433333334,0.09910149833333333
2060,7,2,3,0.0,0.0,0.458320426,0.11318341933333333,0.054080118
2060,7,2,4,0.0,0.0,0.49698248399999995,0.20102017766666666,0.11480758733333334
2060,7,2,5,0.0,0.0,0.42349198633333335,0.4217408596666667,0.24477756566666664
2060,7,2,6,0.0,0.0,0.26625134066666667,0.476022121,0.2536541193333333
2060,7,2,7,0.0,0.0,0.22978248,0.425587581,0.277145239
2060,7,2,8,0.0,0.0,0.21591558966666669,0.38625748333333326,0.282484348
2060,7,3,1,0.0,0.0,0.13860484766666667,0.17455206766666667,0.12334669599999999
2060,7,3,2,0.0,0.0,0.2646498796666667,0.09061532433333334,0.09910149833333333
2060,7,3,3,0.0,0.0,0.458320426,0.11318341933333333,0.054080118
2060,7,3,4,0.0,0.0,0.49698248399999995,0.20102017766666666,0.11480758733333334
2060,7,3,5,0.0,0.0,0.42349198633333335,0.4217408596666667,0.24477756566666664
2060,7,3,6,0.0,0.0,0.26625134066666667,0.476022121,0.2536541193333333
2060,7,3,7,0.0,0.0,0.22978248,0.425587581,0.277145239
2060,7,3,8,0.0,0.0,0.21591558966666669,0.38625748333333326,0.282484348
2060,7,4,1,0.0,0.0,0.13860484766666667,0.17455206766666667,0.12334669599999999
2060,7,4,2,0.0,0.0,0.2646498796666667,0.09061532433333334,0.09910149833333333
2060,7,4,3,0.0,0.0,0.458320426,0.11318341933333333,0.054080118
2060,7,4,4,0.0,0.0,0.49698248399999995,0.20102017766666666,0.11480758733333334
2060,7,4,5,0.0,0.0,0.42349198633333335,0.4217408596666667,0.24477756566666664
2060,7,4,6,0.0,0.0,0.26625134066666667,0.476022121,0.2536541193333333
2060,7,4,7,0.0,0.0,0.22978248,0.425587581,0.277145239
2060,7,4,8,0.0,0.0,0.21591558966666669,0.38625748333333326,0.282484348
2060,7,5,1,0.0,0.0,0.13860484766666667,0.17455206766666667,0.12334669599999999
2060,7,5,2,0.0,0.0,0.2646498796666667,0.09061532433333334,0.09910149833333333
2060,7,5,3,0.0,0.0,0.458320426,0.11318341933333333,0.054080118
2060,7,5,4,0.0,0.0,0.49698248399999995,0.20102017766666666,0.11480758733333334
2060,7,5,5,0.0,0.0,0.42349198633333335,0.4217408596666667,0.24477756566666664
2060,7,5,6,0.0,0.0,0.26625134066666667,0.476022121,0.2536541193333333
2060,7,5,7,0.0,0.0,0.22978248,0.425587581,0.277145239
2060,7,5,8,0.0,0.0,0.21591558966666669,0.38625748333333326,0.282484348
2060,7,6,1,0.0,0.0,0.13860484766666667,0.17455206766666667,0.12334669599999999
2060,7,6,2,0.0,0.0,0.2646498796666667,0.09061532433333334,0.09910149833333333
2060,7,6,3,0.0,0.0,0.458320426,0.11318341933333333,0.054080118
2060,7,6,4,0.0,0.0,0.49698248399999995,0.20102017766666666,0.11480758733333334
2060,7,6,5,0.0,0.0,0.42349198633333335,0.4217408596666667,0.24477756566666664
2060,7,6,6,0.0,0.0,0.26625134066666667,0.476022121,0.2536541193333333
2060,7,6,7,0.0,0.0,0.22978248,0.425587581,0.277145239
2060,7,6,8,0.0,0.0,0.21591558966666669,0.38625748333333326,0.282484348
2060,7,7,1,0.0,0.0,0.13860484766666667,0.17455206766666667,0.12334669599999999
2060,7,7,2,0.0,0.0,0.2646498796666667,0.09061532433333334,0.09910149833333333
2060,7,7,3,0.0,0.0,0.458320426,0.11318341933333333,0.054080118
2060,7,7,4,0.0,0.0,0.49698248399999995,0.20102017766666666,0.11480758733333334
2060,7,7,5,0.0,0.0,0.42349198633333335,0.4217408596666667,0.24477756566666664
2060,7,7,6,0.0,0.0,0.26625134066666667,0.476022121,0.2536541193333333
2060,7,7,7,0.0,0.0,0.22978248,0.425587581,0.277145239
2060,7,7,8,0.0,0.0,0.21591558966666669,0.38625748333333326,0.282484348
2060,7,8,1,0.0,0.0,0.13860484766666667,0.17455206766666667,0.12334669599999999
2060,7,8,2,0.0,0.0,0.2646498796666667,0.09061532433333334,0.09910149833333333
2060,7,8,3,0.0,0.0,0.458320426,0.11318341933333333,0.054080118
2060,7,8,4,0.0,0.0,0.49698248399999995,0.20102017766666666,0.11480758733333334
2060,7,8,5,0.0,0.0,0.42349198633333335,0.4217408596666667,0.24477756566666664
2060,7,8,6,0.0,0.0,0.26625134066666667,0.476022121,0.2536541193333333
2060,7,8,7,0.0,0.0,0.22978248,0.425587581,0.277145239
2060,7,8,8,0.0,0.0,0.21591558966666669,0.38625748333333326,0.282484348
2060,7,9,1,0.0,0.0,0.13860484766666667,0.17455206766666667,0.12334669599999999
2060,7,9,2,0.0,0.0,0.2646498796666667,0.09061532433333334,0.09910149833333333
2060,7,9,3,0.0,0.0,0.458320426,0.11318341933333333,0.054080118
2060,7,9,4,0.0,0.0,0.49698248399999995,0.20102017766666666,0.11480758733333334
2060,7,9,5,0.0,0.0,0.42349198633333335,0.4217408596666667,0.24477756566666664
2060,7,9,6,0.0,0.0,0.26625134066666667,0.476022121,0.2536541193333333
2060,7,9,7,0.0,0.0,0.22978248,0.425587581,0.277145239
2060,7,9,8,0.0,0.0,0.21591558966666669,0.38625748333333326,0.282484348
2060,7,10,1,0.0,0.0,0.13860484766666667,0.17455206766666667,0.12334669599999999
2060,7,10,2,0.0,0.0,0.2646498796666667,0.09061532433333334,0.09910149833333333
2060,7,10,3,0.0,0.0,0.458320426,0.11318341933333333,0.054080118
2060,7,10,4,0.0,0.0,0.49698248399999995,0.20102017766666666,0.11480758733333334
2060,7,10,5,0.0,0.0,0.42349198633333335,0.4217408596666667,0.24477756566666664
2060,7,10,6,0.0,0.0,0.26625134066666667,0.476022121,0.2536541193333333
2060,7,10,7,0.0,0.0,0.22978248,0.425587581,0.277145239
2060,7,10,8,0.0,0.0,0.21591558966666669,0.38625748333333326,0.282484348
2060,7,11,1,0.0,0.0,0.13860484766666667,0.17455206766666667,0.12334669599999999
2060,7,11,2,0.0,0.0,0.2646498796666667,0.09061532433333334,0.09910149833333333
2060,7,11,3,0.0,0.0,0.458320426,0.11318341933333333,0.054080118
2060,7,11,4,0.0,0.0,0.49698248399999995,0.20102017766666666,0.11480758733333334
2060,7,11,5,0.0,0.0,0.42349198633333335,0.4217408596666667,0.24477756566666664
2060,7,11,6,0.0,0.0,0.26625134066666667,0.476022121,0.2536541193333333
2060,7,11,7,0.0,0.0,0.22978248,0.425587581,0.277145239
2060,7,11,8,0.0,0.0,0.21591558966666669,0.38625748333333326,0.282484348
2060,7,12,1,0.0,0.0,0.13860484766666667,0.17455206766666667,0.12334669599999999
2060,7,12,2,0.0,0.0,0.2646498796666667,0.09061532433333334,0.09910149833333333
2060,7,12,3,0.0,0.0,0.458320426,0.11318341933333333,0.054080118
2060,7,12,4,0.0,0.0,0.49698248399999995,0.20102017766666666,0.11480758733333334
2060,7,12,5,0.0,0.0,0.42349198633333335,0.4217408596666667,0.24477756566666664
2060,7,12,6,0.0,0.0,0.26625134066666667,0.476022121,0.2536541193333333
2060,7,12,7,0.0,0.0,0.22978248,0.425587581,0.277145239
2060,7,12,8,0.0,0.0,0.21591558966666669,0.38625748333333326,0.282484348
2060,7,13,1,0.0,0.0,0.13860484766666667,0.17455206766666667,0.12334669599999999
2060,7,13,2,0.0,0.0,0.2646498796666667,0.09061532433333334,0.09910149833333333
2060,7,13,3,0.0,0.0,0.458320426,0.11318341933333333,0.054080118
2060,7,13,4,0.0,0.0,0.49698248399999995,0.20102017766666666,0.11480758733333334
2060,7,13,5,0.0,0.0,0.42349198633333335,0.4217408596666667,0.24477756566666664
2060,7,13,6,0.0,0.0,0.26625134066666667,0.476022121,0.2536541193333333
2060,7,13,7,0.0,0.0,0.22978248,0.425587581,0.277145239
2060,7,13,8,0.0,0.0,0.21591558966666669,0.38625748333333326,0.282484348
2060,7,14,1,0.0,0.0,0.13860484766666667,0.17455206766666667,0.12334669599999999
2060,7,14,2,0.0,0.0,0.2646498796666667,0.09061532433333334,0.09910149833333333
2060,7,14,3,0.0,0.0,0.458320426,0.11318341933333333,0.054080118
2060,7,14,4,0.0,0.0,0.49698248399999995,0.20102017766666666,0.11480758733333334
2060,7,14,5,0.0,0.0,0.42349198633333335,0.4217408596666667,0.24477756566666664
2060,7,14,6,0.0,0.0,0.26625134066666667,0.476022121,0.2536541193333333
2060,7,14,7,0.0,0.0,0.22978248,0.425587581,0.277145239
2060,7,14,8,0.0,0.0,0.21591558966666669,0.38625748333333326,0.282484348
2060,7,15,1,0.0,0.0,0.13860484766666667,0.17455206766666667,0.12334669599999999
2060,7,15,2,0.0,0.0,0.2646498796666667,0.09061532433333334,0.09910149833333333
2060,7,15,3,0.0,0.0,0.458320426,0.11318341933333333,0.054080118
2060,7,15,4,0.0,0.0,0.49698248399999995,0.20102017766666666,0.11480758733333334
2060,7,15,5,0.0,0.0,0.42349198633333335,0.4217408596666667,0.24477756566666664
2060,7,15,6,0.0,0.0,0.26625134066666667,0.476022121,0.2536541193333333
2060,7,15,7,0.0,0.0,0.22978248,0.425587581,0.277145239
2060,7,15,8,0.0,0.0,0.21591558966666669,0.38625748333333326,0.282484348
2060,7,16,1,0.0,0.0,0.13860484766666667,0.17455206766666667,0.12334669599999999
2060,7,16,2,0.0,0.0,0.2646498796666667,0.09061532433333334,0.09910149833333333
2060,7,16,3,0.0,0.0,0.458320426,0.11318341933333333,0.054080118
2060,7,16,4,0.0,0.0,0.49698248399999995,0.20102017766666666,0.11480758733333334
2060,7,16,5,0.0,0.0,0.42349198633333335,0.4217408596666667,0.24477756566666664
2060,7,16,6,0.0,0.0,0.26625134066666667,0.476022121,0.2536541193333333
2060,7,16,7,0.0,0.0,0.22978248,0.425587581,0.277145239
2060,7,16,8,0.0,0.0,0.21591558966666669,0.38625748333333326,0.282484348
2060,7,17,1,0.0,0.0,0.13860484766666667,0.17455206766666667,0.12334669599999999
2060,7,17,2,0.0,0.0,0.2646498796666667,0.09061532433333334,0.09910149833333333
2060,7,17,3,0.0,0.0,0.458320426,0.11318341933333333,0.054080118
2060,7,17,4,0.0,0.0,0.49698248399999995,0.20102017766666666,0.11480758733333334
2060,7,17,5,0.0,0.0,0.42349198633333335,0.4217408596666667,0.24477756566666664
2060,7,17,6,0.0,0.0,0.26625134066666667,0.476022121,0.2536541193333333
2060,7,17,7,0.0,0.0,0.22978248,0.425587581,0.277145239
2060,7,17,8,0.0,0.0,0.21591558966666669,0.38625748333333326,0.282484348
2060,7,18,1,0.0,0.0,0.13860484766666667,0.17455206766666667,0.12334669599999999
2060,7,18,2,0.0,0.0,0.2646498796666667,0.09061532433333334,0.09910149833333333
2060,7,18,3,0.0,0.0,0.458320426,0.11318341933333333,0.054080118
2060,7,18,4,0.0,0.0,0.49698248399999995,0.20102017766666666,0.11480758733333334
2060,7,18,5,0.0,0.0,0.42349198633333335,0.4217408596666667,0.24477756566666664
2060,7,18,6,0.0,0.0,0.26625134066666667,0.476022121,0.2536541193333333
2060,7,18,7,0.0,0.0,0.22978248,0.425587581,0.277145239
2060,7,18,8,0.0,0.0,0.21591558966666669,0.38625748333333326,0.282484348
2060,7,19,1,0.0,0.0,0.13860484766666667,0.17455206766666667,0.12334669599999999
2060,7,19,2,0.0,0.0,0.2646498796666667,0.09061532433333334,0.09910149833333333
2060,7,19,3,0.0,0.0,0.458320426,0.11318341933333333,0.054080118
2060,7,19,4,0.0,0.0,0.49698248399999995,0.20102017766666666,0.11480758733333334
2060,7,19,5,0.0,0.0,0.42349198633333335,0.4217408596666667,0.24477756566666664
2060,7,19,6,0.0,0.0,0.26625134066666667,0.476022121,0.2536541193333333
2060,7,19,7,0.0,0.0,0.22978248,0.425587581,0.277145239
2060,7,19,8,0.0,0.0,0.21591558966666669,0.38625748333333326,0.282484348
2060,7,20,1,0.0,0.0,0.13860484766666667,0.17455206766666667,0.12334669599999999
2060,7,20,2,0.0,0.0,0.2646498796666667,0.09061532433333334,0.09910149833333333
2060,7,20,3,0.0,0.0,0.458320426,0.11318341933333333,0.054080118
2060,7,20,4,0.0,0.0,0.49698248399999995,0.20102017766666666,0.11480758733333334
2060,7,20,5,0.0,0.0,0.42349198633333335,0.4217408596666667,0.24477756566666664
2060,7,20,6,0.0,0.0,0.26625134066666667,0.476022121,0.2536541193333333
2060,7,20,7,0.0,0.0,0.22978248,0.425587581,0.277145239
2060,7,20,8,0.0,0.0,0.21591558966666669,0.38625748333333326,0.282484348
2060,7,21,1,0.0,0.0,0.13860484766666667,0.17455206766666667,0.12334669599999999
2060,7,21,2,0.0,0.0,0.2646498796666667,0.09061532433333334,0.09910149833333333
2060,7,21,3,0.0,0.0,0.458320426,0.11318341933333333,0.054080118
2060,7,21,4,0.0,0.0,0.49698248399999995,0.20102017766666666,0.11480758733333334
2060,7,21,5,0.0,0.0,0.42349198633333335,0.4217408596666667,0.24477756566666664
2060,7,21,6,0.0,0.0,0.26625134066666667,0.476022121,0.2536541193333333
2060,7,21,7,0.0,0.0,0.22978248,0.425587581,0.277145239
2060,7,21,8,0.0,0.0,0.21591558966666669,0.38625748333333326,0.282484348
2060,7,22,1,0.0,0.0,0.13860484766666667,0.17455206766666667,0.12334669599999999
2060,7,22,2,0.0,0.0,0.2646498796666667,0.09061532433333334,0.09910149833333333
2060,7,22,3,0.0,0.0,0.458320426,0.11318341933333333,0.054080118
2060,7,22,4,0.0,0.0,0.49698248399999995,0.20102017766666666,0.11480758733333334
2060,7,22,5,0.0,0.0,0.42349198633333335,0.4217408596666667,0.24477756566666664
2060,7,22,6,0.0,0.0,0.26625134066666667,0.476022121,0.2536541193333333
2060,7,22,7,0.0,0.0,0.22978248,0.425587581,0.277145239
2060,7,22,8,0.0,0.0,0.21591558966666669,0.38625748333333326,0.282484348
2060,7,23,1,0.0,0.0,0.13860484766666667,0.17455206766666667,0.12334669599999999
2060,7,23,2,0.0,0.0,0.2646498796666667,0.09061532433333334,0.09910149833333333
2060,7,23,3,0.0,0.0,0.458320426,0.11318341933333333,0.054080118
2060,7,23,4,0.0,0.0,0.49698248399999995,0.20102017766666666,0.11480758733333334
2060,7,23,5,0.0,0.0,0.42349198633333335,0.4217408596666667,0.24477756566666664
2060,7,23,6,0.0,0.0,0.26625134066666667,0.476022121,0.2536541193333333
2060,7,23,7,0.0,0.0,0.22978248,0.425587581,0.277145239
2060,7,23,8,0.0,0.0,0.21591558966666669,0.38625748333333326,0.282484348
2060,7,24,1,0.0,0.0,0.13860484766666667,0.17455206766666667,0.12334669599999999
2060,7,24,2,0.0,0.0,0.2646498796666667,0.09061532433333334,0.09910149833333333
2060,7,24,3,0.0,0.0,0.458320426,0.11318341933333333,0.054080118
2060,7,24,4,0.0,0.0,0.49698248399999995,0.20102017766666666,0.11480758733333334
2060,7,24,5,0.0,0.0,0.42349198633333335,0.4217408596666667,0.24477756566666664
2060,7,24,6,0.0,0.0,0.26625134066666667,0.476022121,0.2536541193333333
2060,7,24,7,0.0,0.0,0.22978248,0.425587581,0.277145239
2060,7,24,8,0.0,0.0,0.21591558966666669,0.38625748333333326,0.282484348
2060,7,25,1,0.0,0.0,0.13860484766666667,0.17455206766666667,0.12334669599999999
2060,7,25,2,0.0,0.0,0.2646498796666667,0.09061532433333334,0.09910149833333333
2060,7,25,3,0.0,0.0,0.458320426,0.11318341933333333,0.054080118
2060,7,25,4,0.0,0.0,0.49698248399999995,0.20102017766666666,0.11480758733333334
2060,7,25,5,0.0,0.0,0.42349198633333335,0.4217408596666667,0.24477756566666664
2060,7,25,6,0.0,0.0,0.26625134066666667,0.476022121,0.2536541193333333
2060,7,25,7,0.0,0.0,0.22978248,0.425587581,0.277145239
2060,7,25,8,0.0,0.0,0.21591558966666669,0.38625748333333326,0.282484348
2060,7,26,1,0.0,0.0,0.13860484766666667,0.17455206766666667,0.12334669599999999
2060,7,26,2,0.0,0.0,0.2646498796666667,0.09061532433333334,0.09910149833333333
2060,7,26,3,0.0,0.0,0.458320426,0.11318341933333333,0.054080118
2060,7,26,4,0.0,0.0,0.49698248399999995,0.20102017766666666,0.11480758733333334
2060,7,26,5,0.0,0.0,0.42349198633333335,0.4217408596666667,0.24477756566666664
2060,7,26,6,0.0,0.0,0.26625134066666667,0.476022121,0.2536541193333333
2060,7,26,7,0.0,0.0,0.22978248,0.425587581,0.277145239
2060,7,26,8,0.0,0.0,0.21591558966666669,0.38625748333333326,0.282484348
2060,7,27,1,0.0,0.0,0.13860484766666667,0.17455206766666667,0.12334669599999999
2060,7,27,2,0.0,0.0,0.2646498796666667,0.09061532433333334,0.09910149833333333
2060,7,27,3,0.0,0.0,0.458320426,0.11318341933333333,0.054080118
2060,7,27,4,0.0,0.0,0.49698248399999995,0.20102017766666666,0.11480758733333334
2060,7,27,5,0.0,0.0,0.42349198633333335,0.4217408596666667,0.24477756566666664
2060,7,27,6,0.0,0.0,0.26625134066666667,0.476022121,0.2536541193333333
2060,7,27,7,0.0,0.0,0.22978248,0.425587581,0.277145239
2060,7,27,8,0.0,0.0,0.21591558966666669,0.38625748333333326,0.282484348
2060,7,28,1,0.0,0.0,0.13860484766666667,0.17455206766666667,0.12334669599999999
2060,7,28,2,0.0,0.0,0.2646498796666667,0.09061532433333334,0.09910149833333333
2060,7,28,3,0.0,0.0,0.458320426,0.11318341933333333,0.054080118
2060,7,28,4,0.0,0.0,0.49698248399999995,0.20102017766666666,0.11480758733333334
2060,7,28,5,0.0,0.0,0.42349198633333335,0.4217408596666667,0.24477756566666664
2060,7,28,6,0.0,0.0,0.26625134066666667,0.476022121,0.2536541193333333
2060,7,28,7,0.0,0.0,0.22978248,0.425587581,0.277145239
2060,7,28,8,0.0,0.0,0.21591558966666669,0.38625748333333326,0.282484348
2060,7,29,1,0.0,0.0,0.13860484766666667,0.17455206766666667,0.12334669599999999
2060,7,29,2,0.0,0.0,0.2646498796666667,0.09061532433333334,0.09910149833333333
2060,7,29,3,0.0,0.0,0.458320426,0.11318341933333333,0.054080118
2060,7,29,4,0.0,0.0,0.49698248399999995,0.20102017766666666,0.11480758733333334
2060,7,29,5,0.0,0.0,0.42349198633333335,0.4217408596666667,0.24477756566666664
2060,7,29,6,0.0,0.0,0.26625134066666667,0.476022121,0.2536541193333333
2060,7,29,7,0.0,0.0,0.22978248,0.425587581,0.277145239
2060,7,29,8,0.0,0.0,0.21591558966666669,0.38625748333333326,0.282484348
2060,7,30,1,0.0,0.0,0.13860484766666667,0.17455206766666667,0.12334669599999999
2060,7,30,2,0.0,0.0,0.2646498796666667,0.09061532433333334,0.09910149833333333
2060,7,30,3,0.0,0.0,0.458320426,0.11318341933333333,0.054080118
2060,7,30,4,0.0,0.0,0.49698248399999995,0.20102017766666666,0.11480758733333334
2060,7,30,5,0.0,0.0,0.42349198633333335,0.4217408596666667,0.24477756566666664
2060,7,30,6,0.0,0.0,0.26625134066666667,0.476022121,0.2536541193333333
2060,7,30,7,0.0,0.0,0.22978248,0.425587581,0.277145239
2060,7,30,8,0.0,0.0,0.21591558966666669,0.38625748333333326,0.282484348
2060,7,31,1,0.0,0.0,0.13860484766666667,0.17455206766666667,0.12334669599999999
2060,7,31,2,0.0,0.0,0.2646498796666667,0.09061532433333334,0.09910149833333333
2060,7,31,3,0.0,0.0,0.458320426,0.11318341933333333,0.054080118
2060,7,31,4,0.0,0.0,0.49698248399999995,0.20102017766666666,0.11480758733333334
2060,7,31,5,0.0,0.0,0.42349198633333335,0.4217408596666667,0.24477756566666664
2060,7,31,6,0.0,0.0,0.26625134066666667,0.476022121,0.2536541193333333
2060,7,31,7,0.0,0.0,0.22978248,0.425587581,0.277145239
2060,7,31,8,0.0,0.0,0.21591558966666669,0.38625748333333326,0.282484348
2060,8,1,1,0.0,0.0,0.23191210333333334,0.28135193766666666,0.17465861900000001
2060,8,1,2,0.0,0.0,0.40363602633333334,0.16896430966666665,0.13416147066666667
2060,8,1,3,0.0,0.0,0.6160722213333333,0.18827102666666665,0.06943460833333333
2060,8,1,4,0.0,0.0,0.6644753376666667,0.28286865833333336,0.13276032933333334
2060,8,1,5,0.0,0.0,0.6219601566666667,0.5570823086666666,0.3185077453333333
2060,8,1,6,0.0,0.0,0.4479306216666667,0.7108402173333334,0.394354617
2060,8,1,7,0.0,0.0,0.3737107423333333,0.7118149576666667,0.4351154703333333
2060,8,1,8,0.0,0.0,0.343380294,0.6758197903333333,0.403183197
2060,8,2,1,0.0,0.0,0.23191210333333334,0.28135193766666666,0.17465861900000001
2060,8,2,2,0.0,0.0,0.40363602633333334,0.16896430966666665,0.13416147066666667
2060,8,2,3,0.0,0.0,0.6160722213333333,0.18827102666666665,0.06943460833333333
2060,8,2,4,0.0,0.0,0.6644753376666667,0.28286865833333336,0.13276032933333334
2060,8,2,5,0.0,0.0,0.6219601566666667,0.5570823086666666,0.3185077453333333
2060,8,2,6,0.0,0.0,0.4479306216666667,0.7108402173333334,0.394354617
2060,8,2,7,0.0,0.0,0.3737107423333333,0.7118149576666667,0.4351154703333333
2060,8,2,8,0.0,0.0,0.343380294,0.6758197903333333,0.403183197
2060,8,3,1,0.0,0.0,0.23191210333333334,0.28135193766666666,0.17465861900000001
2060,8,3,2,0.0,0.0,0.40363602633333334,0.16896430966666665,0.13416147066666667
2060,8,3,3,0.0,0.0,0.6160722213333333,0.18827102666666665,0.06943460833333333
2060,8,3,4,0.0,0.0,0.6644753376666667,0.28286865833333336,0.13276032933333334
2060,8,3,5,0.0,0.0,0.6219601566666667,0.5570823086666666,0.3185077453333333
2060,8,3,6,0.0,0.0,0.4479306216666667,0.7108402173333334,0.394354617
2060,8,3,7,0.0,0.0,0.3737107423333333,0.7118149576666667,0.4351154703333333
2060,8,3,8,0.0,0.0,0.343380294,0.6758197903333333,0.403183197
2060,8,4,1,0.0,0.0,0.23191210333333334,0.28135193766666666,0.17465861900000001
2060,8,4,2,0.0,0.0,0.40363602633333334,0.16896430966666665,0.13416147066666667
2060,8,4,3,0.0,0.0,0.6160722213333333,0.18827102666666665,0.06943460833333333
2060,8,4,4,0.0,0.0,0.6644753376666667,0.28286865833333336,0.13276032933333334
2060,8,4,5,0.0,0.0,0.6219601566666667,0.5570823086666666,0.3185077453333333
2060,8,4,6,0.0,0.0,0.4479306216666667,0.7108402173333334,0.394354617
2060,8,4,7,0.0,0.0,0.3737107423333333,0.7118149576666667,0.4351154703333333
2060,8,4,8,0.0,0.0,0.343380294,0.6758197903333333,0.403183197
2060,8,5,1,0.0,0.0,0.23191210333333334,0.28135193766666666,0.17465861900000001
2060,8,5,2,0.0,0.0,0.40363602633333334,0.16896430966666665,0.13416147066666667
2060,8,5,3,0.0,0.0,0.6160722213333333,0.18827102666666665,0.06943460833333333
2060,8,5,4,0.0,0.0,0.6644753376666667,0.28286865833333336,0.13276032933333334
2060,8,5,5,0.0,0.0,0.6219601566666667,0.5570823086666666,0.3185077453333333
2060,8,5,6,0.0,0.0,0.4479306216666667,0.7108402173333334,0.394354617
2060,8,5,7,0.0,0.0,0.3737107423333333,0.7118149576666667,0.4351154703333333
2060,8,5,8,0.0,0.0,0.343380294,0.6758197903333333,0.403183197
2060,8,6,1,0.0,0.0,0.23191210333333334,0.28135193766666666,0.17465861900000001
2060,8,6,2,0.0,0.0,0.40363602633333334,0.16896430966666665,0.13416147066666667
2060,8,6,3,0.0,0.0,0.6160722213333333,0.18827102666666665,0.06943460833333333
2060,8,6,4,0.0,0.0,0.6644753376666667,0.28286865833333336,0.13276032933333334
2060,8,6,5,0.0,0.0,0.6219601566666667,0.5570823086666666,0.3185077453333333
2060,8,6,6,0.0,0.0,0.4479306216666667,0.7108402173333334,0.394354617
2060,8,6,7,0.0,0.0,0.3737107423333333,0.7118149576666667,0.4351154703333333
2060,8,6,8,0.0,0.0,0.343380294,0.6758197903333333,0.403183197
2060,8,7,1,0.0,0.0,0.23191210333333334,0.28135193766666666,0.17465861900000001
2060,8,7,2,0.0,0.0,0.40363602633333334,0.16896430966666665,0.13416147066666667
2060,8,7,3,0.0,0.0,0.6160722213333333,0.18827102666666665,0.06943460833333333
2060,8,7,4,0.0,0.0,0.6644753376666667,0.28286865833333336,0.13276032933333334
2060,8,7,5,0.0,0.0,0.6219601566666667,0.5570823086666666,0.3185077453333333
2060,8,7,6,0.0,0.0,0.4479306216666667,0.7108402173333334,0.394354617
2060,8,7,7,0.0,0.0,0.3737107423333333,0.7118149576666667,0.4351154703333333
2060,8,7,8,0.0,0.0,0.343380294,0.6758197903333333,0.403183197
2060,8,8,1,0.0,0.0,0.23191210333333334,0.28135193766666666,0.17465861900000001
2060,8,8,2,0.0,0.0,0.40363602633333334,0.16896430966666665,0.13416147066666667
2060,8,8,3,0.0,0.0,0.6160722213333333,0.18827102666666665,0.06943460833333333
2060,8,8,4,0.0,0.0,0.6644753376666667,0.28286865833333336,0.13276032933333334
2060,8,8,5,0.0,0.0,0.6219601566666667,0.5570823086666666,0.3185077453333333
2060,8,8,6,0.0,0.0,0.4479306216666667,0.7108402173333334,0.394354617
2060,8,8,7,0.0,0.0,0.3737107423333333,0.7118149576666667,0.4351154703333333
2060,8,8,8,0.0,0.0,0.343380294,0.6758197903333333,0.403183197
2060,8,9,1,0.0,0.0,0.23191210333333334,0.28135193766666666,0.17465861900000001
2060,8,9,2,0.0,0.0,0.40363602633333334,0.16896430966666665,0.13416147066666667
2060,8,9,3,0.0,0.0,0.6160722213333333,0.18827102666666665,0.06943460833333333
2060,8,9,4,0.0,0.0,0.6644753376666667,0.28286865833333336,0.13276032933333334
2060,8,9,5,0.0,0.0,0.6219601566666667,0.5570823086666666,0.3185077453333333
2060,8,9,6,0.0,0.0,0.4479306216666667,0.7108402173333334,0.394354617
2060,8,9,7,0.0,0.0,0.3737107423333333,0.7118149576666667,0.4351154703333333
2060,8,9,8,0.0,0.0,0.343380294,0.6758197903333333,0.403183197
2060,8,10,1,0.0,0.0,0.23191210333333334,0.28135193766666666,0.17465861900000001
2060,8,10,2,0.0,0.0,0.40363602633333334,0.16896430966666665,0.13416147066666667
2060,8,10,3,0.0,0.0,0.6160722213333333,0.18827102666666665,0.06943460833333333
2060,8,10,4,0.0,0.0,0.6644753376666667,0.28286865833333336,0.13276032933333334
2060,8,10,5,0.0,0.0,0.6219601566666667,0.5570823086666666,0.3185077453333333
2060,8,10,6,0.0,0.0,0.4479306216666667,0.7108402173333334,0.394354617
2060,8,10,7,0.0,0.0,0.3737107423333333,0.7118149576666667,0.4351154703333333
2060,8,10,8,0.0,0.0,0.343380294,0.6758197903333333,0.403183197
2060,8,11,1,0.0,0.0,0.23191210333333334,0.28135193766666666,0.17465861900000001
2060,8,11,2,0.0,0.0,0.40363602633333334,0.16896430966666665,0.13416147066666667
2060,8,11,3,0.0,0.0,0.6160722213333333,0.18827102666666665,0.06943460833333333
2060,8,11,4,0.0,0.0,0.6644753376666667,0.28286865833333336,0.13276032933333334
2060,8,11,5,0.0,0.0,0.6219601566666667,0.5570823086666666,0.3185077453333333
2060,8,11,6,0.0,0.0,0.4479306216666667,0.7108402173333334,0.394354617
2060,8,11,7,0.0,0.0,0.3737107423333333,0.7118149576666667,0.4351154703333333
2060,8,11,8,0.0,0.0,0.343380294,0.6758197903333333,0.403183197
2060,8,12,1,0.0,0.0,0.23191210333333334,0.28135193766666666,0.17465861900000001
2060,8,12,2,0.0,0.0,0.40363602633333334,0.16896430966666665,0.13416147066666667
2060,8,12,3,0.0,0.0,0.6160722213333333,0.18827102666666665,0.06943460833333333
2060,8,12,4,0.0,0.0,0.6644753376666667,0.28286865833333336,0.13276032933333334
2060,8,12,5,0.0,0.0,0.6219601566666667,0.5570823086666666,0.3185077453333333
2060,8,12,6,0.0,0.0,0.4479306216666667,0.7108402173333334,0.394354617
2060,8,12,7,0.0,0.0,0.3737107423333333,0.7118149576666667,0.4351154703333333
2060,8,12,8,0.0,0.0,0.343380294,0.6758197903333333,0.403183197
2060,8,13,1,0.0,0.0,0.23191210333333334,0.28135193766666666,0.17465861900000001
2060,8,13,2,0.0,0.0,0.40363602633333334,0.16896430966666665,0.13416147066666667
2060,8,13,3,0.0,0.0,0.6160722213333333,0.18827102666666665,0.06943460833333333
2060,8,13,4,0.0,0.0,0.6644753376666667,0.28286865833333336,0.13276032933333334
2060,8,13,5,0.0,0.0,0.6219601566666667,0.5570823086666666,0.3185077453333333
2060,8,13,6,0.0,0.0,0.4479306216666667,0.7108402173333334,0.394354617
2060,8,13,7,0.0,0.0,0.3737107423333333,0.7118149576666667,0.4351154703333333
2060,8,13,8,0.0,0.0,0.343380294,0.6758197903333333,0.403183197
2060,8,14,1,0.0,0.0,0.23191210333333334,0.28135193766666666,0.17465861900000001
2060,8,14,2,0.0,0.0,0.40363602633333334,0.16896430966666665,0.13416147066666667
2060,8,14,3,0.0,0.0,0.6160722213333333,0.18827102666666665,0.06943460833333333
2060,8,14,4,0.0,0.0,0.6644753376666667,0.28286865833333336,0.13276032933333334
2060,8,14,5,0.0,0.0,0.6219601566666667,0.5570823086666666,0.3185077453333333
2060,8,14,6,0.0,0.0,0.4479306216666667,0.7108402173333334,0.394354617
2060,8,14,7,0.0,0.0,0.3737107423333333,0.7118149576666667,0.4351154703333333
2060,8,14,8,0.0,0.0,0.343380294,0.6758197903333333,0.403183197
2060,8,15,1,0.0,0.0,0.23191210333333334,0.28135193766666666,0.17465861900000001
2060,8,15,2,0.0,0.0,0.40363602633333334,0.16896430966666665,0.13416147066666667
2060,8,15,3,0.0,0.0,0.6160722213333333,0.18827102666666665,0.06943460833333333
2060,8,15,4,0.0,0.0,0.6644753376666667,0.28286865833333336,0.13276032933333334
2060,8,15,5,0.0,0.0,0.6219601566666667,0.5570823086666666,0.3185077453333333
2060,8,15,6,0.0,0.0,0.4479306216666667,0.7108402173333334,0.394354617
2060,8,15,7,0.0,0.0,0.3737107423333333,0.7118149576666667,0.4351154703333333
2060,8,15,8,0.0,0.0,0.343380294,0.6758197903333333,0.403183197
2060,8,16,1,0.0,0.0,0.23191210333333334,0.28135193766666666,0.17465861900000001
2060,8,16,2,0.0,0.0,0.40363602633333334,0.16896430966666665,0.13416147066666667
2060,8,16,3,0.0,0.0,0.6160722213333333,0.18827102666666665,0.06943460833333333
2060,8,16,4,0.0,0.0,0.6644753376666667,0.28286865833333336,0.13276032933333334
2060,8,16,5,0.0,0.0,0.6219601566666667,0.5570823086666666,0.3185077453333333
2060,8,16,6,0.0,0.0,0.4479306216666667,0.7108402173333334,0.394354617
2060,8,16,7,0.0,0.0,0.3737107423333333,0.7118149576666667,0.4351154703333333
2060,8,16,8,0.0,0.0,0.343380294,0.6758197903333333,0.403183197
2060,8,17,1,0.0,0.0,0.23191210333333334,0.28135193766666666,0.17465861900000001
2060,8,17,2,0.0,0.0,0.40363602633333334,0.16896430966666665,0.13416147066666667
2060,8,17,3,0.0,0.0,0.6160722213333333,0.18827102666666665,0.06943460833333333
2060,8,17,4,0.0,0.0,0.6644753376666667,0.28286865833333336,0.13276032933333334
2060,8,17,5,0.0,0.0,0.6219601566666667,0.5570823086666666,0.3185077453333333
2060,8,17,6,0.0,0.0,0.4479306216666667,0.7108402173333334,0.394354617
2060,8,17,7,0.0,0.0,0.3737107423333333,0.7118149576666667,0.4351154703333333
2060,8,17,8,0.0,0.0,0.343380294,0.6758197903333333,0.403183197
2060,8,18,1,0.0,0.0,0.23191210333333334,0.28135193766666666,0.17465861900000001
2060,8,18,2,0.0,0.0,0.40363602633333334,0.16896430966666665,0.13416147066666667
2060,8,18,3,0.0,0.0,0.6160722213333333,0.18827102666666665,0.06943460833333333
2060,8,18,4,0.0,0.0,0.6644753376666667,0.28286865833333336,0.13276032933333334
2060,8,18,5,0.0,0.0,0.6219601566666667,0.5570823086666666,0.3185077453333333
2060,8,18,6,0.0,0.0,0.4479306216666667,0.7108402173333334,0.394354617
2060,8,18,7,0.0,0.0,0.3737107423333333,0.7118149576666667,0.4351154703333333
2060,8,18,8,0.0,0.0,0.343380294,0.6758197903333333,0.403183197
2060,8,19,1,0.0,0.0,0.23191210333333334,0.28135193766666666,0.17465861900000001
2060,8,19,2,0.0,0.0,0.40363602633333334,0.16896430966666665,0.13416147066666667
2060,8,19,3,0.0,0.0,0.6160722213333333,0.18827102666666665,0.06943460833333333
2060,8,19,4,0.0,0.0,0.6644753376666667,0.28286865833333336,0.13276032933333334
2060,8,19,5,0.0,0.0,0.6219601566666667,0.5570823086666666,0.3185077453333333
2060,8,19,6,0.0,0.0,0.4479306216666667,0.7108402173333334,0.394354617
2060,8,19,7,0.0,0.0,0.3737107423333333,0.7118149576666667,0.4351154703333333
2060,8,19,8,0.0,0.0,0.343380294,0.6758197903333333,0.403183197
2060,8,20,1,0.0,0.0,0.23191210333333334,0.28135193766666666,0.17465861900000001
2060,8,20,2,0.0,0.0,0.40363602633333334,0.16896430966666665,0.13416147066666667
2060,8,20,3,0.0,0.0,0.6160722213333333,0.18827102666666665,0.06943460833333333
2060,8,20,4,0.0,0.0,0.6644753376666667,0.28286865833333336,0.13276032933333334
2060,8,20,5,0.0,0.0,0.6219601566666667,0.5570823086666666,0.3185077453333333
2060,8,20,6,0.0,0.0,0.4479306216666667,0.7108402173333334,0.394354617
2060,8,20,7,0.0,0.0,0.3737107423333333,0.7118149576666667,0.4351154703333333
2060,8,20,8,0.0,0.0,0.343380294,0.6758197903333333,0.403183197
2060,8,21,1,0.0,0.0,0.23191210333333334,0.28135193766666666,0.17465861900000001
2060,8,21,2,0.0,0.0,0.40363602633333334,0.16896430966666665,0.13416147066666667
2060,8,21,3,0.0,0.0,0.6160722213333333,0.18827102666666665,0.06943460833333333
2060,8,21,4,0.0,0.0,0.6644753376666667,0.28286865833333336,0.13276032933333334
2060,8,21,5,0.0,0.0,0.6219601566666667,0.5570823086666666,0.3185077453333333
2060,8,21,6,0.0,0.0,0.4479306216666667,0.7108402173333334,0.394354617
2060,8,21,7,0.0,0.0,0.3737107423333333,0.7118149576666667,0.4351154703333333
2060,8,21,8,0.0,0.0,0.343380294,0.6758197903333333,0.403183197
2060,8,22,1,0.0,0.0,0.23191210333333334,0.28135193766666666,0.17465861900000001
2060,8,22,2,0.0,0.0,0.40363602633333334,0.16896430966666665,0.13416147066666667
2060,8,22,3,0.0,0.0,0.6160722213333333,0.18827102666666665,0.06943460833333333
2060,8,22,4,0.0,0.0,0.6644753376666667,0.28286865833333336,0.13276032933333334
2060,8,22,5,0.0,0.0,0.6219601566666667,0.5570823086666666,0.3185077453333333
2060,8,22,6,0.0,0.0,0.4479306216666667,0.7108402173333334,0.394354617
2060,8,22,7,0.0,0.0,0.3737107423333333,0.7118149576666667,0.4351154703333333
2060,8,22,8,0.0,0.0,0.343380294,0.6758197903333333,0.403183197
2060,8,23,1,0.0,0.0,0.23191210333333334,0.28135193766666666,0.17465861900000001
2060,8,23,2,0.0,0.0,0.40363602633333334,0.16896430966666665,0.13416147066666667
2060,8,23,3,0.0,0.0,0.6160722213333333,0.18827102666666665,0.06943460833333333
2060,8,23,4,0.0,0.0,0.6644753376666667,0.28286865833333336,0.13276032933333334
2060,8,23,5,0.0,0.0,0.6219601566666667,0.5570823086666666,0.3185077453333333
2060,8,23,6,0.0,0.0,0.4479306216666667,0.7108402173333334,0.394354617
2060,8,23,7,0.0,0.0,0.3737107423333333,0.7118149576666667,0.4351154703333333
2060,8,23,8,0.0,0.0,0.343380294,0.6758197903333333,0.403183197
2060,8,24,1,0.0,0.0,0.23191210333333334,0.28135193766666666,0.17465861900000001
2060,8,24,2,0.0,0.0,0.40363602633333334,0.16896430966666665,0.13416147066666667
2060,8,24,3,0.0,0.0,0.6160722213333333,0.18827102666666665,0.06943460833333333
2060,8,24,4,0.0,0.0,0.6644753376666667,0.28286865833333336,0.13276032933333334
2060,8,24,5,0.0,0.0,0.6219601566666667,0.5570823086666666,0.3185077453333333
2060,8,24,6,0.0,0.0,0.4479306216666667,0.7108402173333334,0.394354617
2060,8,24,7,0.0,0.0,0.3737107423333333,0.7118149576666667,0.4351154703333333
2060,8,24,8,0.0,0.0,0.343380294,0.6758197903333333,0.403183197
2060,8,25,1,0.0,0.0,0.23191210333333334,0.28135193766666666,0.17465861900000001
2060,8,25,2,0.0,0.0,0.40363602633333334,0.16896430966666665,0.13416147066666667
2060,8,25,3,0.0,0.0,0.6160722213333333,0.18827102666666665,0.06943460833333333
2060,8,25,4,0.0,0.0,0.6644753376666667,0.28286865833333336,0.13276032933333334
2060,8,25,5,0.0,0.0,0.6219601566666667,0.5570823086666666,0.3185077453333333
2060,8,25,6,0.0,0.0,0.4479306216666667,0.7108402173333334,0.394354617
2060,8,25,7,0.0,0.0,0.3737107423333333,0.7118149576666667,0.4351154703333333
2060,8,25,8,0.0,0.0,0.343380294,0.6758197903333333,0.403183197
2060,8,26,1,0.0,0.0,0.23191210333333334,0.28135193766666666,0.17465861900000001
2060,8,26,2,0.0,0.0,0.40363602633333334,0.16896430966666665,0.13416147066666667
2060,8,26,3,0.0,0.0,0.6160722213333333,0.18827102666666665,0.06943460833333333
2060,8,26,4,0.0,0.0,0.6644753376666667,0.28286865833333336,0.13276032933333334
2060,8,26,5,0.0,0.0,0.6219601566666667,0.5570823086666666,0.3185077453333333
2060,8,26,6,0.0,0.0,0.4479306216666667,0.7108402173333334,0.394354617
2060,8,26,7,0.0,0.0,0.3737107423333333,0.7118149576666667,0.4351154703333333
2060,8,26,8,0.0,0.0,0.343380294,0.6758197903333333,0.403183197
2060,8,27,1,0.0,0.0,0.23191210333333334,0.28135193766666666,0.17465861900000001
2060,8,27,2,0.0,0.0,0.40363602633333334,0.16896430966666665,0.13416147066666667
2060,8,27,3,0.0,0.0,0.6160722213333333,0.18827102666666665,0.06943460833333333
2060,8,27,4,0.0,0.0,0.6644753376666667,0.28286865833333336,0.13276032933333334
2060,8,27,5,0.0,0.0,0.6219601566666667,0.5570823086666666,0.3185077453333333
2060,8,27,6,0.0,0.0,0.4479306216666667,0.7108402173333334,0.394354617
2060,8,27,7,0.0,0.0,0.3737107423333333,0.7118149576666667,0.4351154703333333
2060,8,27,8,0.0,0.0,0.343380294,0.6758197903333333,0.403183197
2060,8,28,1,0.0,0.0,0.23191210333333334,0.28135193766666666,0.17465861900000001
2060,8,28,2,0.0,0.0,0.40363602633333334,0.16896430966666665,0.13416147066666667
2060,8,28,3,0.0,0.0,0.6160722213333333,0.18827102666666665,0.06943460833333333
2060,8,28,4,0.0,0.0,0.6644753376666667,0.28286865833333336,0.13276032933333334
2060,8,28,5,0.0,0.0,0.6219601566666667,0.5570823086666666,0.3185077453333333
2060,8,28,6,0.0,0.0,0.4479306216666667,0.7108402173333334,0.394354617
2060,8,28,7,0.0,0.0,0.3737107423333333,0.7118149576666667,0.4351154703333333
2060,8,28,8,0.0,0.0,0.343380294,0.6758197903333333,0.403183197
2060,8,29,1,0.0,0.0,0.23191210333333334,0.28135193766666666,0.17465861900000001
2060,8,29,2,0.0,0.0,0.40363602633333334,0.16896430966666665,0.13416147066666667
2060,8,29,3,0.0,0.0,0.6160722213333333,0.18827102666666665,0.06943460833333333
2060,8,29,4,0.0,0.0,0.6644753376666667,0.28286865833333336,0.13276032933333334
2060,8,29,5,0.0,0.0,0.6219601566666667,0.5570823086666666,0.3185077453333333
2060,8,29,6,0.0,0.0,0.4479306216666667,0.7108402173333334,0.394354617
2060,8,29,7,0.0,0.0,0.3737107423333333,0.7118149576666667,0.4351154703333333
2060,8,29,8,0.0,0.0,0.343380294,0.6758197903333333,0.403183197
2060,8,30,1,0.0,0.0,0.23191210333333334,0.28135193766666666,0.17465861900000001
2060,8,30,2,0.0,0.0,0.40363602633333334,0.16896430966666665,0.13416147066666667
2060,8,30,3,0.0,0.0,0.6160722213333333,0.18827102666666665,0.06943460833333333
2060,8,30,4,0.0,0.0,0.6644753376666667,0.28286865833333336,0.13276032933333334
2060,8,30,5,0.0,0.0,0.6219601566666667,0.5570823086666666,0.3185077453333333
2060,8,30,6,0.0,0.0,0.4479306216666667,0.7108402173333334,0.394354617
2060,8,30,7,0.0,0.0,0.3737107423333333,0.7118149576666667,0.4351154703333333
2060,8,30,8,0.0,0.0,0.343380294,0.6758197903333333,0.403183197
2060,8,31,1,0.0,0.0,0.23191210333333334,0.28135193766666666,0.17465861900000001
2060,8,31,2,0.0,0.0,0.40363602633333334,0.16896430966666665,0.13416147066666667
2060,8,31,3,0.0,0.0,0.6160722213333333,0.18827102666666665,0.06943460833333333
2060,8,31,4,0.0,0.0,0.6644753376666667,0.28286865833333336,0.13276032933333334
2060,8,31,5,0.0,0.0,0.6219601566666667,0.5570823086666666,0.3185077453333333
2060,8,31,6,0.0,0.0,0.4479306216666667,0.7108402173333334,0.394354617
2060,8,31,7,0.0,0.0,0.3737107423333333,0.7118149576666667,0.4351154703333333
2060,8,31,8,0.0,0.0,0.343380294,0.6758197903333333,0.403183197
2060,9,1,1,0.0,0.0,0.217077913,0.3553642033333333,0.249582954
2060,9,1,2,0.0,0.0,0.39512050600000004,0.17004423466666665,0.1607476436666667
2060,9,1,3,0.0,0.0,0.542260726,0.17798046599999998,0.06652445033333333
2060,9,1,4,0.0,0.0,0.5048912183333333,0.42133907,0.24820075900000002
2060,9,1,5,0.0,0.0,0.4578049366666666,0.7912586863333333,0.5232448773333332
2060,9,1,6,0.0,0.0,0.3310828813333333,0.8845496793333334,0.6011468863333334
2060,9,1,7,0.0,0.0,0.25749284066666667,0.9082194676666666,0.6110019723333333
2060,9,1,8,0.0,0.0,0.22246206833333335,0.8705392179999999,0.5648172176666667
2060,9,2,1,0.0,0.0,0.217077913,0.3553642033333333,0.249582954
2060,9,2,2,0.0,0.0,0.39512050600000004,0.17004423466666665,0.1607476436666667
2060,9,2,3,0.0,0.0,0.542260726,0.17798046599999998,0.06652445033333333
2060,9,2,4,0.0,0.0,0.5048912183333333,0.42133907,0.24820075900000002
2060,9,2,5,0.0,0.0,0.4578049366666666,0.7912586863333333,0.5232448773333332
2060,9,2,6,0.0,0.0,0.3310828813333333,0.8845496793333334,0.6011468863333334
2060,9,2,7,0.0,0.0,0.25749284066666667,0.9082194676666666,0.6110019723333333
2060,9,2,8,0.0,0.0,0.22246206833333335,0.8705392179999999,0.5648172176666667
2060,9,3,1,0.0,0.0,0.217077913,0.3553642033333333,0.249582954
2060,9,3,2,0.0,0.0,0.39512050600000004,0.17004423466666665,0.1607476436666667
2060,9,3,3,0.0,0.0,0.542260726,0.17798046599999998,0.06652445033333333
2060,9,3,4,0.0,0.0,0.5048912183333333,0.42133907,0.24820075900000002
2060,9,3,5,0.0,0.0,0.4578049366666666,0.7912586863333333,0.5232448773333332
2060,9,3,6,0.0,0.0,0.3310828813333333,0.8845496793333334,0.6011468863333334
2060,9,3,7,0.0,0.0,0.25749284066666667,0.9082194676666666,0.6110019723333333
2060,9,3,8,0.0,0.0,0.22246206833333335,0.8705392179999999,0.5648172176666667
2060,9,4,1,0.0,0.0,0.217077913,0.3553642033333333,0.249582954
2060,9,4,2,0.0,0.0,0.39512050600000004,0.17004423466666665,0.1607476436666667
2060,9,4,3,0.0,0.0,0.542260726,0.17798046599999998,0.06652445033333333
2060,9,4,4,0.0,0.0,0.5048912183333333,0.42133907,0.24820075900000002
2060,9,4,5,0.0,0.0,0.4578049366666666,0.7912586863333333,0.5232448773333332
2060,9,4,6,0.0,0.0,0.3310828813333333,0.8845496793333334,0.6011468863333334
2060,9,4,7,0.0,0.0,0.25749284066666667,0.9082194676666666,0.6110019723333333
2060,9,4,8,0.0,0.0,0.22246206833333335,0.8705392179999999,0.5648172176666667
2060,9,5,1,0.0,0.0,0.217077913,0.3553642033333333,0.249582954
2060,9,5,2,0.0,0.0,0.39512050600000004,0.17004423466666665,0.1607476436666667
2060,9,5,3,0.0,0.0,0.542260726,0.17798046599999998,0.06652445033333333
2060,9,5,4,0.0,0.0,0.5048912183333333,0.42133907,0.24820075900000002
2060,9,5,5,0.0,0.0,0.4578049366666666,0.7912586863333333,0.5232448773333332
2060,9,5,6,0.0,0.0,0.3310828813333333,0.8845496793333334,0.6011468863333334
2060,9,5,7,0.0,0.0,0.25749284066666667,0.9082194676666666,0.6110019723333333
2060,9,5,8,0.0,0.0,0.22246206833333335,0.8705392179999999,0.5648172176666667
2060,9,6,1,0.0,0.0,0.217077913,0.3553642033333333,0.249582954
2060,9,6,2,0.0,0.0,0.39512050600000004,0.17004423466666665,0.1607476436666667
2060,9,6,3,0.0,0.0,0.542260726,0.17798046599999998,0.06652445033333333
2060,9,6,4,0.0,0.0,0.5048912183333333,0.42133907,0.24820075900000002
2060,9,6,5,0.0,0.0,0.4578049366666666,0.7912586863333333,0.5232448773333332
2060,9,6,6,0.0,0.0,0.3310828813333333,0.8845496793333334,0.6011468863333334
2060,9,6,7,0.0,0.0,0.25749284066666667,0.9082194676666666,0.6110019723333333
2060,9,6,8,0.0,0.0,0.22246206833333335,0.8705392179999999,0.5648172176666667
2060,9,7,1,0.0,0.0,0.217077913,0.3553642033333333,0.249582954
2060,9,7,2,0.0,0.0,0.39512050600000004,0.17004423466666665,0.1607476436666667
2060,9,7,3,0.0,0.0,0.542260726,0.17798046599999998,0.06652445033333333
2060,9,7,4,0.0,0.0,0.5048912183333333,0.42133907,0.24820075900000002
2060,9,7,5,0.0,0.0,0.4578049366666666,0.7912586863333333,0.5232448773333332
2060,9,7,6,0.0,0.0,0.3310828813333333,0.8845496793333334,0.6011468863333334
2060,9,7,7,0.0,0.0,0.25749284066666667,0.9082194676666666,0.6110019723333333
2060,9,7,8,0.0,0.0,0.22246206833333335,0.8705392179999999,0.5648172176666667
2060,9,8,1,0.0,0.0,0.217077913,0.3553642033333333,0.249582954
2060,9,8,2,0.0,0.0,0.39512050600000004,0.17004423466666665,0.1607476436666667
2060,9,8,3,0.0,0.0,0.542260726,0.17798046599999998,0.06652445033333333
2060,9,8,4,0.0,0.0,0.5048912183333333,0.42133907,0.24820075900000002
2060,9,8,5,0.0,0.0,0.4578049366666666,0.7912586863333333,0.5232448773333332
2060,9,8,6,0.0,0.0,0.3310828813333333,0.8845496793333334,0.6011468863333334
2060,9,8,7,0.0,0.0,0.25749284066666667,0.9082194676666666,0.6110019723333333
2060,9,8,8,0.0,0.0,0.22246206833333335,0.8705392179999999,0.5648172176666667
2060,9,9,1,0.0,0.0,0.217077913,0.3553642033333333,0.249582954
2060,9,9,2,0.0,0.0,0.39512050600000004,0.17004423466666665,0.1607476436666667
2060,9,9,3,0.0,0.0,0.542260726,0.17798046599999998,0.06652445033333333
2060,9,9,4,0.0,0.0,0.5048912183333333,0.42133907,0.24820075900000002
2060,9,9,5,0.0,0.0,0.4578049366666666,0.7912586863333333,0.5232448773333332
2060,9,9,6,0.0,0.0,0.3310828813333333,0.8845496793333334,0.6011468863333334
2060,9,9,7,0.0,0.0,0.25749284066666667,0.9082194676666666,0.6110019723333333
2060,9,9,8,0.0,0.0,0.22246206833333335,0.8705392179999999,0.5648172176666667
2060,9,10,1,0.0,0.0,0.217077913,0.3553642033333333,0.249582954
2060,9,10,2,0.0,0.0,0.39512050600000004,0.17004423466666665,0.1607476436666667
2060,9,10,3,0.0,0.0,0.542260726,0.17798046599999998,0.06652445033333333
2060,9,10,4,0.0,0.0,0.5048912183333333,0.42133907,0.24820075900000002
2060,9,10,5,0.0,0.0,0.4578049366666666,0.7912586863333333,0.5232448773333332
2060,9,10,6,0.0,0.0,0.3310828813333333,0.8845496793333334,0.6011468863333334
2060,9,10,7,0.0,0.0,0.25749284066666667,0.9082194676666666,0.6110019723333333
2060,9,10,8,0.0,0.0,0.22246206833333335,0.8705392179999999,0.5648172176666667
2060,9,11,1,0.0,0.0,0.217077913,0.3553642033333333,0.249582954
2060,9,11,2,0.0,0.0,0.39512050600000004,0.17004423466666665,0.1607476436666667
2060,9,11,3,0.0,0.0,0.542260726,0.17798046599999998,0.06652445033333333
2060,9,11,4,0.0,0.0,0.5048912183333333,0.42133907,0.24820075900000002
2060,9,11,5,0.0,0.0,0.4578049366666666,0.7912586863333333,0.5232448773333332
2060,9,11,6,0.0,0.0,0.3310828813333333,0.8845496793333334,0.6011468863333334
2060,9,11,7,0.0,0.0,0.25749284066666667,0.9082194676666666,0.6110019723333333
2060,9,11,8,0.0,0.0,0.22246206833333335,0.8705392179999999,0.5648172176666667
2060,9,12,1,0.0,0.0,0.217077913,0.3553642033333333,0.249582954
2060,9,12,2,0.0,0.0,0.39512050600000004,0.17004423466666665,0.1607476436666667
2060,9,12,3,0.0,0.0,0.542260726,0.17798046599999998,0.06652445033333333
2060,9,12,4,0.0,0.0,0.5048912183333333,0.42133907,0.24820075900000002
2060,9,12,5,0.0,0.0,0.4578049366666666,0.7912586863333333,0.5232448773333332
2060,9,12,6,0.0,0.0,0.3310828813333333,0.8845496793333334,0.6011468863333334
2060,9,12,7,0.0,0.0,0.25749284066666667,0.9082194676666666,0.6110019723333333
2060,9,12,8,0.0,0.0,0.22246206833333335,0.8705392179999999,0.5648172176666667
2060,9,13,1,0.0,0.0,0.217077913,0.3553642033333333,0.249582954
2060,9,13,2,0.0,0.0,0.39512050600000004,0.17004423466666665,0.1607476436666667
2060,9,13,3,0.0,0.0,0.542260726,0.17798046599999998,0.06652445033333333
2060,9,13,4,0.0,0.0,0.5048912183333333,0.42133907,0.24820075900000002
2060,9,13,5,0.0,0.0,0.4578049366666666,0.7912586863333333,0.5232448773333332
2060,9,13,6,0.0,0.0,0.3310828813333333,0.8845496793333334,0.6011468863333334
2060,9,13,7,0.0,0.0,0.25749284066666667,0.9082194676666666,0.6110019723333333
2060,9,13,8,0.0,0.0,0.22246206833333335,0.8705392179999999,0.5648172176666667
2060,9,14,1,0.0,0.0,0.217077913,0.3553642033333333,0.249582954
2060,9,14,2,0.0,0.0,0.39512050600000004,0.17004423466666665,0.1607476436666667
2060,9,14,3,0.0,0.0,0.542260726,0.17798046599999998,0.06652445033333333
2060,9,14,4,0.0,0.0,0.5048912183333333,0.42133907,0.24820075900000002
2060,9,14,5,0.0,0.0,0.4578049366666666,0.7912586863333333,0.5232448773333332
2060,9,14,6,0.0,0.0,0.3310828813333333,0.8845496793333334,0.6011468863333334
2060,9,14,7,0.0,0.0,0.25749284066666667,0.9082194676666666,0.6110019723333333
2060,9,14,8,0.0,0.0,0.22246206833333335,0.8705392179999999,0.5648172176666667
2060,9,15,1,0.0,0.0,0.217077913,0.3553642033333333,0.249582954
2060,9,15,2,0.0,0.0,0.39512050600000004,0.17004423466666665,0.1607476436666667
2060,9,15,3,0.0,0.0,0.542260726,0.17798046599999998,0.06652445033333333
2060,9,15,4,0.0,0.0,0.5048912183333333,0.42133907,0.24820075900000002
2060,9,15,5,0.0,0.0,0.4578049366666666,0.7912586863333333,0.5232448773333332
2060,9,15,6,0.0,0.0,0.3310828813333333,0.8845496793333334,0.6011468863333334
2060,9,15,7,0.0,0.0,0.25749284066666667,0.9082194676666666,0.6110019723333333
2060,9,15,8,0.0,0.0,0.22246206833333335,0.8705392179999999,0.5648172176666667
2060,9,16,1,0.0,0.0,0.217077913,0.3553642033333333,0.249582954
2060,9,16,2,0.0,0.0,0.39512050600000004,0.17004423466666665,0.1607476436666667
2060,9,16,3,0.0,0.0,0.542260726,0.17798046599999998,0.06652445033333333
2060,9,16,4,0.0,0.0,0.5048912183333333,0.42133907,0.24820075900000002
2060,9,16,5,0.0,0.0,0.4578049366666666,0.7912586863333333,0.5232448773333332
2060,9,16,6,0.0,0.0,0.3310828813333333,0.8845496793333334,0.6011468863333334
2060,9,16,7,0.0,0.0,0.25749284066666667,0.9082194676666666,0.6110019723333333
2060,9,16,8,0.0,0.0,0.22246206833333335,0.8705392179999999,0.5648172176666667
2060,9,17,1,0.0,0.0,0.217077913,0.3553642033333333,0.249582954
2060,9,17,2,0.0,0.0,0.39512050600000004,0.17004423466666665,0.1607476436666667
2060,9,17,3,0.0,0.0,0.542260726,0.17798046599999998,0.06652445033333333
2060,9,17,4,0.0,0.0,0.5048912183333333,0.42133907,0.24820075900000002
2060,9,17,5,0.0,0.0,0.4578049366666666,0.7912586863333333,0.5232448773333332
2060,9,17,6,0.0,0.0,0.3310828813333333,0.8845496793333334,0.6011468863333334
2060,9,17,7,0.0,0.0,0.25749284066666667,0.9082194676666666,0.6110019723333333
2060,9,17,8,0.0,0.0,0.22246206833333335,0.8705392179999999,0.5648172176666667
2060,9,18,1,0.0,0.0,0.217077913,0.3553642033333333,0.249582954
2060,9,18,2,0.0,0.0,0.39512050600000004,0.17004423466666665,0.1607476436666667
2060,9,18,3,0.0,0.0,0.542260726,0.17798046599999998,0.06652445033333333
2060,9,18,4,0.0,0.0,0.5048912183333333,0.42133907,0.24820075900000002
2060,9,18,5,0.0,0.0,0.4578049366666666,0.7912586863333333,0.5232448773333332
2060,9,18,6,0.0,0.0,0.3310828813333333,0.8845496793333334,0.6011468863333334
2060,9,18,7,0.0,0.0,0.25749284066666667,0.9082194676666666,0.6110019723333333
2060,9,18,8,0.0,0.0,0.22246206833333335,0.8705392179999999,0.5648172176666667
2060,9,19,1,0.0,0.0,0.217077913,0.3553642033333333,0.249582954
2060,9,19,2,0.0,0.0,0.39512050600000004,0.17004423466666665,0.1607476436666667
2060,9,19,3,0.0,0.0,0.542260726,0.17798046599999998,0.06652445033333333
2060,9,19,4,0.0,0.0,0.5048912183333333,0.42133907,0.24820075900000002
2060,9,19,5,0.0,0.0,0.4578049366666666,0.7912586863333333,0.5232448773333332
2060,9,19,6,0.0,0.0,0.3310828813333333,0.8845496793333334,0.6011468863333334
2060,9,19,7,0.0,0.0,0.25749284066666667,0.9082194676666666,0.6110019723333333
2060,9,19,8,0.0,0.0,0.22246206833333335,0.8705392179999999,0.5648172176666667
2060,9,20,1,0.0,0.0,0.217077913,0.3553642033333333,0.249582954
2060,9,20,2,0.0,0.0,0.39512050600000004,0.17004423466666665,0.1607476436666667
2060,9,20,3,0.0,0.0,0.542260726,0.17798046599999998,0.06652445033333333
2060,9,20,4,0.0,0.0,0.5048912183333333,0.42133907,0.24820075900000002
2060,9,20,5,0.0,0.0,0.4578049366666666,0.7912586863333333,0.5232448773333332
2060,9,20,6,0.0,0.0,0.3310828813333333,0.8845496793333334,0.6011468863333334
2060,9,20,7,0.0,0.0,0.25749284066666667,0.9082194676666666,0.6110019723333333
2060,9,20,8,0.0,0.0,0.22246206833333335,0.8705392179999999,0.5648172176666667
2060,9,21,1,0.0,0.0,0.217077913,0.3553642033333333,0.249582954
2060,9,21,2,0.0,0.0,0.39512050600000004,0.17004423466666665,0.1607476436666667
2060,9,21,3,0.0,0.0,0.542260726,0.17798046599999998,0.06652445033333333
2060,9,21,4,0.0,0.0,0.5048912183333333,0.42133907,0.24820075900000002
2060,9,21,5,0.0,0.0,0.4578049366666666,0.7912586863333333,0.5232448773333332
2060,9,21,6,0.0,0.0,0.3310828813333333,0.8845496793333334,0.6011468863333334
2060,9,21,7,0.0,0.0,0.25749284066666667,0.9082194676666666,0.6110019723333333
2060,9,21,8,0.0,0.0,0.22246206833333335,0.8705392179999999,0.5648172176666667
2060,9,22,1,0.0,0.0,0.217077913,0.3553642033333333,0.249582954
2060,9,22,2,0.0,0.0,0.39512050600000004,0.17004423466666665,0.1607476436666667
2060,9,22,3,0.0,0.0,0.542260726,0.17798046599999998,0.06652445033333333
2060,9,22,4,0.0,0.0,0.5048912183333333,0.42133907,0.24820075900000002
2060,9,22,5,0.0,0.0,0.4578049366666666,0.7912586863333333,0.5232448773333332
2060,9,22,6,0.0,0.0,0.3310828813333333,0.8845496793333334,0.6011468863333334
2060,9,22,7,0.0,0.0,0.25749284066666667,0.9082194676666666,0.6110019723333333
2060,9,22,8,0.0,0.0,0.22246206833333335,0.8705392179999999,0.5648172176666667
2060,9,23,1,0.0,0.0,0.217077913,0.3553642033333333,0.249582954
2060,9,23,2,0.0,0.0,0.39512050600000004,0.17004423466666665,0.1607476436666667
2060,9,23,3,0.0,0.0,0.542260726,0.17798046599999998,0.06652445033333333
2060,9,23,4,0.0,0.0,0.5048912183333333,0.42133907,0.24820075900000002
2060,9,23,5,0.0,0.0,0.4578049366666666,0.7912586863333333,0.5232448773333332
2060,9,23,6,0.0,0.0,0.3310828813333333,0.8845496793333334,0.6011468863333334
2060,9,23,7,0.0,0.0,0.25749284066666667,0.9082194676666666,0.6110019723333333
2060,9,23,8,0.0,0.0,0.22246206833333335,0.8705392179999999,0.5648172176666667
2060,9,24,1,0.0,0.0,0.217077913,0.3553642033333333,0.249582954
2060,9,24,2,0.0,0.0,0.39512050600000004,0.17004423466666665,0.1607476436666667
2060,9,24,3,0.0,0.0,0.542260726,0.17798046599999998,0.06652445033333333
2060,9,24,4,0.0,0.0,0.5048912183333333,0.42133907,0.24820075900000002
2060,9,24,5,0.0,0.0,0.4578049366666666,0.7912586863333333,0.5232448773333332
2060,9,24,6,0.0,0.0,0.3310828813333333,0.8845496793333334,0.6011468863333334
2060,9,24,7,0.0,0.0,0.25749284066666667,0.9082194676666666,0.6110019723333333
2060,9,24,8,0.0,0.0,0.22246206833333335,0.8705392179999999,0.5648172176666667
2060,9,25,1,0.0,0.0,0.217077913,0.3553642033333333,0.249582954
2060,9,25,2,0.0,0.0,0.39512050600000004,0.17004423466666665,0.1607476436666667
2060,9,25,3,0.0,0.0,0.542260726,0.17798046599999998,0.06652445033333333
2060,9,25,4,0.0,0.0,0.5048912183333333,0.42133907,0.24820075900000002
2060,9,25,5,0.0,0.0,0.4578049366666666,0.7912586863333333,0.5232448773333332
2060,9,25,6,0.0,0.0,0.3310828813333333,0.8845496793333334,0.6011468863333334
2060,9,25,7,0.0,0.0,0.25749284066666667,0.9082194676666666,0.6110019723333333
2060,9,25,8,0.0,0.0,0.22246206833333335,0.8705392179999999,0.5648172176666667
2060,9,26,1,0.0,0.0,0.217077913,0.3553642033333333,0.249582954
2060,9,26,2,0.0,0.0,0.39512050600000004,0.17004423466666665,0.1607476436666667
2060,9,26,3,0.0,0.0,0.542260726,0.17798046599999998,0.06652445033333333
2060,9,26,4,0.0,0.0,0.5048912183333333,0.42133907,0.24820075900000002
2060,9,26,5,0.0,0.0,0.4578049366666666,0.7912586863333333,0.5232448773333332
2060,9,26,6,0.0,0.0,0.3310828813333333,0.8845496793333334,0.6011468863333334
2060,9,26,7,0.0,0.0,0.25749284066666667,0.9082194676666666,0.6110019723333333
2060,9,26,8,0.0,0.0,0.22246206833333335,0.8705392179999999,0.5648172176666667
2060,9,27,1,0.0,0.0,0.217077913,0.3553642033333333,0.249582954
2060,9,27,2,0.0,0.0,0.39512050600000004,0.17004423466666665,0.1607476436666667
2060,9,27,3,0.0,0.0,0.542260726,0.17798046599999998,0.06652445033333333
2060,9,27,4,0.0,0.0,0.5048912183333333,0.42133907,0.24820075900000002
2060,9,27,5,0.0,0.0,0.4578049366666666,0.7912586863333333,0.5232448773333332
2060,9,27,6,0.0,0.0,0.3310828813333333,0.8845496793333334,0.6011468863333334
2060,9,27,7,0.0,0.0,0.25749284066666667,0.9082194676666666,0.6110019723333333
2060,9,27,8,0.0,0.0,0.22246206833333335,0.8705392179999999,0.5648172176666667
2060,9,28,1,0.0,0.0,0.217077913,0.3553642033333333,0.249582954
2060,9,28,2,0.0,0.0,0.39512050600000004,0.17004423466666665,0.1607476436666667
2060,9,28,3,0.0,0.0,0.542260726,0.17798046599999998,0.06652445033333333
2060,9,28,4,0.0,0.0,0.5048912183333333,0.42133907,0.24820075900000002
2060,9,28,5,0.0,0.0,0.4578049366666666,0.7912586863333333,0.5232448773333332
2060,9,28,6,0.0,0.0,0.3310828813333333,0.8845496793333334,0.6011468863333334
2060,9,28,7,0.0,0.0,0.25749284066666667,0.9082194676666666,0.6110019723333333
2060,9,28,8,0.0,0.0,0.22246206833333335,0.8705392179999999,0.5648172176666667
2060,9,29,1,0.0,0.0,0.217077913,0.3553642033333333,0.249582954
2060,9,29,2,0.0,0.0,0.39512050600000004,0.17004423466666665,0.1607476436666667
2060,9,29,3,0.0,0.0,0.542260726,0.17798046599999998,0.06652445033333333
2060,9,29,4,0.0,0.0,0.5048912183333333,0.42133907,0.24820075900000002
2060,9,29,5,0.0,0.0,0.4578049366666666,0.7912586863333333,0.5232448773333332
2060,9,29,6,0.0,0.0,0.3310828813333333,0.8845496793333334,0.6011468863333334
2060,9,29,7,0.0,0.0,0.25749284066666667,0.9082194676666666,0.6110019723333333
2060,9,29,8,0.0,0.0,0.22246206833333335,0.8705392179999999,0.5648172176666667
2060,9,30,1,0.0,0.0,0.217077913,0.3553642033333333,0.249582954
2060,9,30,2,0.0,0.0,0.39512050600000004,0.17004423466666665,0.1607476436666667
2060,9,30,3,0.0,0.0,0.542260726,0.17798046599999998,0.06652445033333333
2060,9,30,4,0.0,0.0,0.5048912183333333,0.42133907,0.24820075900000002
2060,9,30,5,0.0,0.0,0.4578049366666666,0.7912586863333333,0.5232448773333332
2060,9,30,6,0.0,0.0,0.3310828813333333,0.8845496793333334,0.6011468863333334
2060,9,30,7,0.0,0.0,0.25749284066666667,0.9082194676666666,0.6110019723333333
2060,9,30,8,0.0,0.0,0.22246206833333335,0.8705392179999999,0.5648172176666667
2060,10,1,1,0.0,0.0,0.03907664366666667,0.2029103956666667,0.16737405366666666
2060,10,1,2,0.0,0.0,0.15782144933333334,0.04883217,0.026590999333333334
2060,10,1,3,0.0,0.0,0.257216709,0.017484545666666667,0.000474339
2060,10,1,4,0.0,0.0,0.22536187066666669,0.11979940066666667,0.08015741566666666
2060,10,1,5,0.0,0.0,0.10815575066666666,0.4341371256666666,0.31236874166666667
2060,10,1,6,0.0,0.0,0.05676694233333333,0.48950873500000003,0.37825490266666667
2060,10,1,7,0.0,0.0,0.05204503,0.569953203,0.437408915
2060,10,1,8,0.0,0.0,0.031080877999999996,0.5228148106666667,0.416259559
2060,10,2,1,0.0,0.0,0.03907664366666667,0.2029103956666667,0.16737405366666666
2060,10,2,2,0.0,0.0,0.15782144933333334,0.04883217,0.026590999333333334
2060,10,2,3,0.0,0.0,0.257216709,0.017484545666666667,0.000474339
2060,10,2,4,0.0,0.0,0.22536187066666669,0.11979940066666667,0.08015741566666666
2060,10,2,5,0.0,0.0,0.10815575066666666,0.4341371256666666,0.31236874166666667
2060,10,2,6,0.0,0.0,0.05676694233333333,0.48950873500000003,0.37825490266666667
2060,10,2,7,0.0,0.0,0.05204503,0.569953203,0.437408915
2060,10,2,8,0.0,0.0,0.031080877999999996,0.5228148106666667,0.416259559
2060,10,3,1,0.0,0.0,0.03907664366666667,0.2029103956666667,0.16737405366666666
2060,10,3,2,0.0,0.0,0.15782144933333334,0.04883217,0.026590999333333334
2060,10,3,3,0.0,0.0,0.257216709,0.017484545666666667,0.000474339
2060,10,3,4,0.0,0.0,0.22536187066666669,0.11979940066666667,0.08015741566666666
2060,10,3,5,0.0,0.0,0.10815575066666666,0.4341371256666666,0.31236874166666667
2060,10,3,6,0.0,0.0,0.05676694233333333,0.48950873500000003,0.37825490266666667
2060,10,3,7,0.0,0.0,0.05204503,0.569953203,0.437408915
2060,10,3,8,0.0,0.0,0.031080877999999996,0.5228148106666667,0.416259559
2060,10,4,1,0.0,0.0,0.03907664366666667,0.2029103956666667,0.16737405366666666
2060,10,4,2,0.0,0.0,0.15782144933333334,0.04883217,0.026590999333333334
2060,10,4,3,0.0,0.0,0.257216709,0.017484545666666667,0.000474339
2060,10,4,4,0.0,0.0,0.22536187066666669,0.11979940066666667,0.08015741566666666
2060,10,4,5,0.0,0.0,0.10815575066666666,0.4341371256666666,0.31236874166666667
2060,10,4,6,0.0,0.0,0.05676694233333333,0.48950873500000003,0.37825490266666667
2060,10,4,7,0.0,0.0,0.05204503,0.569953203,0.437408915
2060,10,4,8,0.0,0.0,0.031080877999999996,0.5228148106666667,0.416259559
2060,10,5,1,0.0,0.0,0.03907664366666667,0.2029103956666667,0.16737405366666666
2060,10,5,2,0.0,0.0,0.15782144933333334,0.04883217,0.026590999333333334
2060,10,5,3,0.0,0.0,0.257216709,0.017484545666666667,0.000474339
2060,10,5,4,0.0,0.0,0.22536187066666669,0.11979940066666667,0.08015741566666666
2060,10,5,5,0.0,0.0,0.10815575066666666,0.4341371256666666,0.31236874166666667
2060,10,5,6,0.0,0.0,0.05676694233333333,0.48950873500000003,0.37825490266666667
2060,10,5,7,0.0,0.0,0.05204503,0.569953203,0.437408915
2060,10,5,8,0.0,0.0,0.031080877999999996,0.5228148106666667,0.416259559
2060,10,6,1,0.0,0.0,0.03907664366666667,0.2029103956666667,0.16737405366666666
2060,10,6,2,0.0,0.0,0.15782144933333334,0.04883217,0.026590999333333334
2060,10,6,3,0.0,0.0,0.257216709,0.017484545666666667,0.000474339
2060,10,6,4,0.0,0.0,0.22536187066666669,0.11979940066666667,0.08015741566666666
2060,10,6,5,0.0,0.0,0.10815575066666666,0.4341371256666666,0.31236874166666667
2060,10,6,6,0.0,0.0,0.05676694233333333,0.48950873500000003,0.37825490266666667
2060,10,6,7,0.0,0.0,0.05204503,0.569953203,0.437408915
2060,10,6,8,0.0,0.0,0.031080877999999996,0.5228148106666667,0.416259559
2060,10,7,1,0.0,0.0,0.03907664366666667,0.2029103956666667,0.16737405366666666
2060,10,7,2,0.0,0.0,0.15782144933333334,0.04883217,0.026590999333333334
2060,10,7,3,0.0,0.0,0.257216709,0.017484545666666667,0.000474339
2060,10,7,4,0.0,0.0,0.22536187066666669,0.11979940066666667,0.08015741566666666
2060,10,7,5,0.0,0.0,0.10815575066666666,0.4341371256666666,0.31236874166666667
2060,10,7,6,0.0,0.0,0.05676694233333333,0.48950873500000003,0.37825490266666667
2060,10,7,7,0.0,0.0,0.05204503,0.569953203,0.437408915
2060,10,7,8,0.0,0.0,0.031080877999999996,0.5228148106666667,0.416259559
2060,10,8,1,0.0,0.0,0.03907664366666667,0.2029103956666667,0.16737405366666666
2060,10,8,2,0.0,0.0,0.15782144933333334,0.04883217,0.026590999333333334
2060,10,8,3,0.0,0.0,0.257216709,0.017484545666666667,0.000474339
2060,10,8,4,0.0,0.0,0.22536187066666669,0.11979940066666667,0.08015741566666666
2060,10,8,5,0.0,0.0,0.10815575066666666,0.4341371256666666,0.31236874166666667
2060,10,8,6,0.0,0.0,0.05676694233333333,0.48950873500000003,0.37825490266666667
2060,10,8,7,0.0,0.0,0.05204503,0.569953203,0.437408915
2060,10,8,8,0.0,0.0,0.031080877999999996,0.5228148106666667,0.416259559
2060,10,9,1,0.0,0.0,0.03907664366666667,0.2029103956666667,0.16737405366666666
2060,10,9,2,0.0,0.0,0.15782144933333334,0.04883217,0.026590999333333334
2060,10,9,3,0.0,0.0,0.257216709,0.017484545666666667,0.000474339
2060,10,9,4,0.0,0.0,0.22536187066666669,0.11979940066666667,0.08015741566666666
2060,10,9,5,0.0,0.0,0.10815575066666666,0.4341371256666666,0.31236874166666667
2060,10,9,6,0.0,0.0,0.05676694233333333,0.48950873500000003,0.37825490266666667
2060,10,9,7,0.0,0.0,0.05204503,0.569953203,0.437408915
2060,10,9,8,0.0,0.0,0.031080877999999996,0.5228148106666667,0.416259559
2060,10,10,1,0.0,0.0,0.03907664366666667,0.2029103956666667,0.16737405366666666
2060,10,10,2,0.0,0.0,0.15782144933333334,0.04883217,0.026590999333333334
2060,10,10,3,0.0,0.0,0.257216709,0.017484545666666667,0.000474339
2060,10,10,4,0.0,0.0,0.22536187066666669,0.11979940066666667,0.08015741566666666
2060,10,10,5,0.0,0.0,0.10815575066666666,0.4341371256666666,0.31236874166666667
2060,10,10,6,0.0,0.0,0.05676694233333333,0.48950873500000003,0.37825490266666667
2060,10,10,7,0.0,0.0,0.05204503,0.569953203,0.437408915
2060,10,10,8,0.0,0.0,0.031080877999999996,0.5228148106666667,0.416259559
2060,10,11,1,0.0,0.0,0.03907664366666667,0.2029103956666667,0.16737405366666666
2060,10,11,2,0.0,0.0,0.15782144933333334,0.04883217,0.026590999333333334
2060,10,11,3,0.0,0.0,0.257216709,0.017484545666666667,0.000474339
2060,10,11,4,0.0,0.0,0.22536187066666669,0.11979940066666667,0.08015741566666666
2060,10,11,5,0.0,0.0,0.10815575066666666,0.4341371256666666,0.31236874166666667
2060,10,11,6,0.0,0.0,0.05676694233333333,0.48950873500000003,0.37825490266666667
2060,10,11,7,0.0,0.0,0.05204503,0.569953203,0.437408915
2060,10,11,8,0.0,0.0,0.031080877999999996,0.5228148106666667,0.416259559
2060,10,12,1,0.0,0.0,0.03907664366666667,0.2029103956666667,0.16737405366666666
2060,10,12,2,0.0,0.0,0.15782144933333334,0.04883217,0.026590999333333334
2060,10,12,3,0.0,0.0,0.257216709,0.017484545666666667,0.000474339
2060,10,12,4,0.0,0.0,0.22536187066666669,0.11979940066666667,0.08015741566666666
2060,10,12,5,0.0,0.0,0.10815575066666666,0.4341371256666666,0.31236874166666667
2060,10,12,6,0.0,0.0,0.05676694233333333,0.48950873500000003,0.37825490266666667
2060,10,12,7,0.0,0.0,0.05204503,0.569953203,0.437408915
2060,10,12,8,0.0,0.0,0.031080877999999996,0.5228148106666667,0.416259559
2060,10,13,1,0.0,0.0,0.03907664366666667,0.2029103956666667,0.16737405366666666
2060,10,13,2,0.0,0.0,0.15782144933333334,0.04883217,0.026590999333333334
2060,10,13,3,0.0,0.0,0.257216709,0.017484545666666667,0.000474339
2060,10,13,4,0.0,0.0,0.22536187066666669,0.11979940066666667,0.08015741566666666
2060,10,13,5,0.0,0.0,0.10815575066666666,0.4341371256666666,0.31236874166666667
2060,10,13,6,0.0,0.0,0.05676694233333333,0.48950873500000003,0.37825490266666667
2060,10,13,7,0.0,0.0,0.05204503,0.569953203,0.437408915
2060,10,13,8,0.0,0.0,0.031080877999999996,0.5228148106666667,0.416259559
2060,10,14,1,0.0,0.0,0.03907664366666667,0.2029103956666667,0.16737405366666666
2060,10,14,2,0.0,0.0,0.15782144933333334,0.04883217,0.026590999333333334
2060,10,14,3,0.0,0.0,0.257216709,0.017484545666666667,0.000474339
2060,10,14,4,0.0,0.0,0.22536187066666669,0.11979940066666667,0.08015741566666666
2060,10,14,5,0.0,0.0,0.10815575066666666,0.4341371256666666,0.31236874166666667
2060,10,14,6,0.0,0.0,0.05676694233333333,0.48950873500000003,0.37825490266666667
2060,10,14,7,0.0,0.0,0.05204503,0.569953203,0.437408915
2060,10,14,8,0.0,0.0,0.031080877999999996,0.5228148106666667,0.416259559
2060,10,15,1,0.0,0.0,0.03907664366666667,0.2029103956666667,0.16737405366666666
2060,10,15,2,0.0,0.0,0.15782144933333334,0.04883217,0.026590999333333334
2060,10,15,3,0.0,0.0,0.257216709,0.017484545666666667,0.000474339
2060,10,15,4,0.0,0.0,0.22536187066666669,0.11979940066666667,0.08015741566666666
2060,10,15,5,0.0,0.0,0.10815575066666666,0.4341371256666666,0.31236874166666667
2060,10,15,6,0.0,0.0,0.05676694233333333,0.48950873500000003,0.37825490266666667
2060,10,15,7,0.0,0.0,0.05204503,0.569953203,0.437408915
2060,10,15,8,0.0,0.0,0.031080877999999996,0.5228148106666667,0.416259559
2060,10,16,1,0.0,0.0,0.03907664366666667,0.2029103956666667,0.16737405366666666
2060,10,16,2,0.0,0.0,0.15782144933333334,0.04883217,0.026590999333333334
2060,10,16,3,0.0,0.0,0.257216709,0.017484545666666667,0.000474339
2060,10,16,4,0.0,0.0,0.22536187066666669,0.11979940066666667,0.08015741566666666
2060,10,16,5,0.0,0.0,0.10815575066666666,0.4341371256666666,0.31236874166666667
2060,10,16,6,0.0,0.0,0.05676694233333333,0.48950873500000003,0.37825490266666667
2060,10,16,7,0.0,0.0,0.05204503,0.569953203,0.437408915
2060,10,16,8,0.0,0.0,0.031080877999999996,0.5228148106666667,0.416259559
2060,10,17,1,0.0,0.0,0.03907664366666667,0.2029103956666667,0.16737405366666666
2060,10,17,2,0.0,0.0,0.15782144933333334,0.04883217,0.026590999333333334
2060,10,17,3,0.0,0.0,0.257216709,0.017484545666666667,0.000474339
2060,10,17,4,0.0,0.0,0.22536187066666669,0.11979940066666667,0.08015741566666666
2060,10,17,5,0.0,0.0,0.10815575066666666,0.4341371256666666,0.31236874166666667
2060,10,17,6,0.0,0.0,0.05676694233333333,0.48950873500000003,0.37825490266666667
2060,10,17,7,0.0,0.0,0.05204503,0.569953203,0.437408915
2060,10,17,8,0.0,0.0,0.031080877999999996,0.5228148106666667,0.416259559
2060,10,18,1,0.0,0.0,0.03907664366666667,0.2029103956666667,0.16737405366666666
2060,10,18,2,0.0,0.0,0.15782144933333334,0.04883217,0.026590999333333334
2060,10,18,3,0.0,0.0,0.257216709,0.017484545666666667,0.000474339
2060,10,18,4,0.0,0.0,0.22536187066666669,0.11979940066666667,0.08015741566666666
2060,10,18,5,0.0,0.0,0.10815575066666666,0.4341371256666666,0.31236874166666667
2060,10,18,6,0.0,0.0,0.05676694233333333,0.48950873500000003,0.37825490266666667
2060,10,18,7,0.0,0.0,0.05204503,0.569953203,0.437408915
2060,10,18,8,0.0,0.0,0.031080877999999996,0.5228148106666667,0.416259559
2060,10,19,1,0.0,0.0,0.03907664366666667,0.2029103956666667,0.16737405366666666
2060,10,19,2,0.0,0.0,0.15782144933333334,0.04883217,0.026590999333333334
2060,10,19,3,0.0,0.0,0.257216709,0.017484545666666667,0.000474339
2060,10,19,4,0.0,0.0,0.22536187066666669,0.11979940066666667,0.08015741566666666
2060,10,19,5,0.0,0.0,0.10815575066666666,0.4341371256666666,0.31236874166666667
2060,10,19,6,0.0,0.0,0.05676694233333333,0.48950873500000003,0.37825490266666667
2060,10,19,7,0.0,0.0,0.05204503,0.569953203,0.437408915
2060,10,19,8,0.0,0.0,0.031080877999999996,0.5228148106666667,0.416259559
2060,10,20,1,0.0,0.0,0.03907664366666667,0.2029103956666667,0.16737405366666666
2060,10,20,2,0.0,0.0,0.15782144933333334,0.04883217,0.026590999333333334
2060,10,20,3,0.0,0.0,0.257216709,0.017484545666666667,0.000474339
2060,10,20,4,0.0,0.0,0.22536187066666669,0.11979940066666667,0.08015741566666666
2060,10,20,5,0.0,0.0,0.10815575066666666,0.4341371256666666,0.31236874166666667
2060,10,20,6,0.0,0.0,0.05676694233333333,0.48950873500000003,0.37825490266666667
2060,10,20,7,0.0,0.0,0.05204503,0.569953203,0.437408915
2060,10,20,8,0.0,0.0,0.031080877999999996,0.5228148106666667,0.416259559
2060,10,21,1,0.0,0.0,0.03907664366666667,0.2029103956666667,0.16737405366666666
2060,10,21,2,0.0,0.0,0.15782144933333334,0.04883217,0.026590999333333334
2060,10,21,3,0.0,0.0,0.257216709,0.017484545666666667,0.000474339
2060,10,21,4,0.0,0.0,0.22536187066666669,0.11979940066666667,0.08015741566666666
2060,10,21,5,0.0,0.0,0.10815575066666666,0.4341371256666666,0.31236874166666667
2060,10,21,6,0.0,0.0,0.05676694233333333,0.48950873500000003,0.37825490266666667
2060,10,21,7,0.0,0.0,0.05204503,0.569953203,0.437408915
2060,10,21,8,0.0,0.0,0.031080877999999996,0.5228148106666667,0.416259559
2060,10,22,1,0.0,0.0,0.03907664366666667,0.2029103956666667,0.16737405366666666
2060,10,22,2,0.0,0.0,0.15782144933333334,0.04883217,0.026590999333333334
2060,10,22,3,0.0,0.0,0.257216709,0.017484545666666667,0.000474339
2060,10,22,4,0.0,0.0,0.22536187066666669,0.11979940066666667,0.08015741566666666
2060,10,22,5,0.0,0.0,0.10815575066666666,0.4341371256666666,0.31236874166666667
2060,10,22,6,0.0,0.0,0.05676694233333333,0.48950873500000003,0.37825490266666667
2060,10,22,7,0.0,0.0,0.05204503,0.569953203,0.437408915
2060,10,22,8,0.0,0.0,0.031080877999999996,0.5228148106666667,0.416259559
2060,10,23,1,0.0,0.0,0.03907664366666667,0.2029103956666667,0.16737405366666666
2060,10,23,2,0.0,0.0,0.15782144933333334,0.04883217,0.026590999333333334
2060,10,23,3,0.0,0.0,0.257216709,0.017484545666666667,0.000474339
2060,10,23,4,0.0,0.0,0.22536187066666669,0.11979940066666667,0.08015741566666666
2060,10,23,5,0.0,0.0,0.10815575066666666,0.4341371256666666,0.31236874166666667
2060,10,23,6,0.0,0.0,0.05676694233333333,0.48950873500000003,0.37825490266666667
2060,10,23,7,0.0,0.0,0.05204503,0.569953203,0.437408915
2060,10,23,8,0.0,0.0,0.031080877999999996,0.5228148106666667,0.416259559
2060,10,24,1,0.0,0.0,0.03907664366666667,0.2029103956666667,0.16737405366666666
2060,10,24,2,0.0,0.0,0.15782144933333334,0.04883217,0.026590999333333334
2060,10,24,3,0.0,0.0,0.257216709,0.017484545666666667,0.000474339
2060,10,24,4,0.0,0.0,0.22536187066666669,0.11979940066666667,0.08015741566666666
2060,10,24,5,0.0,0.0,0.10815575066666666,0.4341371256666666,0.31236874166666667
2060,10,24,6,0.0,0.0,0.05676694233333333,0.48950873500000003,0.37825490266666667
2060,10,24,7,0.0,0.0,0.05204503,0.569953203,0.437408915
2060,10,24,8,0.0,0.0,0.031080877999999996,0.5228148106666667,0.416259559
2060,10,25,1,0.0,0.0,0.03907664366666667,0.2029103956666667,0.16737405366666666
2060,10,25,2,0.0,0.0,0.15782144933333334,0.04883217,0.026590999333333334
2060,10,25,3,0.0,0.0,0.257216709,0.017484545666666667,0.000474339
2060,10,25,4,0.0,0.0,0.22536187066666669,0.11979940066666667,0.08015741566666666
2060,10,25,5,0.0,0.0,0.10815575066666666,0.4341371256666666,0.31236874166666667
2060,10,25,6,0.0,0.0,0.05676694233333333,0.48950873500000003,0.37825490266666667
2060,10,25,7,0.0,0.0,0.05204503,0.569953203,0.437408915
2060,10,25,8,0.0,0.0,0.031080877999999996,0.5228148106666667,0.416259559
2060,10,26,1,0.0,0.0,0.03907664366666667,0.2029103956666667,0.16737405366666666
2060,10,26,2,0.0,0.0,0.15782144933333334,0.04883217,0.026590999333333334
2060,10,26,3,0.0,0.0,0.257216709,0.017484545666666667,0.000474339
2060,10,26,4,0.0,0.0,0.22536187066666669,0.11979940066666667,0.08015741566666666
2060,10,26,5,0.0,0.0,0.10815575066666666,0.4341371256666666,0.31236874166666667
2060,10,26,6,0.0,0.0,0.05676694233333333,0.48950873500000003,0.37825490266666667
2060,10,26,7,0.0,0.0,0.05204503,0.569953203,0.437408915
2060,10,26,8,0.0,0.0,0.031080877999999996,0.5228148106666667,0.416259559
2060,10,27,1,0.0,0.0,0.03907664366666667,0.2029103956666667,0.16737405366666666
2060,10,27,2,0.0,0.0,0.15782144933333334,0.04883217,0.026590999333333334
2060,10,27,3,0.0,0.0,0.257216709,0.017484545666666667,0.000474339
2060,10,27,4,0.0,0.0,0.22536187066666669,0.11979940066666667,0.08015741566666666
2060,10,27,5,0.0,0.0,0.10815575066666666,0.4341371256666666,0.31236874166666667
2060,10,27,6,0.0,0.0,0.05676694233333333,0.48950873500000003,0.37825490266666667
2060,10,27,7,0.0,0.0,0.05204503,0.569953203,0.437408915
2060,10,27,8,0.0,0.0,0.031080877999999996,0.5228148106666667,0.416259559
2060,10,28,1,0.0,0.0,0.03907664366666667,0.2029103956666667,0.16737405366666666
2060,10,28,2,0.0,0.0,0.15782144933333334,0.04883217,0.026590999333333334
2060,10,28,3,0.0,0.0,0.257216709,0.017484545666666667,0.000474339
2060,10,28,4,0.0,0.0,0.22536187066666669,0.11979940066666667,0.08015741566666666
2060,10,28,5,0.0,0.0,0.10815575066666666,0.4341371256666666,0.31236874166666667
2060,10,28,6,0.0,0.0,0.05676694233333333,0.48950873500000003,0.37825490266666667
2060,10,28,7,0.0,0.0,0.05204503,0.569953203,0.437408915
2060,10,28,8,0.0,0.0,0.031080877999999996,0.5228148106666667,0.416259559
2060,10,29,1,0.0,0.0,0.03907664366666667,0.2029103956666667,0.16737405366666666
2060,10,29,2,0.0,0.0,0.15782144933333334,0.04883217,0.026590999333333334
2060,10,29,3,0.0,0.0,0.257216709,0.017484545666666667,0.000474339
2060,10,29,4,0.0,0.0,0.22536187066666669,0.11979940066666667,0.08015741566666666
2060,10,29,5,0.0,0.0,0.10815575066666666,0.4341371256666666,0.31236874166666667
2060,10,29,6,0.0,0.0,0.05676694233333333,0.48950873500000003,0.37825490266666667
2060,10,29,7,0.0,0.0,0.05204503,0.569953203,0.437408915
2060,10,29,8,0.0,0.0,0.031080877999999996,0.5228148106666667,0.416259559
2060,10,30,1,0.0,0.0,0.03907664366666667,0.2029103956666667,0.16737405366666666
2060,10,30,2,0.0,0.0,0.15782144933333334,0.04883217,0.026590999333333334
2060,10,30,3,0.0,0.0,0.257216709,0.017484545666666667,0.000474339
2060,10,30,4,0.0,0.0,0.22536187066666669,0.11979940066666667,0.08015741566666666
2060,10,30,5,0.0,0.0,0.10815575066666666,0.4341371256666666,0.31236874166666667
2060,10,30,6,0.0,0.0,0.05676694233333333,0.48950873500000003,0.37825490266666667
2060,10,30,7,0.0,0.0,0.05204503,0.569953203,0.437408915
2060,10,30,8,0.0,0.0,0.031080877999999996,0.5228148106666667,0.416259559
2060,10,31,1,0.0,0.0,0.03907664366666667,0.2029103956666667,0.16737405366666666
2060,10,31,2,0.0,0.0,0.15782144933333334,0.04883217,0.026590999333333334
2060,10,31,3,0.0,0.0,0.257216709,0.017484545666666667,0.000474339
2060,10,31,4,0.0,0.0,0.22536187066666669,0.11979940066666667,0.08015741566666666
2060,10,31,5,0.0,0.0,0.10815575066666666,0.4341371256666666,0.31236874166666667
2060,10,31,6,0.0,0.0,0.05676694233333333,0.48950873500000003,0.37825490266666667
2060,10,31,7,0.0,0.0,0.05204503,0.569953203,0.437408915
2060,10,31,8,0.0,0.0,0.031080877999999996,0.5228148106666667,0.416259559
2060,11,1,1,0.0,0.0,0.004440144,0.08538470733333332,0.06160042633333334
2060,11,1,2,0.0,0.0,0.05392815866666667,0.030684570666666664,0.004617089666666667
2060,11,1,3,0.0,0.0,0.11409351499999999,0.010903572666666667,0.000169325
2060,11,1,4,0.0,0.0,0.07904868066666666,0.11709934066666666,0.08312364333333333
2060,11,1,5,0.0,0.0,0.030409231999999998,0.39316595033333335,0.29016398633333335
2060,11,1,6,0.0,0.0,0.015483117999999999,0.38907565666666666,0.2908150293333333
2060,11,1,7,0.0,0.0,0.008139389333333334,0.35357266933333337,0.27876659466666664
2060,11,1,8,0.0,0.0,0.0033301303333333337,0.25789760733333333,0.22092646366666666
2060,11,2,1,0.0,0.0,0.004440144,0.08538470733333332,0.06160042633333334
2060,11,2,2,0.0,0.0,0.05392815866666667,0.030684570666666664,0.004617089666666667
2060,11,2,3,0.0,0.0,0.11409351499999999,0.010903572666666667,0.000169325
2060,11,2,4,0.0,0.0,0.07904868066666666,0.11709934066666666,0.08312364333333333
2060,11,2,5,0.0,0.0,0.030409231999999998,0.39316595033333335,0.29016398633333335
2060,11,2,6,0.0,0.0,0.015483117999999999,0.38907565666666666,0.2908150293333333
2060,11,2,7,0.0,0.0,0.008139389333333334,0.35357266933333337,0.27876659466666664
2060,11,2,8,0.0,0.0,0.0033301303333333337,0.25789760733333333,0.22092646366666666
2060,11,3,1,0.0,0.0,0.004440144,0.08538470733333332,0.06160042633333334
2060,11,3,2,0.0,0.0,0.05392815866666667,0.030684570666666664,0.004617089666666667
2060,11,3,3,0.0,0.0,0.11409351499999999,0.010903572666666667,0.000169325
2060,11,3,4,0.0,0.0,0.07904868066666666,0.11709934066666666,0.08312364333333333
2060,11,3,5,0.0,0.0,0.030409231999999998,0.39316595033333335,0.29016398633333335
2060,11,3,6,0.0,0.0,0.015483117999999999,0.38907565666666666,0.2908150293333333
2060,11,3,7,0.0,0.0,0.008139389333333334,0.35357266933333337,0.27876659466666664
2060,11,3,8,0.0,0.0,0.0033301303333333337,0.25789760733333333,0.22092646366666666
2060,11,4,1,0.0,0.0,0.004440144,0.08538470733333332,0.06160042633333334
2060,11,4,2,0.0,0.0,0.05392815866666667,0.030684570666666664,0.004617089666666667
2060,11,4,3,0.0,0.0,0.11409351499999999,0.010903572666666667,0.000169325
2060,11,4,4,0.0,0.0,0.07904868066666666,0.11709934066666666,0.08312364333333333
2060,11,4,5,0.0,0.0,0.030409231999999998,0.39316595033333335,0.29016398633333335
2060,11,4,6,0.0,0.0,0.015483117999999999,0.38907565666666666,0.2908150293333333
2060,11,4,7,0.0,0.0,0.008139389333333334,0.35357266933333337,0.27876659466666664
2060,11,4,8,0.0,0.0,0.0033301303333333337,0.25789760733333333,0.22092646366666666
2060,11,5,1,0.0,0.0,0.004440144,0.08538470733333332,0.06160042633333334
2060,11,5,2,0.0,0.0,0.05392815866666667,0.030684570666666664,0.004617089666666667
2060,11,5,3,0.0,0.0,0.11409351499999999,0.010903572666666667,0.000169325
2060,11,5,4,0.0,0.0,0.07904868066666666,0.11709934066666666,0.08312364333333333
2060,11,5,5,0.0,0.0,0.030409231999999998,0.39316595033333335,0.29016398633333335
2060,11,5,6,0.0,0.0,0.015483117999999999,0.38907565666666666,0.2908150293333333
2060,11,5,7,0.0,0.0,0.008139389333333334,0.35357266933333337,0.27876659466666664
2060,11,5,8,0.0,0.0,0.0033301303333333337,0.25789760733333333,0.22092646366666666
2060,11,6,1,0.0,0.0,0.004440144,0.08538470733333332,0.06160042633333334
2060,11,6,2,0.0,0.0,0.05392815866666667,0.030684570666666664,0.004617089666666667
2060,11,6,3,0.0,0.0,0.11409351499999999,0.010903572666666667,0.000169325
2060,11,6,4,0.0,0.0,0.07904868066666666,0.11709934066666666,0.08312364333333333
2060,11,6,5,0.0,0.0,0.030409231999999998,0.39316595033333335,0.29016398633333335
2060,11,6,6,0.0,0.0,0.015483117999999999,0.38907565666666666,0.2908150293333333
2060,11,6,7,0.0,0.0,0.008139389333333334,0.35357266933333337,0.27876659466666664
2060,11,6,8,0.0,0.0,0.0033301303333333337,0.25789760733333333,0.22092646366666666
2060,11,7,1,0.0,0.0,0.004440144,0.08538470733333332,0.06160042633333334
2060,11,7,2,0.0,0.0,0.05392815866666667,0.030684570666666664,0.004617089666666667
2060,11,7,3,0.0,0.0,0.11409351499999999,0.010903572666666667,0.000169325
2060,11,7,4,0.0,0.0,0.07904868066666666,0.11709934066666666,0.08312364333333333
2060,11,7,5,0.0,0.0,0.030409231999999998,0.39316595033333335,0.29016398633333335
2060,11,7,6,0.0,0.0,0.015483117999999999,0.38907565666666666,0.2908150293333333
2060,11,7,7,0.0,0.0,0.008139389333333334,0.35357266933333337,0.27876659466666664
2060,11,7,8,0.0,0.0,0.0033301303333333337,0.25789760733333333,0.22092646366666666
2060,11,8,1,0.0,0.0,0.004440144,0.08538470733333332,0.06160042633333334
2060,11,8,2,0.0,0.0,0.05392815866666667,0.030684570666666664,0.004617089666666667
2060,11,8,3,0.0,0.0,0.11409351499999999,0.010903572666666667,0.000169325
2060,11,8,4,0.0,0.0,0.07904868066666666,0.11709934066666666,0.08312364333333333
2060,11,8,5,0.0,0.0,0.030409231999999998,0.39316595033333335,0.29016398633333335
2060,11,8,6,0.0,0.0,0.015483117999999999,0.38907565666666666,0.2908150293333333
2060,11,8,7,0.0,0.0,0.008139389333333334,0.35357266933333337,0.27876659466666664
2060,11,8,8,0.0,0.0,0.0033301303333333337,0.25789760733333333,0.22092646366666666
2060,11,9,1,0.0,0.0,0.004440144,0.08538470733333332,0.06160042633333334
2060,11,9,2,0.0,0.0,0.05392815866666667,0.030684570666666664,0.004617089666666667
2060,11,9,3,0.0,0.0,0.11409351499999999,0.010903572666666667,0.000169325
2060,11,9,4,0.0,0.0,0.07904868066666666,0.11709934066666666,0.08312364333333333
2060,11,9,5,0.0,0.0,0.030409231999999998,0.39316595033333335,0.29016398633333335
2060,11,9,6,0.0,0.0,0.015483117999999999,0.38907565666666666,0.2908150293333333
2060,11,9,7,0.0,0.0,0.008139389333333334,0.35357266933333337,0.27876659466666664
2060,11,9,8,0.0,0.0,0.0033301303333333337,0.25789760733333333,0.22092646366666666
2060,11,10,1,0.0,0.0,0.004440144,0.08538470733333332,0.06160042633333334
2060,11,10,2,0.0,0.0,0.05392815866666667,0.030684570666666664,0.004617089666666667
2060,11,10,3,0.0,0.0,0.11409351499999999,0.010903572666666667,0.000169325
2060,11,10,4,0.0,0.0,0.07904868066666666,0.11709934066666666,0.08312364333333333
2060,11,10,5,0.0,0.0,0.030409231999999998,0.39316595033333335,0.29016398633333335
2060,11,10,6,0.0,0.0,0.015483117999999999,0.38907565666666666,0.2908150293333333
2060,11,10,7,0.0,0.0,0.008139389333333334,0.35357266933333337,0.27876659466666664
2060,11,10,8,0.0,0.0,0.0033301303333333337,0.25789760733333333,0.22092646366666666
2060,11,11,1,0.0,0.0,0.004440144,0.08538470733333332,0.06160042633333334
2060,11,11,2,0.0,0.0,0.05392815866666667,0.030684570666666664,0.004617089666666667
2060,11,11,3,0.0,0.0,0.11409351499999999,0.010903572666666667,0.000169325
2060,11,11,4,0.0,0.0,0.07904868066666666,0.11709934066666666,0.08312364333333333
2060,11,11,5,0.0,0.0,0.030409231999999998,0.39316595033333335,0.29016398633333335
2060,11,11,6,0.0,0.0,0.015483117999999999,0.38907565666666666,0.2908150293333333
2060,11,11,7,0.0,0.0,0.008139389333333334,0.35357266933333337,0.27876659466666664
2060,11,11,8,0.0,0.0,0.0033301303333333337,0.25789760733333333,0.22092646366666666
2060,11,12,1,0.0,0.0,0.004440144,0.08538470733333332,0.06160042633333334
2060,11,12,2,0.0,0.0,0.05392815866666667,0.030684570666666664,0.004617089666666667
2060,11,12,3,0.0,0.0,0.11409351499999999,0.010903572666666667,0.000169325
2060,11,12,4,0.0,0.0,0.07904868066666666,0.11709934066666666,0.08312364333333333
2060,11,12,5,0.0,0.0,0.030409231999999998,0.39316595033333335,0.29016398633333335
2060,11,12,6,0.0,0.0,0.015483117999999999,0.38907565666666666,0.2908150293333333
2060,11,12,7,0.0,0.0,0.008139389333333334,0.35357266933333337,0.27876659466666664
2060,11,12,8,0.0,0.0,0.0033301303333333337,0.25789760733333333,0.22092646366666666
2060,11,13,1,0.0,0.0,0.004440144,0.08538470733333332,0.06160042633333334
2060,11,13,2,0.0,0.0,0.05392815866666667,0.030684570666666664,0.004617089666666667
2060,11,13,3,0.0,0.0,0.11409351499999999,0.010903572666666667,0.000169325
2060,11,13,4,0.0,0.0,0.07904868066666666,0.11709934066666666,0.08312364333333333
2060,11,13,5,0.0,0.0,0.030409231999999998,0.39316595033333335,0.29016398633333335
2060,11,13,6,0.0,0.0,0.015483117999999999,0.38907565666666666,0.2908150293333333
2060,11,13,7,0.0,0.0,0.008139389333333334,0.35357266933333337,0.27876659466666664
2060,11,13,8,0.0,0.0,0.0033301303333333337,0.25789760733333333,0.22092646366666666
2060,11,14,1,0.0,0.0,0.004440144,0.08538470733333332,0.06160042633333334
2060,11,14,2,0.0,0.0,0.05392815866666667,0.030684570666666664,0.004617089666666667
2060,11,14,3,0.0,0.0,0.11409351499999999,0.010903572666666667,0.000169325
2060,11,14,4,0.0,0.0,0.07904868066666666,0.11709934066666666,0.08312364333333333
2060,11,14,5,0.0,0.0,0.030409231999999998,0.39316595033333335,0.29016398633333335
2060,11,14,6,0.0,0.0,0.015483117999999999,0.38907565666666666,0.2908150293333333
2060,11,14,7,0.0,0.0,0.008139389333333334,0.35357266933333337,0.27876659466666664
2060,11,14,8,0.0,0.0,0.0033301303333333337,0.25789760733333333,0.22092646366666666
2060,11,15,1,0.0,0.0,0.004440144,0.08538470733333332,0.06160042633333334
2060,11,15,2,0.0,0.0,0.05392815866666667,0.030684570666666664,0.004617089666666667
2060,11,15,3,0.0,0.0,0.11409351499999999,0.010903572666666667,0.000169325
2060,11,15,4,0.0,0.0,0.07904868066666666,0.11709934066666666,0.08312364333333333
2060,11,15,5,0.0,0.0,0.030409231999999998,0.39316595033333335,0.29016398633333335
2060,11,15,6,0.0,0.0,0.015483117999999999,0.38907565666666666,0.2908150293333333
2060,11,15,7,0.0,0.0,0.008139389333333334,0.35357266933333337,0.27876659466666664
2060,11,15,8,0.0,0.0,0.0033301303333333337,0.25789760733333333,0.22092646366666666
2060,11,16,1,0.0,0.0,0.004440144,0.08538470733333332,0.06160042633333334
2060,11,16,2,0.0,0.0,0.05392815866666667,0.030684570666666664,0.004617089666666667
2060,11,16,3,0.0,0.0,0.11409351499999999,0.010903572666666667,0.000169325
2060,11,16,4,0.0,0.0,0.07904868066666666,0.11709934066666666,0.08312364333333333
2060,11,16,5,0.0,0.0,0.030409231999999998,0.39316595033333335,0.29016398633333335
2060,11,16,6,0.0,0.0,0.015483117999999999,0.38907565666666666,0.2908150293333333
2060,11,16,7,0.0,0.0,0.008139389333333334,0.35357266933333337,0.27876659466666664
2060,11,16,8,0.0,0.0,0.0033301303333333337,0.25789760733333333,0.22092646366666666
2060,11,17,1,0.0,0.0,0.004440144,0.08538470733333332,0.06160042633333334
2060,11,17,2,0.0,0.0,0.05392815866666667,0.030684570666666664,0.004617089666666667
2060,11,17,3,0.0,0.0,0.11409351499999999,0.010903572666666667,0.000169325
2060,11,17,4,0.0,0.0,0.07904868066666666,0.11709934066666666,0.08312364333333333
2060,11,17,5,0.0,0.0,0.030409231999999998,0.39316595033333335,0.29016398633333335
2060,11,17,6,0.0,0.0,0.015483117999999999,0.38907565666666666,0.2908150293333333
2060,11,17,7,0.0,0.0,0.008139389333333334,0.35357266933333337,0.27876659466666664
2060,11,17,8,0.0,0.0,0.0033301303333333337,0.25789760733333333,0.22092646366666666
2060,11,18,1,0.0,0.0,0.004440144,0.08538470733333332,0.06160042633333334
2060,11,18,2,0.0,0.0,0.05392815866666667,0.030684570666666664,0.004617089666666667
2060,11,18,3,0.0,0.0,0.11409351499999999,0.010903572666666667,0.000169325
2060,11,18,4,0.0,0.0,0.07904868066666666,0.11709934066666666,0.08312364333333333
2060,11,18,5,0.0,0.0,0.030409231999999998,0.39316595033333335,0.29016398633333335
2060,11,18,6,0.0,0.0,0.015483117999999999,0.38907565666666666,0.2908150293333333
2060,11,18,7,0.0,0.0,0.008139389333333334,0.35357266933333337,0.27876659466666664
2060,11,18,8,0.0,0.0,0.0033301303333333337,0.25789760733333333,0.22092646366666666
2060,11,19,1,0.0,0.0,0.004440144,0.08538470733333332,0.06160042633333334
2060,11,19,2,0.0,0.0,0.05392815866666667,0.030684570666666664,0.004617089666666667
2060,11,19,3,0.0,0.0,0.11409351499999999,0.010903572666666667,0.000169325
2060,11,19,4,0.0,0.0,0.07904868066666666,0.11709934066666666,0.08312364333333333
2060,11,19,5,0.0,0.0,0.030409231999999998,0.39316595033333335,0.29016398633333335
2060,11,19,6,0.0,0.0,0.015483117999999999,0.38907565666666666,0.2908150293333333
2060,11,19,7,0.0,0.0,0.008139389333333334,0.35357266933333337,0.27876659466666664
2060,11,19,8,0.0,0.0,0.0033301303333333337,0.25789760733333333,0.22092646366666666
2060,11,20,1,0.0,0.0,0.004440144,0.08538470733333332,0.06160042633333334
2060,11,20,2,0.0,0.0,0.05392815866666667,0.030684570666666664,0.004617089666666667
2060,11,20,3,0.0,0.0,0.11409351499999999,0.010903572666666667,0.000169325
2060,11,20,4,0.0,0.0,0.07904868066666666,0.11709934066666666,0.08312364333333333
2060,11,20,5,0.0,0.0,0.030409231999999998,0.39316595033333335,0.29016398633333335
2060,11,20,6,0.0,0.0,0.015483117999999999,0.38907565666666666,0.2908150293333333
2060,11,20,7,0.0,0.0,0.008139389333333334,0.35357266933333337,0.27876659466666664
2060,11,20,8,0.0,0.0,0.0033301303333333337,0.25789760733333333,0.22092646366666666
2060,11,21,1,0.0,0.0,0.004440144,0.08538470733333332,0.06160042633333334
2060,11,21,2,0.0,0.0,0.05392815866666667,0.030684570666666664,0.004617089666666667
2060,11,21,3,0.0,0.0,0.11409351499999999,0.010903572666666667,0.000169325
2060,11,21,4,0.0,0.0,0.07904868066666666,0.11709934066666666,0.08312364333333333
2060,11,21,5,0.0,0.0,0.030409231999999998,0.39316595033333335,0.29016398633333335
2060,11,21,6,0.0,0.0,0.015483117999999999,0.38907565666666666,0.2908150293333333
2060,11,21,7,0.0,0.0,0.008139389333333334,0.35357266933333337,0.27876659466666664
2060,11,21,8,0.0,0.0,0.0033301303333333337,0.25789760733333333,0.22092646366666666
2060,11,22,1,0.0,0.0,0.004440144,0.08538470733333332,0.06160042633333334
2060,11,22,2,0.0,0.0,0.05392815866666667,0.030684570666666664,0.004617089666666667
2060,11,22,3,0.0,0.0,0.11409351499999999,0.010903572666666667,0.000169325
2060,11,22,4,0.0,0.0,0.07904868066666666,0.11709934066666666,0.08312364333333333
2060,11,22,5,0.0,0.0,0.030409231999999998,0.39316595033333335,0.29016398633333335
2060,11,22,6,0.0,0.0,0.015483117999999999,0.38907565666666666,0.2908150293333333
2060,11,22,7,0.0,0.0,0.008139389333333334,0.35357266933333337,0.27876659466666664
2060,11,22,8,0.0,0.0,0.0033301303333333337,0.25789760733333333,0.22092646366666666
2060,11,23,1,0.0,0.0,0.004440144,0.08538470733333332,0.06160042633333334
2060,11,23,2,0.0,0.0,0.05392815866666667,0.030684570666666664,0.004617089666666667
2060,11,23,3,0.0,0.0,0.11409351499999999,0.010903572666666667,0.000169325
2060,11,23,4,0.0,0.0,0.07904868066666666,0.11709934066666666,0.08312364333333333
2060,11,23,5,0.0,0.0,0.030409231999999998,0.39316595033333335,0.29016398633333335
2060,11,23,6,0.0,0.0,0.015483117999999999,0.38907565666666666,0.2908150293333333
2060,11,23,7,0.0,0.0,0.008139389333333334,0.35357266933333337,0.27876659466666664
2060,11,23,8,0.0,0.0,0.0033301303333333337,0.25789760733333333,0.22092646366666666
2060,11,24,1,0.0,0.0,0.004440144,0.08538470733333332,0.06160042633333334
2060,11,24,2,0.0,0.0,0.05392815866666667,0.030684570666666664,0.004617089666666667
2060,11,24,3,0.0,0.0,0.11409351499999999,0.010903572666666667,0.000169325
2060,11,24,4,0.0,0.0,0.07904868066666666,0.11709934066666666,0.08312364333333333
2060,11,24,5,0.0,0.0,0.030409231999999998,0.39316595033333335,0.29016398633333335
2060,11,24,6,0.0,0.0,0.015483117999999999,0.38907565666666666,0.2908150293333333
2060,11,24,7,0.0,0.0,0.008139389333333334,0.35357266933333337,0.27876659466666664
2060,11,24,8,0.0,0.0,0.0033301303333333337,0.25789760733333333,0.22092646366666666
2060,11,25,1,0.0,0.0,0.004440144,0.08538470733333332,0.06160042633333334
2060,11,25,2,0.0,0.0,0.05392815866666667,0.030684570666666664,0.004617089666666667
2060,11,25,3,0.0,0.0,0.11409351499999999,0.010903572666666667,0.000169325
2060,11,25,4,0.0,0.0,0.07904868066666666,0.11709934066666666,0.08312364333333333
2060,11,25,5,0.0,0.0,0.030409231999999998,0.39316595033333335,0.29016398633333335
2060,11,25,6,0.0,0.0,0.015483117999999999,0.38907565666666666,0.2908150293333333
2060,11,25,7,0.0,0.0,0.008139389333333334,0.35357266933333337,0.27876659466666664
2060,11,25,8,0.0,0.0,0.0033301303333333337,0.25789760733333333,0.22092646366666666
2060,11,26,1,0.0,0.0,0.004440144,0.08538470733333332,0.06160042633333334
2060,11,26,2,0.0,0.0,0.05392815866666667,0.030684570666666664,0.004617089666666667
2060,11,26,3,0.0,0.0,0.11409351499999999,0.010903572666666667,0.000169325
2060,11,26,4,0.0,0.0,0.07904868066666666,0.11709934066666666,0.08312364333333333
2060,11,26,5,0.0,0.0,0.030409231999999998,0.39316595033333335,0.29016398633333335
2060,11,26,6,0.0,0.0,0.015483117999999999,0.38907565666666666,0.2908150293333333
2060,11,26,7,0.0,0.0,0.008139389333333334,0.35357266933333337,0.27876659466666664
2060,11,26,8,0.0,0.0,0.0033301303333333337,0.25789760733333333,0.22092646366666666
2060,11,27,1,0.0,0.0,0.004440144,0.08538470733333332,0.06160042633333334
2060,11,27,2,0.0,0.0,0.05392815866666667,0.030684570666666664,0.004617089666666667
2060,11,27,3,0.0,0.0,0.11409351499999999,0.010903572666666667,0.000169325
2060,11,27,4,0.0,0.0,0.07904868066666666,0.11709934066666666,0.08312364333333333
2060,11,27,5,0.0,0.0,0.030409231999999998,0.39316595033333335,0.29016398633333335
2060,11,27,6,0.0,0.0,0.015483117999999999,0.38907565666666666,0.2908150293333333
2060,11,27,7,0.0,0.0,0.008139389333333334,0.35357266933333337,0.27876659466666664
2060,11,27,8,0.0,0.0,0.0033301303333333337,0.25789760733333333,0.22092646366666666
2060,11,28,1,0.0,0.0,0.004440144,0.08538470733333332,0.06160042633333334
2060,11,28,2,0.0,0.0,0.05392815866666667,0.030684570666666664,0.004617089666666667
2060,11,28,3,0.0,0.0,0.11409351499999999,0.010903572666666667,0.000169325
2060,11,28,4,0.0,0.0,0.07904868066666666,0.11709934066666666,0.08312364333333333
2060,11,28,5,0.0,0.0,0.030409231999999998,0.39316595033333335,0.29016398633333335
2060,11,28,6,0.0,0.0,0.015483117999999999,0.38907565666666666,0.2908150293333333
2060,11,28,7,0.0,0.0,0.008139389333333334,0.35357266933333337,0.27876659466666664
2060,11,28,8,0.0,0.0,0.0033301303333333337,0.25789760733333333,0.22092646366666666
2060,11,29,1,0.0,0.0,0.004440144,0.08538470733333332,0.06160042633333334
2060,11,29,2,0.0,0.0,0.05392815866666667,0.030684570666666664,0.004617089666666667
2060,11,29,3,0.0,0.0,0.11409351499999999,0.010903572666666667,0.000169325
2060,11,29,4,0.0,0.0,0.07904868066666666,0.11709934066666666,0.08312364333333333
2060,11,29,5,0.0,0.0,0.030409231999999998,0.39316595033333335,0.29016398633333335
2060,11,29,6,0.0,0.0,0.015483117999999999,0.38907565666666666,0.2908150293333333
2060,11,29,7,0.0,0.0,0.008139389333333334,0.35357266933333337,0.27876659466666664
2060,11,29,8,0.0,0.0,0.0033301303333333337,0.25789760733333333,0.22092646366666666
2060,11,30,1,0.0,0.0,0.004440144,0.08538470733333332,0.06160042633333334
2060,11,30,2,0.0,0.0,0.05392815866666667,0.030684570666666664,0.004617089666666667
2060,11,30,3,0.0,0.0,0.11409351499999999,0.010903572666666667,0.000169325
2060,11,30,4,0.0,0.0,0.07904868066666666,0.11709934066666666,0.08312364333333333
2060,11,30,5,0.0,0.0,0.030409231999999998,0.39316595033333335,0.29016398633333335
2060,11,30,6,0.0,0.0,0.015483117999999999,0.38907565666666666,0.2908150293333333
2060,11,30,7,0.0,0.0,0.008139389333333334,0.35357266933333337,0.27876659466666664
2060,11,30,8,0.0,0.0,0.0033301303333333337,0.25789760733333333,0.22092646366666666
2060,12,1,1,0.0,0.0,0.014373750999999999,0.0029132351,0.005932145333333333
2060,12,1,2,0.0,0.0,0.06286219233333333,0.02066614933333333,0.018302497
2060,12,1,3,0.0,0.0,0.09484482300000001,0.008089513,0.005382694533333334
2060,12,1,4,0.0,0.0,0.052876948666666666,0.007209679666666666,0.01676205633333333
2060,12,1,5,0.0,0.0,0.01753971,0.032471278,0.056179560333333343
2060,12,1,6,0.0,0.0,0.022231753333333337,0.018595414,0.043679796
2060,12,1,7,0.0,0.0,0.030347469999999998,0.011653450333333334,0.03660501233333333
2060,12,1,8,0.0,0.0,0.02614925066666667,0.017604758666666668,0.038229292
2060,12,2,1,0.0,0.0,0.014373750999999999,0.0029132351,0.005932145333333333
2060,12,2,2,0.0,0.0,0.06286219233333333,0.02066614933333333,0.018302497
2060,12,2,3,0.0,0.0,0.09484482300000001,0.008089513,0.005382694533333334
2060,12,2,4,0.0,0.0,0.052876948666666666,0.007209679666666666,0.01676205633333333
2060,12,2,5,0.0,0.0,0.01753971,0.032471278,0.056179560333333343
2060,12,2,6,0.0,0.0,0.022231753333333337,0.018595414,0.043679796
2060,12,2,7,0.0,0.0,0.030347469999999998,0.011653450333333334,0.03660501233333333
2060,12,2,8,0.0,0.0,0.02614925066666667,0.017604758666666668,0.038229292
2060,12,3,1,0.0,0.0,0.014373750999999999,0.0029132351,0.005932145333333333
2060,12,3,2,0.0,0.0,0.06286219233333333,0.02066614933333333,0.018302497
2060,12,3,3,0.0,0.0,0.09484482300000001,0.008089513,0.005382694533333334
2060,12,3,4,0.0,0.0,0.052876948666666666,0.007209679666666666,0.01676205633333333
2060,12,3,5,0.0,0.0,0.01753971,0.032471278,0.056179560333333343
2060,12,3,6,0.0,0.0,0.022231753333333337,0.018595414,0.043679796
2060,12,3,7,0.0,0.0,0.030347469999999998,0.011653450333333334,0.03660501233333333
2060,12,3,8,0.0,0.0,0.02614925066666667,0.017604758666666668,0.038229292
2060,12,4,1,0.0,0.0,0.014373750999999999,0.0029132351,0.005932145333333333
2060,12,4,2,0.0,0.0,0.06286219233333333,0.02066614933333333,0.018302497
2060,12,4,3,0.0,0.0,0.09484482300000001,0.008089513,0.005382694533333334
2060,12,4,4,0.0,0.0,0.052876948666666666,0.007209679666666666,0.01676205633333333
2060,12,4,5,0.0,0.0,0.01753971,0.032471278,0.056179560333333343
2060,12,4,6,0.0,0.0,0.022231753333333337,0.018595414,0.043679796
2060,12,4,7,0.0,0.0,0.030347469999999998,0.011653450333333334,0.03660501233333333
2060,12,4,8,0.0,0.0,0.02614925066666667,0.017604758666666668,0.038229292
2060,12,5,1,0.0,0.0,0.014373750999999999,0.0029132351,0.005932145333333333
2060,12,5,2,0.0,0.0,0.06286219233333333,0.02066614933333333,0.018302497
2060,12,5,3,0.0,0.0,0.09484482300000001,0.008089513,0.005382694533333334
2060,12,5,4,0.0,0.0,0.052876948666666666,0.007209679666666666,0.01676205633333333
2060,12,5,5,0.0,0.0,0.01753971,0.032471278,0.056179560333333343
2060,12,5,6,0.0,0.0,0.022231753333333337,0.018595414,0.043679796
2060,12,5,7,0.0,0.0,0.030347469999999998,0.011653450333333334,0.03660501233333333
2060,12,5,8,0.0,0.0,0.02614925066666667,0.017604758666666668,0.038229292
2060,12,6,1,0.0,0.0,0.014373750999999999,0.0029132351,0.005932145333333333
2060,12,6,2,0.0,0.0,0.06286219233333333,0.02066614933333333,0.018302497
2060,12,6,3,0.0,0.0,0.09484482300000001,0.008089513,0.005382694533333334
2060,12,6,4,0.0,0.0,0.052876948666666666,0.007209679666666666,0.01676205633333333
2060,12,6,5,0.0,0.0,0.01753971,0.032471278,0.056179560333333343
2060,12,6,6,0.0,0.0,0.022231753333333337,0.018595414,0.043679796
2060,12,6,7,0.0,0.0,0.030347469999999998,0.011653450333333334,0.03660501233333333
2060,12,6,8,0.0,0.0,0.02614925066666667,0.017604758666666668,0.038229292
2060,12,7,1,0.0,0.0,0.014373750999999999,0.0029132351,0.005932145333333333
2060,12,7,2,0.0,0.0,0.06286219233333333,0.02066614933333333,0.018302497
2060,12,7,3,0.0,0.0,0.09484482300000001,0.008089513,0.005382694533333334
2060,12,7,4,0.0,0.0,0.052876948666666666,0.007209679666666666,0.01676205633333333
2060,12,7,5,0.0,0.0,0.01753971,0.032471278,0.056179560333333343
2060,12,7,6,0.0,0.0,0.022231753333333337,0.018595414,0.043679796
2060,12,7,7,0.0,0.0,0.030347469999999998,0.011653450333333334,0.03660501233333333
2060,12,7,8,0.0,0.0,0.02614925066666667,0.017604758666666668,0.038229292
2060,12,8,1,0.0,0.0,0.014373750999999999,0.0029132351,0.005932145333333333
2060,12,8,2,0.0,0.0,0.06286219233333333,0.02066614933333333,0.018302497
2060,12,8,3,0.0,0.0,0.09484482300000001,0.008089513,0.005382694533333334
2060,12,8,4,0.0,0.0,0.052876948666666666,0.007209679666666666,0.01676205633333333
2060,12,8,5,0.0,0.0,0.01753971,0.032471278,0.056179560333333343
2060,12,8,6,0.0,0.0,0.022231753333333337,0.018595414,0.043679796
2060,12,8,7,0.0,0.0,0.030347469999999998,0.011653450333333334,0.03660501233333333
2060,12,8,8,0.0,0.0,0.02614925066666667,0.017604758666666668,0.038229292
2060,12,9,1,0.0,0.0,0.014373750999999999,0.0029132351,0.005932145333333333
2060,12,9,2,0.0,0.0,0.06286219233333333,0.02066614933333333,0.018302497
2060,12,9,3,0.0,0.0,0.09484482300000001,0.008089513,0.005382694533333334
2060,12,9,4,0.0,0.0,0.052876948666666666,0.007209679666666666,0.01676205633333333
2060,12,9,5,0.0,0.0,0.01753971,0.032471278,0.056179560333333343
2060,12,9,6,0.0,0.0,0.022231753333333337,0.018595414,0.043679796
2060,12,9,7,0.0,0.0,0.030347469999999998,0.011653450333333334,0.03660501233333333
2060,12,9,8,0.0,0.0,0.02614925066666667,0.017604758666666668,0.038229292
2060,12,10,1,0.0,0.0,0.014373750999999999,0.0029132351,0.005932145333333333
2060,12,10,2,0.0,0.0,0.06286219233333333,0.02066614933333333,0.018302497
2060,12,10,3,0.0,0.0,0.09484482300000001,0.008089513,0.005382694533333334
2060,12,10,4,0.0,0.0,0.052876948666666666,0.007209679666666666,0.01676205633333333
2060,12,10,5,0.0,0.0,0.01753971,0.032471278,0.056179560333333343
2060,12,10,6,0.0,0.0,0.022231753333333337,0.018595414,0.043679796
2060,12,10,7,0.0,0.0,0.030347469999999998,0.011653450333333334,0.03660501233333333
2060,12,10,8,0.0,0.0,0.02614925066666667,0.017604758666666668,0.038229292
2060,12,11,1,0.0,0.0,0.014373750999999999,0.0029132351,0.005932145333333333
2060,12,11,2,0.0,0.0,0.06286219233333333,0.02066614933333333,0.018302497
2060,12,11,3,0.0,0.0,0.09484482300000001,0.008089513,0.005382694533333334
2060,12,11,4,0.0,0.0,0.052876948666666666,0.007209679666666666,0.01676205633333333
2060,12,11,5,0.0,0.0,0.01753971,0.032471278,0.056179560333333343
2060,12,11,6,0.0,0.0,0.022231753333333337,0.018595414,0.043679796
2060,12,11,7,0.0,0.0,0.030347469999999998,0.011653450333333334,0.03660501233333333
2060,12,11,8,0.0,0.0,0.02614925066666667,0.017604758666666668,0.038229292
2060,12,12,1,0.0,0.0,0.014373750999999999,0.0029132351,0.005932145333333333
2060,12,12,2,0.0,0.0,0.06286219233333333,0.02066614933333333,0.018302497
2060,12,12,3,0.0,0.0,0.09484482300000001,0.008089513,0.005382694533333334
2060,12,12,4,0.0,0.0,0.052876948666666666,0.007209679666666666,0.01676205633333333
2060,12,12,5,0.0,0.0,0.01753971,0.032471278,0.056179560333333343
2060,12,12,6,0.0,0.0,0.022231753333333337,0.018595414,0.043679796
2060,12,12,7,0.0,0.0,0.030347469999999998,0.011653450333333334,0.03660501233333333
2060,12,12,8,0.0,0.0,0.02614925066666667,0.017604758666666668,0.038229292
2060,12,13,1,0.0,0.0,0.014373750999999999,0.0029132351,0.005932145333333333
2060,12,13,2,0.0,0.0,0.06286219233333333,0.02066614933333333,0.018302497
2060,12,13,3,0.0,0.0,0.09484482300000001,0.008089513,0.005382694533333334
2060,12,13,4,0.0,0.0,0.052876948666666666,0.007209679666666666,0.01676205633333333
2060,12,13,5,0.0,0.0,0.01753971,0.032471278,0.056179560333333343
2060,12,13,6,0.0,0.0,0.022231753333333337,0.018595414,0.043679796
2060,12,13,7,0.0,0.0,0.030347469999999998,0.011653450333333334,0.03660501233333333
2060,12,13,8,0.0,0.0,0.02614925066666667,0.017604758666666668,0.038229292
2060,12,14,1,0.0,0.0,0.014373750999999999,0.0029132351,0.005932145333333333
2060,12,14,2,0.0,0.0,0.06286219233333333,0.02066614933333333,0.018302497
2060,12,14,3,0.0,0.0,0.09484482300000001,0.008089513,0.005382694533333334
2060,12,14,4,0.0,0.0,0.052876948666666666,0.007209679666666666,0.01676205633333333
2060,12,14,5,0.0,0.0,0.01753971,0.032471278,0.056179560333333343
2060,12,14,6,0.0,0.0,0.022231753333333337,0.018595414,0.043679796
2060,12,14,7,0.0,0.0,0.030347469999999998,0.011653450333333334,0.03660501233333333
2060,12,14,8,0.0,0.0,0.02614925066666667,0.017604758666666668,0.038229292
2060,12,15,1,0.0,0.0,0.014373750999999999,0.0029132351,0.005932145333333333
2060,12,15,2,0.0,0.0,0.06286219233333333,0.02066614933333333,0.018302497
2060,12,15,3,0.0,0.0,0.09484482300000001,0.008089513,0.005382694533333334
2060,12,15,4,0.0,0.0,0.052876948666666666,0.007209679666666666,0.01676205633333333
2060,12,15,5,0.0,0.0,0.01753971,0.032471278,0.056179560333333343
2060,12,15,6,0.0,0.0,0.022231753333333337,0.018595414,0.043679796
2060,12,15,7,0.0,0.0,0.030347469999999998,0.011653450333333334,0.03660501233333333
2060,12,15,8,0.0,0.0,0.02614925066666667,0.017604758666666668,0.038229292
2060,12,16,1,0.0,0.0,0.014373750999999999,0.0029132351,0.005932145333333333
2060,12,16,2,0.0,0.0,0.06286219233333333,0.02066614933333333,0.018302497
2060,12,16,3,0.0,0.0,0.09484482300000001,0.008089513,0.005382694533333334
2060,12,16,4,0.0,0.0,0.052876948666666666,0.007209679666666666,0.01676205633333333
2060,12,16,5,0.0,0.0,0.01753971,0.032471278,0.056179560333333343
2060,12,16,6,0.0,0.0,0.022231753333333337,0.018595414,0.043679796
2060,12,16,7,0.0,0.0,0.030347469999999998,0.011653450333333334,0.03660501233333333
2060,12,16,8,0.0,0.0,0.02614925066666667,0.017604758666666668,0.038229292
2060,12,17,1,0.0,0.0,0.014373750999999999,0.0029132351,0.005932145333333333
2060,12,17,2,0.0,0.0,0.06286219233333333,0.02066614933333333,0.018302497
2060,12,17,3,0.0,0.0,0.09484482300000001,0.008089513,0.005382694533333334
2060,12,17,4,0.0,0.0,0.052876948666666666,0.007209679666666666,0.01676205633333333
2060,12,17,5,0.0,0.0,0.01753971,0.032471278,0.056179560333333343
2060,12,17,6,0.0,0.0,0.022231753333333337,0.018595414,0.043679796
2060,12,17,7,0.0,0.0,0.030347469999999998,0.011653450333333334,0.03660501233333333
2060,12,17,8,0.0,0.0,0.02614925066666667,0.017604758666666668,0.038229292
2060,12,18,1,0.0,0.0,0.014373750999999999,0.0029132351,0.005932145333333333
2060,12,18,2,0.0,0.0,0.06286219233333333,0.02066614933333333,0.018302497
2060,12,18,3,0.0,0.0,0.09484482300000001,0.008089513,0.005382694533333334
2060,12,18,4,0.0,0.0,0.052876948666666666,0.007209679666666666,0.01676205633333333
2060,12,18,5,0.0,0.0,0.01753971,0.032471278,0.056179560333333343
2060,12,18,6,0.0,0.0,0.022231753333333337,0.018595414,0.043679796
2060,12,18,7,0.0,0.0,0.030347469999999998,0.011653450333333334,0.03660501233333333
2060,12,18,8,0.0,0.0,0.02614925066666667,0.017604758666666668,0.038229292
2060,12,19,1,0.0,0.0,0.014373750999999999,0.0029132351,0.005932145333333333
2060,12,19,2,0.0,0.0,0.06286219233333333,0.02066614933333333,0.018302497
2060,12,19,3,0.0,0.0,0.09484482300000001,0.008089513,0.005382694533333334
2060,12,19,4,0.0,0.0,0.052876948666666666,0.007209679666666666,0.01676205633333333
2060,12,19,5,0.0,0.0,0.01753971,0.032471278,0.056179560333333343
2060,12,19,6,0.0,0.0,0.022231753333333337,0.018595414,0.043679796
2060,12,19,7,0.0,0.0,0.030347469999999998,0.011653450333333334,0.03660501233333333
2060,12,19,8,0.0,0.0,0.02614925066666667,0.017604758666666668,0.038229292
2060,12,20,1,0.0,0.0,0.014373750999999999,0.0029132351,0.005932145333333333
2060,12,20,2,0.0,0.0,0.06286219233333333,0.02066614933333333,0.018302497
2060,12,20,3,0.0,0.0,0.09484482300000001,0.008089513,0.005382694533333334
2060,12,20,4,0.0,0.0,0.052876948666666666,0.007209679666666666,0.01676205633333333
2060,12,20,5,0.0,0.0,0.01753971,0.032471278,0.056179560333333343
2060,12,20,6,0.0,0.0,0.022231753333333337,0.018595414,0.043679796
2060,12,20,7,0.0,0.0,0.030347469999999998,0.011653450333333334,0.03660501233333333
2060,12,20,8,0.0,0.0,0.02614925066666667,0.017604758666666668,0.038229292
2060,12,21,1,0.0,0.0,0.014373750999999999,0.0029132351,0.005932145333333333
2060,12,21,2,0.0,0.0,0.06286219233333333,0.02066614933333333,0.018302497
2060,12,21,3,0.0,0.0,0.09484482300000001,0.008089513,0.005382694533333334
2060,12,21,4,0.0,0.0,0.052876948666666666,0.007209679666666666,0.01676205633333333
2060,12,21,5,0.0,0.0,0.01753971,0.032471278,0.056179560333333343
2060,12,21,6,0.0,0.0,0.022231753333333337,0.018595414,0.043679796
2060,12,21,7,0.0,0.0,0.030347469999999998,0.011653450333333334,0.03660501233333333
2060,12,21,8,0.0,0.0,0.02614925066666667,0.017604758666666668,0.038229292
2060,12,22,1,0.0,0.0,0.014373750999999999,0.0029132351,0.005932145333333333
2060,12,22,2,0.0,0.0,0.06286219233333333,0.02066614933333333,0.018302497
2060,12,22,3,0.0,0.0,0.09484482300000001,0.008089513,0.005382694533333334
2060,12,22,4,0.0,0.0,0.052876948666666666,0.007209679666666666,0.01676205633333333
2060,12,22,5,0.0,0.0,0.01753971,0.032471278,0.056179560333333343
2060,12,22,6,0.0,0.0,0.022231753333333337,0.018595414,0.043679796
2060,12,22,7,0.0,0.0,0.030347469999999998,0.011653450333333334,0.03660501233333333
2060,12,22,8,0.0,0.0,0.02614925066666667,0.017604758666666668,0.038229292
2060,12,23,1,0.0,0.0,0.014373750999999999,0.0029132351,0.005932145333333333
2060,12,23,2,0.0,0.0,0.06286219233333333,0.02066614933333333,0.018302497
2060,12,23,3,0.0,0.0,0.09484482300000001,0.008089513,0.005382694533333334
2060,12,23,4,0.0,0.0,0.052876948666666666,0.007209679666666666,0.01676205633333333
2060,12,23,5,0.0,0.0,0.01753971,0.032471278,0.056179560333333343
2060,12,23,6,0.0,0.0,0.022231753333333337,0.018595414,0.043679796
2060,12,23,7,0.0,0.0,0.030347469999999998,0.011653450333333334,0.03660501233333333
2060,12,23,8,0.0,0.0,0.02614925066666667,0.017604758666666668,0.038229292
2060,12,24,1,0.0,0.0,0.014373750999999999,0.0029132351,0.005932145333333333
2060,12,24,2,0.0,0.0,0.06286219233333333,0.02066614933333333,0.018302497
2060,12,24,3,0.0,0.0,0.09484482300000001,0.008089513,0.005382694533333334
2060,12,24,4,0.0,0.0,0.052876948666666666,0.007209679666666666,0.01676205633333333
2060,12,24,5,0.0,0.0,0.01753971,0.032471278,0.056179560333333343
2060,12,24,6,0.0,0.0,0.022231753333333337,0.018595414,0.043679796
2060,12,24,7,0.0,0.0,0.030347469999999998,0.011653450333333334,0.03660501233333333
2060,12,24,8,0.0,0.0,0.02614925066666667,0.017604758666666668,0.038229292
2060,12,25,1,0.0,0.0,0.014373750999999999,0.0029132351,0.005932145333333333
2060,12,25,2,0.0,0.0,0.06286219233333333,0.02066614933333333,0.018302497
2060,12,25,3,0.0,0.0,0.09484482300000001,0.008089513,0.005382694533333334
2060,12,25,4,0.0,0.0,0.052876948666666666,0.007209679666666666,0.01676205633333333
2060,12,25,5,0.0,0.0,0.01753971,0.032471278,0.056179560333333343
2060,12,25,6,0.0,0.0,0.022231753333333337,0.018595414,0.043679796
2060,12,25,7,0.0,0.0,0.030347469999999998,0.011653450333333334,0.03660501233333333
2060,12,25,8,0.0,0.0,0.02614925066666667,0.017604758666666668,0.038229292
2060,12,26,1,0.0,0.0,0.014373750999999999,0.0029132351,0.005932145333333333
2060,12,26,2,0.0,0.0,0.06286219233333333,0.02066614933333333,0.018302497
2060,12,26,3,0.0,0.0,0.09484482300000001,0.008089513,0.005382694533333334
2060,12,26,4,0.0,0.0,0.052876948666666666,0.007209679666666666,0.01676205633333333
2060,12,26,5,0.0,0.0,0.01753971,0.032471278,0.056179560333333343
2060,12,26,6,0.0,0.0,0.022231753333333337,0.018595414,0.043679796
2060,12,26,7,0.0,0.0,0.030347469999999998,0.011653450333333334,0.03660501233333333
2060,12,26,8,0.0,0.0,0.02614925066666667,0.017604758666666668,0.038229292
2060,12,27,1,0.0,0.0,0.014373750999999999,0.0029132351,0.005932145333333333
2060,12,27,2,0.0,0.0,0.06286219233333333,0.02066614933333333,0.018302497
2060,12,27,3,0.0,0.0,0.09484482300000001,0.008089513,0.005382694533333334
2060,12,27,4,0.0,0.0,0.052876948666666666,0.007209679666666666,0.01676205633333333
2060,12,27,5,0.0,0.0,0.01753971,0.032471278,0.056179560333333343
2060,12,27,6,0.0,0.0,0.022231753333333337,0.018595414,0.043679796
2060,12,27,7,0.0,0.0,0.030347469999999998,0.011653450333333334,0.03660501233333333
2060,12,27,8,0.0,0.0,0.02614925066666667,0.017604758666666668,0.038229292
2060,12,28,1,0.0,0.0,0.014373750999999999,0.0029132351,0.005932145333333333
2060,12,28,2,0.0,0.0,0.06286219233333333,0.02066614933333333,0.018302497
2060,12,28,3,0.0,0.0,0.09484482300000001,0.008089513,0.005382694533333334
2060,12,28,4,0.0,0.0,0.052876948666666666,0.007209679666666666,0.01676205633333333
2060,12,28,5,0.0,0.0,0.01753971,0.032471278,0.056179560333333343
2060,12,28,6,0.0,0.0,0.022231753333333337,0.018595414,0.043679796
2060,12,28,7,0.0,0.0,0.030347469999999998,0.011653450333333334,0.03660501233333333
2060,12,28,8,0.0,0.0,0.02614925066666667,0.017604758666666668,0.038229292
2060,12,29,1,0.0,0.0,0.014373750999999999,0.0029132351,0.005932145333333333
2060,12,29,2,0.0,0.0,0.06286219233333333,0.02066614933333333,0.018302497
2060,12,29,3,0.0,0.0,0.09484482300000001,0.008089513,0.005382694533333334
2060,12,29,4,0.0,0.0,0.052876948666666666,0.007209679666666666,0.01676205633333333
2060,12,29,5,0.0,0.0,0.01753971,0.032471278,0.056179560333333343
2060,12,29,6,0.0,0.0,0.022231753333333337,0.018595414,0.043679796
2060,12,29,7,0.0,0.0,0.030347469999999998,0.011653450333333334,0.03660501233333333
2060,12,29,8,0.0,0.0,0.02614925066666667,0.017604758666666668,0.038229292
2060,12,30,1,0.0,0.0,0.014373750999999999,0.0029132351,0.005932145333333333
2060,12,30,2,0.0,0.0,0.06286219233333333,0.02066614933333333,0.018302497
2060,12,30,3,0.0,0.0,0.09484482300000001,0.008089513,0.005382694533333334
2060,12,30,4,0.0,0.0,0.052876948666666666,0.007209679666666666,0.01676205633333333
2060,12,30,5,0.0,0.0,0.01753971,0.032471278,0.056179560333333343
2060,12,30,6,0.0,0.0,0.022231753333333337,0.018595414,0.043679796
2060,12,30,7,0.0,0.0,0.030347469999999998,0.011653450333333334,0.03660501233333333
2060,12,30,8,0.0,0.0,0.02614925066666667,0.017604758666666668,0.038229292
2060,12,31,1,0.0,0.0,0.014373750999999999,0.0029132351,0.005932145333333333
2060,12,31,2,0.0,0.0,0.06286219233333333,0.02066614933333333,0.018302497
2060,12,31,3,0.0,0.0,0.09484482300000001,0.008089513,0.005382694533333334
2060,12,31,4,0.0,0.0,0.052876948666666666,0.007209679666666666,0.01676205633333333
2060,12,31,5,0.0,0.0,0.01753971,0.032471278,0.056179560333333343
2060,12,31,6,0.0,0.0,0.022231753333333337,0.018595414,0.043679796
2060,12,31,7,0.0,0.0,0.030347469999999998,0.011653450333333334,0.03660501233333333
2060,12,31,8,0.0,0.0,0.02614925066666667,0.017604758666666668,0.038229292
